INFO: 2025-08-03 09:17:00,456: main() 'Using profile folder /home/pd0rk1n/.config/variety/'
INFO: 2025-08-03 09:17:00,462: perform_upgrade() 'Last run version was 0.8.13 or earlier, current version is 0.8.13'
INFO: 2025-08-03 09:17:00,477: process_command() 'Received command: []'
INFO: 2025-08-03 09:17:00,480: start() 'Using data_path /usr/share/variety'
INFO: 2025-08-03 09:17:00,480: load() 'Jumble loading'
INFO: 2025-08-03 09:17:00,481: _walk_modules() 'Jumble loading module in __init__ from /usr/lib/python3.13/site-packages/variety/plugins/builtin/__init__.py'
INFO: 2025-08-03 09:17:00,482: _walk_modules() 'Jumble loading module in UrbanDictionarySource from /usr/lib/python3.13/site-packages/variety/plugins/builtin/quotes/UrbanDictionarySource.py'
INFO: 2025-08-03 09:17:00,483: load() 'Jumble found plugin class: <class 'UrbanDictionarySource.UrbanDictionarySource'>: {'name': 'Urban Dictionary', 'description': 'Displays definitions from Urban Dictionary', 'author': 'James Miller', 'version': '0.1'}'
INFO: 2025-08-03 09:17:00,483: _walk_modules() 'Jumble loading module in GoodreadsSource from /usr/lib/python3.13/site-packages/variety/plugins/builtin/quotes/GoodreadsSource.py'
INFO: 2025-08-03 09:17:00,550: load() 'Jumble found plugin class: <class 'GoodreadsSource.GoodreadsSource'>: {'name': 'Goodreads', 'description': 'Fetches quotes from Goodreads.com', 'author': 'Peter Levi', 'version': '0.1'}'
INFO: 2025-08-03 09:17:00,550: _walk_modules() 'Jumble loading module in __init__ from /usr/lib/python3.13/site-packages/variety/plugins/builtin/quotes/__init__.py'
INFO: 2025-08-03 09:17:00,551: _walk_modules() 'Jumble loading module in LocalFilesSource from /usr/lib/python3.13/site-packages/variety/plugins/builtin/quotes/LocalFilesSource.py'
INFO: 2025-08-03 09:17:00,553: load() 'Jumble found plugin class: <class 'LocalFilesSource.LocalFilesSource'>: {'name': 'Local text files', 'description': 'Displays quotes, defined in local text files.\nPut your own txt files in: ~/.config/variety/pluginconfig/quotes/.\nThe file format is:\n\nquote -- author\n.\nsecond quote -- another author\n.\netc...\n\nExample: http://rvelthuis.de/zips/quotes.txt', 'author': 'Peter Levi', 'version': '0.1'}'
INFO: 2025-08-03 09:17:00,553: _walk_modules() 'Jumble loading module in FortuneSource from /usr/lib/python3.13/site-packages/variety/plugins/builtin/quotes/FortuneSource.py'
INFO: 2025-08-03 09:17:00,554: load() 'Jumble found plugin class: <class 'FortuneSource.FortuneSource'>: {'name': 'UNIX fortune program', 'description': 'Displays quotes using the UNIX fortune program. You may want to install additional fortune packs, e.g. fortunes-bofh-excuses.', 'author': 'Dan Jones', 'version': '0.1'}'
INFO: 2025-08-03 09:17:00,555: _walk_modules() 'Jumble loading module in QuotationsPageSource from /usr/lib/python3.13/site-packages/variety/plugins/builtin/quotes/QuotationsPageSource.py'
INFO: 2025-08-03 09:17:00,556: load() 'Jumble found plugin class: <class 'QuotationsPageSource.QuotationsPageSource'>: {'name': 'TheQuotationsPage.com', 'description': 'Fetches quotes from TheQuotationsPage.com', 'author': 'Peter Levi', 'version': '0.1'}'
INFO: 2025-08-03 09:17:00,557: _walk_modules() 'Jumble loading module in MediaRSSDownloader from /usr/lib/python3.13/site-packages/variety/plugins/builtin/downloaders/MediaRSSDownloader.py'
INFO: 2025-08-03 09:17:00,558: _walk_modules() 'Jumble loading module in NationalGeographicDownloader from /usr/lib/python3.13/site-packages/variety/plugins/builtin/downloaders/NationalGeographicDownloader.py'
INFO: 2025-08-03 09:17:00,562: load() 'Jumble found plugin class: <class 'NationalGeographicDownloader.NationalGeographicDownloader'>: {'name': 'NationalGeographicDownloader', 'description': "National Geographic's photo of the day", 'author': 'Eric Rösch', 'version': '0.1'}'
INFO: 2025-08-03 09:17:00,562: _walk_modules() 'Jumble loading module in UnsplashConfigurableSource from /usr/lib/python3.13/site-packages/variety/plugins/builtin/downloaders/UnsplashConfigurableSource.py'
INFO: 2025-08-03 09:17:00,568: load() 'Jumble found plugin class: <class 'UnsplashConfigurableSource.UnsplashConfigurableSource'>: {'name': 'UnsplashConfigurableSource', 'description': 'Configurable source for fetching photos from Unsplash.com', 'author': 'Peter Levi', 'version': '0.1'}'
INFO: 2025-08-03 09:17:00,574: _walk_modules() 'Jumble loading module in BingDownloader from /usr/lib/python3.13/site-packages/variety/plugins/builtin/downloaders/BingDownloader.py'
INFO: 2025-08-03 09:17:00,578: load() 'Jumble found plugin class: <class 'BingDownloader.BingDownloader'>: {'name': 'BingDownloader', 'description': 'Bing Photo of the Day', 'author': 'Peter Levi', 'version': '0.1'}'
INFO: 2025-08-03 09:17:00,578: _walk_modules() 'Jumble loading module in EarthviewDownloader from /usr/lib/python3.13/site-packages/variety/plugins/builtin/downloaders/EarthviewDownloader.py'
INFO: 2025-08-03 09:17:00,579: load() 'Jumble found plugin class: <class 'EarthviewDownloader.EarthviewDownloader'>: {'name': 'EarthviewDownloader', 'description': 'Google Earth View Wallpapers', 'author': 'Peter Levi', 'version': '0.1'}'
INFO: 2025-08-03 09:17:00,580: _walk_modules() 'Jumble loading module in ArtStationDownloader from /usr/lib/python3.13/site-packages/variety/plugins/builtin/downloaders/ArtStationDownloader.py'
INFO: 2025-08-03 09:17:00,580: _walk_modules() 'Jumble loading module in __init__ from /usr/lib/python3.13/site-packages/variety/plugins/builtin/downloaders/__init__.py'
INFO: 2025-08-03 09:17:00,580: _walk_modules() 'Jumble loading module in UnsplashDownloader from /usr/lib/python3.13/site-packages/variety/plugins/builtin/downloaders/UnsplashDownloader.py'
INFO: 2025-08-03 09:17:00,581: load() 'Jumble found plugin class: <class 'UnsplashDownloader.UnsplashDownloader'>: {'name': 'UnsplashDownloader', 'description': 'High-resolution photos from Unsplash.com', 'author': 'Peter Levi', 'version': '0.1'}'
INFO: 2025-08-03 09:17:00,582: _walk_modules() 'Jumble loading module in WallhavenSource from /usr/lib/python3.13/site-packages/variety/plugins/builtin/downloaders/WallhavenSource.py'
INFO: 2025-08-03 09:17:00,586: load() 'Jumble found plugin class: <class 'WallhavenSource.WallhavenSource'>: {'name': 'WallhavenSource', 'description': 'Configurable source for fetching images from Wallhaven.cc', 'author': 'Peter Levi', 'version': '0.1'}'
INFO: 2025-08-03 09:17:00,586: _walk_modules() 'Jumble loading module in RedditSource from /usr/lib/python3.13/site-packages/variety/plugins/builtin/downloaders/RedditSource.py'
INFO: 2025-08-03 09:17:00,589: load() 'Jumble found plugin class: <class 'RedditSource.RedditSource'>: {'name': 'RedditSource', 'description': 'Configurable source for fetching images from Reddit', 'author': 'Peter Levi', 'version': '0.1'}'
INFO: 2025-08-03 09:17:00,589: _walk_modules() 'Jumble loading module in APODDownloader from /usr/lib/python3.13/site-packages/variety/plugins/builtin/downloaders/APODDownloader.py'
INFO: 2025-08-03 09:17:00,592: load() 'Jumble found plugin class: <class 'APODDownloader.APODDownloader'>: {'name': 'APODDownloader', 'description': 'NASA Astro Pic of the Day', 'author': 'Peter Levi', 'version': '0.1'}'
INFO: 2025-08-03 09:17:00,593: _walk_modules() 'Jumble loading module in ArtStationSource from /usr/lib/python3.13/site-packages/variety/plugins/builtin/downloaders/ArtStationSource.py'
INFO: 2025-08-03 09:17:00,594: load() 'Jumble found plugin class: <class 'ArtStationSource.ArtStationSource'>: {'name': 'ArtStationSource', 'description': 'Configurable source for fetching images from ArtStation', 'author': 'Denis Gordeev', 'version': '0.1'}'
INFO: 2025-08-03 09:17:00,594: _walk_modules() 'Jumble loading module in MediaRSSSource from /usr/lib/python3.13/site-packages/variety/plugins/builtin/downloaders/MediaRSSSource.py'
INFO: 2025-08-03 09:17:00,595: load() 'Jumble found plugin class: <class 'MediaRSSSource.MediaRSSSource'>: {'name': 'MediaRSSSource', 'description': 'Configurable source for fetching images from MediaRSS feeds', 'author': 'Peter Levi', 'version': '0.1'}'
INFO: 2025-08-03 09:17:00,595: _walk_modules() 'Jumble loading module in WallhavenLegacyDownloader from /usr/lib/python3.13/site-packages/variety/plugins/builtin/downloaders/WallhavenLegacyDownloader.py'
INFO: 2025-08-03 09:17:00,595: _walk_modules() 'Jumble loading module in RedditDownloader from /usr/lib/python3.13/site-packages/variety/plugins/builtin/downloaders/RedditDownloader.py'
INFO: 2025-08-03 09:17:00,596: _walk_modules() 'Jumble loading module in WallhavenDownloader from /usr/lib/python3.13/site-packages/variety/plugins/builtin/downloaders/WallhavenDownloader.py'
INFO: 2025-08-03 09:17:00,598: _walk_modules() 'Jumble loading module in __init__ from /usr/lib/python3.13/site-packages/variety/plugins/builtin/display_modes/__init__.py'
INFO: 2025-08-03 09:17:00,601: _walk_modules() 'Jumble loading module in GnomeDisplayModesPlugin from /usr/lib/python3.13/site-packages/variety/plugins/builtin/display_modes/GnomeDisplayModesPlugin.py'
INFO: 2025-08-03 09:17:00,603: load() 'Jumble found plugin class: <class 'GnomeDisplayModesPlugin.GnomeDisplayModesPlugin'>: {'name': 'GnomeDisplayModesPlugin', 'description': 'Display modes relying on the underlying desktop environment', 'version': '1.0', 'author': 'Peter Levi'}'
INFO: 2025-08-03 09:17:00,603: _walk_modules() 'Jumble loading module in LegacyDisplayModesPlugin from /usr/lib/python3.13/site-packages/variety/plugins/builtin/display_modes/LegacyDisplayModesPlugin.py'
INFO: 2025-08-03 09:17:00,603: load() 'Jumble found plugin class: <class 'LegacyDisplayModesPlugin.LegacyDisplayModesPlugin'>: {'name': 'LegacyDisplayModesPlugin', 'description': 'Legacy display mode for compatibility with past Variety versions', 'version': '1.0', 'author': 'Peter Levi'}'
INFO: 2025-08-03 09:17:00,603: _walk_modules() 'Jumble loading module in ResizingDisplayModesPlugin from /usr/lib/python3.13/site-packages/variety/plugins/builtin/display_modes/ResizingDisplayModesPlugin.py'
INFO: 2025-08-03 09:17:00,604: load() 'Jumble found plugin class: <class 'ResizingDisplayModesPlugin.ResizingDisplayModesPlugin'>: {'name': 'ResizingDisplayModesPlugin', 'description': 'Display modes that use image resizing within Variety', 'version': '1.0', 'author': 'Peter Levi'}'
INFO: 2025-08-03 09:17:00,640: reload_config() 'Creating new downloader for type wallhaven, location space'
INFO: 2025-08-03 09:17:00,641: reload_config() 'Creating new downloader for type wallhaven, location minimal'
INFO: 2025-08-03 09:17:00,641: reload_config() 'Creating new downloader for type wallhaven, location scifi'
INFO: 2025-08-03 09:17:00,641: reload_config() 'Creating new downloader for type wallhaven, location simple'
INFO: 2025-08-03 09:17:00,641: reload_config() 'Creating new downloader for type wallhaven, location abstract'
INFO: 2025-08-03 09:17:00,644: log_options() 'Loaded options:'
INFO: 2025-08-03 09:17:00,644: log_options() 'change_enabled = True'
INFO: 2025-08-03 09:17:00,644: log_options() 'change_interval = 600'
INFO: 2025-08-03 09:17:00,644: log_options() 'change_on_start = True'
INFO: 2025-08-03 09:17:00,644: log_options() 'clipboard_enabled = False'
INFO: 2025-08-03 09:17:00,644: log_options() 'clipboard_hosts = ['wallhaven.cc', 'wallpapers.net', 'flickr.com', 'imgur.com', 'deviantart.com', 'interfacelift.com', 'vladstudio.com', 'imageshack.us', 'deviantart.net', 'imageshack.com']'
INFO: 2025-08-03 09:17:00,644: log_options() 'clipboard_use_whitelist = True'
INFO: 2025-08-03 09:17:00,644: log_options() 'clock_date_font = Serif 30'
INFO: 2025-08-03 09:17:00,644: log_options() 'clock_enabled = True'
INFO: 2025-08-03 09:17:00,644: log_options() 'clock_filter = -density 100 -font `fc-match -f '%{file[0]}' '%CLOCK_FONT_NAME'` -pointsize %CLOCK_FONT_SIZE -gravity SouthEast -fill '#00000044' -annotate 0x0+[%HOFFSET+58]+[%VOFFSET+108] '%H:%M' -fill white -annotate 0x0+[%HOFFSET+60]+[%VOFFSET+110] '%H:%M' -font `fc-match -f '%{file[0]}' '%DATE_FONT_NAME'` -pointsize %DATE_FONT_SIZE -fill '#00000044' -annotate 0x0+[%HOFFSET+58]+[%VOFFSET+58] '%A, %B %d' -fill white -annotate 0x0+[%HOFFSET+60]+[%VOFFSET+60] '%A, %B %d''
INFO: 2025-08-03 09:17:00,644: log_options() 'clock_font = Serif 70'
INFO: 2025-08-03 09:17:00,644: log_options() 'configfile = /home/pd0rk1n/.config/variety/variety.conf'
INFO: 2025-08-03 09:17:00,644: log_options() 'copyto_enabled = False'
INFO: 2025-08-03 09:17:00,644: log_options() 'copyto_folder = Default'
INFO: 2025-08-03 09:17:00,644: log_options() 'desired_color = [160, 160, 160]'
INFO: 2025-08-03 09:17:00,644: log_options() 'desired_color_enabled = False'
INFO: 2025-08-03 09:17:00,644: log_options() 'download_folder = /home/pd0rk1n/.config/variety/Downloaded'
INFO: 2025-08-03 09:17:00,644: log_options() 'download_preference_ratio = 0.9'
INFO: 2025-08-03 09:17:00,644: log_options() 'favorites_folder = /home/pd0rk1n/.config/variety/Favorites'
INFO: 2025-08-03 09:17:00,644: log_options() 'favorites_operations = [['Downloaded', 'Copy'], ['Fetched', 'Move'], ['Others', 'Copy']]'
INFO: 2025-08-03 09:17:00,644: log_options() 'fetched_folder = /home/pd0rk1n/.config/variety/Fetched'
INFO: 2025-08-03 09:17:00,644: log_options() 'filters = [[False, 'Keep original', ''], [False, 'Grayscale', '-type Grayscale'], [False, 'Heavy blur', '-scale 20% -blur 0x10 -resize 500%'], [False, 'Soft blur', '-scale 20% -blur 0x2 -resize 500%'], [False, 'Oil painting', '-paint 8'], [False, 'Pointilism', '-spread 10 -noise 3'], [False, 'Pixellate', '-scale 3% -scale 3333%']]'
INFO: 2025-08-03 09:17:00,644: log_options() 'get_wallpaper_script = /home/pd0rk1n/.config/variety/scripts/get_wallpaper_arco'
INFO: 2025-08-03 09:17:00,645: log_options() 'icon = Light'
INFO: 2025-08-03 09:17:00,645: log_options() 'internet_enabled = True'
INFO: 2025-08-03 09:17:00,645: log_options() 'lightness_enabled = False'
INFO: 2025-08-03 09:17:00,645: log_options() 'lightness_mode = 0'
INFO: 2025-08-03 09:17:00,645: log_options() 'min_rating = 4'
INFO: 2025-08-03 09:17:00,645: log_options() 'min_rating_enabled = False'
INFO: 2025-08-03 09:17:00,645: log_options() 'min_size = 80'
INFO: 2025-08-03 09:17:00,645: log_options() 'min_size_enabled = True'
INFO: 2025-08-03 09:17:00,645: log_options() 'name_regex = .*'
INFO: 2025-08-03 09:17:00,645: log_options() 'name_regex_enabled = False'
INFO: 2025-08-03 09:17:00,645: log_options() 'quota_enabled = True'
INFO: 2025-08-03 09:17:00,646: log_options() 'quota_size = 1000'
INFO: 2025-08-03 09:17:00,646: log_options() 'quotes_authors = '
INFO: 2025-08-03 09:17:00,646: log_options() 'quotes_bg_color = [80, 80, 80]'
INFO: 2025-08-03 09:17:00,646: log_options() 'quotes_bg_opacity = 55'
INFO: 2025-08-03 09:17:00,646: log_options() 'quotes_change_enabled = False'
INFO: 2025-08-03 09:17:00,646: log_options() 'quotes_change_interval = 300'
INFO: 2025-08-03 09:17:00,646: log_options() 'quotes_disabled_sources = ['Urban Dictionary']'
INFO: 2025-08-03 09:17:00,646: log_options() 'quotes_enabled = False'
INFO: 2025-08-03 09:17:00,646: log_options() 'quotes_favorites_file = /home/pd0rk1n/.config/variety/favorite_quotes.txt'
INFO: 2025-08-03 09:17:00,646: log_options() 'quotes_font = Serif 30'
INFO: 2025-08-03 09:17:00,646: log_options() 'quotes_hpos = 100'
INFO: 2025-08-03 09:17:00,646: log_options() 'quotes_max_length = 250'
INFO: 2025-08-03 09:17:00,646: log_options() 'quotes_tags = '
INFO: 2025-08-03 09:17:00,646: log_options() 'quotes_text_color = [255, 255, 255]'
INFO: 2025-08-03 09:17:00,646: log_options() 'quotes_text_shadow = False'
INFO: 2025-08-03 09:17:00,646: log_options() 'quotes_vpos = 40'
INFO: 2025-08-03 09:17:00,646: log_options() 'quotes_width = 70'
INFO: 2025-08-03 09:17:00,646: log_options() 'safe_mode = False'
INFO: 2025-08-03 09:17:00,646: log_options() 'set_wallpaper_script = /home/pd0rk1n/.config/variety/scripts/set_wallpaper_arco'
INFO: 2025-08-03 09:17:00,646: log_options() 'slideshow_custom_enabled = False'
INFO: 2025-08-03 09:17:00,646: log_options() 'slideshow_custom_folder = /home/pd0rk1n/Pictures'
INFO: 2025-08-03 09:17:00,646: log_options() 'slideshow_downloads_enabled = False'
INFO: 2025-08-03 09:17:00,646: log_options() 'slideshow_fade = 0.4'
INFO: 2025-08-03 09:17:00,646: log_options() 'slideshow_favorites_enabled = True'
INFO: 2025-08-03 09:17:00,646: log_options() 'slideshow_mode = Fullscreen'
INFO: 2025-08-03 09:17:00,646: log_options() 'slideshow_monitor = All'
INFO: 2025-08-03 09:17:00,647: log_options() 'slideshow_pan = 0.05'
INFO: 2025-08-03 09:17:00,647: log_options() 'slideshow_seconds = 6.0'
INFO: 2025-08-03 09:17:00,647: log_options() 'slideshow_sort_order = Random'
INFO: 2025-08-03 09:17:00,647: log_options() 'slideshow_sources_enabled = True'
INFO: 2025-08-03 09:17:00,647: log_options() 'slideshow_zoom = 0.2'
INFO: 2025-08-03 09:17:00,647: log_options() 'smart_enabled = False'
INFO: 2025-08-03 09:17:00,647: log_options() 'smart_notice_shown = False'
INFO: 2025-08-03 09:17:00,647: log_options() 'smart_register_shown = False'
INFO: 2025-08-03 09:17:00,647: log_options() 'sources = [[True, 'favorites', 'The Favorites folder'], [False, 'fetched', 'The Fetched folder'], [False, 'folder', '/usr/share/backgrounds'], [False, 'flickr', 'user:www.flickr.com/photos/peter-levi/;user_id:93647178@N00;'], [False, 'apod', "NASA's Astronomy Picture of the Day"], [False, 'bing', 'Bing Photo of the Day'], [False, 'earthview', 'Google Earth View Wallpapers'], [False, 'natgeo', "National Geographic's photo of the day"], [False, 'unsplash', 'High-resolution photos from Unsplash.com'], [True, 'wallhaven', 'space'], [True, 'wallhaven', 'minimal'], [True, 'wallhaven', 'scifi'], [True, 'wallhaven', 'simple'], [True, 'wallhaven', 'abstract'], [True, 'folder', '/home/erik/Templates/wallpapers/wallhaven']]'
INFO: 2025-08-03 09:17:00,647: log_options() 'stats_enabled = True'
INFO: 2025-08-03 09:17:00,647: log_options() 'stats_notice_shown = False'
INFO: 2025-08-03 09:17:00,647: log_options() 'sync_enabled = True'
INFO: 2025-08-03 09:17:00,647: log_options() 'use_landscape_enabled = True'
INFO: 2025-08-03 09:17:00,648: log_options() 'wallhaven_api_key = '
INFO: 2025-08-03 09:17:00,648: log_options() 'wallpaper_auto_rotate = True'
INFO: 2025-08-03 09:17:00,648: log_options() 'wallpaper_display_mode = os'
INFO: 2025-08-03 09:17:00,648: reload_config() 'No need to clear prepared queue'
INFO: 2025-08-03 09:17:00,648: clock_thread_method() 'clock thread running'
INFO: 2025-08-03 09:17:00,649: update_indicator() 'Setting file info to: /home/pd0rk1n/.config/variety/Downloaded/wallhaven_abstract/wallhaven-p93gm9.jpg'
INFO: 2025-08-03 09:17:00,653: load_last_change_time() 'Change interval < 6 hours, ignore persisted last_change_time, wait initially the whole interval: 600'
INFO: 2025-08-03 09:17:00,653: update_indicator() 'Setting file info to: /home/pd0rk1n/.config/variety/Downloaded/wallhaven_abstract/wallhaven-p93gm9.jpg'
INFO: 2025-08-03 09:17:00,654: regular_change_thread() 'regular_change thread running'
INFO: 2025-08-03 09:17:00,654: prepare_thread() 'Prepare thread running'
INFO: 2025-08-03 09:17:00,655: prepare_thread() 'Prepared buffer contains 0 images'
INFO: 2025-08-03 09:17:00,655: prepare_thread() 'Preparing some images'
INFO: 2025-08-03 09:17:00,662: update_indicator_icon() 'Creating indicator'
WARNING: 2025-08-03 09:17:00,674: create_menu() 'Variety Slideshow is not installed. This is an optional extension adding pan-and-zoom slideshows to Variety: see https://github.com/peterlevi/variety-slideshow for details'
INFO: 2025-08-03 09:17:00,675: create_indicator() 'indicator backend: AppIndicator3'
INFO: 2025-08-03 09:17:00,715: set_from_theme_icon() 'Showing indicator icon variety-indicator from GTK theme'
INFO: 2025-08-03 09:17:00,733: prepare_thread() 'After search prepared buffer contains 94 images'
INFO: 2025-08-03 09:17:00,757: do_set_wp() 'Calling do_set_wp with /home/pd0rk1n/.config/variety/Downloaded/wallhaven_abstract/wallhaven-p93gm9.jpg, time: 1754227020.7577252'
INFO: 2025-08-03 09:17:00,759: apply_auto_rotate() 'ImageMagick auto-rotate cmd: convert /home/pd0rk1n/.config/variety/Downloaded/wallhaven_abstract/wallhaven-p93gm9.jpg -auto-orient /home/pd0rk1n/.config/variety/wallpaper/wallpaper-auto-rotated-5d0825a5c5bdc2fb5243516681c61730.jpg'
INFO: 2025-08-03 09:17:01,225: compute_trimmed_offsets() 'Trimmed offsets debug info: w:1920, h:1080, ratio:1.777778, iw:5640, ih:2400, scw:2538, sch:1080, ho:309, vo:0'
INFO: 2025-08-03 09:17:01,226: build_imagemagick_clock_cmd() 'Applying clock filter: -density 100 -font `fc-match -f '%{file[0]}' 'Serif:70'` -pointsize 70 -gravity SouthEast -fill '#00000044' -annotate 0x0+367+108 '09:17' -fill white -annotate 0x0+369+110 '09:17' -font `fc-match -f '%{file[0]}' 'Serif:30'` -pointsize 30 -fill '#00000044' -annotate 0x0+367+58 'Sunday, August 03' -fill white -annotate 0x0+369+60 'Sunday, August 03''
INFO: 2025-08-03 09:17:01,226: build_imagemagick_clock_cmd() 'ImageMagick clock cmd: convert /home/pd0rk1n/.config/variety/wallpaper/wallpaper-auto-rotated-5d0825a5c5bdc2fb5243516681c61730.jpg -scale 1920x1080^ -density 100 -font `fc-match -f '%{file[0]}' 'Serif:70'` -pointsize 70 -gravity SouthEast -fill '#00000044' -annotate 0x0+367+108 '09:17' -fill white -annotate 0x0+369+110 '09:17' -font `fc-match -f '%{file[0]}' 'Serif:30'` -pointsize 30 -fill '#00000044' -annotate 0x0+367+58 'Sunday, August 03' -fill white -annotate 0x0+369+60 'Sunday, August 03' /home/pd0rk1n/.config/variety/wallpaper/wallpaper-clock-4df00dbe92b8cbbf045c4c747845e3a9.jpg'
INFO: 2025-08-03 09:17:01,648: clock_thread_method() 'clock_thread updates wallpaper'
INFO: 2025-08-03 09:17:01,758: do_set_wp() 'Calling do_set_wp with /home/pd0rk1n/.config/variety/Downloaded/wallhaven_abstract/wallhaven-p93gm9.jpg, time: 1754227021.7580504'
INFO: 2025-08-03 09:17:02,414: reload() 'Reloading preferences dialog'
INFO: 2025-08-03 09:17:02,427: update_indicator() 'Setting file info to: /home/pd0rk1n/.config/variety/Downloaded/wallhaven_abstract/wallhaven-p93gm9.jpg'
INFO: 2025-08-03 09:17:02,428: list_files() 'More than 1 files in the folders, stop listing'
INFO: 2025-08-03 09:17:02,733: trigger_download() 'Triggering download thread to check if download needed and possible'
INFO: 2025-08-03 09:17:05,067: apply_auto_rotate() 'ImageMagick auto-rotate cmd: convert /home/pd0rk1n/.config/variety/Downloaded/wallhaven_abstract/wallhaven-p93gm9.jpg -auto-orient /home/pd0rk1n/.config/variety/wallpaper/wallpaper-auto-rotated-3d9d86da7d314cd16fe535816e9fa53d.jpg'
INFO: 2025-08-03 09:17:05,514: compute_trimmed_offsets() 'Trimmed offsets debug info: w:1920, h:1080, ratio:1.777778, iw:5640, ih:2400, scw:2538, sch:1080, ho:309, vo:0'
INFO: 2025-08-03 09:17:05,515: build_imagemagick_clock_cmd() 'Applying clock filter: -density 100 -font `fc-match -f '%{file[0]}' 'Serif:70'` -pointsize 70 -gravity SouthEast -fill '#00000044' -annotate 0x0+367+108 '09:17' -fill white -annotate 0x0+369+110 '09:17' -font `fc-match -f '%{file[0]}' 'Serif:30'` -pointsize 30 -fill '#00000044' -annotate 0x0+367+58 'Sunday, August 03' -fill white -annotate 0x0+369+60 'Sunday, August 03''
INFO: 2025-08-03 09:17:05,515: build_imagemagick_clock_cmd() 'ImageMagick clock cmd: convert /home/pd0rk1n/.config/variety/wallpaper/wallpaper-auto-rotated-3d9d86da7d314cd16fe535816e9fa53d.jpg -scale 1920x1080^ -density 100 -font `fc-match -f '%{file[0]}' 'Serif:70'` -pointsize 70 -gravity SouthEast -fill '#00000044' -annotate 0x0+367+108 '09:17' -fill white -annotate 0x0+369+110 '09:17' -font `fc-match -f '%{file[0]}' 'Serif:30'` -pointsize 30 -fill '#00000044' -annotate 0x0+367+58 'Sunday, August 03' -fill white -annotate 0x0+369+60 'Sunday, August 03' /home/pd0rk1n/.config/variety/wallpaper/wallpaper-clock-88f81a0f72511f6cb5bd4ed8e8a7ee02.jpg'
INFO: 2025-08-03 09:17:05,655: set_wallpaper() 'Calling set_wallpaper with /home/pd0rk1n/.config/variety/Downloaded/wallhaven_minimal/wallhaven-qzy38l.png'
INFO: 2025-08-03 09:17:05,655: prepare_thread() 'Prepared buffer contains 94 images'
INFO: 2025-08-03 09:17:05,656: do_set_wp() 'Calling do_set_wp with /home/pd0rk1n/.config/variety/Downloaded/wallhaven_minimal/wallhaven-qzy38l.png, time: 1754227025.6564584'
INFO: 2025-08-03 09:17:06,105: update_indicator() 'Setting file info to: /home/pd0rk1n/.config/variety/Downloaded/wallhaven_abstract/wallhaven-p93gm9.jpg'
INFO: 2025-08-03 09:17:06,107: list_files() 'More than 1 files in the folders, stop listing'
INFO: 2025-08-03 09:17:07,656: trigger_download() 'Triggering download thread to check if download needed and possible'
INFO: 2025-08-03 09:17:07,656: get_throttling() 'Wallhaven.cc: parsing serverside options'
INFO: 2025-08-03 09:17:07,656: trigger_download() 'Triggering download thread to check if download needed and possible'
INFO: 2025-08-03 09:17:07,656: get_throttling() 'Could not parse Wallhaven.cc serverside options, using defaults 360, 40'
INFO: 2025-08-03 09:17:07,656: get_throttling() 'Wallhaven.cc: parsing serverside options'
INFO: 2025-08-03 09:17:07,657: get_throttling() 'Could not parse Wallhaven.cc serverside options, using defaults 360, 40'
INFO: 2025-08-03 09:17:07,657: download_one() 'Wallhaven.cc: Downloading an image, config: minimal'
INFO: 2025-08-03 09:17:07,657: download_one() 'Wallhaven.cc: Queue size: 0'
INFO: 2025-08-03 09:17:07,657: get_throttling() 'Wallhaven.cc: parsing serverside options'
INFO: 2025-08-03 09:17:07,657: get_throttling() 'Could not parse Wallhaven.cc serverside options, using defaults 360, 40'
INFO: 2025-08-03 09:17:07,657: download_one() 'Wallhaven.cc: Filling queue'
INFO: 2025-08-03 09:17:07,657: search() 'Performing wallhaven search: url=https://wallhaven.cc/api/v1/search?q=minimal&categories=111&purity=100&sorting=favorites&order=desc'
INFO: 2025-08-03 09:17:07,945: fill_queue() '22675 wallpapers in result, using page 10'
INFO: 2025-08-03 09:17:07,945: search() 'Performing wallhaven search: url=https://wallhaven.cc/api/v1/search?q=minimal&categories=111&purity=100&sorting=favorites&order=desc&page=10'
INFO: 2025-08-03 09:17:08,178: download_one() 'Wallhaven.cc: Queue populated with 12 URLs'
INFO: 2025-08-03 09:17:08,178: download_queue_item() 'Wallpaper URL: https://wallhaven.cc/w/x889jz'
INFO: 2025-08-03 09:17:08,178: download_queue_item() 'Image src URL: https://w.wallhaven.cc/full/x8/wallhaven-x889jz.jpg'
INFO: 2025-08-03 09:17:08,308: save_locally() 'Origin URL: https://wallhaven.cc/w/x889jz'
INFO: 2025-08-03 09:17:08,308: save_locally() 'Image URL: https://w.wallhaven.cc/full/x8/wallhaven-x889jz.jpg'
INFO: 2025-08-03 09:17:08,308: save_locally() 'Local path: /home/pd0rk1n/.config/variety/Downloaded/wallhaven_minimal/wallhaven-x889jz.jpg'
INFO: 2025-08-03 09:17:08,470: save_locally() 'Download complete'
INFO: 2025-08-03 09:17:08,470: update_indicator() 'Setting file info to: /home/pd0rk1n/.config/variety/Downloaded/wallhaven_abstract/wallhaven-p93gm9.jpg'
INFO: 2025-08-03 09:17:08,471: list_files() 'More than 1 files in the folders, stop listing'
INFO: 2025-08-03 09:17:08,471: download_one_from() 'Adding downloaded file /home/pd0rk1n/.config/variety/Downloaded/wallhaven_minimal/wallhaven-x889jz.jpg to unseen_downloads'
INFO: 2025-08-03 09:17:09,476: apply_auto_rotate() 'ImageMagick auto-rotate cmd: convert /home/pd0rk1n/.config/variety/Downloaded/wallhaven_minimal/wallhaven-qzy38l.png -auto-orient /home/pd0rk1n/.config/variety/wallpaper/wallpaper-auto-rotated-5d8ec846d09bdb7b36e0cf1246c064eb.jpg'
INFO: 2025-08-03 09:17:09,581: compute_trimmed_offsets() 'Trimmed offsets debug info: w:1920, h:1080, ratio:1.777778, iw:1920, ih:1080, scw:1920, sch:1080, ho:0, vo:0'
INFO: 2025-08-03 09:17:09,582: build_imagemagick_clock_cmd() 'Applying clock filter: -density 100 -font `fc-match -f '%{file[0]}' 'Serif:70'` -pointsize 70 -gravity SouthEast -fill '#00000044' -annotate 0x0+58+108 '09:17' -fill white -annotate 0x0+60+110 '09:17' -font `fc-match -f '%{file[0]}' 'Serif:30'` -pointsize 30 -fill '#00000044' -annotate 0x0+58+58 'Sunday, August 03' -fill white -annotate 0x0+60+60 'Sunday, August 03''
INFO: 2025-08-03 09:17:09,582: build_imagemagick_clock_cmd() 'ImageMagick clock cmd: convert /home/pd0rk1n/.config/variety/wallpaper/wallpaper-auto-rotated-5d8ec846d09bdb7b36e0cf1246c064eb.jpg -scale 1920x1080^ -density 100 -font `fc-match -f '%{file[0]}' 'Serif:70'` -pointsize 70 -gravity SouthEast -fill '#00000044' -annotate 0x0+58+108 '09:17' -fill white -annotate 0x0+60+110 '09:17' -font `fc-match -f '%{file[0]}' 'Serif:30'` -pointsize 30 -fill '#00000044' -annotate 0x0+58+58 'Sunday, August 03' -fill white -annotate 0x0+60+60 'Sunday, August 03' /home/pd0rk1n/.config/variety/wallpaper/wallpaper-clock-440fb805ef67bea3c604d3d57a0bf5e4.jpg'
INFO: 2025-08-03 09:17:09,722: update_indicator() 'Setting file info to: /home/pd0rk1n/.config/variety/Downloaded/wallhaven_minimal/wallhaven-qzy38l.png'
INFO: 2025-08-03 09:17:09,723: list_files() 'More than 1 files in the folders, stop listing'
INFO: 2025-08-03 09:17:20,655: server_options_thread() 'Fetching server options from https://gist.githubusercontent.com/peterlevi/a7d1dbf3a4e76e15760a/raw/fab10d0ce5cfe66377e7c650be56edb497aabbd4/variety_server_options.json'
INFO: 2025-08-03 09:17:20,716: server_options_thread() 'Fetched server options: {'flickr': {'min_fill_queue_interval': 1200, 'min_download_interval': 1200}, 'wallbase': {'min_fill_queue_interval': 1800, 'min_download_interval': 1800}, 'wallhaven': {'min_fill_queue_interval': 1800, 'min_download_interval': 1800}, 'wallpapers.net': {'min_fill_queue_interval': 601, 'min_download_interval': 0}, 'unsplash': {'min_fill_queue_interval': 20000000000, 'min_download_interval': 20000000000}, 'unsplash_v2': {'min_fill_queue_interval': 3600, 'min_download_interval': 1800}, 'status_message': {'0.0.1': '', '*': ''}}'
INFO: 2025-08-03 09:18:00,207: clock_thread_method() 'clock_thread updates wallpaper'
INFO: 2025-08-03 09:18:00,207: do_set_wp() 'Calling do_set_wp with /home/pd0rk1n/.config/variety/Downloaded/wallhaven_minimal/wallhaven-qzy38l.png, time: 1754227080.2078407'
INFO: 2025-08-03 09:18:00,208: apply_auto_rotate() 'ImageMagick auto-rotate cmd: convert /home/pd0rk1n/.config/variety/Downloaded/wallhaven_minimal/wallhaven-qzy38l.png -auto-orient /home/pd0rk1n/.config/variety/wallpaper/wallpaper-auto-rotated-cbfa30910a9b63a4cb9ce7fa9632825b.jpg'
INFO: 2025-08-03 09:18:00,315: compute_trimmed_offsets() 'Trimmed offsets debug info: w:1920, h:1080, ratio:1.777778, iw:1920, ih:1080, scw:1920, sch:1080, ho:0, vo:0'
INFO: 2025-08-03 09:18:00,316: build_imagemagick_clock_cmd() 'Applying clock filter: -density 100 -font `fc-match -f '%{file[0]}' 'Serif:70'` -pointsize 70 -gravity SouthEast -fill '#00000044' -annotate 0x0+58+108 '09:18' -fill white -annotate 0x0+60+110 '09:18' -font `fc-match -f '%{file[0]}' 'Serif:30'` -pointsize 30 -fill '#00000044' -annotate 0x0+58+58 'Sunday, August 03' -fill white -annotate 0x0+60+60 'Sunday, August 03''
INFO: 2025-08-03 09:18:00,316: build_imagemagick_clock_cmd() 'ImageMagick clock cmd: convert /home/pd0rk1n/.config/variety/wallpaper/wallpaper-auto-rotated-cbfa30910a9b63a4cb9ce7fa9632825b.jpg -scale 1920x1080^ -density 100 -font `fc-match -f '%{file[0]}' 'Serif:70'` -pointsize 70 -gravity SouthEast -fill '#00000044' -annotate 0x0+58+108 '09:18' -fill white -annotate 0x0+60+110 '09:18' -font `fc-match -f '%{file[0]}' 'Serif:30'` -pointsize 30 -fill '#00000044' -annotate 0x0+58+58 'Sunday, August 03' -fill white -annotate 0x0+60+60 'Sunday, August 03' /home/pd0rk1n/.config/variety/wallpaper/wallpaper-clock-bfb017ddb407a5f9be2cbda17fbdb179.jpg'
INFO: 2025-08-03 09:18:00,459: update_indicator() 'Setting file info to: /home/pd0rk1n/.config/variety/Downloaded/wallhaven_minimal/wallhaven-qzy38l.png'
INFO: 2025-08-03 09:18:00,461: list_files() 'More than 1 files in the folders, stop listing'
INFO: 2025-08-03 09:19:00,216: clock_thread_method() 'clock_thread updates wallpaper'
INFO: 2025-08-03 09:19:00,217: do_set_wp() 'Calling do_set_wp with /home/pd0rk1n/.config/variety/Downloaded/wallhaven_minimal/wallhaven-qzy38l.png, time: 1754227140.2170172'
INFO: 2025-08-03 09:19:00,217: apply_auto_rotate() 'ImageMagick auto-rotate cmd: convert /home/pd0rk1n/.config/variety/Downloaded/wallhaven_minimal/wallhaven-qzy38l.png -auto-orient /home/pd0rk1n/.config/variety/wallpaper/wallpaper-auto-rotated-4a8e0f1006508c5accd89f91f6cb23fc.jpg'
INFO: 2025-08-03 09:19:00,320: compute_trimmed_offsets() 'Trimmed offsets debug info: w:1920, h:1080, ratio:1.777778, iw:1920, ih:1080, scw:1920, sch:1080, ho:0, vo:0'
INFO: 2025-08-03 09:19:00,321: build_imagemagick_clock_cmd() 'Applying clock filter: -density 100 -font `fc-match -f '%{file[0]}' 'Serif:70'` -pointsize 70 -gravity SouthEast -fill '#00000044' -annotate 0x0+58+108 '09:19' -fill white -annotate 0x0+60+110 '09:19' -font `fc-match -f '%{file[0]}' 'Serif:30'` -pointsize 30 -fill '#00000044' -annotate 0x0+58+58 'Sunday, August 03' -fill white -annotate 0x0+60+60 'Sunday, August 03''
INFO: 2025-08-03 09:19:00,321: build_imagemagick_clock_cmd() 'ImageMagick clock cmd: convert /home/pd0rk1n/.config/variety/wallpaper/wallpaper-auto-rotated-4a8e0f1006508c5accd89f91f6cb23fc.jpg -scale 1920x1080^ -density 100 -font `fc-match -f '%{file[0]}' 'Serif:70'` -pointsize 70 -gravity SouthEast -fill '#00000044' -annotate 0x0+58+108 '09:19' -fill white -annotate 0x0+60+110 '09:19' -font `fc-match -f '%{file[0]}' 'Serif:30'` -pointsize 30 -fill '#00000044' -annotate 0x0+58+58 'Sunday, August 03' -fill white -annotate 0x0+60+60 'Sunday, August 03' /home/pd0rk1n/.config/variety/wallpaper/wallpaper-clock-87e6aabfcc3aa77676397aaaa5c2eaf3.jpg'
INFO: 2025-08-03 09:19:00,461: update_indicator() 'Setting file info to: /home/pd0rk1n/.config/variety/Downloaded/wallhaven_minimal/wallhaven-qzy38l.png'
INFO: 2025-08-03 09:19:00,463: list_files() 'More than 1 files in the folders, stop listing'
INFO: 2025-08-03 09:20:00,225: clock_thread_method() 'clock_thread updates wallpaper'
INFO: 2025-08-03 09:20:00,225: do_set_wp() 'Calling do_set_wp with /home/pd0rk1n/.config/variety/Downloaded/wallhaven_minimal/wallhaven-qzy38l.png, time: 1754227200.2253704'
INFO: 2025-08-03 09:20:00,225: apply_auto_rotate() 'ImageMagick auto-rotate cmd: convert /home/pd0rk1n/.config/variety/Downloaded/wallhaven_minimal/wallhaven-qzy38l.png -auto-orient /home/pd0rk1n/.config/variety/wallpaper/wallpaper-auto-rotated-e86d782f9efbca0ff030444bbb432d2d.jpg'
INFO: 2025-08-03 09:20:00,329: compute_trimmed_offsets() 'Trimmed offsets debug info: w:1920, h:1080, ratio:1.777778, iw:1920, ih:1080, scw:1920, sch:1080, ho:0, vo:0'
INFO: 2025-08-03 09:20:00,329: build_imagemagick_clock_cmd() 'Applying clock filter: -density 100 -font `fc-match -f '%{file[0]}' 'Serif:70'` -pointsize 70 -gravity SouthEast -fill '#00000044' -annotate 0x0+58+108 '09:20' -fill white -annotate 0x0+60+110 '09:20' -font `fc-match -f '%{file[0]}' 'Serif:30'` -pointsize 30 -fill '#00000044' -annotate 0x0+58+58 'Sunday, August 03' -fill white -annotate 0x0+60+60 'Sunday, August 03''
INFO: 2025-08-03 09:20:00,329: build_imagemagick_clock_cmd() 'ImageMagick clock cmd: convert /home/pd0rk1n/.config/variety/wallpaper/wallpaper-auto-rotated-e86d782f9efbca0ff030444bbb432d2d.jpg -scale 1920x1080^ -density 100 -font `fc-match -f '%{file[0]}' 'Serif:70'` -pointsize 70 -gravity SouthEast -fill '#00000044' -annotate 0x0+58+108 '09:20' -fill white -annotate 0x0+60+110 '09:20' -font `fc-match -f '%{file[0]}' 'Serif:30'` -pointsize 30 -fill '#00000044' -annotate 0x0+58+58 'Sunday, August 03' -fill white -annotate 0x0+60+60 'Sunday, August 03' /home/pd0rk1n/.config/variety/wallpaper/wallpaper-clock-daf484f9ad1656c427a8481827225838.jpg'
INFO: 2025-08-03 09:20:00,473: update_indicator() 'Setting file info to: /home/pd0rk1n/.config/variety/Downloaded/wallhaven_minimal/wallhaven-qzy38l.png'
INFO: 2025-08-03 09:20:00,475: list_files() 'More than 1 files in the folders, stop listing'
INFO: 2025-08-03 09:21:00,235: clock_thread_method() 'clock_thread updates wallpaper'
INFO: 2025-08-03 09:21:00,236: do_set_wp() 'Calling do_set_wp with /home/pd0rk1n/.config/variety/Downloaded/wallhaven_minimal/wallhaven-qzy38l.png, time: 1754227260.2360806'
INFO: 2025-08-03 09:21:00,236: apply_auto_rotate() 'ImageMagick auto-rotate cmd: convert /home/pd0rk1n/.config/variety/Downloaded/wallhaven_minimal/wallhaven-qzy38l.png -auto-orient /home/pd0rk1n/.config/variety/wallpaper/wallpaper-auto-rotated-1ad78856b30a679f0a6d0825efa619aa.jpg'
INFO: 2025-08-03 09:21:00,342: compute_trimmed_offsets() 'Trimmed offsets debug info: w:1920, h:1080, ratio:1.777778, iw:1920, ih:1080, scw:1920, sch:1080, ho:0, vo:0'
INFO: 2025-08-03 09:21:00,342: build_imagemagick_clock_cmd() 'Applying clock filter: -density 100 -font `fc-match -f '%{file[0]}' 'Serif:70'` -pointsize 70 -gravity SouthEast -fill '#00000044' -annotate 0x0+58+108 '09:21' -fill white -annotate 0x0+60+110 '09:21' -font `fc-match -f '%{file[0]}' 'Serif:30'` -pointsize 30 -fill '#00000044' -annotate 0x0+58+58 'Sunday, August 03' -fill white -annotate 0x0+60+60 'Sunday, August 03''
INFO: 2025-08-03 09:21:00,342: build_imagemagick_clock_cmd() 'ImageMagick clock cmd: convert /home/pd0rk1n/.config/variety/wallpaper/wallpaper-auto-rotated-1ad78856b30a679f0a6d0825efa619aa.jpg -scale 1920x1080^ -density 100 -font `fc-match -f '%{file[0]}' 'Serif:70'` -pointsize 70 -gravity SouthEast -fill '#00000044' -annotate 0x0+58+108 '09:21' -fill white -annotate 0x0+60+110 '09:21' -font `fc-match -f '%{file[0]}' 'Serif:30'` -pointsize 30 -fill '#00000044' -annotate 0x0+58+58 'Sunday, August 03' -fill white -annotate 0x0+60+60 'Sunday, August 03' /home/pd0rk1n/.config/variety/wallpaper/wallpaper-clock-e3bf01c8d7ac55572cacd3e60312774f.jpg'
INFO: 2025-08-03 09:21:00,492: update_indicator() 'Setting file info to: /home/pd0rk1n/.config/variety/Downloaded/wallhaven_minimal/wallhaven-qzy38l.png'
INFO: 2025-08-03 09:21:00,493: list_files() 'More than 1 files in the folders, stop listing'
INFO: 2025-08-03 09:22:00,245: clock_thread_method() 'clock_thread updates wallpaper'
INFO: 2025-08-03 09:22:00,246: do_set_wp() 'Calling do_set_wp with /home/pd0rk1n/.config/variety/Downloaded/wallhaven_minimal/wallhaven-qzy38l.png, time: 1754227320.2461648'
INFO: 2025-08-03 09:22:00,246: apply_auto_rotate() 'ImageMagick auto-rotate cmd: convert /home/pd0rk1n/.config/variety/Downloaded/wallhaven_minimal/wallhaven-qzy38l.png -auto-orient /home/pd0rk1n/.config/variety/wallpaper/wallpaper-auto-rotated-1b9a0af29d0d203d266313e8ee2ff1ee.jpg'
INFO: 2025-08-03 09:22:00,353: compute_trimmed_offsets() 'Trimmed offsets debug info: w:1920, h:1080, ratio:1.777778, iw:1920, ih:1080, scw:1920, sch:1080, ho:0, vo:0'
INFO: 2025-08-03 09:22:00,353: build_imagemagick_clock_cmd() 'Applying clock filter: -density 100 -font `fc-match -f '%{file[0]}' 'Serif:70'` -pointsize 70 -gravity SouthEast -fill '#00000044' -annotate 0x0+58+108 '09:22' -fill white -annotate 0x0+60+110 '09:22' -font `fc-match -f '%{file[0]}' 'Serif:30'` -pointsize 30 -fill '#00000044' -annotate 0x0+58+58 'Sunday, August 03' -fill white -annotate 0x0+60+60 'Sunday, August 03''
INFO: 2025-08-03 09:22:00,353: build_imagemagick_clock_cmd() 'ImageMagick clock cmd: convert /home/pd0rk1n/.config/variety/wallpaper/wallpaper-auto-rotated-1b9a0af29d0d203d266313e8ee2ff1ee.jpg -scale 1920x1080^ -density 100 -font `fc-match -f '%{file[0]}' 'Serif:70'` -pointsize 70 -gravity SouthEast -fill '#00000044' -annotate 0x0+58+108 '09:22' -fill white -annotate 0x0+60+110 '09:22' -font `fc-match -f '%{file[0]}' 'Serif:30'` -pointsize 30 -fill '#00000044' -annotate 0x0+58+58 'Sunday, August 03' -fill white -annotate 0x0+60+60 'Sunday, August 03' /home/pd0rk1n/.config/variety/wallpaper/wallpaper-clock-36fae8b8c62d615f0b50f5c24a4abfe4.jpg'
INFO: 2025-08-03 09:22:00,503: update_indicator() 'Setting file info to: /home/pd0rk1n/.config/variety/Downloaded/wallhaven_minimal/wallhaven-qzy38l.png'
INFO: 2025-08-03 09:22:00,505: list_files() 'More than 1 files in the folders, stop listing'
INFO: 2025-08-03 09:23:00,254: clock_thread_method() 'clock_thread updates wallpaper'
INFO: 2025-08-03 09:23:00,254: do_set_wp() 'Calling do_set_wp with /home/pd0rk1n/.config/variety/Downloaded/wallhaven_minimal/wallhaven-qzy38l.png, time: 1754227380.2549386'
INFO: 2025-08-03 09:23:00,255: apply_auto_rotate() 'ImageMagick auto-rotate cmd: convert /home/pd0rk1n/.config/variety/Downloaded/wallhaven_minimal/wallhaven-qzy38l.png -auto-orient /home/pd0rk1n/.config/variety/wallpaper/wallpaper-auto-rotated-0b9900d6ed9b3b6a5d40895979006c2e.jpg'
INFO: 2025-08-03 09:23:00,359: compute_trimmed_offsets() 'Trimmed offsets debug info: w:1920, h:1080, ratio:1.777778, iw:1920, ih:1080, scw:1920, sch:1080, ho:0, vo:0'
INFO: 2025-08-03 09:23:00,359: build_imagemagick_clock_cmd() 'Applying clock filter: -density 100 -font `fc-match -f '%{file[0]}' 'Serif:70'` -pointsize 70 -gravity SouthEast -fill '#00000044' -annotate 0x0+58+108 '09:23' -fill white -annotate 0x0+60+110 '09:23' -font `fc-match -f '%{file[0]}' 'Serif:30'` -pointsize 30 -fill '#00000044' -annotate 0x0+58+58 'Sunday, August 03' -fill white -annotate 0x0+60+60 'Sunday, August 03''
INFO: 2025-08-03 09:23:00,359: build_imagemagick_clock_cmd() 'ImageMagick clock cmd: convert /home/pd0rk1n/.config/variety/wallpaper/wallpaper-auto-rotated-0b9900d6ed9b3b6a5d40895979006c2e.jpg -scale 1920x1080^ -density 100 -font `fc-match -f '%{file[0]}' 'Serif:70'` -pointsize 70 -gravity SouthEast -fill '#00000044' -annotate 0x0+58+108 '09:23' -fill white -annotate 0x0+60+110 '09:23' -font `fc-match -f '%{file[0]}' 'Serif:30'` -pointsize 30 -fill '#00000044' -annotate 0x0+58+58 'Sunday, August 03' -fill white -annotate 0x0+60+60 'Sunday, August 03' /home/pd0rk1n/.config/variety/wallpaper/wallpaper-clock-d7d99e1399401ce8efcefc9e7dc4a02c.jpg'
INFO: 2025-08-03 09:23:00,499: update_indicator() 'Setting file info to: /home/pd0rk1n/.config/variety/Downloaded/wallhaven_minimal/wallhaven-qzy38l.png'
INFO: 2025-08-03 09:23:00,501: list_files() 'More than 1 files in the folders, stop listing'
INFO: 2025-08-03 09:24:00,263: clock_thread_method() 'clock_thread updates wallpaper'
INFO: 2025-08-03 09:24:00,264: do_set_wp() 'Calling do_set_wp with /home/pd0rk1n/.config/variety/Downloaded/wallhaven_minimal/wallhaven-qzy38l.png, time: 1754227440.2640648'
INFO: 2025-08-03 09:24:00,264: apply_auto_rotate() 'ImageMagick auto-rotate cmd: convert /home/pd0rk1n/.config/variety/Downloaded/wallhaven_minimal/wallhaven-qzy38l.png -auto-orient /home/pd0rk1n/.config/variety/wallpaper/wallpaper-auto-rotated-f85ddce4b6dcd482d0b834d2390cded0.jpg'
INFO: 2025-08-03 09:24:00,367: compute_trimmed_offsets() 'Trimmed offsets debug info: w:1920, h:1080, ratio:1.777778, iw:1920, ih:1080, scw:1920, sch:1080, ho:0, vo:0'
INFO: 2025-08-03 09:24:00,367: build_imagemagick_clock_cmd() 'Applying clock filter: -density 100 -font `fc-match -f '%{file[0]}' 'Serif:70'` -pointsize 70 -gravity SouthEast -fill '#00000044' -annotate 0x0+58+108 '09:24' -fill white -annotate 0x0+60+110 '09:24' -font `fc-match -f '%{file[0]}' 'Serif:30'` -pointsize 30 -fill '#00000044' -annotate 0x0+58+58 'Sunday, August 03' -fill white -annotate 0x0+60+60 'Sunday, August 03''
INFO: 2025-08-03 09:24:00,367: build_imagemagick_clock_cmd() 'ImageMagick clock cmd: convert /home/pd0rk1n/.config/variety/wallpaper/wallpaper-auto-rotated-f85ddce4b6dcd482d0b834d2390cded0.jpg -scale 1920x1080^ -density 100 -font `fc-match -f '%{file[0]}' 'Serif:70'` -pointsize 70 -gravity SouthEast -fill '#00000044' -annotate 0x0+58+108 '09:24' -fill white -annotate 0x0+60+110 '09:24' -font `fc-match -f '%{file[0]}' 'Serif:30'` -pointsize 30 -fill '#00000044' -annotate 0x0+58+58 'Sunday, August 03' -fill white -annotate 0x0+60+60 'Sunday, August 03' /home/pd0rk1n/.config/variety/wallpaper/wallpaper-clock-36d21922f7449a7956ae517c712fc10d.jpg'
INFO: 2025-08-03 09:24:00,508: update_indicator() 'Setting file info to: /home/pd0rk1n/.config/variety/Downloaded/wallhaven_minimal/wallhaven-qzy38l.png'
INFO: 2025-08-03 09:24:00,510: list_files() 'More than 1 files in the folders, stop listing'
INFO: 2025-08-03 09:25:00,271: clock_thread_method() 'clock_thread updates wallpaper'
INFO: 2025-08-03 09:25:00,272: do_set_wp() 'Calling do_set_wp with /home/pd0rk1n/.config/variety/Downloaded/wallhaven_minimal/wallhaven-qzy38l.png, time: 1754227500.2721696'
INFO: 2025-08-03 09:25:00,272: apply_auto_rotate() 'ImageMagick auto-rotate cmd: convert /home/pd0rk1n/.config/variety/Downloaded/wallhaven_minimal/wallhaven-qzy38l.png -auto-orient /home/pd0rk1n/.config/variety/wallpaper/wallpaper-auto-rotated-0055df6becca16bd04f90dc0ad054b3f.jpg'
INFO: 2025-08-03 09:25:00,377: compute_trimmed_offsets() 'Trimmed offsets debug info: w:1920, h:1080, ratio:1.777778, iw:1920, ih:1080, scw:1920, sch:1080, ho:0, vo:0'
INFO: 2025-08-03 09:25:00,377: build_imagemagick_clock_cmd() 'Applying clock filter: -density 100 -font `fc-match -f '%{file[0]}' 'Serif:70'` -pointsize 70 -gravity SouthEast -fill '#00000044' -annotate 0x0+58+108 '09:25' -fill white -annotate 0x0+60+110 '09:25' -font `fc-match -f '%{file[0]}' 'Serif:30'` -pointsize 30 -fill '#00000044' -annotate 0x0+58+58 'Sunday, August 03' -fill white -annotate 0x0+60+60 'Sunday, August 03''
INFO: 2025-08-03 09:25:00,377: build_imagemagick_clock_cmd() 'ImageMagick clock cmd: convert /home/pd0rk1n/.config/variety/wallpaper/wallpaper-auto-rotated-0055df6becca16bd04f90dc0ad054b3f.jpg -scale 1920x1080^ -density 100 -font `fc-match -f '%{file[0]}' 'Serif:70'` -pointsize 70 -gravity SouthEast -fill '#00000044' -annotate 0x0+58+108 '09:25' -fill white -annotate 0x0+60+110 '09:25' -font `fc-match -f '%{file[0]}' 'Serif:30'` -pointsize 30 -fill '#00000044' -annotate 0x0+58+58 'Sunday, August 03' -fill white -annotate 0x0+60+60 'Sunday, August 03' /home/pd0rk1n/.config/variety/wallpaper/wallpaper-clock-1beac5c3a87628dbaae3071c13577cb9.jpg'
INFO: 2025-08-03 09:25:00,520: update_indicator() 'Setting file info to: /home/pd0rk1n/.config/variety/Downloaded/wallhaven_minimal/wallhaven-qzy38l.png'
INFO: 2025-08-03 09:25:00,521: list_files() 'More than 1 files in the folders, stop listing'
INFO: 2025-08-03 09:26:00,280: clock_thread_method() 'clock_thread updates wallpaper'
INFO: 2025-08-03 09:26:00,280: do_set_wp() 'Calling do_set_wp with /home/pd0rk1n/.config/variety/Downloaded/wallhaven_minimal/wallhaven-qzy38l.png, time: 1754227560.2803059'
INFO: 2025-08-03 09:26:00,280: apply_auto_rotate() 'ImageMagick auto-rotate cmd: convert /home/pd0rk1n/.config/variety/Downloaded/wallhaven_minimal/wallhaven-qzy38l.png -auto-orient /home/pd0rk1n/.config/variety/wallpaper/wallpaper-auto-rotated-fadc1478005d72f727e115fc4f1676cd.jpg'
INFO: 2025-08-03 09:26:00,384: compute_trimmed_offsets() 'Trimmed offsets debug info: w:1920, h:1080, ratio:1.777778, iw:1920, ih:1080, scw:1920, sch:1080, ho:0, vo:0'
INFO: 2025-08-03 09:26:00,384: build_imagemagick_clock_cmd() 'Applying clock filter: -density 100 -font `fc-match -f '%{file[0]}' 'Serif:70'` -pointsize 70 -gravity SouthEast -fill '#00000044' -annotate 0x0+58+108 '09:26' -fill white -annotate 0x0+60+110 '09:26' -font `fc-match -f '%{file[0]}' 'Serif:30'` -pointsize 30 -fill '#00000044' -annotate 0x0+58+58 'Sunday, August 03' -fill white -annotate 0x0+60+60 'Sunday, August 03''
INFO: 2025-08-03 09:26:00,384: build_imagemagick_clock_cmd() 'ImageMagick clock cmd: convert /home/pd0rk1n/.config/variety/wallpaper/wallpaper-auto-rotated-fadc1478005d72f727e115fc4f1676cd.jpg -scale 1920x1080^ -density 100 -font `fc-match -f '%{file[0]}' 'Serif:70'` -pointsize 70 -gravity SouthEast -fill '#00000044' -annotate 0x0+58+108 '09:26' -fill white -annotate 0x0+60+110 '09:26' -font `fc-match -f '%{file[0]}' 'Serif:30'` -pointsize 30 -fill '#00000044' -annotate 0x0+58+58 'Sunday, August 03' -fill white -annotate 0x0+60+60 'Sunday, August 03' /home/pd0rk1n/.config/variety/wallpaper/wallpaper-clock-131a4e940e679f79350d35fc2f883902.jpg'
INFO: 2025-08-03 09:26:00,528: update_indicator() 'Setting file info to: /home/pd0rk1n/.config/variety/Downloaded/wallhaven_minimal/wallhaven-qzy38l.png'
INFO: 2025-08-03 09:26:00,529: list_files() 'More than 1 files in the folders, stop listing'
INFO: 2025-08-03 09:27:00,285: clock_thread_method() 'clock_thread updates wallpaper'
INFO: 2025-08-03 09:27:00,285: do_set_wp() 'Calling do_set_wp with /home/pd0rk1n/.config/variety/Downloaded/wallhaven_minimal/wallhaven-qzy38l.png, time: 1754227620.2858958'
INFO: 2025-08-03 09:27:00,286: apply_auto_rotate() 'ImageMagick auto-rotate cmd: convert /home/pd0rk1n/.config/variety/Downloaded/wallhaven_minimal/wallhaven-qzy38l.png -auto-orient /home/pd0rk1n/.config/variety/wallpaper/wallpaper-auto-rotated-13bf1d3950862d938e799d1c40607d40.jpg'
INFO: 2025-08-03 09:27:00,389: compute_trimmed_offsets() 'Trimmed offsets debug info: w:1920, h:1080, ratio:1.777778, iw:1920, ih:1080, scw:1920, sch:1080, ho:0, vo:0'
INFO: 2025-08-03 09:27:00,389: build_imagemagick_clock_cmd() 'Applying clock filter: -density 100 -font `fc-match -f '%{file[0]}' 'Serif:70'` -pointsize 70 -gravity SouthEast -fill '#00000044' -annotate 0x0+58+108 '09:27' -fill white -annotate 0x0+60+110 '09:27' -font `fc-match -f '%{file[0]}' 'Serif:30'` -pointsize 30 -fill '#00000044' -annotate 0x0+58+58 'Sunday, August 03' -fill white -annotate 0x0+60+60 'Sunday, August 03''
INFO: 2025-08-03 09:27:00,389: build_imagemagick_clock_cmd() 'ImageMagick clock cmd: convert /home/pd0rk1n/.config/variety/wallpaper/wallpaper-auto-rotated-13bf1d3950862d938e799d1c40607d40.jpg -scale 1920x1080^ -density 100 -font `fc-match -f '%{file[0]}' 'Serif:70'` -pointsize 70 -gravity SouthEast -fill '#00000044' -annotate 0x0+58+108 '09:27' -fill white -annotate 0x0+60+110 '09:27' -font `fc-match -f '%{file[0]}' 'Serif:30'` -pointsize 30 -fill '#00000044' -annotate 0x0+58+58 'Sunday, August 03' -fill white -annotate 0x0+60+60 'Sunday, August 03' /home/pd0rk1n/.config/variety/wallpaper/wallpaper-clock-18d6dba2a198cf5f3d03ab4aeb25c8a1.jpg'
INFO: 2025-08-03 09:27:00,531: update_indicator() 'Setting file info to: /home/pd0rk1n/.config/variety/Downloaded/wallhaven_minimal/wallhaven-qzy38l.png'
INFO: 2025-08-03 09:27:00,533: list_files() 'More than 1 files in the folders, stop listing'
INFO: 2025-08-03 09:27:13,042: regular_change_thread() 'regular_change changes wallpaper'
INFO: 2025-08-03 09:27:13,042: set_wallpaper() 'Calling set_wallpaper with /home/pd0rk1n/.config/variety/Downloaded/wallhaven_minimal/wallhaven-2y983y.jpg'
INFO: 2025-08-03 09:27:13,043: prepare_thread() 'Prepared buffer contains 94 images'
INFO: 2025-08-03 09:27:13,043: do_set_wp() 'Calling do_set_wp with /home/pd0rk1n/.config/variety/Downloaded/wallhaven_minimal/wallhaven-2y983y.jpg, time: 1754227633.0438688'
INFO: 2025-08-03 09:27:13,044: apply_auto_rotate() 'ImageMagick auto-rotate cmd: convert /home/pd0rk1n/.config/variety/Downloaded/wallhaven_minimal/wallhaven-2y983y.jpg -auto-orient /home/pd0rk1n/.config/variety/wallpaper/wallpaper-auto-rotated-14c33d276aee96ece0fbf6813230ed56.jpg'
INFO: 2025-08-03 09:27:13,373: compute_trimmed_offsets() 'Trimmed offsets debug info: w:1920, h:1080, ratio:1.777778, iw:3840, ih:2160, scw:1920, sch:1080, ho:0, vo:0'
INFO: 2025-08-03 09:27:13,373: build_imagemagick_clock_cmd() 'Applying clock filter: -density 100 -font `fc-match -f '%{file[0]}' 'Serif:70'` -pointsize 70 -gravity SouthEast -fill '#00000044' -annotate 0x0+58+108 '09:27' -fill white -annotate 0x0+60+110 '09:27' -font `fc-match -f '%{file[0]}' 'Serif:30'` -pointsize 30 -fill '#00000044' -annotate 0x0+58+58 'Sunday, August 03' -fill white -annotate 0x0+60+60 'Sunday, August 03''
INFO: 2025-08-03 09:27:13,373: build_imagemagick_clock_cmd() 'ImageMagick clock cmd: convert /home/pd0rk1n/.config/variety/wallpaper/wallpaper-auto-rotated-14c33d276aee96ece0fbf6813230ed56.jpg -scale 1920x1080^ -density 100 -font `fc-match -f '%{file[0]}' 'Serif:70'` -pointsize 70 -gravity SouthEast -fill '#00000044' -annotate 0x0+58+108 '09:27' -fill white -annotate 0x0+60+110 '09:27' -font `fc-match -f '%{file[0]}' 'Serif:30'` -pointsize 30 -fill '#00000044' -annotate 0x0+58+58 'Sunday, August 03' -fill white -annotate 0x0+60+60 'Sunday, August 03' /home/pd0rk1n/.config/variety/wallpaper/wallpaper-clock-f88264db94ab22ed0e6f5fb16281fb73.jpg'
INFO: 2025-08-03 09:27:13,736: update_indicator() 'Setting file info to: /home/pd0rk1n/.config/variety/Downloaded/wallhaven_minimal/wallhaven-2y983y.jpg'
INFO: 2025-08-03 09:27:13,738: list_files() 'More than 1 files in the folders, stop listing'
INFO: 2025-08-03 09:27:15,043: trigger_download() 'Triggering download thread to check if download needed and possible'
INFO: 2025-08-03 09:27:15,043: trigger_download() 'Triggering download thread to check if download needed and possible'
INFO: 2025-08-03 09:27:15,044: get_throttling() 'Wallhaven.cc: parsing serverside options'
INFO: 2025-08-03 09:27:15,044: get_throttling() 'Wallhaven.cc serverside options: {'min_fill_queue_interval': 1800, 'min_download_interval': 1800}'
INFO: 2025-08-03 09:27:15,044: get_throttling() 'Wallhaven.cc: parsing serverside options'
INFO: 2025-08-03 09:27:15,044: get_throttling() 'Wallhaven.cc serverside options: {'min_fill_queue_interval': 1800, 'min_download_interval': 1800}'
INFO: 2025-08-03 09:27:15,044: download_one() 'Wallhaven.cc: Downloading an image, config: minimal'
INFO: 2025-08-03 09:27:15,044: download_one() 'Wallhaven.cc: Queue size: 11'
INFO: 2025-08-03 09:27:15,044: download_one() 'Wallhaven.cc: Queue populated with 11 URLs'
INFO: 2025-08-03 09:27:15,044: download_queue_item() 'Wallpaper URL: https://wallhaven.cc/w/rrpdy7'
INFO: 2025-08-03 09:27:15,044: download_queue_item() 'Image src URL: https://w.wallhaven.cc/full/rr/wallhaven-rrpdy7.png'
INFO: 2025-08-03 09:27:15,152: save_locally() 'Origin URL: https://wallhaven.cc/w/rrpdy7'
INFO: 2025-08-03 09:27:15,152: save_locally() 'Image URL: https://w.wallhaven.cc/full/rr/wallhaven-rrpdy7.png'
INFO: 2025-08-03 09:27:15,152: save_locally() 'Local path: /home/pd0rk1n/.config/variety/Downloaded/wallhaven_minimal/wallhaven-rrpdy7.png'
INFO: 2025-08-03 09:27:15,390: save_locally() 'Download complete'
INFO: 2025-08-03 09:27:15,390: update_indicator() 'Setting file info to: /home/pd0rk1n/.config/variety/Downloaded/wallhaven_minimal/wallhaven-qzy38l.png'
INFO: 2025-08-03 09:27:15,392: list_files() 'More than 1 files in the folders, stop listing'
INFO: 2025-08-03 09:27:15,398: purge_downloaded() 'Refreshed download folder size: 882.0475778579712 mb'
INFO: 2025-08-03 09:27:15,398: prepare_thread() 'Prepared buffer contains 94 images'
INFO: 2025-08-03 09:27:16,399: get_throttling() 'Wallhaven.cc: parsing serverside options'
INFO: 2025-08-03 09:27:16,399: get_throttling() 'Wallhaven.cc serverside options: {'min_fill_queue_interval': 1800, 'min_download_interval': 1800}'
INFO: 2025-08-03 09:27:16,399: get_throttling() 'Wallhaven.cc: parsing serverside options'
INFO: 2025-08-03 09:27:16,399: get_throttling() 'Wallhaven.cc serverside options: {'min_fill_queue_interval': 1800, 'min_download_interval': 1800}'
INFO: 2025-08-03 09:27:16,399: download_one() 'Wallhaven.cc: Downloading an image, config: minimal'
INFO: 2025-08-03 09:27:16,399: download_one() 'Wallhaven.cc: Queue size: 10'
INFO: 2025-08-03 09:27:16,399: download_one() 'Wallhaven.cc: Queue populated with 10 URLs'
INFO: 2025-08-03 09:27:16,399: download_queue_item() 'Wallpaper URL: https://wallhaven.cc/w/l8rqjp'
INFO: 2025-08-03 09:27:16,399: download_queue_item() 'Image src URL: https://w.wallhaven.cc/full/l8/wallhaven-l8rqjp.png'
INFO: 2025-08-03 09:27:16,522: save_locally() 'Origin URL: https://wallhaven.cc/w/l8rqjp'
INFO: 2025-08-03 09:27:16,522: save_locally() 'Image URL: https://w.wallhaven.cc/full/l8/wallhaven-l8rqjp.png'
INFO: 2025-08-03 09:27:16,522: save_locally() 'Local path: /home/pd0rk1n/.config/variety/Downloaded/wallhaven_minimal/wallhaven-l8rqjp.png'
INFO: 2025-08-03 09:27:17,399: trigger_download() 'Triggering download thread to check if download needed and possible'
INFO: 2025-08-03 09:27:17,874: save_locally() 'Download complete'
INFO: 2025-08-03 09:27:17,874: update_indicator() 'Setting file info to: /home/pd0rk1n/.config/variety/Downloaded/wallhaven_minimal/wallhaven-2y983y.jpg'
INFO: 2025-08-03 09:27:17,876: list_files() 'More than 1 files in the folders, stop listing'
INFO: 2025-08-03 09:27:17,876: download_one_from() 'Adding downloaded file /home/pd0rk1n/.config/variety/Downloaded/wallhaven_minimal/wallhaven-l8rqjp.png to unseen_downloads'
INFO: 2025-08-03 09:28:00,292: clock_thread_method() 'clock_thread updates wallpaper'
INFO: 2025-08-03 09:28:00,292: do_set_wp() 'Calling do_set_wp with /home/pd0rk1n/.config/variety/Downloaded/wallhaven_minimal/wallhaven-2y983y.jpg, time: 1754227680.2927632'
INFO: 2025-08-03 09:28:00,292: apply_auto_rotate() 'ImageMagick auto-rotate cmd: convert /home/pd0rk1n/.config/variety/Downloaded/wallhaven_minimal/wallhaven-2y983y.jpg -auto-orient /home/pd0rk1n/.config/variety/wallpaper/wallpaper-auto-rotated-c0585ed5fe973f73a3435a41da638548.jpg'
INFO: 2025-08-03 09:28:00,603: compute_trimmed_offsets() 'Trimmed offsets debug info: w:1920, h:1080, ratio:1.777778, iw:3840, ih:2160, scw:1920, sch:1080, ho:0, vo:0'
INFO: 2025-08-03 09:28:00,603: build_imagemagick_clock_cmd() 'Applying clock filter: -density 100 -font `fc-match -f '%{file[0]}' 'Serif:70'` -pointsize 70 -gravity SouthEast -fill '#00000044' -annotate 0x0+58+108 '09:28' -fill white -annotate 0x0+60+110 '09:28' -font `fc-match -f '%{file[0]}' 'Serif:30'` -pointsize 30 -fill '#00000044' -annotate 0x0+58+58 'Sunday, August 03' -fill white -annotate 0x0+60+60 'Sunday, August 03''
INFO: 2025-08-03 09:28:00,603: build_imagemagick_clock_cmd() 'ImageMagick clock cmd: convert /home/pd0rk1n/.config/variety/wallpaper/wallpaper-auto-rotated-c0585ed5fe973f73a3435a41da638548.jpg -scale 1920x1080^ -density 100 -font `fc-match -f '%{file[0]}' 'Serif:70'` -pointsize 70 -gravity SouthEast -fill '#00000044' -annotate 0x0+58+108 '09:28' -fill white -annotate 0x0+60+110 '09:28' -font `fc-match -f '%{file[0]}' 'Serif:30'` -pointsize 30 -fill '#00000044' -annotate 0x0+58+58 'Sunday, August 03' -fill white -annotate 0x0+60+60 'Sunday, August 03' /home/pd0rk1n/.config/variety/wallpaper/wallpaper-clock-b6945e7875bc95ce483391adf1ab6586.jpg'
INFO: 2025-08-03 09:28:00,966: update_indicator() 'Setting file info to: /home/pd0rk1n/.config/variety/Downloaded/wallhaven_minimal/wallhaven-2y983y.jpg'
INFO: 2025-08-03 09:28:00,967: list_files() 'More than 1 files in the folders, stop listing'
INFO: 2025-08-03 09:29:00,298: clock_thread_method() 'clock_thread updates wallpaper'
INFO: 2025-08-03 09:29:00,298: do_set_wp() 'Calling do_set_wp with /home/pd0rk1n/.config/variety/Downloaded/wallhaven_minimal/wallhaven-2y983y.jpg, time: 1754227740.2985363'
INFO: 2025-08-03 09:29:00,298: apply_auto_rotate() 'ImageMagick auto-rotate cmd: convert /home/pd0rk1n/.config/variety/Downloaded/wallhaven_minimal/wallhaven-2y983y.jpg -auto-orient /home/pd0rk1n/.config/variety/wallpaper/wallpaper-auto-rotated-c749be6d895ef906a75ec6bb1640dd06.jpg'
INFO: 2025-08-03 09:29:00,634: compute_trimmed_offsets() 'Trimmed offsets debug info: w:1920, h:1080, ratio:1.777778, iw:3840, ih:2160, scw:1920, sch:1080, ho:0, vo:0'
INFO: 2025-08-03 09:29:00,634: build_imagemagick_clock_cmd() 'Applying clock filter: -density 100 -font `fc-match -f '%{file[0]}' 'Serif:70'` -pointsize 70 -gravity SouthEast -fill '#00000044' -annotate 0x0+58+108 '09:29' -fill white -annotate 0x0+60+110 '09:29' -font `fc-match -f '%{file[0]}' 'Serif:30'` -pointsize 30 -fill '#00000044' -annotate 0x0+58+58 'Sunday, August 03' -fill white -annotate 0x0+60+60 'Sunday, August 03''
INFO: 2025-08-03 09:29:00,634: build_imagemagick_clock_cmd() 'ImageMagick clock cmd: convert /home/pd0rk1n/.config/variety/wallpaper/wallpaper-auto-rotated-c749be6d895ef906a75ec6bb1640dd06.jpg -scale 1920x1080^ -density 100 -font `fc-match -f '%{file[0]}' 'Serif:70'` -pointsize 70 -gravity SouthEast -fill '#00000044' -annotate 0x0+58+108 '09:29' -fill white -annotate 0x0+60+110 '09:29' -font `fc-match -f '%{file[0]}' 'Serif:30'` -pointsize 30 -fill '#00000044' -annotate 0x0+58+58 'Sunday, August 03' -fill white -annotate 0x0+60+60 'Sunday, August 03' /home/pd0rk1n/.config/variety/wallpaper/wallpaper-clock-7e2711e6132d57a3a562d8369fdaa4bb.jpg'
INFO: 2025-08-03 09:29:01,022: update_indicator() 'Setting file info to: /home/pd0rk1n/.config/variety/Downloaded/wallhaven_minimal/wallhaven-2y983y.jpg'
INFO: 2025-08-03 09:29:01,023: list_files() 'More than 1 files in the folders, stop listing'
INFO: 2025-08-03 09:30:00,304: clock_thread_method() 'clock_thread updates wallpaper'
INFO: 2025-08-03 09:30:00,304: do_set_wp() 'Calling do_set_wp with /home/pd0rk1n/.config/variety/Downloaded/wallhaven_minimal/wallhaven-2y983y.jpg, time: 1754227800.3043342'
INFO: 2025-08-03 09:30:00,304: apply_auto_rotate() 'ImageMagick auto-rotate cmd: convert /home/pd0rk1n/.config/variety/Downloaded/wallhaven_minimal/wallhaven-2y983y.jpg -auto-orient /home/pd0rk1n/.config/variety/wallpaper/wallpaper-auto-rotated-4995035ad54a9a4cfd2412d6b0cd5b0d.jpg'
INFO: 2025-08-03 09:30:00,629: compute_trimmed_offsets() 'Trimmed offsets debug info: w:1920, h:1080, ratio:1.777778, iw:3840, ih:2160, scw:1920, sch:1080, ho:0, vo:0'
INFO: 2025-08-03 09:30:00,630: build_imagemagick_clock_cmd() 'Applying clock filter: -density 100 -font `fc-match -f '%{file[0]}' 'Serif:70'` -pointsize 70 -gravity SouthEast -fill '#00000044' -annotate 0x0+58+108 '09:30' -fill white -annotate 0x0+60+110 '09:30' -font `fc-match -f '%{file[0]}' 'Serif:30'` -pointsize 30 -fill '#00000044' -annotate 0x0+58+58 'Sunday, August 03' -fill white -annotate 0x0+60+60 'Sunday, August 03''
INFO: 2025-08-03 09:30:00,630: build_imagemagick_clock_cmd() 'ImageMagick clock cmd: convert /home/pd0rk1n/.config/variety/wallpaper/wallpaper-auto-rotated-4995035ad54a9a4cfd2412d6b0cd5b0d.jpg -scale 1920x1080^ -density 100 -font `fc-match -f '%{file[0]}' 'Serif:70'` -pointsize 70 -gravity SouthEast -fill '#00000044' -annotate 0x0+58+108 '09:30' -fill white -annotate 0x0+60+110 '09:30' -font `fc-match -f '%{file[0]}' 'Serif:30'` -pointsize 30 -fill '#00000044' -annotate 0x0+58+58 'Sunday, August 03' -fill white -annotate 0x0+60+60 'Sunday, August 03' /home/pd0rk1n/.config/variety/wallpaper/wallpaper-clock-ce7c1b8a1f7e7d20c9dbfb4222e10ba1.jpg'
INFO: 2025-08-03 09:30:01,009: update_indicator() 'Setting file info to: /home/pd0rk1n/.config/variety/Downloaded/wallhaven_minimal/wallhaven-2y983y.jpg'
INFO: 2025-08-03 09:30:01,011: list_files() 'More than 1 files in the folders, stop listing'
INFO: 2025-08-03 09:31:00,310: clock_thread_method() 'clock_thread updates wallpaper'
INFO: 2025-08-03 09:31:00,310: do_set_wp() 'Calling do_set_wp with /home/pd0rk1n/.config/variety/Downloaded/wallhaven_minimal/wallhaven-2y983y.jpg, time: 1754227860.3106475'
INFO: 2025-08-03 09:31:00,310: apply_auto_rotate() 'ImageMagick auto-rotate cmd: convert /home/pd0rk1n/.config/variety/Downloaded/wallhaven_minimal/wallhaven-2y983y.jpg -auto-orient /home/pd0rk1n/.config/variety/wallpaper/wallpaper-auto-rotated-10bb19578f5e9a7a50808255c6ad699c.jpg'
INFO: 2025-08-03 09:31:00,644: compute_trimmed_offsets() 'Trimmed offsets debug info: w:1920, h:1080, ratio:1.777778, iw:3840, ih:2160, scw:1920, sch:1080, ho:0, vo:0'
INFO: 2025-08-03 09:31:00,645: build_imagemagick_clock_cmd() 'Applying clock filter: -density 100 -font `fc-match -f '%{file[0]}' 'Serif:70'` -pointsize 70 -gravity SouthEast -fill '#00000044' -annotate 0x0+58+108 '09:31' -fill white -annotate 0x0+60+110 '09:31' -font `fc-match -f '%{file[0]}' 'Serif:30'` -pointsize 30 -fill '#00000044' -annotate 0x0+58+58 'Sunday, August 03' -fill white -annotate 0x0+60+60 'Sunday, August 03''
INFO: 2025-08-03 09:31:00,645: build_imagemagick_clock_cmd() 'ImageMagick clock cmd: convert /home/pd0rk1n/.config/variety/wallpaper/wallpaper-auto-rotated-10bb19578f5e9a7a50808255c6ad699c.jpg -scale 1920x1080^ -density 100 -font `fc-match -f '%{file[0]}' 'Serif:70'` -pointsize 70 -gravity SouthEast -fill '#00000044' -annotate 0x0+58+108 '09:31' -fill white -annotate 0x0+60+110 '09:31' -font `fc-match -f '%{file[0]}' 'Serif:30'` -pointsize 30 -fill '#00000044' -annotate 0x0+58+58 'Sunday, August 03' -fill white -annotate 0x0+60+60 'Sunday, August 03' /home/pd0rk1n/.config/variety/wallpaper/wallpaper-clock-bdd8c9daff8578526b946b15a4b826de.jpg'
INFO: 2025-08-03 09:31:01,008: update_indicator() 'Setting file info to: /home/pd0rk1n/.config/variety/Downloaded/wallhaven_minimal/wallhaven-2y983y.jpg'
INFO: 2025-08-03 09:31:01,009: list_files() 'More than 1 files in the folders, stop listing'
INFO: 2025-08-03 09:32:00,317: clock_thread_method() 'clock_thread updates wallpaper'
INFO: 2025-08-03 09:32:00,317: do_set_wp() 'Calling do_set_wp with /home/pd0rk1n/.config/variety/Downloaded/wallhaven_minimal/wallhaven-2y983y.jpg, time: 1754227920.3178008'
INFO: 2025-08-03 09:32:00,318: apply_auto_rotate() 'ImageMagick auto-rotate cmd: convert /home/pd0rk1n/.config/variety/Downloaded/wallhaven_minimal/wallhaven-2y983y.jpg -auto-orient /home/pd0rk1n/.config/variety/wallpaper/wallpaper-auto-rotated-d7072ea7b9774b6e821c110547415cc9.jpg'
INFO: 2025-08-03 09:32:00,627: compute_trimmed_offsets() 'Trimmed offsets debug info: w:1920, h:1080, ratio:1.777778, iw:3840, ih:2160, scw:1920, sch:1080, ho:0, vo:0'
INFO: 2025-08-03 09:32:00,627: build_imagemagick_clock_cmd() 'Applying clock filter: -density 100 -font `fc-match -f '%{file[0]}' 'Serif:70'` -pointsize 70 -gravity SouthEast -fill '#00000044' -annotate 0x0+58+108 '09:32' -fill white -annotate 0x0+60+110 '09:32' -font `fc-match -f '%{file[0]}' 'Serif:30'` -pointsize 30 -fill '#00000044' -annotate 0x0+58+58 'Sunday, August 03' -fill white -annotate 0x0+60+60 'Sunday, August 03''
INFO: 2025-08-03 09:32:00,627: build_imagemagick_clock_cmd() 'ImageMagick clock cmd: convert /home/pd0rk1n/.config/variety/wallpaper/wallpaper-auto-rotated-d7072ea7b9774b6e821c110547415cc9.jpg -scale 1920x1080^ -density 100 -font `fc-match -f '%{file[0]}' 'Serif:70'` -pointsize 70 -gravity SouthEast -fill '#00000044' -annotate 0x0+58+108 '09:32' -fill white -annotate 0x0+60+110 '09:32' -font `fc-match -f '%{file[0]}' 'Serif:30'` -pointsize 30 -fill '#00000044' -annotate 0x0+58+58 'Sunday, August 03' -fill white -annotate 0x0+60+60 'Sunday, August 03' /home/pd0rk1n/.config/variety/wallpaper/wallpaper-clock-bef4a38a28d757fc8e24ad1936a5f670.jpg'
INFO: 2025-08-03 09:32:00,991: update_indicator() 'Setting file info to: /home/pd0rk1n/.config/variety/Downloaded/wallhaven_minimal/wallhaven-2y983y.jpg'
INFO: 2025-08-03 09:32:00,992: list_files() 'More than 1 files in the folders, stop listing'
INFO: 2025-08-03 09:33:00,324: clock_thread_method() 'clock_thread updates wallpaper'
INFO: 2025-08-03 09:33:00,325: do_set_wp() 'Calling do_set_wp with /home/pd0rk1n/.config/variety/Downloaded/wallhaven_minimal/wallhaven-2y983y.jpg, time: 1754227980.3250613'
INFO: 2025-08-03 09:33:00,325: apply_auto_rotate() 'ImageMagick auto-rotate cmd: convert /home/pd0rk1n/.config/variety/Downloaded/wallhaven_minimal/wallhaven-2y983y.jpg -auto-orient /home/pd0rk1n/.config/variety/wallpaper/wallpaper-auto-rotated-87ba2c614991383100badef8495c5751.jpg'
INFO: 2025-08-03 09:33:00,635: compute_trimmed_offsets() 'Trimmed offsets debug info: w:1920, h:1080, ratio:1.777778, iw:3840, ih:2160, scw:1920, sch:1080, ho:0, vo:0'
INFO: 2025-08-03 09:33:00,635: build_imagemagick_clock_cmd() 'Applying clock filter: -density 100 -font `fc-match -f '%{file[0]}' 'Serif:70'` -pointsize 70 -gravity SouthEast -fill '#00000044' -annotate 0x0+58+108 '09:33' -fill white -annotate 0x0+60+110 '09:33' -font `fc-match -f '%{file[0]}' 'Serif:30'` -pointsize 30 -fill '#00000044' -annotate 0x0+58+58 'Sunday, August 03' -fill white -annotate 0x0+60+60 'Sunday, August 03''
INFO: 2025-08-03 09:33:00,635: build_imagemagick_clock_cmd() 'ImageMagick clock cmd: convert /home/pd0rk1n/.config/variety/wallpaper/wallpaper-auto-rotated-87ba2c614991383100badef8495c5751.jpg -scale 1920x1080^ -density 100 -font `fc-match -f '%{file[0]}' 'Serif:70'` -pointsize 70 -gravity SouthEast -fill '#00000044' -annotate 0x0+58+108 '09:33' -fill white -annotate 0x0+60+110 '09:33' -font `fc-match -f '%{file[0]}' 'Serif:30'` -pointsize 30 -fill '#00000044' -annotate 0x0+58+58 'Sunday, August 03' -fill white -annotate 0x0+60+60 'Sunday, August 03' /home/pd0rk1n/.config/variety/wallpaper/wallpaper-clock-a3d44048c77f2bba760e8e6e3668457a.jpg'
INFO: 2025-08-03 09:33:00,999: update_indicator() 'Setting file info to: /home/pd0rk1n/.config/variety/Downloaded/wallhaven_minimal/wallhaven-2y983y.jpg'
INFO: 2025-08-03 09:33:01,000: list_files() 'More than 1 files in the folders, stop listing'
INFO: 2025-08-03 09:34:00,331: clock_thread_method() 'clock_thread updates wallpaper'
INFO: 2025-08-03 09:34:00,332: do_set_wp() 'Calling do_set_wp with /home/pd0rk1n/.config/variety/Downloaded/wallhaven_minimal/wallhaven-2y983y.jpg, time: 1754228040.332076'
INFO: 2025-08-03 09:34:00,332: apply_auto_rotate() 'ImageMagick auto-rotate cmd: convert /home/pd0rk1n/.config/variety/Downloaded/wallhaven_minimal/wallhaven-2y983y.jpg -auto-orient /home/pd0rk1n/.config/variety/wallpaper/wallpaper-auto-rotated-e5a7201064135873470179c95ad9be8e.jpg'
INFO: 2025-08-03 09:34:00,642: compute_trimmed_offsets() 'Trimmed offsets debug info: w:1920, h:1080, ratio:1.777778, iw:3840, ih:2160, scw:1920, sch:1080, ho:0, vo:0'
INFO: 2025-08-03 09:34:00,642: build_imagemagick_clock_cmd() 'Applying clock filter: -density 100 -font `fc-match -f '%{file[0]}' 'Serif:70'` -pointsize 70 -gravity SouthEast -fill '#00000044' -annotate 0x0+58+108 '09:34' -fill white -annotate 0x0+60+110 '09:34' -font `fc-match -f '%{file[0]}' 'Serif:30'` -pointsize 30 -fill '#00000044' -annotate 0x0+58+58 'Sunday, August 03' -fill white -annotate 0x0+60+60 'Sunday, August 03''
INFO: 2025-08-03 09:34:00,642: build_imagemagick_clock_cmd() 'ImageMagick clock cmd: convert /home/pd0rk1n/.config/variety/wallpaper/wallpaper-auto-rotated-e5a7201064135873470179c95ad9be8e.jpg -scale 1920x1080^ -density 100 -font `fc-match -f '%{file[0]}' 'Serif:70'` -pointsize 70 -gravity SouthEast -fill '#00000044' -annotate 0x0+58+108 '09:34' -fill white -annotate 0x0+60+110 '09:34' -font `fc-match -f '%{file[0]}' 'Serif:30'` -pointsize 30 -fill '#00000044' -annotate 0x0+58+58 'Sunday, August 03' -fill white -annotate 0x0+60+60 'Sunday, August 03' /home/pd0rk1n/.config/variety/wallpaper/wallpaper-clock-335fa934848dbc136585634ccf23e5d5.jpg'
INFO: 2025-08-03 09:34:01,015: update_indicator() 'Setting file info to: /home/pd0rk1n/.config/variety/Downloaded/wallhaven_minimal/wallhaven-2y983y.jpg'
INFO: 2025-08-03 09:34:01,016: list_files() 'More than 1 files in the folders, stop listing'
INFO: 2025-08-03 09:35:00,339: clock_thread_method() 'clock_thread updates wallpaper'
INFO: 2025-08-03 09:35:00,339: do_set_wp() 'Calling do_set_wp with /home/pd0rk1n/.config/variety/Downloaded/wallhaven_minimal/wallhaven-2y983y.jpg, time: 1754228100.3395135'
INFO: 2025-08-03 09:35:00,339: apply_auto_rotate() 'ImageMagick auto-rotate cmd: convert /home/pd0rk1n/.config/variety/Downloaded/wallhaven_minimal/wallhaven-2y983y.jpg -auto-orient /home/pd0rk1n/.config/variety/wallpaper/wallpaper-auto-rotated-f01fde5b2329e2169602046e0e22d576.jpg'
INFO: 2025-08-03 09:35:00,656: compute_trimmed_offsets() 'Trimmed offsets debug info: w:1920, h:1080, ratio:1.777778, iw:3840, ih:2160, scw:1920, sch:1080, ho:0, vo:0'
INFO: 2025-08-03 09:35:00,656: build_imagemagick_clock_cmd() 'Applying clock filter: -density 100 -font `fc-match -f '%{file[0]}' 'Serif:70'` -pointsize 70 -gravity SouthEast -fill '#00000044' -annotate 0x0+58+108 '09:35' -fill white -annotate 0x0+60+110 '09:35' -font `fc-match -f '%{file[0]}' 'Serif:30'` -pointsize 30 -fill '#00000044' -annotate 0x0+58+58 'Sunday, August 03' -fill white -annotate 0x0+60+60 'Sunday, August 03''
INFO: 2025-08-03 09:35:00,656: build_imagemagick_clock_cmd() 'ImageMagick clock cmd: convert /home/pd0rk1n/.config/variety/wallpaper/wallpaper-auto-rotated-f01fde5b2329e2169602046e0e22d576.jpg -scale 1920x1080^ -density 100 -font `fc-match -f '%{file[0]}' 'Serif:70'` -pointsize 70 -gravity SouthEast -fill '#00000044' -annotate 0x0+58+108 '09:35' -fill white -annotate 0x0+60+110 '09:35' -font `fc-match -f '%{file[0]}' 'Serif:30'` -pointsize 30 -fill '#00000044' -annotate 0x0+58+58 'Sunday, August 03' -fill white -annotate 0x0+60+60 'Sunday, August 03' /home/pd0rk1n/.config/variety/wallpaper/wallpaper-clock-60e48ef827c2d08fd549251fb9407681.jpg'
INFO: 2025-08-03 09:35:01,022: update_indicator() 'Setting file info to: /home/pd0rk1n/.config/variety/Downloaded/wallhaven_minimal/wallhaven-2y983y.jpg'
INFO: 2025-08-03 09:35:01,023: list_files() 'More than 1 files in the folders, stop listing'
INFO: 2025-08-03 09:36:00,345: clock_thread_method() 'clock_thread updates wallpaper'
INFO: 2025-08-03 09:36:00,345: do_set_wp() 'Calling do_set_wp with /home/pd0rk1n/.config/variety/Downloaded/wallhaven_minimal/wallhaven-2y983y.jpg, time: 1754228160.3454723'
INFO: 2025-08-03 09:36:00,345: apply_auto_rotate() 'ImageMagick auto-rotate cmd: convert /home/pd0rk1n/.config/variety/Downloaded/wallhaven_minimal/wallhaven-2y983y.jpg -auto-orient /home/pd0rk1n/.config/variety/wallpaper/wallpaper-auto-rotated-212d2fbaaf43d2a9cac45cdc88ddfdce.jpg'
INFO: 2025-08-03 09:36:00,683: compute_trimmed_offsets() 'Trimmed offsets debug info: w:1920, h:1080, ratio:1.777778, iw:3840, ih:2160, scw:1920, sch:1080, ho:0, vo:0'
INFO: 2025-08-03 09:36:00,683: build_imagemagick_clock_cmd() 'Applying clock filter: -density 100 -font `fc-match -f '%{file[0]}' 'Serif:70'` -pointsize 70 -gravity SouthEast -fill '#00000044' -annotate 0x0+58+108 '09:36' -fill white -annotate 0x0+60+110 '09:36' -font `fc-match -f '%{file[0]}' 'Serif:30'` -pointsize 30 -fill '#00000044' -annotate 0x0+58+58 'Sunday, August 03' -fill white -annotate 0x0+60+60 'Sunday, August 03''
INFO: 2025-08-03 09:36:00,683: build_imagemagick_clock_cmd() 'ImageMagick clock cmd: convert /home/pd0rk1n/.config/variety/wallpaper/wallpaper-auto-rotated-212d2fbaaf43d2a9cac45cdc88ddfdce.jpg -scale 1920x1080^ -density 100 -font `fc-match -f '%{file[0]}' 'Serif:70'` -pointsize 70 -gravity SouthEast -fill '#00000044' -annotate 0x0+58+108 '09:36' -fill white -annotate 0x0+60+110 '09:36' -font `fc-match -f '%{file[0]}' 'Serif:30'` -pointsize 30 -fill '#00000044' -annotate 0x0+58+58 'Sunday, August 03' -fill white -annotate 0x0+60+60 'Sunday, August 03' /home/pd0rk1n/.config/variety/wallpaper/wallpaper-clock-fb2f45e7960276cb832943ba323ea684.jpg'
INFO: 2025-08-03 09:36:01,072: update_indicator() 'Setting file info to: /home/pd0rk1n/.config/variety/Downloaded/wallhaven_minimal/wallhaven-2y983y.jpg'
INFO: 2025-08-03 09:36:01,073: list_files() 'More than 1 files in the folders, stop listing'
INFO: 2025-08-03 09:37:00,352: clock_thread_method() 'clock_thread updates wallpaper'
INFO: 2025-08-03 09:37:00,352: do_set_wp() 'Calling do_set_wp with /home/pd0rk1n/.config/variety/Downloaded/wallhaven_minimal/wallhaven-2y983y.jpg, time: 1754228220.3528724'
INFO: 2025-08-03 09:37:00,353: apply_auto_rotate() 'ImageMagick auto-rotate cmd: convert /home/pd0rk1n/.config/variety/Downloaded/wallhaven_minimal/wallhaven-2y983y.jpg -auto-orient /home/pd0rk1n/.config/variety/wallpaper/wallpaper-auto-rotated-387e3b16d68ccea8bc7b5ab036e0192e.jpg'
INFO: 2025-08-03 09:37:00,663: compute_trimmed_offsets() 'Trimmed offsets debug info: w:1920, h:1080, ratio:1.777778, iw:3840, ih:2160, scw:1920, sch:1080, ho:0, vo:0'
INFO: 2025-08-03 09:37:00,663: build_imagemagick_clock_cmd() 'Applying clock filter: -density 100 -font `fc-match -f '%{file[0]}' 'Serif:70'` -pointsize 70 -gravity SouthEast -fill '#00000044' -annotate 0x0+58+108 '09:37' -fill white -annotate 0x0+60+110 '09:37' -font `fc-match -f '%{file[0]}' 'Serif:30'` -pointsize 30 -fill '#00000044' -annotate 0x0+58+58 'Sunday, August 03' -fill white -annotate 0x0+60+60 'Sunday, August 03''
INFO: 2025-08-03 09:37:00,663: build_imagemagick_clock_cmd() 'ImageMagick clock cmd: convert /home/pd0rk1n/.config/variety/wallpaper/wallpaper-auto-rotated-387e3b16d68ccea8bc7b5ab036e0192e.jpg -scale 1920x1080^ -density 100 -font `fc-match -f '%{file[0]}' 'Serif:70'` -pointsize 70 -gravity SouthEast -fill '#00000044' -annotate 0x0+58+108 '09:37' -fill white -annotate 0x0+60+110 '09:37' -font `fc-match -f '%{file[0]}' 'Serif:30'` -pointsize 30 -fill '#00000044' -annotate 0x0+58+58 'Sunday, August 03' -fill white -annotate 0x0+60+60 'Sunday, August 03' /home/pd0rk1n/.config/variety/wallpaper/wallpaper-clock-a07c4435a8d8873146b1e36cb58b118d.jpg'
INFO: 2025-08-03 09:37:01,025: update_indicator() 'Setting file info to: /home/pd0rk1n/.config/variety/Downloaded/wallhaven_minimal/wallhaven-2y983y.jpg'
INFO: 2025-08-03 09:37:01,026: list_files() 'More than 1 files in the folders, stop listing'
INFO: 2025-08-03 09:37:16,956: regular_change_thread() 'regular_change changes wallpaper'
INFO: 2025-08-03 09:37:16,956: set_wallpaper() 'Calling set_wallpaper with /home/pd0rk1n/.config/variety/Downloaded/wallhaven_space/wallhaven-vm7ve3.jpg'
INFO: 2025-08-03 09:37:16,956: prepare_thread() 'Prepared buffer contains 93 images'
INFO: 2025-08-03 09:37:16,957: do_set_wp() 'Calling do_set_wp with /home/pd0rk1n/.config/variety/Downloaded/wallhaven_space/wallhaven-vm7ve3.jpg, time: 1754228236.9577084'
INFO: 2025-08-03 09:37:16,957: apply_auto_rotate() 'ImageMagick auto-rotate cmd: convert /home/pd0rk1n/.config/variety/Downloaded/wallhaven_space/wallhaven-vm7ve3.jpg -auto-orient /home/pd0rk1n/.config/variety/wallpaper/wallpaper-auto-rotated-8d5a6ea338a5ea94308550d7b2a80822.jpg'
INFO: 2025-08-03 09:37:17,600: compute_trimmed_offsets() 'Trimmed offsets debug info: w:1920, h:1080, ratio:1.777778, iw:3840, ih:2160, scw:1920, sch:1080, ho:0, vo:0'
INFO: 2025-08-03 09:37:17,600: build_imagemagick_clock_cmd() 'Applying clock filter: -density 100 -font `fc-match -f '%{file[0]}' 'Serif:70'` -pointsize 70 -gravity SouthEast -fill '#00000044' -annotate 0x0+58+108 '09:37' -fill white -annotate 0x0+60+110 '09:37' -font `fc-match -f '%{file[0]}' 'Serif:30'` -pointsize 30 -fill '#00000044' -annotate 0x0+58+58 'Sunday, August 03' -fill white -annotate 0x0+60+60 'Sunday, August 03''
INFO: 2025-08-03 09:37:17,600: build_imagemagick_clock_cmd() 'ImageMagick clock cmd: convert /home/pd0rk1n/.config/variety/wallpaper/wallpaper-auto-rotated-8d5a6ea338a5ea94308550d7b2a80822.jpg -scale 1920x1080^ -density 100 -font `fc-match -f '%{file[0]}' 'Serif:70'` -pointsize 70 -gravity SouthEast -fill '#00000044' -annotate 0x0+58+108 '09:37' -fill white -annotate 0x0+60+110 '09:37' -font `fc-match -f '%{file[0]}' 'Serif:30'` -pointsize 30 -fill '#00000044' -annotate 0x0+58+58 'Sunday, August 03' -fill white -annotate 0x0+60+60 'Sunday, August 03' /home/pd0rk1n/.config/variety/wallpaper/wallpaper-clock-c8f305b0f386209d936a6a8632462792.jpg'
INFO: 2025-08-03 09:37:18,149: update_indicator() 'Setting file info to: /home/pd0rk1n/.config/variety/Downloaded/wallhaven_space/wallhaven-vm7ve3.jpg'
INFO: 2025-08-03 09:37:18,150: list_files() 'More than 1 files in the folders, stop listing'
INFO: 2025-08-03 09:37:18,957: trigger_download() 'Triggering download thread to check if download needed and possible'
INFO: 2025-08-03 09:37:18,957: trigger_download() 'Triggering download thread to check if download needed and possible'
INFO: 2025-08-03 09:37:18,957: get_throttling() 'Wallhaven.cc: parsing serverside options'
INFO: 2025-08-03 09:37:18,958: get_throttling() 'Wallhaven.cc serverside options: {'min_fill_queue_interval': 1800, 'min_download_interval': 1800}'
INFO: 2025-08-03 09:37:18,958: get_throttling() 'Wallhaven.cc: parsing serverside options'
INFO: 2025-08-03 09:37:18,958: get_throttling() 'Wallhaven.cc serverside options: {'min_fill_queue_interval': 1800, 'min_download_interval': 1800}'
INFO: 2025-08-03 09:37:18,958: download_one() 'Wallhaven.cc: Downloading an image, config: space'
INFO: 2025-08-03 09:37:18,958: download_one() 'Wallhaven.cc: Queue size: 0'
INFO: 2025-08-03 09:37:18,958: get_throttling() 'Wallhaven.cc: parsing serverside options'
INFO: 2025-08-03 09:37:18,958: get_throttling() 'Wallhaven.cc serverside options: {'min_fill_queue_interval': 1800, 'min_download_interval': 1800}'
INFO: 2025-08-03 09:37:18,958: download_one() 'Wallhaven.cc: Filling queue'
INFO: 2025-08-03 09:37:18,958: search() 'Performing wallhaven search: url=https://wallhaven.cc/api/v1/search?q=space&categories=111&purity=100&sorting=favorites&order=desc'
INFO: 2025-08-03 09:37:19,415: fill_queue() '13339 wallpapers in result, using page 5'
INFO: 2025-08-03 09:37:19,416: search() 'Performing wallhaven search: url=https://wallhaven.cc/api/v1/search?q=space&categories=111&purity=100&sorting=favorites&order=desc&page=5'
INFO: 2025-08-03 09:37:19,679: download_one() 'Wallhaven.cc: Queue populated with 12 URLs'
INFO: 2025-08-03 09:37:19,679: download_queue_item() 'Wallpaper URL: https://wallhaven.cc/w/dpdrmj'
INFO: 2025-08-03 09:37:19,679: download_queue_item() 'Image src URL: https://w.wallhaven.cc/full/dp/wallhaven-dpdrmj.jpg'
INFO: 2025-08-03 09:37:19,813: save_locally() 'Origin URL: https://wallhaven.cc/w/dpdrmj'
INFO: 2025-08-03 09:37:19,813: save_locally() 'Image URL: https://w.wallhaven.cc/full/dp/wallhaven-dpdrmj.jpg'
INFO: 2025-08-03 09:37:19,813: save_locally() 'Local path: /home/pd0rk1n/.config/variety/Downloaded/wallhaven_space/wallhaven-dpdrmj.jpg'
INFO: 2025-08-03 09:37:20,049: save_locally() 'Download complete'
INFO: 2025-08-03 09:37:20,049: update_indicator() 'Setting file info to: /home/pd0rk1n/.config/variety/Downloaded/wallhaven_minimal/wallhaven-2y983y.jpg'
INFO: 2025-08-03 09:37:20,050: list_files() 'More than 1 files in the folders, stop listing'
INFO: 2025-08-03 09:37:20,050: download_one_from() 'Adding downloaded file /home/pd0rk1n/.config/variety/Downloaded/wallhaven_space/wallhaven-dpdrmj.jpg to unseen_downloads'
INFO: 2025-08-03 09:38:00,360: clock_thread_method() 'clock_thread updates wallpaper'
INFO: 2025-08-03 09:38:00,360: do_set_wp() 'Calling do_set_wp with /home/pd0rk1n/.config/variety/Downloaded/wallhaven_space/wallhaven-vm7ve3.jpg, time: 1754228280.3605232'
INFO: 2025-08-03 09:38:00,360: apply_auto_rotate() 'ImageMagick auto-rotate cmd: convert /home/pd0rk1n/.config/variety/Downloaded/wallhaven_space/wallhaven-vm7ve3.jpg -auto-orient /home/pd0rk1n/.config/variety/wallpaper/wallpaper-auto-rotated-02e8045f44cb66ed88f5144018557cc2.jpg'
INFO: 2025-08-03 09:38:01,036: compute_trimmed_offsets() 'Trimmed offsets debug info: w:1920, h:1080, ratio:1.777778, iw:3840, ih:2160, scw:1920, sch:1080, ho:0, vo:0'
INFO: 2025-08-03 09:38:01,036: build_imagemagick_clock_cmd() 'Applying clock filter: -density 100 -font `fc-match -f '%{file[0]}' 'Serif:70'` -pointsize 70 -gravity SouthEast -fill '#00000044' -annotate 0x0+58+108 '09:38' -fill white -annotate 0x0+60+110 '09:38' -font `fc-match -f '%{file[0]}' 'Serif:30'` -pointsize 30 -fill '#00000044' -annotate 0x0+58+58 'Sunday, August 03' -fill white -annotate 0x0+60+60 'Sunday, August 03''
INFO: 2025-08-03 09:38:01,036: build_imagemagick_clock_cmd() 'ImageMagick clock cmd: convert /home/pd0rk1n/.config/variety/wallpaper/wallpaper-auto-rotated-02e8045f44cb66ed88f5144018557cc2.jpg -scale 1920x1080^ -density 100 -font `fc-match -f '%{file[0]}' 'Serif:70'` -pointsize 70 -gravity SouthEast -fill '#00000044' -annotate 0x0+58+108 '09:38' -fill white -annotate 0x0+60+110 '09:38' -font `fc-match -f '%{file[0]}' 'Serif:30'` -pointsize 30 -fill '#00000044' -annotate 0x0+58+58 'Sunday, August 03' -fill white -annotate 0x0+60+60 'Sunday, August 03' /home/pd0rk1n/.config/variety/wallpaper/wallpaper-clock-ea608ce6c3c83550373246afc1757f77.jpg'
INFO: 2025-08-03 09:38:01,583: update_indicator() 'Setting file info to: /home/pd0rk1n/.config/variety/Downloaded/wallhaven_space/wallhaven-vm7ve3.jpg'
INFO: 2025-08-03 09:38:01,584: list_files() 'More than 1 files in the folders, stop listing'
INFO: 2025-08-03 09:39:00,366: clock_thread_method() 'clock_thread updates wallpaper'
INFO: 2025-08-03 09:39:00,366: do_set_wp() 'Calling do_set_wp with /home/pd0rk1n/.config/variety/Downloaded/wallhaven_space/wallhaven-vm7ve3.jpg, time: 1754228340.3667026'
INFO: 2025-08-03 09:39:00,366: apply_auto_rotate() 'ImageMagick auto-rotate cmd: convert /home/pd0rk1n/.config/variety/Downloaded/wallhaven_space/wallhaven-vm7ve3.jpg -auto-orient /home/pd0rk1n/.config/variety/wallpaper/wallpaper-auto-rotated-fb109813a1636f208feff558d50fe034.jpg'
INFO: 2025-08-03 09:39:01,009: compute_trimmed_offsets() 'Trimmed offsets debug info: w:1920, h:1080, ratio:1.777778, iw:3840, ih:2160, scw:1920, sch:1080, ho:0, vo:0'
INFO: 2025-08-03 09:39:01,010: build_imagemagick_clock_cmd() 'Applying clock filter: -density 100 -font `fc-match -f '%{file[0]}' 'Serif:70'` -pointsize 70 -gravity SouthEast -fill '#00000044' -annotate 0x0+58+108 '09:39' -fill white -annotate 0x0+60+110 '09:39' -font `fc-match -f '%{file[0]}' 'Serif:30'` -pointsize 30 -fill '#00000044' -annotate 0x0+58+58 'Sunday, August 03' -fill white -annotate 0x0+60+60 'Sunday, August 03''
INFO: 2025-08-03 09:39:01,010: build_imagemagick_clock_cmd() 'ImageMagick clock cmd: convert /home/pd0rk1n/.config/variety/wallpaper/wallpaper-auto-rotated-fb109813a1636f208feff558d50fe034.jpg -scale 1920x1080^ -density 100 -font `fc-match -f '%{file[0]}' 'Serif:70'` -pointsize 70 -gravity SouthEast -fill '#00000044' -annotate 0x0+58+108 '09:39' -fill white -annotate 0x0+60+110 '09:39' -font `fc-match -f '%{file[0]}' 'Serif:30'` -pointsize 30 -fill '#00000044' -annotate 0x0+58+58 'Sunday, August 03' -fill white -annotate 0x0+60+60 'Sunday, August 03' /home/pd0rk1n/.config/variety/wallpaper/wallpaper-clock-3a255760e1508287e9fecac8884b87d8.jpg'
INFO: 2025-08-03 09:39:01,566: update_indicator() 'Setting file info to: /home/pd0rk1n/.config/variety/Downloaded/wallhaven_space/wallhaven-vm7ve3.jpg'
INFO: 2025-08-03 09:39:01,567: list_files() 'More than 1 files in the folders, stop listing'
INFO: 2025-08-03 09:40:00,373: clock_thread_method() 'clock_thread updates wallpaper'
INFO: 2025-08-03 09:40:00,373: do_set_wp() 'Calling do_set_wp with /home/pd0rk1n/.config/variety/Downloaded/wallhaven_space/wallhaven-vm7ve3.jpg, time: 1754228400.3732884'
INFO: 2025-08-03 09:40:00,373: apply_auto_rotate() 'ImageMagick auto-rotate cmd: convert /home/pd0rk1n/.config/variety/Downloaded/wallhaven_space/wallhaven-vm7ve3.jpg -auto-orient /home/pd0rk1n/.config/variety/wallpaper/wallpaper-auto-rotated-0a79d421949751c3a20dd9ac0c4b1fe2.jpg'
INFO: 2025-08-03 09:40:01,011: compute_trimmed_offsets() 'Trimmed offsets debug info: w:1920, h:1080, ratio:1.777778, iw:3840, ih:2160, scw:1920, sch:1080, ho:0, vo:0'
INFO: 2025-08-03 09:40:01,011: build_imagemagick_clock_cmd() 'Applying clock filter: -density 100 -font `fc-match -f '%{file[0]}' 'Serif:70'` -pointsize 70 -gravity SouthEast -fill '#00000044' -annotate 0x0+58+108 '09:40' -fill white -annotate 0x0+60+110 '09:40' -font `fc-match -f '%{file[0]}' 'Serif:30'` -pointsize 30 -fill '#00000044' -annotate 0x0+58+58 'Sunday, August 03' -fill white -annotate 0x0+60+60 'Sunday, August 03''
INFO: 2025-08-03 09:40:01,011: build_imagemagick_clock_cmd() 'ImageMagick clock cmd: convert /home/pd0rk1n/.config/variety/wallpaper/wallpaper-auto-rotated-0a79d421949751c3a20dd9ac0c4b1fe2.jpg -scale 1920x1080^ -density 100 -font `fc-match -f '%{file[0]}' 'Serif:70'` -pointsize 70 -gravity SouthEast -fill '#00000044' -annotate 0x0+58+108 '09:40' -fill white -annotate 0x0+60+110 '09:40' -font `fc-match -f '%{file[0]}' 'Serif:30'` -pointsize 30 -fill '#00000044' -annotate 0x0+58+58 'Sunday, August 03' -fill white -annotate 0x0+60+60 'Sunday, August 03' /home/pd0rk1n/.config/variety/wallpaper/wallpaper-clock-25ab63d662225ee36ee57ebfa8bec00a.jpg'
INFO: 2025-08-03 09:40:01,563: update_indicator() 'Setting file info to: /home/pd0rk1n/.config/variety/Downloaded/wallhaven_space/wallhaven-vm7ve3.jpg'
INFO: 2025-08-03 09:40:01,564: list_files() 'More than 1 files in the folders, stop listing'
INFO: 2025-08-03 09:41:00,380: clock_thread_method() 'clock_thread updates wallpaper'
INFO: 2025-08-03 09:41:00,380: do_set_wp() 'Calling do_set_wp with /home/pd0rk1n/.config/variety/Downloaded/wallhaven_space/wallhaven-vm7ve3.jpg, time: 1754228460.3807397'
INFO: 2025-08-03 09:41:00,381: apply_auto_rotate() 'ImageMagick auto-rotate cmd: convert /home/pd0rk1n/.config/variety/Downloaded/wallhaven_space/wallhaven-vm7ve3.jpg -auto-orient /home/pd0rk1n/.config/variety/wallpaper/wallpaper-auto-rotated-69cad27fd0572c49893bff74090259bc.jpg'
INFO: 2025-08-03 09:41:01,019: compute_trimmed_offsets() 'Trimmed offsets debug info: w:1920, h:1080, ratio:1.777778, iw:3840, ih:2160, scw:1920, sch:1080, ho:0, vo:0'
INFO: 2025-08-03 09:41:01,019: build_imagemagick_clock_cmd() 'Applying clock filter: -density 100 -font `fc-match -f '%{file[0]}' 'Serif:70'` -pointsize 70 -gravity SouthEast -fill '#00000044' -annotate 0x0+58+108 '09:41' -fill white -annotate 0x0+60+110 '09:41' -font `fc-match -f '%{file[0]}' 'Serif:30'` -pointsize 30 -fill '#00000044' -annotate 0x0+58+58 'Sunday, August 03' -fill white -annotate 0x0+60+60 'Sunday, August 03''
INFO: 2025-08-03 09:41:01,019: build_imagemagick_clock_cmd() 'ImageMagick clock cmd: convert /home/pd0rk1n/.config/variety/wallpaper/wallpaper-auto-rotated-69cad27fd0572c49893bff74090259bc.jpg -scale 1920x1080^ -density 100 -font `fc-match -f '%{file[0]}' 'Serif:70'` -pointsize 70 -gravity SouthEast -fill '#00000044' -annotate 0x0+58+108 '09:41' -fill white -annotate 0x0+60+110 '09:41' -font `fc-match -f '%{file[0]}' 'Serif:30'` -pointsize 30 -fill '#00000044' -annotate 0x0+58+58 'Sunday, August 03' -fill white -annotate 0x0+60+60 'Sunday, August 03' /home/pd0rk1n/.config/variety/wallpaper/wallpaper-clock-a2ce2e7562bdf12e759ded25d1882250.jpg'
INFO: 2025-08-03 09:41:01,602: update_indicator() 'Setting file info to: /home/pd0rk1n/.config/variety/Downloaded/wallhaven_space/wallhaven-vm7ve3.jpg'
INFO: 2025-08-03 09:41:01,603: list_files() 'More than 1 files in the folders, stop listing'
INFO: 2025-08-03 09:42:00,387: clock_thread_method() 'clock_thread updates wallpaper'
INFO: 2025-08-03 09:42:00,388: do_set_wp() 'Calling do_set_wp with /home/pd0rk1n/.config/variety/Downloaded/wallhaven_space/wallhaven-vm7ve3.jpg, time: 1754228520.3880403'
INFO: 2025-08-03 09:42:00,388: apply_auto_rotate() 'ImageMagick auto-rotate cmd: convert /home/pd0rk1n/.config/variety/Downloaded/wallhaven_space/wallhaven-vm7ve3.jpg -auto-orient /home/pd0rk1n/.config/variety/wallpaper/wallpaper-auto-rotated-e2e1a8a879ae896aeaf923a91be0e75a.jpg'
INFO: 2025-08-03 09:42:01,026: compute_trimmed_offsets() 'Trimmed offsets debug info: w:1920, h:1080, ratio:1.777778, iw:3840, ih:2160, scw:1920, sch:1080, ho:0, vo:0'
INFO: 2025-08-03 09:42:01,026: build_imagemagick_clock_cmd() 'Applying clock filter: -density 100 -font `fc-match -f '%{file[0]}' 'Serif:70'` -pointsize 70 -gravity SouthEast -fill '#00000044' -annotate 0x0+58+108 '09:42' -fill white -annotate 0x0+60+110 '09:42' -font `fc-match -f '%{file[0]}' 'Serif:30'` -pointsize 30 -fill '#00000044' -annotate 0x0+58+58 'Sunday, August 03' -fill white -annotate 0x0+60+60 'Sunday, August 03''
INFO: 2025-08-03 09:42:01,026: build_imagemagick_clock_cmd() 'ImageMagick clock cmd: convert /home/pd0rk1n/.config/variety/wallpaper/wallpaper-auto-rotated-e2e1a8a879ae896aeaf923a91be0e75a.jpg -scale 1920x1080^ -density 100 -font `fc-match -f '%{file[0]}' 'Serif:70'` -pointsize 70 -gravity SouthEast -fill '#00000044' -annotate 0x0+58+108 '09:42' -fill white -annotate 0x0+60+110 '09:42' -font `fc-match -f '%{file[0]}' 'Serif:30'` -pointsize 30 -fill '#00000044' -annotate 0x0+58+58 'Sunday, August 03' -fill white -annotate 0x0+60+60 'Sunday, August 03' /home/pd0rk1n/.config/variety/wallpaper/wallpaper-clock-811e6b31138ff2c923c4ea9e970410f1.jpg'
INFO: 2025-08-03 09:42:01,578: update_indicator() 'Setting file info to: /home/pd0rk1n/.config/variety/Downloaded/wallhaven_space/wallhaven-vm7ve3.jpg'
INFO: 2025-08-03 09:42:01,579: list_files() 'More than 1 files in the folders, stop listing'
INFO: 2025-08-03 09:43:00,394: clock_thread_method() 'clock_thread updates wallpaper'
INFO: 2025-08-03 09:43:00,394: do_set_wp() 'Calling do_set_wp with /home/pd0rk1n/.config/variety/Downloaded/wallhaven_space/wallhaven-vm7ve3.jpg, time: 1754228580.3948534'
INFO: 2025-08-03 09:43:00,395: apply_auto_rotate() 'ImageMagick auto-rotate cmd: convert /home/pd0rk1n/.config/variety/Downloaded/wallhaven_space/wallhaven-vm7ve3.jpg -auto-orient /home/pd0rk1n/.config/variety/wallpaper/wallpaper-auto-rotated-9fb68824b1febfbb1689f6c35e9b7261.jpg'
INFO: 2025-08-03 09:43:01,070: compute_trimmed_offsets() 'Trimmed offsets debug info: w:1920, h:1080, ratio:1.777778, iw:3840, ih:2160, scw:1920, sch:1080, ho:0, vo:0'
INFO: 2025-08-03 09:43:01,071: build_imagemagick_clock_cmd() 'Applying clock filter: -density 100 -font `fc-match -f '%{file[0]}' 'Serif:70'` -pointsize 70 -gravity SouthEast -fill '#00000044' -annotate 0x0+58+108 '09:43' -fill white -annotate 0x0+60+110 '09:43' -font `fc-match -f '%{file[0]}' 'Serif:30'` -pointsize 30 -fill '#00000044' -annotate 0x0+58+58 'Sunday, August 03' -fill white -annotate 0x0+60+60 'Sunday, August 03''
INFO: 2025-08-03 09:43:01,071: build_imagemagick_clock_cmd() 'ImageMagick clock cmd: convert /home/pd0rk1n/.config/variety/wallpaper/wallpaper-auto-rotated-9fb68824b1febfbb1689f6c35e9b7261.jpg -scale 1920x1080^ -density 100 -font `fc-match -f '%{file[0]}' 'Serif:70'` -pointsize 70 -gravity SouthEast -fill '#00000044' -annotate 0x0+58+108 '09:43' -fill white -annotate 0x0+60+110 '09:43' -font `fc-match -f '%{file[0]}' 'Serif:30'` -pointsize 30 -fill '#00000044' -annotate 0x0+58+58 'Sunday, August 03' -fill white -annotate 0x0+60+60 'Sunday, August 03' /home/pd0rk1n/.config/variety/wallpaper/wallpaper-clock-aa3fbb36f0acef414d0a430bf9ef9f68.jpg'
INFO: 2025-08-03 09:43:01,656: update_indicator() 'Setting file info to: /home/pd0rk1n/.config/variety/Downloaded/wallhaven_space/wallhaven-vm7ve3.jpg'
INFO: 2025-08-03 09:43:01,657: list_files() 'More than 1 files in the folders, stop listing'
INFO: 2025-08-03 09:44:00,401: clock_thread_method() 'clock_thread updates wallpaper'
INFO: 2025-08-03 09:44:00,401: do_set_wp() 'Calling do_set_wp with /home/pd0rk1n/.config/variety/Downloaded/wallhaven_space/wallhaven-vm7ve3.jpg, time: 1754228640.401977'
INFO: 2025-08-03 09:44:00,402: apply_auto_rotate() 'ImageMagick auto-rotate cmd: convert /home/pd0rk1n/.config/variety/Downloaded/wallhaven_space/wallhaven-vm7ve3.jpg -auto-orient /home/pd0rk1n/.config/variety/wallpaper/wallpaper-auto-rotated-cc05898a07c28d97638052732e329ea8.jpg'
INFO: 2025-08-03 09:44:01,111: compute_trimmed_offsets() 'Trimmed offsets debug info: w:1920, h:1080, ratio:1.777778, iw:3840, ih:2160, scw:1920, sch:1080, ho:0, vo:0'
INFO: 2025-08-03 09:44:01,112: build_imagemagick_clock_cmd() 'Applying clock filter: -density 100 -font `fc-match -f '%{file[0]}' 'Serif:70'` -pointsize 70 -gravity SouthEast -fill '#00000044' -annotate 0x0+58+108 '09:44' -fill white -annotate 0x0+60+110 '09:44' -font `fc-match -f '%{file[0]}' 'Serif:30'` -pointsize 30 -fill '#00000044' -annotate 0x0+58+58 'Sunday, August 03' -fill white -annotate 0x0+60+60 'Sunday, August 03''
INFO: 2025-08-03 09:44:01,112: build_imagemagick_clock_cmd() 'ImageMagick clock cmd: convert /home/pd0rk1n/.config/variety/wallpaper/wallpaper-auto-rotated-cc05898a07c28d97638052732e329ea8.jpg -scale 1920x1080^ -density 100 -font `fc-match -f '%{file[0]}' 'Serif:70'` -pointsize 70 -gravity SouthEast -fill '#00000044' -annotate 0x0+58+108 '09:44' -fill white -annotate 0x0+60+110 '09:44' -font `fc-match -f '%{file[0]}' 'Serif:30'` -pointsize 30 -fill '#00000044' -annotate 0x0+58+58 'Sunday, August 03' -fill white -annotate 0x0+60+60 'Sunday, August 03' /home/pd0rk1n/.config/variety/wallpaper/wallpaper-clock-ce8b5beae6fd115097eece7199d285e0.jpg'
INFO: 2025-08-03 09:44:01,662: update_indicator() 'Setting file info to: /home/pd0rk1n/.config/variety/Downloaded/wallhaven_space/wallhaven-vm7ve3.jpg'
INFO: 2025-08-03 09:44:01,663: list_files() 'More than 1 files in the folders, stop listing'
INFO: 2025-08-03 09:45:00,408: clock_thread_method() 'clock_thread updates wallpaper'
INFO: 2025-08-03 09:45:00,409: do_set_wp() 'Calling do_set_wp with /home/pd0rk1n/.config/variety/Downloaded/wallhaven_space/wallhaven-vm7ve3.jpg, time: 1754228700.4092414'
INFO: 2025-08-03 09:45:00,409: apply_auto_rotate() 'ImageMagick auto-rotate cmd: convert /home/pd0rk1n/.config/variety/Downloaded/wallhaven_space/wallhaven-vm7ve3.jpg -auto-orient /home/pd0rk1n/.config/variety/wallpaper/wallpaper-auto-rotated-f582889d533fed58aa00625eb2d29cee.jpg'
INFO: 2025-08-03 09:45:01,046: compute_trimmed_offsets() 'Trimmed offsets debug info: w:1920, h:1080, ratio:1.777778, iw:3840, ih:2160, scw:1920, sch:1080, ho:0, vo:0'
INFO: 2025-08-03 09:45:01,046: build_imagemagick_clock_cmd() 'Applying clock filter: -density 100 -font `fc-match -f '%{file[0]}' 'Serif:70'` -pointsize 70 -gravity SouthEast -fill '#00000044' -annotate 0x0+58+108 '09:45' -fill white -annotate 0x0+60+110 '09:45' -font `fc-match -f '%{file[0]}' 'Serif:30'` -pointsize 30 -fill '#00000044' -annotate 0x0+58+58 'Sunday, August 03' -fill white -annotate 0x0+60+60 'Sunday, August 03''
INFO: 2025-08-03 09:45:01,046: build_imagemagick_clock_cmd() 'ImageMagick clock cmd: convert /home/pd0rk1n/.config/variety/wallpaper/wallpaper-auto-rotated-f582889d533fed58aa00625eb2d29cee.jpg -scale 1920x1080^ -density 100 -font `fc-match -f '%{file[0]}' 'Serif:70'` -pointsize 70 -gravity SouthEast -fill '#00000044' -annotate 0x0+58+108 '09:45' -fill white -annotate 0x0+60+110 '09:45' -font `fc-match -f '%{file[0]}' 'Serif:30'` -pointsize 30 -fill '#00000044' -annotate 0x0+58+58 'Sunday, August 03' -fill white -annotate 0x0+60+60 'Sunday, August 03' /home/pd0rk1n/.config/variety/wallpaper/wallpaper-clock-866c32b1c1a1b524e369102250dd3a26.jpg'
INFO: 2025-08-03 09:45:01,648: update_indicator() 'Setting file info to: /home/pd0rk1n/.config/variety/Downloaded/wallhaven_space/wallhaven-vm7ve3.jpg'
INFO: 2025-08-03 09:45:01,649: list_files() 'More than 1 files in the folders, stop listing'
INFO: 2025-08-03 09:46:00,415: clock_thread_method() 'clock_thread updates wallpaper'
INFO: 2025-08-03 09:46:00,415: do_set_wp() 'Calling do_set_wp with /home/pd0rk1n/.config/variety/Downloaded/wallhaven_space/wallhaven-vm7ve3.jpg, time: 1754228760.415974'
INFO: 2025-08-03 09:46:00,416: apply_auto_rotate() 'ImageMagick auto-rotate cmd: convert /home/pd0rk1n/.config/variety/Downloaded/wallhaven_space/wallhaven-vm7ve3.jpg -auto-orient /home/pd0rk1n/.config/variety/wallpaper/wallpaper-auto-rotated-479c1e0f0cdcf3ec3b55783b586e5feb.jpg'
INFO: 2025-08-03 09:46:01,054: compute_trimmed_offsets() 'Trimmed offsets debug info: w:1920, h:1080, ratio:1.777778, iw:3840, ih:2160, scw:1920, sch:1080, ho:0, vo:0'
INFO: 2025-08-03 09:46:01,054: build_imagemagick_clock_cmd() 'Applying clock filter: -density 100 -font `fc-match -f '%{file[0]}' 'Serif:70'` -pointsize 70 -gravity SouthEast -fill '#00000044' -annotate 0x0+58+108 '09:46' -fill white -annotate 0x0+60+110 '09:46' -font `fc-match -f '%{file[0]}' 'Serif:30'` -pointsize 30 -fill '#00000044' -annotate 0x0+58+58 'Sunday, August 03' -fill white -annotate 0x0+60+60 'Sunday, August 03''
INFO: 2025-08-03 09:46:01,054: build_imagemagick_clock_cmd() 'ImageMagick clock cmd: convert /home/pd0rk1n/.config/variety/wallpaper/wallpaper-auto-rotated-479c1e0f0cdcf3ec3b55783b586e5feb.jpg -scale 1920x1080^ -density 100 -font `fc-match -f '%{file[0]}' 'Serif:70'` -pointsize 70 -gravity SouthEast -fill '#00000044' -annotate 0x0+58+108 '09:46' -fill white -annotate 0x0+60+110 '09:46' -font `fc-match -f '%{file[0]}' 'Serif:30'` -pointsize 30 -fill '#00000044' -annotate 0x0+58+58 'Sunday, August 03' -fill white -annotate 0x0+60+60 'Sunday, August 03' /home/pd0rk1n/.config/variety/wallpaper/wallpaper-clock-f04ad22c225c1bcea947e9d34e04ae9a.jpg'
INFO: 2025-08-03 09:46:01,605: update_indicator() 'Setting file info to: /home/pd0rk1n/.config/variety/Downloaded/wallhaven_space/wallhaven-vm7ve3.jpg'
INFO: 2025-08-03 09:46:01,606: list_files() 'More than 1 files in the folders, stop listing'
INFO: 2025-08-03 09:47:00,422: clock_thread_method() 'clock_thread updates wallpaper'
INFO: 2025-08-03 09:47:00,422: do_set_wp() 'Calling do_set_wp with /home/pd0rk1n/.config/variety/Downloaded/wallhaven_space/wallhaven-vm7ve3.jpg, time: 1754228820.4225898'
INFO: 2025-08-03 09:47:00,422: apply_auto_rotate() 'ImageMagick auto-rotate cmd: convert /home/pd0rk1n/.config/variety/Downloaded/wallhaven_space/wallhaven-vm7ve3.jpg -auto-orient /home/pd0rk1n/.config/variety/wallpaper/wallpaper-auto-rotated-9a3e9ecf494c1623b978aa59bde7b73f.jpg'
INFO: 2025-08-03 09:47:01,060: compute_trimmed_offsets() 'Trimmed offsets debug info: w:1920, h:1080, ratio:1.777778, iw:3840, ih:2160, scw:1920, sch:1080, ho:0, vo:0'
INFO: 2025-08-03 09:47:01,060: build_imagemagick_clock_cmd() 'Applying clock filter: -density 100 -font `fc-match -f '%{file[0]}' 'Serif:70'` -pointsize 70 -gravity SouthEast -fill '#00000044' -annotate 0x0+58+108 '09:47' -fill white -annotate 0x0+60+110 '09:47' -font `fc-match -f '%{file[0]}' 'Serif:30'` -pointsize 30 -fill '#00000044' -annotate 0x0+58+58 'Sunday, August 03' -fill white -annotate 0x0+60+60 'Sunday, August 03''
INFO: 2025-08-03 09:47:01,060: build_imagemagick_clock_cmd() 'ImageMagick clock cmd: convert /home/pd0rk1n/.config/variety/wallpaper/wallpaper-auto-rotated-9a3e9ecf494c1623b978aa59bde7b73f.jpg -scale 1920x1080^ -density 100 -font `fc-match -f '%{file[0]}' 'Serif:70'` -pointsize 70 -gravity SouthEast -fill '#00000044' -annotate 0x0+58+108 '09:47' -fill white -annotate 0x0+60+110 '09:47' -font `fc-match -f '%{file[0]}' 'Serif:30'` -pointsize 30 -fill '#00000044' -annotate 0x0+58+58 'Sunday, August 03' -fill white -annotate 0x0+60+60 'Sunday, August 03' /home/pd0rk1n/.config/variety/wallpaper/wallpaper-clock-3113560a6cb05ea10c80315b988d1a33.jpg'
INFO: 2025-08-03 09:47:01,663: update_indicator() 'Setting file info to: /home/pd0rk1n/.config/variety/Downloaded/wallhaven_space/wallhaven-vm7ve3.jpg'
INFO: 2025-08-03 09:47:01,664: list_files() 'More than 1 files in the folders, stop listing'
INFO: 2025-08-03 09:47:21,469: regular_change_thread() 'regular_change changes wallpaper'
INFO: 2025-08-03 09:47:21,469: set_wallpaper() 'Calling set_wallpaper with /home/pd0rk1n/.config/variety/Downloaded/wallhaven_simple/wallhaven-m99pd1.jpg'
INFO: 2025-08-03 09:47:21,469: prepare_thread() 'Prepared buffer contains 93 images'
INFO: 2025-08-03 09:47:21,470: do_set_wp() 'Calling do_set_wp with /home/pd0rk1n/.config/variety/Downloaded/wallhaven_simple/wallhaven-m99pd1.jpg, time: 1754228841.470521'
INFO: 2025-08-03 09:47:21,470: apply_auto_rotate() 'ImageMagick auto-rotate cmd: convert /home/pd0rk1n/.config/variety/Downloaded/wallhaven_simple/wallhaven-m99pd1.jpg -auto-orient /home/pd0rk1n/.config/variety/wallpaper/wallpaper-auto-rotated-9750753990ed07e2ee488e3ad6d7c93a.jpg'
INFO: 2025-08-03 09:47:22,016: compute_trimmed_offsets() 'Trimmed offsets debug info: w:1920, h:1080, ratio:1.777778, iw:4000, ih:2250, scw:1920, sch:1080, ho:0, vo:0'
INFO: 2025-08-03 09:47:22,016: build_imagemagick_clock_cmd() 'Applying clock filter: -density 100 -font `fc-match -f '%{file[0]}' 'Serif:70'` -pointsize 70 -gravity SouthEast -fill '#00000044' -annotate 0x0+58+108 '09:47' -fill white -annotate 0x0+60+110 '09:47' -font `fc-match -f '%{file[0]}' 'Serif:30'` -pointsize 30 -fill '#00000044' -annotate 0x0+58+58 'Sunday, August 03' -fill white -annotate 0x0+60+60 'Sunday, August 03''
INFO: 2025-08-03 09:47:22,016: build_imagemagick_clock_cmd() 'ImageMagick clock cmd: convert /home/pd0rk1n/.config/variety/wallpaper/wallpaper-auto-rotated-9750753990ed07e2ee488e3ad6d7c93a.jpg -scale 1920x1080^ -density 100 -font `fc-match -f '%{file[0]}' 'Serif:70'` -pointsize 70 -gravity SouthEast -fill '#00000044' -annotate 0x0+58+108 '09:47' -fill white -annotate 0x0+60+110 '09:47' -font `fc-match -f '%{file[0]}' 'Serif:30'` -pointsize 30 -fill '#00000044' -annotate 0x0+58+58 'Sunday, August 03' -fill white -annotate 0x0+60+60 'Sunday, August 03' /home/pd0rk1n/.config/variety/wallpaper/wallpaper-clock-7fc6b9d506e30e04b5e489212da938bb.jpg'
INFO: 2025-08-03 09:47:22,541: update_indicator() 'Setting file info to: /home/pd0rk1n/.config/variety/Downloaded/wallhaven_simple/wallhaven-m99pd1.jpg'
INFO: 2025-08-03 09:47:22,542: list_files() 'More than 1 files in the folders, stop listing'
INFO: 2025-08-03 09:47:23,470: trigger_download() 'Triggering download thread to check if download needed and possible'
INFO: 2025-08-03 09:47:23,470: trigger_download() 'Triggering download thread to check if download needed and possible'
INFO: 2025-08-03 09:47:23,470: get_throttling() 'Wallhaven.cc: parsing serverside options'
INFO: 2025-08-03 09:47:23,470: get_throttling() 'Wallhaven.cc serverside options: {'min_fill_queue_interval': 1800, 'min_download_interval': 1800}'
INFO: 2025-08-03 09:47:23,471: get_throttling() 'Wallhaven.cc: parsing serverside options'
INFO: 2025-08-03 09:47:23,471: get_throttling() 'Wallhaven.cc serverside options: {'min_fill_queue_interval': 1800, 'min_download_interval': 1800}'
INFO: 2025-08-03 09:47:23,471: download_one() 'Wallhaven.cc: Downloading an image, config: simple'
INFO: 2025-08-03 09:47:23,471: download_one() 'Wallhaven.cc: Queue size: 0'
INFO: 2025-08-03 09:47:23,471: get_throttling() 'Wallhaven.cc: parsing serverside options'
INFO: 2025-08-03 09:47:23,471: get_throttling() 'Wallhaven.cc serverside options: {'min_fill_queue_interval': 1800, 'min_download_interval': 1800}'
INFO: 2025-08-03 09:47:23,471: download_one() 'Wallhaven.cc: Filling queue'
INFO: 2025-08-03 09:47:23,471: search() 'Performing wallhaven search: url=https://wallhaven.cc/api/v1/search?q=simple&categories=111&purity=100&sorting=favorites&order=desc'
INFO: 2025-08-03 09:47:24,201: fill_queue() '71215 wallpapers in result, using page 5'
INFO: 2025-08-03 09:47:24,202: search() 'Performing wallhaven search: url=https://wallhaven.cc/api/v1/search?q=simple&categories=111&purity=100&sorting=favorites&order=desc&page=5'
INFO: 2025-08-03 09:47:24,772: download_one() 'Wallhaven.cc: Queue populated with 12 URLs'
INFO: 2025-08-03 09:47:24,772: download_queue_item() 'Wallpaper URL: https://wallhaven.cc/w/6kvrkl'
INFO: 2025-08-03 09:47:24,772: download_queue_item() 'Image src URL: https://w.wallhaven.cc/full/6k/wallhaven-6kvrkl.png'
INFO: 2025-08-03 09:47:25,233: save_locally() 'Origin URL: https://wallhaven.cc/w/6kvrkl'
INFO: 2025-08-03 09:47:25,233: save_locally() 'Image URL: https://w.wallhaven.cc/full/6k/wallhaven-6kvrkl.png'
INFO: 2025-08-03 09:47:25,233: save_locally() 'Local path: /home/pd0rk1n/.config/variety/Downloaded/wallhaven_simple/wallhaven-6kvrkl.png'
INFO: 2025-08-03 09:47:26,974: save_locally() 'Download complete'
INFO: 2025-08-03 09:47:26,975: update_indicator() 'Setting file info to: /home/pd0rk1n/.config/variety/Downloaded/wallhaven_simple/wallhaven-m99pd1.jpg'
INFO: 2025-08-03 09:47:26,976: list_files() 'More than 1 files in the folders, stop listing'
INFO: 2025-08-03 09:47:26,976: download_one_from() 'Adding downloaded file /home/pd0rk1n/.config/variety/Downloaded/wallhaven_simple/wallhaven-6kvrkl.png to unseen_downloads'
INFO: 2025-08-03 09:48:00,428: clock_thread_method() 'clock_thread updates wallpaper'
INFO: 2025-08-03 09:48:00,429: do_set_wp() 'Calling do_set_wp with /home/pd0rk1n/.config/variety/Downloaded/wallhaven_simple/wallhaven-m99pd1.jpg, time: 1754228880.429213'
INFO: 2025-08-03 09:48:00,429: apply_auto_rotate() 'ImageMagick auto-rotate cmd: convert /home/pd0rk1n/.config/variety/Downloaded/wallhaven_simple/wallhaven-m99pd1.jpg -auto-orient /home/pd0rk1n/.config/variety/wallpaper/wallpaper-auto-rotated-05f02adf452c24a64ce2378c02ecc4f9.jpg'
INFO: 2025-08-03 09:48:01,011: compute_trimmed_offsets() 'Trimmed offsets debug info: w:1920, h:1080, ratio:1.777778, iw:4000, ih:2250, scw:1920, sch:1080, ho:0, vo:0'
INFO: 2025-08-03 09:48:01,011: build_imagemagick_clock_cmd() 'Applying clock filter: -density 100 -font `fc-match -f '%{file[0]}' 'Serif:70'` -pointsize 70 -gravity SouthEast -fill '#00000044' -annotate 0x0+58+108 '09:48' -fill white -annotate 0x0+60+110 '09:48' -font `fc-match -f '%{file[0]}' 'Serif:30'` -pointsize 30 -fill '#00000044' -annotate 0x0+58+58 'Sunday, August 03' -fill white -annotate 0x0+60+60 'Sunday, August 03''
INFO: 2025-08-03 09:48:01,011: build_imagemagick_clock_cmd() 'ImageMagick clock cmd: convert /home/pd0rk1n/.config/variety/wallpaper/wallpaper-auto-rotated-05f02adf452c24a64ce2378c02ecc4f9.jpg -scale 1920x1080^ -density 100 -font `fc-match -f '%{file[0]}' 'Serif:70'` -pointsize 70 -gravity SouthEast -fill '#00000044' -annotate 0x0+58+108 '09:48' -fill white -annotate 0x0+60+110 '09:48' -font `fc-match -f '%{file[0]}' 'Serif:30'` -pointsize 30 -fill '#00000044' -annotate 0x0+58+58 'Sunday, August 03' -fill white -annotate 0x0+60+60 'Sunday, August 03' /home/pd0rk1n/.config/variety/wallpaper/wallpaper-clock-b0861ec2393385c3789ba2031b035bf3.jpg'
INFO: 2025-08-03 09:48:01,585: update_indicator() 'Setting file info to: /home/pd0rk1n/.config/variety/Downloaded/wallhaven_simple/wallhaven-m99pd1.jpg'
INFO: 2025-08-03 09:48:01,586: list_files() 'More than 1 files in the folders, stop listing'
INFO: 2025-08-03 09:49:00,435: clock_thread_method() 'clock_thread updates wallpaper'
INFO: 2025-08-03 09:49:00,435: do_set_wp() 'Calling do_set_wp with /home/pd0rk1n/.config/variety/Downloaded/wallhaven_simple/wallhaven-m99pd1.jpg, time: 1754228940.4359663'
INFO: 2025-08-03 09:49:00,436: apply_auto_rotate() 'ImageMagick auto-rotate cmd: convert /home/pd0rk1n/.config/variety/Downloaded/wallhaven_simple/wallhaven-m99pd1.jpg -auto-orient /home/pd0rk1n/.config/variety/wallpaper/wallpaper-auto-rotated-838202aef72ffd05eac386cad7ce1d59.jpg'
INFO: 2025-08-03 09:49:01,034: compute_trimmed_offsets() 'Trimmed offsets debug info: w:1920, h:1080, ratio:1.777778, iw:4000, ih:2250, scw:1920, sch:1080, ho:0, vo:0'
INFO: 2025-08-03 09:49:01,034: build_imagemagick_clock_cmd() 'Applying clock filter: -density 100 -font `fc-match -f '%{file[0]}' 'Serif:70'` -pointsize 70 -gravity SouthEast -fill '#00000044' -annotate 0x0+58+108 '09:49' -fill white -annotate 0x0+60+110 '09:49' -font `fc-match -f '%{file[0]}' 'Serif:30'` -pointsize 30 -fill '#00000044' -annotate 0x0+58+58 'Sunday, August 03' -fill white -annotate 0x0+60+60 'Sunday, August 03''
INFO: 2025-08-03 09:49:01,034: build_imagemagick_clock_cmd() 'ImageMagick clock cmd: convert /home/pd0rk1n/.config/variety/wallpaper/wallpaper-auto-rotated-838202aef72ffd05eac386cad7ce1d59.jpg -scale 1920x1080^ -density 100 -font `fc-match -f '%{file[0]}' 'Serif:70'` -pointsize 70 -gravity SouthEast -fill '#00000044' -annotate 0x0+58+108 '09:49' -fill white -annotate 0x0+60+110 '09:49' -font `fc-match -f '%{file[0]}' 'Serif:30'` -pointsize 30 -fill '#00000044' -annotate 0x0+58+58 'Sunday, August 03' -fill white -annotate 0x0+60+60 'Sunday, August 03' /home/pd0rk1n/.config/variety/wallpaper/wallpaper-clock-4e2ffc1fcb0109e5ec0ca60243033750.jpg'
INFO: 2025-08-03 09:49:01,606: update_indicator() 'Setting file info to: /home/pd0rk1n/.config/variety/Downloaded/wallhaven_simple/wallhaven-m99pd1.jpg'
INFO: 2025-08-03 09:49:01,607: list_files() 'More than 1 files in the folders, stop listing'
INFO: 2025-08-03 09:50:00,442: clock_thread_method() 'clock_thread updates wallpaper'
INFO: 2025-08-03 09:50:00,442: do_set_wp() 'Calling do_set_wp with /home/pd0rk1n/.config/variety/Downloaded/wallhaven_simple/wallhaven-m99pd1.jpg, time: 1754229000.4429429'
INFO: 2025-08-03 09:50:00,443: apply_auto_rotate() 'ImageMagick auto-rotate cmd: convert /home/pd0rk1n/.config/variety/Downloaded/wallhaven_simple/wallhaven-m99pd1.jpg -auto-orient /home/pd0rk1n/.config/variety/wallpaper/wallpaper-auto-rotated-90c33ff6fd8ad01c4f0d0f1e422ec272.jpg'
INFO: 2025-08-03 09:50:00,986: compute_trimmed_offsets() 'Trimmed offsets debug info: w:1920, h:1080, ratio:1.777778, iw:4000, ih:2250, scw:1920, sch:1080, ho:0, vo:0'
INFO: 2025-08-03 09:50:00,986: build_imagemagick_clock_cmd() 'Applying clock filter: -density 100 -font `fc-match -f '%{file[0]}' 'Serif:70'` -pointsize 70 -gravity SouthEast -fill '#00000044' -annotate 0x0+58+108 '09:50' -fill white -annotate 0x0+60+110 '09:50' -font `fc-match -f '%{file[0]}' 'Serif:30'` -pointsize 30 -fill '#00000044' -annotate 0x0+58+58 'Sunday, August 03' -fill white -annotate 0x0+60+60 'Sunday, August 03''
INFO: 2025-08-03 09:50:00,987: build_imagemagick_clock_cmd() 'ImageMagick clock cmd: convert /home/pd0rk1n/.config/variety/wallpaper/wallpaper-auto-rotated-90c33ff6fd8ad01c4f0d0f1e422ec272.jpg -scale 1920x1080^ -density 100 -font `fc-match -f '%{file[0]}' 'Serif:70'` -pointsize 70 -gravity SouthEast -fill '#00000044' -annotate 0x0+58+108 '09:50' -fill white -annotate 0x0+60+110 '09:50' -font `fc-match -f '%{file[0]}' 'Serif:30'` -pointsize 30 -fill '#00000044' -annotate 0x0+58+58 'Sunday, August 03' -fill white -annotate 0x0+60+60 'Sunday, August 03' /home/pd0rk1n/.config/variety/wallpaper/wallpaper-clock-2326d95d41312d5205eb6a3dcc9ef9eb.jpg'
INFO: 2025-08-03 09:50:01,514: update_indicator() 'Setting file info to: /home/pd0rk1n/.config/variety/Downloaded/wallhaven_simple/wallhaven-m99pd1.jpg'
INFO: 2025-08-03 09:50:01,515: list_files() 'More than 1 files in the folders, stop listing'
INFO: 2025-08-03 09:51:00,449: clock_thread_method() 'clock_thread updates wallpaper'
INFO: 2025-08-03 09:51:00,450: do_set_wp() 'Calling do_set_wp with /home/pd0rk1n/.config/variety/Downloaded/wallhaven_simple/wallhaven-m99pd1.jpg, time: 1754229060.4500697'
INFO: 2025-08-03 09:51:00,450: apply_auto_rotate() 'ImageMagick auto-rotate cmd: convert /home/pd0rk1n/.config/variety/Downloaded/wallhaven_simple/wallhaven-m99pd1.jpg -auto-orient /home/pd0rk1n/.config/variety/wallpaper/wallpaper-auto-rotated-dc8b2a2a002f1d90c9f7bea8f834e11c.jpg'
INFO: 2025-08-03 09:51:00,993: compute_trimmed_offsets() 'Trimmed offsets debug info: w:1920, h:1080, ratio:1.777778, iw:4000, ih:2250, scw:1920, sch:1080, ho:0, vo:0'
INFO: 2025-08-03 09:51:00,993: build_imagemagick_clock_cmd() 'Applying clock filter: -density 100 -font `fc-match -f '%{file[0]}' 'Serif:70'` -pointsize 70 -gravity SouthEast -fill '#00000044' -annotate 0x0+58+108 '09:51' -fill white -annotate 0x0+60+110 '09:51' -font `fc-match -f '%{file[0]}' 'Serif:30'` -pointsize 30 -fill '#00000044' -annotate 0x0+58+58 'Sunday, August 03' -fill white -annotate 0x0+60+60 'Sunday, August 03''
INFO: 2025-08-03 09:51:00,993: build_imagemagick_clock_cmd() 'ImageMagick clock cmd: convert /home/pd0rk1n/.config/variety/wallpaper/wallpaper-auto-rotated-dc8b2a2a002f1d90c9f7bea8f834e11c.jpg -scale 1920x1080^ -density 100 -font `fc-match -f '%{file[0]}' 'Serif:70'` -pointsize 70 -gravity SouthEast -fill '#00000044' -annotate 0x0+58+108 '09:51' -fill white -annotate 0x0+60+110 '09:51' -font `fc-match -f '%{file[0]}' 'Serif:30'` -pointsize 30 -fill '#00000044' -annotate 0x0+58+58 'Sunday, August 03' -fill white -annotate 0x0+60+60 'Sunday, August 03' /home/pd0rk1n/.config/variety/wallpaper/wallpaper-clock-08eee017368cb87302930084df20dbda.jpg'
INFO: 2025-08-03 09:51:01,518: update_indicator() 'Setting file info to: /home/pd0rk1n/.config/variety/Downloaded/wallhaven_simple/wallhaven-m99pd1.jpg'
INFO: 2025-08-03 09:51:01,519: list_files() 'More than 1 files in the folders, stop listing'
INFO: 2025-08-03 09:52:00,456: clock_thread_method() 'clock_thread updates wallpaper'
INFO: 2025-08-03 09:52:00,457: do_set_wp() 'Calling do_set_wp with /home/pd0rk1n/.config/variety/Downloaded/wallhaven_simple/wallhaven-m99pd1.jpg, time: 1754229120.4571004'
INFO: 2025-08-03 09:52:00,457: apply_auto_rotate() 'ImageMagick auto-rotate cmd: convert /home/pd0rk1n/.config/variety/Downloaded/wallhaven_simple/wallhaven-m99pd1.jpg -auto-orient /home/pd0rk1n/.config/variety/wallpaper/wallpaper-auto-rotated-30092b87d458a0f8f6d41d2b27664fab.jpg'
INFO: 2025-08-03 09:52:01,001: compute_trimmed_offsets() 'Trimmed offsets debug info: w:1920, h:1080, ratio:1.777778, iw:4000, ih:2250, scw:1920, sch:1080, ho:0, vo:0'
INFO: 2025-08-03 09:52:01,001: build_imagemagick_clock_cmd() 'Applying clock filter: -density 100 -font `fc-match -f '%{file[0]}' 'Serif:70'` -pointsize 70 -gravity SouthEast -fill '#00000044' -annotate 0x0+58+108 '09:52' -fill white -annotate 0x0+60+110 '09:52' -font `fc-match -f '%{file[0]}' 'Serif:30'` -pointsize 30 -fill '#00000044' -annotate 0x0+58+58 'Sunday, August 03' -fill white -annotate 0x0+60+60 'Sunday, August 03''
INFO: 2025-08-03 09:52:01,001: build_imagemagick_clock_cmd() 'ImageMagick clock cmd: convert /home/pd0rk1n/.config/variety/wallpaper/wallpaper-auto-rotated-30092b87d458a0f8f6d41d2b27664fab.jpg -scale 1920x1080^ -density 100 -font `fc-match -f '%{file[0]}' 'Serif:70'` -pointsize 70 -gravity SouthEast -fill '#00000044' -annotate 0x0+58+108 '09:52' -fill white -annotate 0x0+60+110 '09:52' -font `fc-match -f '%{file[0]}' 'Serif:30'` -pointsize 30 -fill '#00000044' -annotate 0x0+58+58 'Sunday, August 03' -fill white -annotate 0x0+60+60 'Sunday, August 03' /home/pd0rk1n/.config/variety/wallpaper/wallpaper-clock-f58b37f4347ed8ff6704ccd2d7fa8988.jpg'
INFO: 2025-08-03 09:52:01,572: update_indicator() 'Setting file info to: /home/pd0rk1n/.config/variety/Downloaded/wallhaven_simple/wallhaven-m99pd1.jpg'
INFO: 2025-08-03 09:52:01,573: list_files() 'More than 1 files in the folders, stop listing'
INFO: 2025-08-03 09:53:00,463: clock_thread_method() 'clock_thread updates wallpaper'
INFO: 2025-08-03 09:53:00,463: do_set_wp() 'Calling do_set_wp with /home/pd0rk1n/.config/variety/Downloaded/wallhaven_simple/wallhaven-m99pd1.jpg, time: 1754229180.4637287'
INFO: 2025-08-03 09:53:00,464: apply_auto_rotate() 'ImageMagick auto-rotate cmd: convert /home/pd0rk1n/.config/variety/Downloaded/wallhaven_simple/wallhaven-m99pd1.jpg -auto-orient /home/pd0rk1n/.config/variety/wallpaper/wallpaper-auto-rotated-3bcc795189a5e4b131c749528e08e507.jpg'
INFO: 2025-08-03 09:53:01,008: compute_trimmed_offsets() 'Trimmed offsets debug info: w:1920, h:1080, ratio:1.777778, iw:4000, ih:2250, scw:1920, sch:1080, ho:0, vo:0'
INFO: 2025-08-03 09:53:01,008: build_imagemagick_clock_cmd() 'Applying clock filter: -density 100 -font `fc-match -f '%{file[0]}' 'Serif:70'` -pointsize 70 -gravity SouthEast -fill '#00000044' -annotate 0x0+58+108 '09:53' -fill white -annotate 0x0+60+110 '09:53' -font `fc-match -f '%{file[0]}' 'Serif:30'` -pointsize 30 -fill '#00000044' -annotate 0x0+58+58 'Sunday, August 03' -fill white -annotate 0x0+60+60 'Sunday, August 03''
INFO: 2025-08-03 09:53:01,008: build_imagemagick_clock_cmd() 'ImageMagick clock cmd: convert /home/pd0rk1n/.config/variety/wallpaper/wallpaper-auto-rotated-3bcc795189a5e4b131c749528e08e507.jpg -scale 1920x1080^ -density 100 -font `fc-match -f '%{file[0]}' 'Serif:70'` -pointsize 70 -gravity SouthEast -fill '#00000044' -annotate 0x0+58+108 '09:53' -fill white -annotate 0x0+60+110 '09:53' -font `fc-match -f '%{file[0]}' 'Serif:30'` -pointsize 30 -fill '#00000044' -annotate 0x0+58+58 'Sunday, August 03' -fill white -annotate 0x0+60+60 'Sunday, August 03' /home/pd0rk1n/.config/variety/wallpaper/wallpaper-clock-5e8d803a2f5cda56883d1ec877b9d51b.jpg'
INFO: 2025-08-03 09:53:01,533: update_indicator() 'Setting file info to: /home/pd0rk1n/.config/variety/Downloaded/wallhaven_simple/wallhaven-m99pd1.jpg'
INFO: 2025-08-03 09:53:01,534: list_files() 'More than 1 files in the folders, stop listing'
INFO: 2025-08-03 09:54:00,469: clock_thread_method() 'clock_thread updates wallpaper'
INFO: 2025-08-03 09:54:00,470: do_set_wp() 'Calling do_set_wp with /home/pd0rk1n/.config/variety/Downloaded/wallhaven_simple/wallhaven-m99pd1.jpg, time: 1754229240.4701893'
INFO: 2025-08-03 09:54:00,470: apply_auto_rotate() 'ImageMagick auto-rotate cmd: convert /home/pd0rk1n/.config/variety/Downloaded/wallhaven_simple/wallhaven-m99pd1.jpg -auto-orient /home/pd0rk1n/.config/variety/wallpaper/wallpaper-auto-rotated-ef0a7bd0e6c51e62aa40507ee15c509b.jpg'
INFO: 2025-08-03 09:54:01,014: compute_trimmed_offsets() 'Trimmed offsets debug info: w:1920, h:1080, ratio:1.777778, iw:4000, ih:2250, scw:1920, sch:1080, ho:0, vo:0'
INFO: 2025-08-03 09:54:01,014: build_imagemagick_clock_cmd() 'Applying clock filter: -density 100 -font `fc-match -f '%{file[0]}' 'Serif:70'` -pointsize 70 -gravity SouthEast -fill '#00000044' -annotate 0x0+58+108 '09:54' -fill white -annotate 0x0+60+110 '09:54' -font `fc-match -f '%{file[0]}' 'Serif:30'` -pointsize 30 -fill '#00000044' -annotate 0x0+58+58 'Sunday, August 03' -fill white -annotate 0x0+60+60 'Sunday, August 03''
INFO: 2025-08-03 09:54:01,014: build_imagemagick_clock_cmd() 'ImageMagick clock cmd: convert /home/pd0rk1n/.config/variety/wallpaper/wallpaper-auto-rotated-ef0a7bd0e6c51e62aa40507ee15c509b.jpg -scale 1920x1080^ -density 100 -font `fc-match -f '%{file[0]}' 'Serif:70'` -pointsize 70 -gravity SouthEast -fill '#00000044' -annotate 0x0+58+108 '09:54' -fill white -annotate 0x0+60+110 '09:54' -font `fc-match -f '%{file[0]}' 'Serif:30'` -pointsize 30 -fill '#00000044' -annotate 0x0+58+58 'Sunday, August 03' -fill white -annotate 0x0+60+60 'Sunday, August 03' /home/pd0rk1n/.config/variety/wallpaper/wallpaper-clock-97e431f1165e3fd546e9ae29a38f71d8.jpg'
INFO: 2025-08-03 09:54:01,547: update_indicator() 'Setting file info to: /home/pd0rk1n/.config/variety/Downloaded/wallhaven_simple/wallhaven-m99pd1.jpg'
INFO: 2025-08-03 09:54:01,549: list_files() 'More than 1 files in the folders, stop listing'
INFO: 2025-08-03 09:55:00,475: clock_thread_method() 'clock_thread updates wallpaper'
INFO: 2025-08-03 09:55:00,476: do_set_wp() 'Calling do_set_wp with /home/pd0rk1n/.config/variety/Downloaded/wallhaven_simple/wallhaven-m99pd1.jpg, time: 1754229300.4760563'
INFO: 2025-08-03 09:55:00,476: apply_auto_rotate() 'ImageMagick auto-rotate cmd: convert /home/pd0rk1n/.config/variety/Downloaded/wallhaven_simple/wallhaven-m99pd1.jpg -auto-orient /home/pd0rk1n/.config/variety/wallpaper/wallpaper-auto-rotated-bff0acfda8bcb63b362d612ebd96b2b7.jpg'
INFO: 2025-08-03 09:55:01,019: compute_trimmed_offsets() 'Trimmed offsets debug info: w:1920, h:1080, ratio:1.777778, iw:4000, ih:2250, scw:1920, sch:1080, ho:0, vo:0'
INFO: 2025-08-03 09:55:01,020: build_imagemagick_clock_cmd() 'Applying clock filter: -density 100 -font `fc-match -f '%{file[0]}' 'Serif:70'` -pointsize 70 -gravity SouthEast -fill '#00000044' -annotate 0x0+58+108 '09:55' -fill white -annotate 0x0+60+110 '09:55' -font `fc-match -f '%{file[0]}' 'Serif:30'` -pointsize 30 -fill '#00000044' -annotate 0x0+58+58 'Sunday, August 03' -fill white -annotate 0x0+60+60 'Sunday, August 03''
INFO: 2025-08-03 09:55:01,020: build_imagemagick_clock_cmd() 'ImageMagick clock cmd: convert /home/pd0rk1n/.config/variety/wallpaper/wallpaper-auto-rotated-bff0acfda8bcb63b362d612ebd96b2b7.jpg -scale 1920x1080^ -density 100 -font `fc-match -f '%{file[0]}' 'Serif:70'` -pointsize 70 -gravity SouthEast -fill '#00000044' -annotate 0x0+58+108 '09:55' -fill white -annotate 0x0+60+110 '09:55' -font `fc-match -f '%{file[0]}' 'Serif:30'` -pointsize 30 -fill '#00000044' -annotate 0x0+58+58 'Sunday, August 03' -fill white -annotate 0x0+60+60 'Sunday, August 03' /home/pd0rk1n/.config/variety/wallpaper/wallpaper-clock-d1927824862f2d739993901caee87d46.jpg'
INFO: 2025-08-03 09:55:01,592: update_indicator() 'Setting file info to: /home/pd0rk1n/.config/variety/Downloaded/wallhaven_simple/wallhaven-m99pd1.jpg'
INFO: 2025-08-03 09:55:01,593: list_files() 'More than 1 files in the folders, stop listing'
INFO: 2025-08-03 09:56:00,482: clock_thread_method() 'clock_thread updates wallpaper'
INFO: 2025-08-03 09:56:00,482: do_set_wp() 'Calling do_set_wp with /home/pd0rk1n/.config/variety/Downloaded/wallhaven_simple/wallhaven-m99pd1.jpg, time: 1754229360.482915'
INFO: 2025-08-03 09:56:00,483: apply_auto_rotate() 'ImageMagick auto-rotate cmd: convert /home/pd0rk1n/.config/variety/Downloaded/wallhaven_simple/wallhaven-m99pd1.jpg -auto-orient /home/pd0rk1n/.config/variety/wallpaper/wallpaper-auto-rotated-85891be08c7a9282a785e22a9072c1a4.jpg'
INFO: 2025-08-03 09:56:01,025: compute_trimmed_offsets() 'Trimmed offsets debug info: w:1920, h:1080, ratio:1.777778, iw:4000, ih:2250, scw:1920, sch:1080, ho:0, vo:0'
INFO: 2025-08-03 09:56:01,026: build_imagemagick_clock_cmd() 'Applying clock filter: -density 100 -font `fc-match -f '%{file[0]}' 'Serif:70'` -pointsize 70 -gravity SouthEast -fill '#00000044' -annotate 0x0+58+108 '09:56' -fill white -annotate 0x0+60+110 '09:56' -font `fc-match -f '%{file[0]}' 'Serif:30'` -pointsize 30 -fill '#00000044' -annotate 0x0+58+58 'Sunday, August 03' -fill white -annotate 0x0+60+60 'Sunday, August 03''
INFO: 2025-08-03 09:56:01,026: build_imagemagick_clock_cmd() 'ImageMagick clock cmd: convert /home/pd0rk1n/.config/variety/wallpaper/wallpaper-auto-rotated-85891be08c7a9282a785e22a9072c1a4.jpg -scale 1920x1080^ -density 100 -font `fc-match -f '%{file[0]}' 'Serif:70'` -pointsize 70 -gravity SouthEast -fill '#00000044' -annotate 0x0+58+108 '09:56' -fill white -annotate 0x0+60+110 '09:56' -font `fc-match -f '%{file[0]}' 'Serif:30'` -pointsize 30 -fill '#00000044' -annotate 0x0+58+58 'Sunday, August 03' -fill white -annotate 0x0+60+60 'Sunday, August 03' /home/pd0rk1n/.config/variety/wallpaper/wallpaper-clock-32c87a89a0fdc8e2bb242b7f1bc75683.jpg'
INFO: 2025-08-03 09:56:01,552: update_indicator() 'Setting file info to: /home/pd0rk1n/.config/variety/Downloaded/wallhaven_simple/wallhaven-m99pd1.jpg'
INFO: 2025-08-03 09:56:01,553: list_files() 'More than 1 files in the folders, stop listing'
INFO: 2025-08-03 09:57:00,489: clock_thread_method() 'clock_thread updates wallpaper'
INFO: 2025-08-03 09:57:00,489: do_set_wp() 'Calling do_set_wp with /home/pd0rk1n/.config/variety/Downloaded/wallhaven_simple/wallhaven-m99pd1.jpg, time: 1754229420.4895895'
INFO: 2025-08-03 09:57:00,489: apply_auto_rotate() 'ImageMagick auto-rotate cmd: convert /home/pd0rk1n/.config/variety/Downloaded/wallhaven_simple/wallhaven-m99pd1.jpg -auto-orient /home/pd0rk1n/.config/variety/wallpaper/wallpaper-auto-rotated-4b9b468ed24b8ad4cf437bf7c0392db2.jpg'
INFO: 2025-08-03 09:57:01,044: compute_trimmed_offsets() 'Trimmed offsets debug info: w:1920, h:1080, ratio:1.777778, iw:4000, ih:2250, scw:1920, sch:1080, ho:0, vo:0'
INFO: 2025-08-03 09:57:01,045: build_imagemagick_clock_cmd() 'Applying clock filter: -density 100 -font `fc-match -f '%{file[0]}' 'Serif:70'` -pointsize 70 -gravity SouthEast -fill '#00000044' -annotate 0x0+58+108 '09:57' -fill white -annotate 0x0+60+110 '09:57' -font `fc-match -f '%{file[0]}' 'Serif:30'` -pointsize 30 -fill '#00000044' -annotate 0x0+58+58 'Sunday, August 03' -fill white -annotate 0x0+60+60 'Sunday, August 03''
INFO: 2025-08-03 09:57:01,045: build_imagemagick_clock_cmd() 'ImageMagick clock cmd: convert /home/pd0rk1n/.config/variety/wallpaper/wallpaper-auto-rotated-4b9b468ed24b8ad4cf437bf7c0392db2.jpg -scale 1920x1080^ -density 100 -font `fc-match -f '%{file[0]}' 'Serif:70'` -pointsize 70 -gravity SouthEast -fill '#00000044' -annotate 0x0+58+108 '09:57' -fill white -annotate 0x0+60+110 '09:57' -font `fc-match -f '%{file[0]}' 'Serif:30'` -pointsize 30 -fill '#00000044' -annotate 0x0+58+58 'Sunday, August 03' -fill white -annotate 0x0+60+60 'Sunday, August 03' /home/pd0rk1n/.config/variety/wallpaper/wallpaper-clock-3d36985c0077b541393b7bd190f90931.jpg'
INFO: 2025-08-03 09:57:01,567: update_indicator() 'Setting file info to: /home/pd0rk1n/.config/variety/Downloaded/wallhaven_simple/wallhaven-m99pd1.jpg'
INFO: 2025-08-03 09:57:01,569: list_files() 'More than 1 files in the folders, stop listing'
INFO: 2025-08-03 09:57:25,810: regular_change_thread() 'regular_change changes wallpaper'
INFO: 2025-08-03 09:57:25,810: set_wallpaper() 'Calling set_wallpaper with /home/pd0rk1n/.config/variety/Downloaded/wallhaven_space/wallhaven-83ddr1.jpg'
INFO: 2025-08-03 09:57:25,810: prepare_thread() 'Prepared buffer contains 93 images'
INFO: 2025-08-03 09:57:25,811: do_set_wp() 'Calling do_set_wp with /home/pd0rk1n/.config/variety/Downloaded/wallhaven_space/wallhaven-83ddr1.jpg, time: 1754229445.8114247'
INFO: 2025-08-03 09:57:25,811: apply_auto_rotate() 'ImageMagick auto-rotate cmd: convert /home/pd0rk1n/.config/variety/Downloaded/wallhaven_space/wallhaven-83ddr1.jpg -auto-orient /home/pd0rk1n/.config/variety/wallpaper/wallpaper-auto-rotated-5f59f42c9955929c7742ed00a63962d7.jpg'
INFO: 2025-08-03 09:57:26,838: compute_trimmed_offsets() 'Trimmed offsets debug info: w:1920, h:1080, ratio:1.777778, iw:7680, ih:4320, scw:1920, sch:1080, ho:0, vo:0'
INFO: 2025-08-03 09:57:26,838: build_imagemagick_clock_cmd() 'Applying clock filter: -density 100 -font `fc-match -f '%{file[0]}' 'Serif:70'` -pointsize 70 -gravity SouthEast -fill '#00000044' -annotate 0x0+58+108 '09:57' -fill white -annotate 0x0+60+110 '09:57' -font `fc-match -f '%{file[0]}' 'Serif:30'` -pointsize 30 -fill '#00000044' -annotate 0x0+58+58 'Sunday, August 03' -fill white -annotate 0x0+60+60 'Sunday, August 03''
INFO: 2025-08-03 09:57:26,838: build_imagemagick_clock_cmd() 'ImageMagick clock cmd: convert /home/pd0rk1n/.config/variety/wallpaper/wallpaper-auto-rotated-5f59f42c9955929c7742ed00a63962d7.jpg -scale 1920x1080^ -density 100 -font `fc-match -f '%{file[0]}' 'Serif:70'` -pointsize 70 -gravity SouthEast -fill '#00000044' -annotate 0x0+58+108 '09:57' -fill white -annotate 0x0+60+110 '09:57' -font `fc-match -f '%{file[0]}' 'Serif:30'` -pointsize 30 -fill '#00000044' -annotate 0x0+58+58 'Sunday, August 03' -fill white -annotate 0x0+60+60 'Sunday, August 03' /home/pd0rk1n/.config/variety/wallpaper/wallpaper-clock-eecb9d78c879cff33c663207c5c2b1a1.jpg'
INFO: 2025-08-03 09:57:27,793: update_indicator() 'Setting file info to: /home/pd0rk1n/.config/variety/Downloaded/wallhaven_space/wallhaven-83ddr1.jpg'
INFO: 2025-08-03 09:57:27,794: list_files() 'More than 1 files in the folders, stop listing'
INFO: 2025-08-03 09:57:27,811: trigger_download() 'Triggering download thread to check if download needed and possible'
INFO: 2025-08-03 09:57:27,811: trigger_download() 'Triggering download thread to check if download needed and possible'
INFO: 2025-08-03 09:57:27,811: get_throttling() 'Wallhaven.cc: parsing serverside options'
INFO: 2025-08-03 09:57:27,811: get_throttling() 'Wallhaven.cc serverside options: {'min_fill_queue_interval': 1800, 'min_download_interval': 1800}'
INFO: 2025-08-03 09:57:27,811: get_throttling() 'Wallhaven.cc: parsing serverside options'
INFO: 2025-08-03 09:57:27,811: get_throttling() 'Wallhaven.cc serverside options: {'min_fill_queue_interval': 1800, 'min_download_interval': 1800}'
INFO: 2025-08-03 09:57:27,811: download_one() 'Wallhaven.cc: Downloading an image, config: space'
INFO: 2025-08-03 09:57:27,812: download_one() 'Wallhaven.cc: Queue size: 11'
INFO: 2025-08-03 09:57:27,812: download_one() 'Wallhaven.cc: Queue populated with 11 URLs'
INFO: 2025-08-03 09:57:27,812: download_queue_item() 'Wallpaper URL: https://wallhaven.cc/w/d6eedl'
INFO: 2025-08-03 09:57:27,812: download_queue_item() 'Image src URL: https://w.wallhaven.cc/full/d6/wallhaven-d6eedl.png'
INFO: 2025-08-03 09:57:28,257: save_locally() 'Origin URL: https://wallhaven.cc/w/d6eedl'
INFO: 2025-08-03 09:57:28,257: save_locally() 'Image URL: https://w.wallhaven.cc/full/d6/wallhaven-d6eedl.png'
INFO: 2025-08-03 09:57:28,257: save_locally() 'Local path: /home/pd0rk1n/.config/variety/Downloaded/wallhaven_space/wallhaven-d6eedl.png'
INFO: 2025-08-03 09:57:30,102: save_locally() 'Download complete'
INFO: 2025-08-03 09:57:30,102: update_indicator() 'Setting file info to: /home/pd0rk1n/.config/variety/Downloaded/wallhaven_simple/wallhaven-m99pd1.jpg'
INFO: 2025-08-03 09:57:30,104: list_files() 'More than 1 files in the folders, stop listing'
INFO: 2025-08-03 09:57:30,104: download_one_from() 'Adding downloaded file /home/pd0rk1n/.config/variety/Downloaded/wallhaven_space/wallhaven-d6eedl.png to unseen_downloads'
INFO: 2025-08-03 09:58:00,496: clock_thread_method() 'clock_thread updates wallpaper'
INFO: 2025-08-03 09:58:00,496: do_set_wp() 'Calling do_set_wp with /home/pd0rk1n/.config/variety/Downloaded/wallhaven_space/wallhaven-83ddr1.jpg, time: 1754229480.4963243'
INFO: 2025-08-03 09:58:00,496: apply_auto_rotate() 'ImageMagick auto-rotate cmd: convert /home/pd0rk1n/.config/variety/Downloaded/wallhaven_space/wallhaven-83ddr1.jpg -auto-orient /home/pd0rk1n/.config/variety/wallpaper/wallpaper-auto-rotated-c56a304de0aaefebdaddd1639ea38aaf.jpg'
INFO: 2025-08-03 09:58:01,728: compute_trimmed_offsets() 'Trimmed offsets debug info: w:1920, h:1080, ratio:1.777778, iw:7680, ih:4320, scw:1920, sch:1080, ho:0, vo:0'
INFO: 2025-08-03 09:58:01,728: build_imagemagick_clock_cmd() 'Applying clock filter: -density 100 -font `fc-match -f '%{file[0]}' 'Serif:70'` -pointsize 70 -gravity SouthEast -fill '#00000044' -annotate 0x0+58+108 '09:58' -fill white -annotate 0x0+60+110 '09:58' -font `fc-match -f '%{file[0]}' 'Serif:30'` -pointsize 30 -fill '#00000044' -annotate 0x0+58+58 'Sunday, August 03' -fill white -annotate 0x0+60+60 'Sunday, August 03''
INFO: 2025-08-03 09:58:01,728: build_imagemagick_clock_cmd() 'ImageMagick clock cmd: convert /home/pd0rk1n/.config/variety/wallpaper/wallpaper-auto-rotated-c56a304de0aaefebdaddd1639ea38aaf.jpg -scale 1920x1080^ -density 100 -font `fc-match -f '%{file[0]}' 'Serif:70'` -pointsize 70 -gravity SouthEast -fill '#00000044' -annotate 0x0+58+108 '09:58' -fill white -annotate 0x0+60+110 '09:58' -font `fc-match -f '%{file[0]}' 'Serif:30'` -pointsize 30 -fill '#00000044' -annotate 0x0+58+58 'Sunday, August 03' -fill white -annotate 0x0+60+60 'Sunday, August 03' /home/pd0rk1n/.config/variety/wallpaper/wallpaper-clock-1762e1c446ce766ece1786ee7985d0eb.jpg'
INFO: 2025-08-03 09:58:02,873: update_indicator() 'Setting file info to: /home/pd0rk1n/.config/variety/Downloaded/wallhaven_space/wallhaven-83ddr1.jpg'
INFO: 2025-08-03 09:58:02,874: list_files() 'More than 1 files in the folders, stop listing'
INFO: 2025-08-03 09:59:00,503: clock_thread_method() 'clock_thread updates wallpaper'
INFO: 2025-08-03 09:59:00,503: do_set_wp() 'Calling do_set_wp with /home/pd0rk1n/.config/variety/Downloaded/wallhaven_space/wallhaven-83ddr1.jpg, time: 1754229540.5035312'
INFO: 2025-08-03 09:59:00,503: apply_auto_rotate() 'ImageMagick auto-rotate cmd: convert /home/pd0rk1n/.config/variety/Downloaded/wallhaven_space/wallhaven-83ddr1.jpg -auto-orient /home/pd0rk1n/.config/variety/wallpaper/wallpaper-auto-rotated-d1be5e85fd20779d1ebf9fcb462d9053.jpg'
INFO: 2025-08-03 09:59:01,558: compute_trimmed_offsets() 'Trimmed offsets debug info: w:1920, h:1080, ratio:1.777778, iw:7680, ih:4320, scw:1920, sch:1080, ho:0, vo:0'
INFO: 2025-08-03 09:59:01,558: build_imagemagick_clock_cmd() 'Applying clock filter: -density 100 -font `fc-match -f '%{file[0]}' 'Serif:70'` -pointsize 70 -gravity SouthEast -fill '#00000044' -annotate 0x0+58+108 '09:59' -fill white -annotate 0x0+60+110 '09:59' -font `fc-match -f '%{file[0]}' 'Serif:30'` -pointsize 30 -fill '#00000044' -annotate 0x0+58+58 'Sunday, August 03' -fill white -annotate 0x0+60+60 'Sunday, August 03''
INFO: 2025-08-03 09:59:01,558: build_imagemagick_clock_cmd() 'ImageMagick clock cmd: convert /home/pd0rk1n/.config/variety/wallpaper/wallpaper-auto-rotated-d1be5e85fd20779d1ebf9fcb462d9053.jpg -scale 1920x1080^ -density 100 -font `fc-match -f '%{file[0]}' 'Serif:70'` -pointsize 70 -gravity SouthEast -fill '#00000044' -annotate 0x0+58+108 '09:59' -fill white -annotate 0x0+60+110 '09:59' -font `fc-match -f '%{file[0]}' 'Serif:30'` -pointsize 30 -fill '#00000044' -annotate 0x0+58+58 'Sunday, August 03' -fill white -annotate 0x0+60+60 'Sunday, August 03' /home/pd0rk1n/.config/variety/wallpaper/wallpaper-clock-cb2444066adb29d4476d6b717cfbf2b3.jpg'
INFO: 2025-08-03 09:59:02,540: update_indicator() 'Setting file info to: /home/pd0rk1n/.config/variety/Downloaded/wallhaven_space/wallhaven-83ddr1.jpg'
INFO: 2025-08-03 09:59:02,541: list_files() 'More than 1 files in the folders, stop listing'
INFO: 2025-08-03 10:00:00,510: clock_thread_method() 'clock_thread updates wallpaper'
INFO: 2025-08-03 10:00:00,510: do_set_wp() 'Calling do_set_wp with /home/pd0rk1n/.config/variety/Downloaded/wallhaven_space/wallhaven-83ddr1.jpg, time: 1754229600.510772'
INFO: 2025-08-03 10:00:00,511: apply_auto_rotate() 'ImageMagick auto-rotate cmd: convert /home/pd0rk1n/.config/variety/Downloaded/wallhaven_space/wallhaven-83ddr1.jpg -auto-orient /home/pd0rk1n/.config/variety/wallpaper/wallpaper-auto-rotated-f219d3932940be26c513fbaba244510b.jpg'
INFO: 2025-08-03 10:00:01,580: compute_trimmed_offsets() 'Trimmed offsets debug info: w:1920, h:1080, ratio:1.777778, iw:7680, ih:4320, scw:1920, sch:1080, ho:0, vo:0'
INFO: 2025-08-03 10:00:01,580: build_imagemagick_clock_cmd() 'Applying clock filter: -density 100 -font `fc-match -f '%{file[0]}' 'Serif:70'` -pointsize 70 -gravity SouthEast -fill '#00000044' -annotate 0x0+58+108 '10:00' -fill white -annotate 0x0+60+110 '10:00' -font `fc-match -f '%{file[0]}' 'Serif:30'` -pointsize 30 -fill '#00000044' -annotate 0x0+58+58 'Sunday, August 03' -fill white -annotate 0x0+60+60 'Sunday, August 03''
INFO: 2025-08-03 10:00:01,580: build_imagemagick_clock_cmd() 'ImageMagick clock cmd: convert /home/pd0rk1n/.config/variety/wallpaper/wallpaper-auto-rotated-f219d3932940be26c513fbaba244510b.jpg -scale 1920x1080^ -density 100 -font `fc-match -f '%{file[0]}' 'Serif:70'` -pointsize 70 -gravity SouthEast -fill '#00000044' -annotate 0x0+58+108 '10:00' -fill white -annotate 0x0+60+110 '10:00' -font `fc-match -f '%{file[0]}' 'Serif:30'` -pointsize 30 -fill '#00000044' -annotate 0x0+58+58 'Sunday, August 03' -fill white -annotate 0x0+60+60 'Sunday, August 03' /home/pd0rk1n/.config/variety/wallpaper/wallpaper-clock-0c3dce6cc05fd1c07831df99aa584473.jpg'
INFO: 2025-08-03 10:00:02,545: update_indicator() 'Setting file info to: /home/pd0rk1n/.config/variety/Downloaded/wallhaven_space/wallhaven-83ddr1.jpg'
INFO: 2025-08-03 10:00:02,546: list_files() 'More than 1 files in the folders, stop listing'
INFO: 2025-08-03 10:01:00,517: clock_thread_method() 'clock_thread updates wallpaper'
INFO: 2025-08-03 10:01:00,517: do_set_wp() 'Calling do_set_wp with /home/pd0rk1n/.config/variety/Downloaded/wallhaven_space/wallhaven-83ddr1.jpg, time: 1754229660.5179892'
INFO: 2025-08-03 10:01:00,518: apply_auto_rotate() 'ImageMagick auto-rotate cmd: convert /home/pd0rk1n/.config/variety/Downloaded/wallhaven_space/wallhaven-83ddr1.jpg -auto-orient /home/pd0rk1n/.config/variety/wallpaper/wallpaper-auto-rotated-2189a4749536aab395fa34cf4484df5f.jpg'
INFO: 2025-08-03 10:01:01,559: compute_trimmed_offsets() 'Trimmed offsets debug info: w:1920, h:1080, ratio:1.777778, iw:7680, ih:4320, scw:1920, sch:1080, ho:0, vo:0'
INFO: 2025-08-03 10:01:01,559: build_imagemagick_clock_cmd() 'Applying clock filter: -density 100 -font `fc-match -f '%{file[0]}' 'Serif:70'` -pointsize 70 -gravity SouthEast -fill '#00000044' -annotate 0x0+58+108 '10:01' -fill white -annotate 0x0+60+110 '10:01' -font `fc-match -f '%{file[0]}' 'Serif:30'` -pointsize 30 -fill '#00000044' -annotate 0x0+58+58 'Sunday, August 03' -fill white -annotate 0x0+60+60 'Sunday, August 03''
INFO: 2025-08-03 10:01:01,559: build_imagemagick_clock_cmd() 'ImageMagick clock cmd: convert /home/pd0rk1n/.config/variety/wallpaper/wallpaper-auto-rotated-2189a4749536aab395fa34cf4484df5f.jpg -scale 1920x1080^ -density 100 -font `fc-match -f '%{file[0]}' 'Serif:70'` -pointsize 70 -gravity SouthEast -fill '#00000044' -annotate 0x0+58+108 '10:01' -fill white -annotate 0x0+60+110 '10:01' -font `fc-match -f '%{file[0]}' 'Serif:30'` -pointsize 30 -fill '#00000044' -annotate 0x0+58+58 'Sunday, August 03' -fill white -annotate 0x0+60+60 'Sunday, August 03' /home/pd0rk1n/.config/variety/wallpaper/wallpaper-clock-60f3df71a041dd2cf7e2a4f3145890c5.jpg'
INFO: 2025-08-03 10:01:02,452: update_indicator() 'Setting file info to: /home/pd0rk1n/.config/variety/Downloaded/wallhaven_space/wallhaven-83ddr1.jpg'
INFO: 2025-08-03 10:01:02,453: list_files() 'More than 1 files in the folders, stop listing'
INFO: 2025-08-03 10:02:00,524: clock_thread_method() 'clock_thread updates wallpaper'
INFO: 2025-08-03 10:02:00,524: do_set_wp() 'Calling do_set_wp with /home/pd0rk1n/.config/variety/Downloaded/wallhaven_space/wallhaven-83ddr1.jpg, time: 1754229720.5247924'
INFO: 2025-08-03 10:02:00,525: apply_auto_rotate() 'ImageMagick auto-rotate cmd: convert /home/pd0rk1n/.config/variety/Downloaded/wallhaven_space/wallhaven-83ddr1.jpg -auto-orient /home/pd0rk1n/.config/variety/wallpaper/wallpaper-auto-rotated-bb89c4a81d6c5f91ee56a53f20cd19a2.jpg'
INFO: 2025-08-03 10:02:01,573: compute_trimmed_offsets() 'Trimmed offsets debug info: w:1920, h:1080, ratio:1.777778, iw:7680, ih:4320, scw:1920, sch:1080, ho:0, vo:0'
INFO: 2025-08-03 10:02:01,573: build_imagemagick_clock_cmd() 'Applying clock filter: -density 100 -font `fc-match -f '%{file[0]}' 'Serif:70'` -pointsize 70 -gravity SouthEast -fill '#00000044' -annotate 0x0+58+108 '10:02' -fill white -annotate 0x0+60+110 '10:02' -font `fc-match -f '%{file[0]}' 'Serif:30'` -pointsize 30 -fill '#00000044' -annotate 0x0+58+58 'Sunday, August 03' -fill white -annotate 0x0+60+60 'Sunday, August 03''
INFO: 2025-08-03 10:02:01,573: build_imagemagick_clock_cmd() 'ImageMagick clock cmd: convert /home/pd0rk1n/.config/variety/wallpaper/wallpaper-auto-rotated-bb89c4a81d6c5f91ee56a53f20cd19a2.jpg -scale 1920x1080^ -density 100 -font `fc-match -f '%{file[0]}' 'Serif:70'` -pointsize 70 -gravity SouthEast -fill '#00000044' -annotate 0x0+58+108 '10:02' -fill white -annotate 0x0+60+110 '10:02' -font `fc-match -f '%{file[0]}' 'Serif:30'` -pointsize 30 -fill '#00000044' -annotate 0x0+58+58 'Sunday, August 03' -fill white -annotate 0x0+60+60 'Sunday, August 03' /home/pd0rk1n/.config/variety/wallpaper/wallpaper-clock-475185dc2f3baa2a84810be3377cd8b3.jpg'
INFO: 2025-08-03 10:02:02,448: update_indicator() 'Setting file info to: /home/pd0rk1n/.config/variety/Downloaded/wallhaven_space/wallhaven-83ddr1.jpg'
INFO: 2025-08-03 10:02:02,449: list_files() 'More than 1 files in the folders, stop listing'
INFO: 2025-08-03 10:03:00,531: clock_thread_method() 'clock_thread updates wallpaper'
INFO: 2025-08-03 10:03:00,531: do_set_wp() 'Calling do_set_wp with /home/pd0rk1n/.config/variety/Downloaded/wallhaven_space/wallhaven-83ddr1.jpg, time: 1754229780.5316145'
INFO: 2025-08-03 10:03:00,531: apply_auto_rotate() 'ImageMagick auto-rotate cmd: convert /home/pd0rk1n/.config/variety/Downloaded/wallhaven_space/wallhaven-83ddr1.jpg -auto-orient /home/pd0rk1n/.config/variety/wallpaper/wallpaper-auto-rotated-eec4e1fa6c66831fe28034b11644845e.jpg'
INFO: 2025-08-03 10:03:01,637: compute_trimmed_offsets() 'Trimmed offsets debug info: w:1920, h:1080, ratio:1.777778, iw:7680, ih:4320, scw:1920, sch:1080, ho:0, vo:0'
INFO: 2025-08-03 10:03:01,637: build_imagemagick_clock_cmd() 'Applying clock filter: -density 100 -font `fc-match -f '%{file[0]}' 'Serif:70'` -pointsize 70 -gravity SouthEast -fill '#00000044' -annotate 0x0+58+108 '10:03' -fill white -annotate 0x0+60+110 '10:03' -font `fc-match -f '%{file[0]}' 'Serif:30'` -pointsize 30 -fill '#00000044' -annotate 0x0+58+58 'Sunday, August 03' -fill white -annotate 0x0+60+60 'Sunday, August 03''
INFO: 2025-08-03 10:03:01,637: build_imagemagick_clock_cmd() 'ImageMagick clock cmd: convert /home/pd0rk1n/.config/variety/wallpaper/wallpaper-auto-rotated-eec4e1fa6c66831fe28034b11644845e.jpg -scale 1920x1080^ -density 100 -font `fc-match -f '%{file[0]}' 'Serif:70'` -pointsize 70 -gravity SouthEast -fill '#00000044' -annotate 0x0+58+108 '10:03' -fill white -annotate 0x0+60+110 '10:03' -font `fc-match -f '%{file[0]}' 'Serif:30'` -pointsize 30 -fill '#00000044' -annotate 0x0+58+58 'Sunday, August 03' -fill white -annotate 0x0+60+60 'Sunday, August 03' /home/pd0rk1n/.config/variety/wallpaper/wallpaper-clock-72d3f7f07f459866528ddf5c56e0535c.jpg'
INFO: 2025-08-03 10:03:02,620: update_indicator() 'Setting file info to: /home/pd0rk1n/.config/variety/Downloaded/wallhaven_space/wallhaven-83ddr1.jpg'
INFO: 2025-08-03 10:03:02,621: list_files() 'More than 1 files in the folders, stop listing'
INFO: 2025-08-03 10:04:00,538: clock_thread_method() 'clock_thread updates wallpaper'
INFO: 2025-08-03 10:04:00,538: do_set_wp() 'Calling do_set_wp with /home/pd0rk1n/.config/variety/Downloaded/wallhaven_space/wallhaven-83ddr1.jpg, time: 1754229840.5384247'
INFO: 2025-08-03 10:04:00,538: apply_auto_rotate() 'ImageMagick auto-rotate cmd: convert /home/pd0rk1n/.config/variety/Downloaded/wallhaven_space/wallhaven-83ddr1.jpg -auto-orient /home/pd0rk1n/.config/variety/wallpaper/wallpaper-auto-rotated-a5ed59e89e430432a364fc60197ef70b.jpg'
INFO: 2025-08-03 10:04:01,623: compute_trimmed_offsets() 'Trimmed offsets debug info: w:1920, h:1080, ratio:1.777778, iw:7680, ih:4320, scw:1920, sch:1080, ho:0, vo:0'
INFO: 2025-08-03 10:04:01,623: build_imagemagick_clock_cmd() 'Applying clock filter: -density 100 -font `fc-match -f '%{file[0]}' 'Serif:70'` -pointsize 70 -gravity SouthEast -fill '#00000044' -annotate 0x0+58+108 '10:04' -fill white -annotate 0x0+60+110 '10:04' -font `fc-match -f '%{file[0]}' 'Serif:30'` -pointsize 30 -fill '#00000044' -annotate 0x0+58+58 'Sunday, August 03' -fill white -annotate 0x0+60+60 'Sunday, August 03''
INFO: 2025-08-03 10:04:01,623: build_imagemagick_clock_cmd() 'ImageMagick clock cmd: convert /home/pd0rk1n/.config/variety/wallpaper/wallpaper-auto-rotated-a5ed59e89e430432a364fc60197ef70b.jpg -scale 1920x1080^ -density 100 -font `fc-match -f '%{file[0]}' 'Serif:70'` -pointsize 70 -gravity SouthEast -fill '#00000044' -annotate 0x0+58+108 '10:04' -fill white -annotate 0x0+60+110 '10:04' -font `fc-match -f '%{file[0]}' 'Serif:30'` -pointsize 30 -fill '#00000044' -annotate 0x0+58+58 'Sunday, August 03' -fill white -annotate 0x0+60+60 'Sunday, August 03' /home/pd0rk1n/.config/variety/wallpaper/wallpaper-clock-56b8cebf7eeaefcaf566f1c07a218233.jpg'
INFO: 2025-08-03 10:04:02,570: update_indicator() 'Setting file info to: /home/pd0rk1n/.config/variety/Downloaded/wallhaven_space/wallhaven-83ddr1.jpg'
INFO: 2025-08-03 10:04:02,571: list_files() 'More than 1 files in the folders, stop listing'
INFO: 2025-08-03 10:05:00,545: clock_thread_method() 'clock_thread updates wallpaper'
INFO: 2025-08-03 10:05:00,545: do_set_wp() 'Calling do_set_wp with /home/pd0rk1n/.config/variety/Downloaded/wallhaven_space/wallhaven-83ddr1.jpg, time: 1754229900.5452936'
INFO: 2025-08-03 10:05:00,545: apply_auto_rotate() 'ImageMagick auto-rotate cmd: convert /home/pd0rk1n/.config/variety/Downloaded/wallhaven_space/wallhaven-83ddr1.jpg -auto-orient /home/pd0rk1n/.config/variety/wallpaper/wallpaper-auto-rotated-1acb873afb658a06deeec345f59fedb9.jpg'
INFO: 2025-08-03 10:05:01,558: compute_trimmed_offsets() 'Trimmed offsets debug info: w:1920, h:1080, ratio:1.777778, iw:7680, ih:4320, scw:1920, sch:1080, ho:0, vo:0'
INFO: 2025-08-03 10:05:01,558: build_imagemagick_clock_cmd() 'Applying clock filter: -density 100 -font `fc-match -f '%{file[0]}' 'Serif:70'` -pointsize 70 -gravity SouthEast -fill '#00000044' -annotate 0x0+58+108 '10:05' -fill white -annotate 0x0+60+110 '10:05' -font `fc-match -f '%{file[0]}' 'Serif:30'` -pointsize 30 -fill '#00000044' -annotate 0x0+58+58 'Sunday, August 03' -fill white -annotate 0x0+60+60 'Sunday, August 03''
INFO: 2025-08-03 10:05:01,558: build_imagemagick_clock_cmd() 'ImageMagick clock cmd: convert /home/pd0rk1n/.config/variety/wallpaper/wallpaper-auto-rotated-1acb873afb658a06deeec345f59fedb9.jpg -scale 1920x1080^ -density 100 -font `fc-match -f '%{file[0]}' 'Serif:70'` -pointsize 70 -gravity SouthEast -fill '#00000044' -annotate 0x0+58+108 '10:05' -fill white -annotate 0x0+60+110 '10:05' -font `fc-match -f '%{file[0]}' 'Serif:30'` -pointsize 30 -fill '#00000044' -annotate 0x0+58+58 'Sunday, August 03' -fill white -annotate 0x0+60+60 'Sunday, August 03' /home/pd0rk1n/.config/variety/wallpaper/wallpaper-clock-a8e3359fbc0bfaf1a128a1d5c7f7f7cf.jpg'
INFO: 2025-08-03 10:05:02,431: update_indicator() 'Setting file info to: /home/pd0rk1n/.config/variety/Downloaded/wallhaven_space/wallhaven-83ddr1.jpg'
INFO: 2025-08-03 10:05:02,432: list_files() 'More than 1 files in the folders, stop listing'
INFO: 2025-08-03 10:06:00,551: clock_thread_method() 'clock_thread updates wallpaper'
INFO: 2025-08-03 10:06:00,551: do_set_wp() 'Calling do_set_wp with /home/pd0rk1n/.config/variety/Downloaded/wallhaven_space/wallhaven-83ddr1.jpg, time: 1754229960.5519807'
INFO: 2025-08-03 10:06:00,552: apply_auto_rotate() 'ImageMagick auto-rotate cmd: convert /home/pd0rk1n/.config/variety/Downloaded/wallhaven_space/wallhaven-83ddr1.jpg -auto-orient /home/pd0rk1n/.config/variety/wallpaper/wallpaper-auto-rotated-fe34fb6398ae116cf92f914b952cfa47.jpg'
INFO: 2025-08-03 10:06:01,651: compute_trimmed_offsets() 'Trimmed offsets debug info: w:1920, h:1080, ratio:1.777778, iw:7680, ih:4320, scw:1920, sch:1080, ho:0, vo:0'
INFO: 2025-08-03 10:06:01,651: build_imagemagick_clock_cmd() 'Applying clock filter: -density 100 -font `fc-match -f '%{file[0]}' 'Serif:70'` -pointsize 70 -gravity SouthEast -fill '#00000044' -annotate 0x0+58+108 '10:06' -fill white -annotate 0x0+60+110 '10:06' -font `fc-match -f '%{file[0]}' 'Serif:30'` -pointsize 30 -fill '#00000044' -annotate 0x0+58+58 'Sunday, August 03' -fill white -annotate 0x0+60+60 'Sunday, August 03''
INFO: 2025-08-03 10:06:01,651: build_imagemagick_clock_cmd() 'ImageMagick clock cmd: convert /home/pd0rk1n/.config/variety/wallpaper/wallpaper-auto-rotated-fe34fb6398ae116cf92f914b952cfa47.jpg -scale 1920x1080^ -density 100 -font `fc-match -f '%{file[0]}' 'Serif:70'` -pointsize 70 -gravity SouthEast -fill '#00000044' -annotate 0x0+58+108 '10:06' -fill white -annotate 0x0+60+110 '10:06' -font `fc-match -f '%{file[0]}' 'Serif:30'` -pointsize 30 -fill '#00000044' -annotate 0x0+58+58 'Sunday, August 03' -fill white -annotate 0x0+60+60 'Sunday, August 03' /home/pd0rk1n/.config/variety/wallpaper/wallpaper-clock-928093c45bf5ad69902b46a9a75d0a15.jpg'
INFO: 2025-08-03 10:06:02,609: update_indicator() 'Setting file info to: /home/pd0rk1n/.config/variety/Downloaded/wallhaven_space/wallhaven-83ddr1.jpg'
INFO: 2025-08-03 10:06:02,610: list_files() 'More than 1 files in the folders, stop listing'
INFO: 2025-08-03 10:07:00,558: clock_thread_method() 'clock_thread updates wallpaper'
INFO: 2025-08-03 10:07:00,558: do_set_wp() 'Calling do_set_wp with /home/pd0rk1n/.config/variety/Downloaded/wallhaven_space/wallhaven-83ddr1.jpg, time: 1754230020.5589552'
INFO: 2025-08-03 10:07:00,559: apply_auto_rotate() 'ImageMagick auto-rotate cmd: convert /home/pd0rk1n/.config/variety/Downloaded/wallhaven_space/wallhaven-83ddr1.jpg -auto-orient /home/pd0rk1n/.config/variety/wallpaper/wallpaper-auto-rotated-aa3442669634a83de304e213adc8717b.jpg'
INFO: 2025-08-03 10:07:01,644: compute_trimmed_offsets() 'Trimmed offsets debug info: w:1920, h:1080, ratio:1.777778, iw:7680, ih:4320, scw:1920, sch:1080, ho:0, vo:0'
INFO: 2025-08-03 10:07:01,644: build_imagemagick_clock_cmd() 'Applying clock filter: -density 100 -font `fc-match -f '%{file[0]}' 'Serif:70'` -pointsize 70 -gravity SouthEast -fill '#00000044' -annotate 0x0+58+108 '10:07' -fill white -annotate 0x0+60+110 '10:07' -font `fc-match -f '%{file[0]}' 'Serif:30'` -pointsize 30 -fill '#00000044' -annotate 0x0+58+58 'Sunday, August 03' -fill white -annotate 0x0+60+60 'Sunday, August 03''
INFO: 2025-08-03 10:07:01,645: build_imagemagick_clock_cmd() 'ImageMagick clock cmd: convert /home/pd0rk1n/.config/variety/wallpaper/wallpaper-auto-rotated-aa3442669634a83de304e213adc8717b.jpg -scale 1920x1080^ -density 100 -font `fc-match -f '%{file[0]}' 'Serif:70'` -pointsize 70 -gravity SouthEast -fill '#00000044' -annotate 0x0+58+108 '10:07' -fill white -annotate 0x0+60+110 '10:07' -font `fc-match -f '%{file[0]}' 'Serif:30'` -pointsize 30 -fill '#00000044' -annotate 0x0+58+58 'Sunday, August 03' -fill white -annotate 0x0+60+60 'Sunday, August 03' /home/pd0rk1n/.config/variety/wallpaper/wallpaper-clock-b19f4ab7a50897aca1d8d17760d2dd53.jpg'
INFO: 2025-08-03 10:07:02,606: update_indicator() 'Setting file info to: /home/pd0rk1n/.config/variety/Downloaded/wallhaven_space/wallhaven-83ddr1.jpg'
INFO: 2025-08-03 10:07:02,607: list_files() 'More than 1 files in the folders, stop listing'
INFO: 2025-08-03 10:07:31,062: regular_change_thread() 'regular_change changes wallpaper'
INFO: 2025-08-03 10:07:31,062: set_wallpaper() 'Calling set_wallpaper with /home/pd0rk1n/.config/variety/Downloaded/wallhaven_space/wallhaven-6kj1k7.jpg'
INFO: 2025-08-03 10:07:31,062: prepare_thread() 'Prepared buffer contains 93 images'
INFO: 2025-08-03 10:07:31,064: do_set_wp() 'Calling do_set_wp with /home/pd0rk1n/.config/variety/Downloaded/wallhaven_space/wallhaven-6kj1k7.jpg, time: 1754230051.0642447'
INFO: 2025-08-03 10:07:31,064: apply_auto_rotate() 'ImageMagick auto-rotate cmd: convert /home/pd0rk1n/.config/variety/Downloaded/wallhaven_space/wallhaven-6kj1k7.jpg -auto-orient /home/pd0rk1n/.config/variety/wallpaper/wallpaper-auto-rotated-8f22c940cb17239ff5cc4b0a734eeba0.jpg'
INFO: 2025-08-03 10:07:32,373: compute_trimmed_offsets() 'Trimmed offsets debug info: w:1920, h:1080, ratio:1.777778, iw:6070, ih:3414, scw:1920, sch:1080, ho:0, vo:0'
INFO: 2025-08-03 10:07:32,373: build_imagemagick_clock_cmd() 'Applying clock filter: -density 100 -font `fc-match -f '%{file[0]}' 'Serif:70'` -pointsize 70 -gravity SouthEast -fill '#00000044' -annotate 0x0+58+108 '10:07' -fill white -annotate 0x0+60+110 '10:07' -font `fc-match -f '%{file[0]}' 'Serif:30'` -pointsize 30 -fill '#00000044' -annotate 0x0+58+58 'Sunday, August 03' -fill white -annotate 0x0+60+60 'Sunday, August 03''
INFO: 2025-08-03 10:07:32,373: build_imagemagick_clock_cmd() 'ImageMagick clock cmd: convert /home/pd0rk1n/.config/variety/wallpaper/wallpaper-auto-rotated-8f22c940cb17239ff5cc4b0a734eeba0.jpg -scale 1920x1080^ -density 100 -font `fc-match -f '%{file[0]}' 'Serif:70'` -pointsize 70 -gravity SouthEast -fill '#00000044' -annotate 0x0+58+108 '10:07' -fill white -annotate 0x0+60+110 '10:07' -font `fc-match -f '%{file[0]}' 'Serif:30'` -pointsize 30 -fill '#00000044' -annotate 0x0+58+58 'Sunday, August 03' -fill white -annotate 0x0+60+60 'Sunday, August 03' /home/pd0rk1n/.config/variety/wallpaper/wallpaper-clock-eeef74b79d13bfd3d1ed4fbd81acc0fc.jpg'
INFO: 2025-08-03 10:07:33,063: trigger_download() 'Triggering download thread to check if download needed and possible'
INFO: 2025-08-03 10:07:33,063: get_throttling() 'Wallhaven.cc: parsing serverside options'
INFO: 2025-08-03 10:07:33,063: get_throttling() 'Wallhaven.cc serverside options: {'min_fill_queue_interval': 1800, 'min_download_interval': 1800}'
INFO: 2025-08-03 10:07:33,063: get_throttling() 'Wallhaven.cc: parsing serverside options'
INFO: 2025-08-03 10:07:33,063: get_throttling() 'Wallhaven.cc serverside options: {'min_fill_queue_interval': 1800, 'min_download_interval': 1800}'
INFO: 2025-08-03 10:07:33,063: download_one() 'Wallhaven.cc: Downloading an image, config: space'
INFO: 2025-08-03 10:07:33,063: download_one() 'Wallhaven.cc: Queue size: 10'
INFO: 2025-08-03 10:07:33,063: download_one() 'Wallhaven.cc: Queue populated with 10 URLs'
INFO: 2025-08-03 10:07:33,063: download_queue_item() 'Wallpaper URL: https://wallhaven.cc/w/o5d1zm'
INFO: 2025-08-03 10:07:33,063: download_queue_item() 'Image src URL: https://w.wallhaven.cc/full/o5/wallhaven-o5d1zm.jpg'
INFO: 2025-08-03 10:07:33,064: trigger_download() 'Triggering download thread to check if download needed and possible'
INFO: 2025-08-03 10:07:33,099: update_indicator() 'Setting file info to: /home/pd0rk1n/.config/variety/Downloaded/wallhaven_space/wallhaven-6kj1k7.jpg'
INFO: 2025-08-03 10:07:33,100: list_files() 'More than 1 files in the folders, stop listing'
INFO: 2025-08-03 10:07:33,470: save_locally() 'Origin URL: https://wallhaven.cc/w/o5d1zm'
INFO: 2025-08-03 10:07:33,470: save_locally() 'Image URL: https://w.wallhaven.cc/full/o5/wallhaven-o5d1zm.jpg'
INFO: 2025-08-03 10:07:33,470: save_locally() 'Local path: /home/pd0rk1n/.config/variety/Downloaded/wallhaven_space/wallhaven-o5d1zm.jpg'
INFO: 2025-08-03 10:07:34,433: save_locally() 'Download complete'
INFO: 2025-08-03 10:07:34,434: update_indicator() 'Setting file info to: /home/pd0rk1n/.config/variety/Downloaded/wallhaven_space/wallhaven-83ddr1.jpg'
INFO: 2025-08-03 10:07:34,435: list_files() 'More than 1 files in the folders, stop listing'
INFO: 2025-08-03 10:07:34,435: download_one_from() 'Adding downloaded file /home/pd0rk1n/.config/variety/Downloaded/wallhaven_space/wallhaven-o5d1zm.jpg to unseen_downloads'
INFO: 2025-08-03 10:08:00,565: clock_thread_method() 'clock_thread updates wallpaper'
INFO: 2025-08-03 10:08:00,565: do_set_wp() 'Calling do_set_wp with /home/pd0rk1n/.config/variety/Downloaded/wallhaven_space/wallhaven-6kj1k7.jpg, time: 1754230080.5658994'
INFO: 2025-08-03 10:08:00,566: apply_auto_rotate() 'ImageMagick auto-rotate cmd: convert /home/pd0rk1n/.config/variety/Downloaded/wallhaven_space/wallhaven-6kj1k7.jpg -auto-orient /home/pd0rk1n/.config/variety/wallpaper/wallpaper-auto-rotated-508f0e07897ff04519927f34a29ada10.jpg'
INFO: 2025-08-03 10:08:01,712: compute_trimmed_offsets() 'Trimmed offsets debug info: w:1920, h:1080, ratio:1.777778, iw:6070, ih:3414, scw:1920, sch:1080, ho:0, vo:0'
INFO: 2025-08-03 10:08:01,712: build_imagemagick_clock_cmd() 'Applying clock filter: -density 100 -font `fc-match -f '%{file[0]}' 'Serif:70'` -pointsize 70 -gravity SouthEast -fill '#00000044' -annotate 0x0+58+108 '10:08' -fill white -annotate 0x0+60+110 '10:08' -font `fc-match -f '%{file[0]}' 'Serif:30'` -pointsize 30 -fill '#00000044' -annotate 0x0+58+58 'Sunday, August 03' -fill white -annotate 0x0+60+60 'Sunday, August 03''
INFO: 2025-08-03 10:08:01,712: build_imagemagick_clock_cmd() 'ImageMagick clock cmd: convert /home/pd0rk1n/.config/variety/wallpaper/wallpaper-auto-rotated-508f0e07897ff04519927f34a29ada10.jpg -scale 1920x1080^ -density 100 -font `fc-match -f '%{file[0]}' 'Serif:70'` -pointsize 70 -gravity SouthEast -fill '#00000044' -annotate 0x0+58+108 '10:08' -fill white -annotate 0x0+60+110 '10:08' -font `fc-match -f '%{file[0]}' 'Serif:30'` -pointsize 30 -fill '#00000044' -annotate 0x0+58+58 'Sunday, August 03' -fill white -annotate 0x0+60+60 'Sunday, August 03' /home/pd0rk1n/.config/variety/wallpaper/wallpaper-clock-f3cc1095df36c9ce5648097e9acc2897.jpg'
INFO: 2025-08-03 10:08:02,438: update_indicator() 'Setting file info to: /home/pd0rk1n/.config/variety/Downloaded/wallhaven_space/wallhaven-6kj1k7.jpg'
INFO: 2025-08-03 10:08:02,439: list_files() 'More than 1 files in the folders, stop listing'
INFO: 2025-08-03 10:09:00,572: clock_thread_method() 'clock_thread updates wallpaper'
INFO: 2025-08-03 10:09:00,572: do_set_wp() 'Calling do_set_wp with /home/pd0rk1n/.config/variety/Downloaded/wallhaven_space/wallhaven-6kj1k7.jpg, time: 1754230140.5727189'
INFO: 2025-08-03 10:09:00,572: apply_auto_rotate() 'ImageMagick auto-rotate cmd: convert /home/pd0rk1n/.config/variety/Downloaded/wallhaven_space/wallhaven-6kj1k7.jpg -auto-orient /home/pd0rk1n/.config/variety/wallpaper/wallpaper-auto-rotated-ea18ffa51599db071287098f9bf727ff.jpg'
INFO: 2025-08-03 10:09:01,719: compute_trimmed_offsets() 'Trimmed offsets debug info: w:1920, h:1080, ratio:1.777778, iw:6070, ih:3414, scw:1920, sch:1080, ho:0, vo:0'
INFO: 2025-08-03 10:09:01,719: build_imagemagick_clock_cmd() 'Applying clock filter: -density 100 -font `fc-match -f '%{file[0]}' 'Serif:70'` -pointsize 70 -gravity SouthEast -fill '#00000044' -annotate 0x0+58+108 '10:09' -fill white -annotate 0x0+60+110 '10:09' -font `fc-match -f '%{file[0]}' 'Serif:30'` -pointsize 30 -fill '#00000044' -annotate 0x0+58+58 'Sunday, August 03' -fill white -annotate 0x0+60+60 'Sunday, August 03''
INFO: 2025-08-03 10:09:01,719: build_imagemagick_clock_cmd() 'ImageMagick clock cmd: convert /home/pd0rk1n/.config/variety/wallpaper/wallpaper-auto-rotated-ea18ffa51599db071287098f9bf727ff.jpg -scale 1920x1080^ -density 100 -font `fc-match -f '%{file[0]}' 'Serif:70'` -pointsize 70 -gravity SouthEast -fill '#00000044' -annotate 0x0+58+108 '10:09' -fill white -annotate 0x0+60+110 '10:09' -font `fc-match -f '%{file[0]}' 'Serif:30'` -pointsize 30 -fill '#00000044' -annotate 0x0+58+58 'Sunday, August 03' -fill white -annotate 0x0+60+60 'Sunday, August 03' /home/pd0rk1n/.config/variety/wallpaper/wallpaper-clock-f55088e7eb703e352ff928d019f7e483.jpg'
INFO: 2025-08-03 10:09:02,497: update_indicator() 'Setting file info to: /home/pd0rk1n/.config/variety/Downloaded/wallhaven_space/wallhaven-6kj1k7.jpg'
INFO: 2025-08-03 10:09:02,498: list_files() 'More than 1 files in the folders, stop listing'
INFO: 2025-08-03 10:10:00,579: clock_thread_method() 'clock_thread updates wallpaper'
INFO: 2025-08-03 10:10:00,579: do_set_wp() 'Calling do_set_wp with /home/pd0rk1n/.config/variety/Downloaded/wallhaven_space/wallhaven-6kj1k7.jpg, time: 1754230200.579744'
INFO: 2025-08-03 10:10:00,579: apply_auto_rotate() 'ImageMagick auto-rotate cmd: convert /home/pd0rk1n/.config/variety/Downloaded/wallhaven_space/wallhaven-6kj1k7.jpg -auto-orient /home/pd0rk1n/.config/variety/wallpaper/wallpaper-auto-rotated-25b145abe0ce13391aea0ce8dfbb1bcf.jpg'
INFO: 2025-08-03 10:10:01,719: compute_trimmed_offsets() 'Trimmed offsets debug info: w:1920, h:1080, ratio:1.777778, iw:6070, ih:3414, scw:1920, sch:1080, ho:0, vo:0'
INFO: 2025-08-03 10:10:01,719: build_imagemagick_clock_cmd() 'Applying clock filter: -density 100 -font `fc-match -f '%{file[0]}' 'Serif:70'` -pointsize 70 -gravity SouthEast -fill '#00000044' -annotate 0x0+58+108 '10:10' -fill white -annotate 0x0+60+110 '10:10' -font `fc-match -f '%{file[0]}' 'Serif:30'` -pointsize 30 -fill '#00000044' -annotate 0x0+58+58 'Sunday, August 03' -fill white -annotate 0x0+60+60 'Sunday, August 03''
INFO: 2025-08-03 10:10:01,719: build_imagemagick_clock_cmd() 'ImageMagick clock cmd: convert /home/pd0rk1n/.config/variety/wallpaper/wallpaper-auto-rotated-25b145abe0ce13391aea0ce8dfbb1bcf.jpg -scale 1920x1080^ -density 100 -font `fc-match -f '%{file[0]}' 'Serif:70'` -pointsize 70 -gravity SouthEast -fill '#00000044' -annotate 0x0+58+108 '10:10' -fill white -annotate 0x0+60+110 '10:10' -font `fc-match -f '%{file[0]}' 'Serif:30'` -pointsize 30 -fill '#00000044' -annotate 0x0+58+58 'Sunday, August 03' -fill white -annotate 0x0+60+60 'Sunday, August 03' /home/pd0rk1n/.config/variety/wallpaper/wallpaper-clock-939aeec34c66d89f09cb3e39cb02908f.jpg'
INFO: 2025-08-03 10:10:02,443: update_indicator() 'Setting file info to: /home/pd0rk1n/.config/variety/Downloaded/wallhaven_space/wallhaven-6kj1k7.jpg'
INFO: 2025-08-03 10:10:02,444: list_files() 'More than 1 files in the folders, stop listing'
INFO: 2025-08-03 10:11:00,586: clock_thread_method() 'clock_thread updates wallpaper'
INFO: 2025-08-03 10:11:00,586: do_set_wp() 'Calling do_set_wp with /home/pd0rk1n/.config/variety/Downloaded/wallhaven_space/wallhaven-6kj1k7.jpg, time: 1754230260.586657'
INFO: 2025-08-03 10:11:00,586: apply_auto_rotate() 'ImageMagick auto-rotate cmd: convert /home/pd0rk1n/.config/variety/Downloaded/wallhaven_space/wallhaven-6kj1k7.jpg -auto-orient /home/pd0rk1n/.config/variety/wallpaper/wallpaper-auto-rotated-263e776e11ed80bd7bc89c0e945ad3b4.jpg'
INFO: 2025-08-03 10:11:01,754: compute_trimmed_offsets() 'Trimmed offsets debug info: w:1920, h:1080, ratio:1.777778, iw:6070, ih:3414, scw:1920, sch:1080, ho:0, vo:0'
INFO: 2025-08-03 10:11:01,754: build_imagemagick_clock_cmd() 'Applying clock filter: -density 100 -font `fc-match -f '%{file[0]}' 'Serif:70'` -pointsize 70 -gravity SouthEast -fill '#00000044' -annotate 0x0+58+108 '10:11' -fill white -annotate 0x0+60+110 '10:11' -font `fc-match -f '%{file[0]}' 'Serif:30'` -pointsize 30 -fill '#00000044' -annotate 0x0+58+58 'Sunday, August 03' -fill white -annotate 0x0+60+60 'Sunday, August 03''
INFO: 2025-08-03 10:11:01,754: build_imagemagick_clock_cmd() 'ImageMagick clock cmd: convert /home/pd0rk1n/.config/variety/wallpaper/wallpaper-auto-rotated-263e776e11ed80bd7bc89c0e945ad3b4.jpg -scale 1920x1080^ -density 100 -font `fc-match -f '%{file[0]}' 'Serif:70'` -pointsize 70 -gravity SouthEast -fill '#00000044' -annotate 0x0+58+108 '10:11' -fill white -annotate 0x0+60+110 '10:11' -font `fc-match -f '%{file[0]}' 'Serif:30'` -pointsize 30 -fill '#00000044' -annotate 0x0+58+58 'Sunday, August 03' -fill white -annotate 0x0+60+60 'Sunday, August 03' /home/pd0rk1n/.config/variety/wallpaper/wallpaper-clock-7575df30a66e813bd49b6b2e51d70c34.jpg'
INFO: 2025-08-03 10:11:02,480: update_indicator() 'Setting file info to: /home/pd0rk1n/.config/variety/Downloaded/wallhaven_space/wallhaven-6kj1k7.jpg'
INFO: 2025-08-03 10:11:02,481: list_files() 'More than 1 files in the folders, stop listing'
INFO: 2025-08-03 10:12:00,594: clock_thread_method() 'clock_thread updates wallpaper'
INFO: 2025-08-03 10:12:00,594: do_set_wp() 'Calling do_set_wp with /home/pd0rk1n/.config/variety/Downloaded/wallhaven_space/wallhaven-6kj1k7.jpg, time: 1754230320.5945354'
INFO: 2025-08-03 10:12:00,594: apply_auto_rotate() 'ImageMagick auto-rotate cmd: convert /home/pd0rk1n/.config/variety/Downloaded/wallhaven_space/wallhaven-6kj1k7.jpg -auto-orient /home/pd0rk1n/.config/variety/wallpaper/wallpaper-auto-rotated-3956d9fa6ce7e50d0723ee9aba2bd142.jpg'
INFO: 2025-08-03 10:12:01,750: compute_trimmed_offsets() 'Trimmed offsets debug info: w:1920, h:1080, ratio:1.777778, iw:6070, ih:3414, scw:1920, sch:1080, ho:0, vo:0'
INFO: 2025-08-03 10:12:01,750: build_imagemagick_clock_cmd() 'Applying clock filter: -density 100 -font `fc-match -f '%{file[0]}' 'Serif:70'` -pointsize 70 -gravity SouthEast -fill '#00000044' -annotate 0x0+58+108 '10:12' -fill white -annotate 0x0+60+110 '10:12' -font `fc-match -f '%{file[0]}' 'Serif:30'` -pointsize 30 -fill '#00000044' -annotate 0x0+58+58 'Sunday, August 03' -fill white -annotate 0x0+60+60 'Sunday, August 03''
INFO: 2025-08-03 10:12:01,750: build_imagemagick_clock_cmd() 'ImageMagick clock cmd: convert /home/pd0rk1n/.config/variety/wallpaper/wallpaper-auto-rotated-3956d9fa6ce7e50d0723ee9aba2bd142.jpg -scale 1920x1080^ -density 100 -font `fc-match -f '%{file[0]}' 'Serif:70'` -pointsize 70 -gravity SouthEast -fill '#00000044' -annotate 0x0+58+108 '10:12' -fill white -annotate 0x0+60+110 '10:12' -font `fc-match -f '%{file[0]}' 'Serif:30'` -pointsize 30 -fill '#00000044' -annotate 0x0+58+58 'Sunday, August 03' -fill white -annotate 0x0+60+60 'Sunday, August 03' /home/pd0rk1n/.config/variety/wallpaper/wallpaper-clock-73fca77068d74115989c04ab8732a14c.jpg'
INFO: 2025-08-03 10:12:02,475: update_indicator() 'Setting file info to: /home/pd0rk1n/.config/variety/Downloaded/wallhaven_space/wallhaven-6kj1k7.jpg'
INFO: 2025-08-03 10:12:02,476: list_files() 'More than 1 files in the folders, stop listing'
INFO: 2025-08-03 10:13:00,603: clock_thread_method() 'clock_thread updates wallpaper'
INFO: 2025-08-03 10:13:00,604: do_set_wp() 'Calling do_set_wp with /home/pd0rk1n/.config/variety/Downloaded/wallhaven_space/wallhaven-6kj1k7.jpg, time: 1754230380.604186'
INFO: 2025-08-03 10:13:00,604: apply_auto_rotate() 'ImageMagick auto-rotate cmd: convert /home/pd0rk1n/.config/variety/Downloaded/wallhaven_space/wallhaven-6kj1k7.jpg -auto-orient /home/pd0rk1n/.config/variety/wallpaper/wallpaper-auto-rotated-7aed5028f0509e3732777855ead20830.jpg'
INFO: 2025-08-03 10:13:01,742: compute_trimmed_offsets() 'Trimmed offsets debug info: w:1920, h:1080, ratio:1.777778, iw:6070, ih:3414, scw:1920, sch:1080, ho:0, vo:0'
INFO: 2025-08-03 10:13:01,742: build_imagemagick_clock_cmd() 'Applying clock filter: -density 100 -font `fc-match -f '%{file[0]}' 'Serif:70'` -pointsize 70 -gravity SouthEast -fill '#00000044' -annotate 0x0+58+108 '10:13' -fill white -annotate 0x0+60+110 '10:13' -font `fc-match -f '%{file[0]}' 'Serif:30'` -pointsize 30 -fill '#00000044' -annotate 0x0+58+58 'Sunday, August 03' -fill white -annotate 0x0+60+60 'Sunday, August 03''
INFO: 2025-08-03 10:13:01,742: build_imagemagick_clock_cmd() 'ImageMagick clock cmd: convert /home/pd0rk1n/.config/variety/wallpaper/wallpaper-auto-rotated-7aed5028f0509e3732777855ead20830.jpg -scale 1920x1080^ -density 100 -font `fc-match -f '%{file[0]}' 'Serif:70'` -pointsize 70 -gravity SouthEast -fill '#00000044' -annotate 0x0+58+108 '10:13' -fill white -annotate 0x0+60+110 '10:13' -font `fc-match -f '%{file[0]}' 'Serif:30'` -pointsize 30 -fill '#00000044' -annotate 0x0+58+58 'Sunday, August 03' -fill white -annotate 0x0+60+60 'Sunday, August 03' /home/pd0rk1n/.config/variety/wallpaper/wallpaper-clock-c9cc937d140df0354c1a7f7041f55fee.jpg'
INFO: 2025-08-03 10:13:02,468: update_indicator() 'Setting file info to: /home/pd0rk1n/.config/variety/Downloaded/wallhaven_space/wallhaven-6kj1k7.jpg'
INFO: 2025-08-03 10:13:02,469: list_files() 'More than 1 files in the folders, stop listing'
INFO: 2025-08-03 10:14:00,613: clock_thread_method() 'clock_thread updates wallpaper'
INFO: 2025-08-03 10:14:00,613: do_set_wp() 'Calling do_set_wp with /home/pd0rk1n/.config/variety/Downloaded/wallhaven_space/wallhaven-6kj1k7.jpg, time: 1754230440.613349'
INFO: 2025-08-03 10:14:00,613: apply_auto_rotate() 'ImageMagick auto-rotate cmd: convert /home/pd0rk1n/.config/variety/Downloaded/wallhaven_space/wallhaven-6kj1k7.jpg -auto-orient /home/pd0rk1n/.config/variety/wallpaper/wallpaper-auto-rotated-177e5f4204d8236511318f3ca00a4b9d.jpg'
INFO: 2025-08-03 10:14:01,750: compute_trimmed_offsets() 'Trimmed offsets debug info: w:1920, h:1080, ratio:1.777778, iw:6070, ih:3414, scw:1920, sch:1080, ho:0, vo:0'
INFO: 2025-08-03 10:14:01,750: build_imagemagick_clock_cmd() 'Applying clock filter: -density 100 -font `fc-match -f '%{file[0]}' 'Serif:70'` -pointsize 70 -gravity SouthEast -fill '#00000044' -annotate 0x0+58+108 '10:14' -fill white -annotate 0x0+60+110 '10:14' -font `fc-match -f '%{file[0]}' 'Serif:30'` -pointsize 30 -fill '#00000044' -annotate 0x0+58+58 'Sunday, August 03' -fill white -annotate 0x0+60+60 'Sunday, August 03''
INFO: 2025-08-03 10:14:01,750: build_imagemagick_clock_cmd() 'ImageMagick clock cmd: convert /home/pd0rk1n/.config/variety/wallpaper/wallpaper-auto-rotated-177e5f4204d8236511318f3ca00a4b9d.jpg -scale 1920x1080^ -density 100 -font `fc-match -f '%{file[0]}' 'Serif:70'` -pointsize 70 -gravity SouthEast -fill '#00000044' -annotate 0x0+58+108 '10:14' -fill white -annotate 0x0+60+110 '10:14' -font `fc-match -f '%{file[0]}' 'Serif:30'` -pointsize 30 -fill '#00000044' -annotate 0x0+58+58 'Sunday, August 03' -fill white -annotate 0x0+60+60 'Sunday, August 03' /home/pd0rk1n/.config/variety/wallpaper/wallpaper-clock-02bcd900b7b3aaddf0c7b0c1053e7162.jpg'
INFO: 2025-08-03 10:14:02,475: update_indicator() 'Setting file info to: /home/pd0rk1n/.config/variety/Downloaded/wallhaven_space/wallhaven-6kj1k7.jpg'
INFO: 2025-08-03 10:14:02,476: list_files() 'More than 1 files in the folders, stop listing'
INFO: 2025-08-03 10:15:00,621: clock_thread_method() 'clock_thread updates wallpaper'
INFO: 2025-08-03 10:15:00,621: do_set_wp() 'Calling do_set_wp with /home/pd0rk1n/.config/variety/Downloaded/wallhaven_space/wallhaven-6kj1k7.jpg, time: 1754230500.621829'
INFO: 2025-08-03 10:15:00,622: apply_auto_rotate() 'ImageMagick auto-rotate cmd: convert /home/pd0rk1n/.config/variety/Downloaded/wallhaven_space/wallhaven-6kj1k7.jpg -auto-orient /home/pd0rk1n/.config/variety/wallpaper/wallpaper-auto-rotated-81b84a1b4c9d826388553a33a35e790e.jpg'
INFO: 2025-08-03 10:15:01,812: compute_trimmed_offsets() 'Trimmed offsets debug info: w:1920, h:1080, ratio:1.777778, iw:6070, ih:3414, scw:1920, sch:1080, ho:0, vo:0'
INFO: 2025-08-03 10:15:01,812: build_imagemagick_clock_cmd() 'Applying clock filter: -density 100 -font `fc-match -f '%{file[0]}' 'Serif:70'` -pointsize 70 -gravity SouthEast -fill '#00000044' -annotate 0x0+58+108 '10:15' -fill white -annotate 0x0+60+110 '10:15' -font `fc-match -f '%{file[0]}' 'Serif:30'` -pointsize 30 -fill '#00000044' -annotate 0x0+58+58 'Sunday, August 03' -fill white -annotate 0x0+60+60 'Sunday, August 03''
INFO: 2025-08-03 10:15:01,812: build_imagemagick_clock_cmd() 'ImageMagick clock cmd: convert /home/pd0rk1n/.config/variety/wallpaper/wallpaper-auto-rotated-81b84a1b4c9d826388553a33a35e790e.jpg -scale 1920x1080^ -density 100 -font `fc-match -f '%{file[0]}' 'Serif:70'` -pointsize 70 -gravity SouthEast -fill '#00000044' -annotate 0x0+58+108 '10:15' -fill white -annotate 0x0+60+110 '10:15' -font `fc-match -f '%{file[0]}' 'Serif:30'` -pointsize 30 -fill '#00000044' -annotate 0x0+58+58 'Sunday, August 03' -fill white -annotate 0x0+60+60 'Sunday, August 03' /home/pd0rk1n/.config/variety/wallpaper/wallpaper-clock-8578076c2c75ad2f577c56df18413b30.jpg'
INFO: 2025-08-03 10:15:02,541: update_indicator() 'Setting file info to: /home/pd0rk1n/.config/variety/Downloaded/wallhaven_space/wallhaven-6kj1k7.jpg'
INFO: 2025-08-03 10:15:02,542: list_files() 'More than 1 files in the folders, stop listing'
INFO: 2025-08-03 10:16:00,629: clock_thread_method() 'clock_thread updates wallpaper'
INFO: 2025-08-03 10:16:00,629: do_set_wp() 'Calling do_set_wp with /home/pd0rk1n/.config/variety/Downloaded/wallhaven_space/wallhaven-6kj1k7.jpg, time: 1754230560.629527'
INFO: 2025-08-03 10:16:00,629: apply_auto_rotate() 'ImageMagick auto-rotate cmd: convert /home/pd0rk1n/.config/variety/Downloaded/wallhaven_space/wallhaven-6kj1k7.jpg -auto-orient /home/pd0rk1n/.config/variety/wallpaper/wallpaper-auto-rotated-d5f70d90aaa0f9fbe47fa1f308cb01a3.jpg'
INFO: 2025-08-03 10:16:01,810: compute_trimmed_offsets() 'Trimmed offsets debug info: w:1920, h:1080, ratio:1.777778, iw:6070, ih:3414, scw:1920, sch:1080, ho:0, vo:0'
INFO: 2025-08-03 10:16:01,810: build_imagemagick_clock_cmd() 'Applying clock filter: -density 100 -font `fc-match -f '%{file[0]}' 'Serif:70'` -pointsize 70 -gravity SouthEast -fill '#00000044' -annotate 0x0+58+108 '10:16' -fill white -annotate 0x0+60+110 '10:16' -font `fc-match -f '%{file[0]}' 'Serif:30'` -pointsize 30 -fill '#00000044' -annotate 0x0+58+58 'Sunday, August 03' -fill white -annotate 0x0+60+60 'Sunday, August 03''
INFO: 2025-08-03 10:16:01,810: build_imagemagick_clock_cmd() 'ImageMagick clock cmd: convert /home/pd0rk1n/.config/variety/wallpaper/wallpaper-auto-rotated-d5f70d90aaa0f9fbe47fa1f308cb01a3.jpg -scale 1920x1080^ -density 100 -font `fc-match -f '%{file[0]}' 'Serif:70'` -pointsize 70 -gravity SouthEast -fill '#00000044' -annotate 0x0+58+108 '10:16' -fill white -annotate 0x0+60+110 '10:16' -font `fc-match -f '%{file[0]}' 'Serif:30'` -pointsize 30 -fill '#00000044' -annotate 0x0+58+58 'Sunday, August 03' -fill white -annotate 0x0+60+60 'Sunday, August 03' /home/pd0rk1n/.config/variety/wallpaper/wallpaper-clock-d946bb2759e922465a09f3e9be7303ff.jpg'
INFO: 2025-08-03 10:16:02,538: update_indicator() 'Setting file info to: /home/pd0rk1n/.config/variety/Downloaded/wallhaven_space/wallhaven-6kj1k7.jpg'
INFO: 2025-08-03 10:16:02,539: list_files() 'More than 1 files in the folders, stop listing'
INFO: 2025-08-03 10:17:00,637: clock_thread_method() 'clock_thread updates wallpaper'
INFO: 2025-08-03 10:17:00,637: do_set_wp() 'Calling do_set_wp with /home/pd0rk1n/.config/variety/Downloaded/wallhaven_space/wallhaven-6kj1k7.jpg, time: 1754230620.6379151'
INFO: 2025-08-03 10:17:00,638: apply_auto_rotate() 'ImageMagick auto-rotate cmd: convert /home/pd0rk1n/.config/variety/Downloaded/wallhaven_space/wallhaven-6kj1k7.jpg -auto-orient /home/pd0rk1n/.config/variety/wallpaper/wallpaper-auto-rotated-48a0a7f3c7d2719f2506f83e2eb76dae.jpg'
INFO: 2025-08-03 10:17:01,783: compute_trimmed_offsets() 'Trimmed offsets debug info: w:1920, h:1080, ratio:1.777778, iw:6070, ih:3414, scw:1920, sch:1080, ho:0, vo:0'
INFO: 2025-08-03 10:17:01,783: build_imagemagick_clock_cmd() 'Applying clock filter: -density 100 -font `fc-match -f '%{file[0]}' 'Serif:70'` -pointsize 70 -gravity SouthEast -fill '#00000044' -annotate 0x0+58+108 '10:17' -fill white -annotate 0x0+60+110 '10:17' -font `fc-match -f '%{file[0]}' 'Serif:30'` -pointsize 30 -fill '#00000044' -annotate 0x0+58+58 'Sunday, August 03' -fill white -annotate 0x0+60+60 'Sunday, August 03''
INFO: 2025-08-03 10:17:01,783: build_imagemagick_clock_cmd() 'ImageMagick clock cmd: convert /home/pd0rk1n/.config/variety/wallpaper/wallpaper-auto-rotated-48a0a7f3c7d2719f2506f83e2eb76dae.jpg -scale 1920x1080^ -density 100 -font `fc-match -f '%{file[0]}' 'Serif:70'` -pointsize 70 -gravity SouthEast -fill '#00000044' -annotate 0x0+58+108 '10:17' -fill white -annotate 0x0+60+110 '10:17' -font `fc-match -f '%{file[0]}' 'Serif:30'` -pointsize 30 -fill '#00000044' -annotate 0x0+58+58 'Sunday, August 03' -fill white -annotate 0x0+60+60 'Sunday, August 03' /home/pd0rk1n/.config/variety/wallpaper/wallpaper-clock-71caf31f95800c51301c5b7c5f33c771.jpg'
INFO: 2025-08-03 10:17:02,653: update_indicator() 'Setting file info to: /home/pd0rk1n/.config/variety/Downloaded/wallhaven_space/wallhaven-6kj1k7.jpg'
INFO: 2025-08-03 10:17:02,654: list_files() 'More than 1 files in the folders, stop listing'
INFO: 2025-08-03 10:17:36,368: regular_change_thread() 'regular_change changes wallpaper'
INFO: 2025-08-03 10:17:36,368: set_wallpaper() 'Calling set_wallpaper with /home/pd0rk1n/.config/variety/Downloaded/wallhaven_space/wallhaven-49reld.jpg'
INFO: 2025-08-03 10:17:36,368: prepare_thread() 'Prepared buffer contains 93 images'
INFO: 2025-08-03 10:17:36,370: do_set_wp() 'Calling do_set_wp with /home/pd0rk1n/.config/variety/Downloaded/wallhaven_space/wallhaven-49reld.jpg, time: 1754230656.370312'
INFO: 2025-08-03 10:17:36,370: apply_auto_rotate() 'ImageMagick auto-rotate cmd: convert /home/pd0rk1n/.config/variety/Downloaded/wallhaven_space/wallhaven-49reld.jpg -auto-orient /home/pd0rk1n/.config/variety/wallpaper/wallpaper-auto-rotated-f2c251c72137628ce7f6acf5113b4c52.jpg'
INFO: 2025-08-03 10:17:36,469: compute_trimmed_offsets() 'Trimmed offsets debug info: w:1920, h:1080, ratio:1.777778, iw:2560, ih:1600, scw:1920, sch:1200, ho:0, vo:60'
INFO: 2025-08-03 10:17:36,469: build_imagemagick_clock_cmd() 'Applying clock filter: -density 100 -font `fc-match -f '%{file[0]}' 'Serif:70'` -pointsize 70 -gravity SouthEast -fill '#00000044' -annotate 0x0+58+168 '10:17' -fill white -annotate 0x0+60+170 '10:17' -font `fc-match -f '%{file[0]}' 'Serif:30'` -pointsize 30 -fill '#00000044' -annotate 0x0+58+118 'Sunday, August 03' -fill white -annotate 0x0+60+120 'Sunday, August 03''
INFO: 2025-08-03 10:17:36,469: build_imagemagick_clock_cmd() 'ImageMagick clock cmd: convert /home/pd0rk1n/.config/variety/wallpaper/wallpaper-auto-rotated-f2c251c72137628ce7f6acf5113b4c52.jpg -scale 1920x1080^ -density 100 -font `fc-match -f '%{file[0]}' 'Serif:70'` -pointsize 70 -gravity SouthEast -fill '#00000044' -annotate 0x0+58+168 '10:17' -fill white -annotate 0x0+60+170 '10:17' -font `fc-match -f '%{file[0]}' 'Serif:30'` -pointsize 30 -fill '#00000044' -annotate 0x0+58+118 'Sunday, August 03' -fill white -annotate 0x0+60+120 'Sunday, August 03' /home/pd0rk1n/.config/variety/wallpaper/wallpaper-clock-a4ef33f30a3633b1b0ff22dab4a8a6b4.jpg'
INFO: 2025-08-03 10:17:36,742: update_indicator() 'Setting file info to: /home/pd0rk1n/.config/variety/Downloaded/wallhaven_space/wallhaven-49reld.jpg'
INFO: 2025-08-03 10:17:36,743: list_files() 'More than 1 files in the folders, stop listing'
INFO: 2025-08-03 10:17:38,369: trigger_download() 'Triggering download thread to check if download needed and possible'
INFO: 2025-08-03 10:17:38,370: trigger_download() 'Triggering download thread to check if download needed and possible'
INFO: 2025-08-03 10:17:38,370: get_throttling() 'Wallhaven.cc: parsing serverside options'
INFO: 2025-08-03 10:17:38,370: get_throttling() 'Wallhaven.cc serverside options: {'min_fill_queue_interval': 1800, 'min_download_interval': 1800}'
INFO: 2025-08-03 10:17:38,370: get_throttling() 'Wallhaven.cc: parsing serverside options'
INFO: 2025-08-03 10:17:38,370: get_throttling() 'Wallhaven.cc serverside options: {'min_fill_queue_interval': 1800, 'min_download_interval': 1800}'
INFO: 2025-08-03 10:17:38,370: download_one() 'Wallhaven.cc: Downloading an image, config: space'
INFO: 2025-08-03 10:17:38,370: download_one() 'Wallhaven.cc: Queue size: 9'
INFO: 2025-08-03 10:17:38,370: download_one() 'Wallhaven.cc: Queue populated with 9 URLs'
INFO: 2025-08-03 10:17:38,370: download_queue_item() 'Wallpaper URL: https://wallhaven.cc/w/k7orj7'
INFO: 2025-08-03 10:17:38,370: download_queue_item() 'Image src URL: https://w.wallhaven.cc/full/k7/wallhaven-k7orj7.png'
INFO: 2025-08-03 10:17:38,498: save_locally() 'Origin URL: https://wallhaven.cc/w/k7orj7'
INFO: 2025-08-03 10:17:38,498: save_locally() 'Image URL: https://w.wallhaven.cc/full/k7/wallhaven-k7orj7.png'
INFO: 2025-08-03 10:17:38,498: save_locally() 'Local path: /home/pd0rk1n/.config/variety/Downloaded/wallhaven_space/wallhaven-k7orj7.png'
INFO: 2025-08-03 10:17:38,895: save_locally() 'Download complete'
INFO: 2025-08-03 10:17:38,895: update_indicator() 'Setting file info to: /home/pd0rk1n/.config/variety/Downloaded/wallhaven_space/wallhaven-6kj1k7.jpg'
INFO: 2025-08-03 10:17:38,896: list_files() 'More than 1 files in the folders, stop listing'
INFO: 2025-08-03 10:17:38,897: download_one_from() 'Adding downloaded file /home/pd0rk1n/.config/variety/Downloaded/wallhaven_space/wallhaven-k7orj7.png to unseen_downloads'
INFO: 2025-08-03 10:18:00,645: clock_thread_method() 'clock_thread updates wallpaper'
INFO: 2025-08-03 10:18:00,646: do_set_wp() 'Calling do_set_wp with /home/pd0rk1n/.config/variety/Downloaded/wallhaven_space/wallhaven-49reld.jpg, time: 1754230680.6461747'
INFO: 2025-08-03 10:18:00,646: apply_auto_rotate() 'ImageMagick auto-rotate cmd: convert /home/pd0rk1n/.config/variety/Downloaded/wallhaven_space/wallhaven-49reld.jpg -auto-orient /home/pd0rk1n/.config/variety/wallpaper/wallpaper-auto-rotated-9f6265cc42aa027b8bab629315bfd77b.jpg'
INFO: 2025-08-03 10:18:00,744: compute_trimmed_offsets() 'Trimmed offsets debug info: w:1920, h:1080, ratio:1.777778, iw:2560, ih:1600, scw:1920, sch:1200, ho:0, vo:60'
INFO: 2025-08-03 10:18:00,744: build_imagemagick_clock_cmd() 'Applying clock filter: -density 100 -font `fc-match -f '%{file[0]}' 'Serif:70'` -pointsize 70 -gravity SouthEast -fill '#00000044' -annotate 0x0+58+168 '10:18' -fill white -annotate 0x0+60+170 '10:18' -font `fc-match -f '%{file[0]}' 'Serif:30'` -pointsize 30 -fill '#00000044' -annotate 0x0+58+118 'Sunday, August 03' -fill white -annotate 0x0+60+120 'Sunday, August 03''
INFO: 2025-08-03 10:18:00,744: build_imagemagick_clock_cmd() 'ImageMagick clock cmd: convert /home/pd0rk1n/.config/variety/wallpaper/wallpaper-auto-rotated-9f6265cc42aa027b8bab629315bfd77b.jpg -scale 1920x1080^ -density 100 -font `fc-match -f '%{file[0]}' 'Serif:70'` -pointsize 70 -gravity SouthEast -fill '#00000044' -annotate 0x0+58+168 '10:18' -fill white -annotate 0x0+60+170 '10:18' -font `fc-match -f '%{file[0]}' 'Serif:30'` -pointsize 30 -fill '#00000044' -annotate 0x0+58+118 'Sunday, August 03' -fill white -annotate 0x0+60+120 'Sunday, August 03' /home/pd0rk1n/.config/variety/wallpaper/wallpaper-clock-9cfddf85e2baeec88c46dc351107c264.jpg'
INFO: 2025-08-03 10:18:01,016: update_indicator() 'Setting file info to: /home/pd0rk1n/.config/variety/Downloaded/wallhaven_space/wallhaven-49reld.jpg'
INFO: 2025-08-03 10:18:01,017: list_files() 'More than 1 files in the folders, stop listing'
INFO: 2025-08-03 10:19:00,654: clock_thread_method() 'clock_thread updates wallpaper'
INFO: 2025-08-03 10:19:00,654: do_set_wp() 'Calling do_set_wp with /home/pd0rk1n/.config/variety/Downloaded/wallhaven_space/wallhaven-49reld.jpg, time: 1754230740.654567'
INFO: 2025-08-03 10:19:00,654: apply_auto_rotate() 'ImageMagick auto-rotate cmd: convert /home/pd0rk1n/.config/variety/Downloaded/wallhaven_space/wallhaven-49reld.jpg -auto-orient /home/pd0rk1n/.config/variety/wallpaper/wallpaper-auto-rotated-640a7f541d5a644812716acff00353e9.jpg'
INFO: 2025-08-03 10:19:00,753: compute_trimmed_offsets() 'Trimmed offsets debug info: w:1920, h:1080, ratio:1.777778, iw:2560, ih:1600, scw:1920, sch:1200, ho:0, vo:60'
INFO: 2025-08-03 10:19:00,753: build_imagemagick_clock_cmd() 'Applying clock filter: -density 100 -font `fc-match -f '%{file[0]}' 'Serif:70'` -pointsize 70 -gravity SouthEast -fill '#00000044' -annotate 0x0+58+168 '10:19' -fill white -annotate 0x0+60+170 '10:19' -font `fc-match -f '%{file[0]}' 'Serif:30'` -pointsize 30 -fill '#00000044' -annotate 0x0+58+118 'Sunday, August 03' -fill white -annotate 0x0+60+120 'Sunday, August 03''
INFO: 2025-08-03 10:19:00,753: build_imagemagick_clock_cmd() 'ImageMagick clock cmd: convert /home/pd0rk1n/.config/variety/wallpaper/wallpaper-auto-rotated-640a7f541d5a644812716acff00353e9.jpg -scale 1920x1080^ -density 100 -font `fc-match -f '%{file[0]}' 'Serif:70'` -pointsize 70 -gravity SouthEast -fill '#00000044' -annotate 0x0+58+168 '10:19' -fill white -annotate 0x0+60+170 '10:19' -font `fc-match -f '%{file[0]}' 'Serif:30'` -pointsize 30 -fill '#00000044' -annotate 0x0+58+118 'Sunday, August 03' -fill white -annotate 0x0+60+120 'Sunday, August 03' /home/pd0rk1n/.config/variety/wallpaper/wallpaper-clock-4cd87d1c6be11dd981fc07fe0047a21e.jpg'
INFO: 2025-08-03 10:19:01,029: update_indicator() 'Setting file info to: /home/pd0rk1n/.config/variety/Downloaded/wallhaven_space/wallhaven-49reld.jpg'
INFO: 2025-08-03 10:19:01,030: list_files() 'More than 1 files in the folders, stop listing'
INFO: 2025-08-03 10:20:00,662: clock_thread_method() 'clock_thread updates wallpaper'
INFO: 2025-08-03 10:20:00,662: do_set_wp() 'Calling do_set_wp with /home/pd0rk1n/.config/variety/Downloaded/wallhaven_space/wallhaven-49reld.jpg, time: 1754230800.6627712'
INFO: 2025-08-03 10:20:00,663: apply_auto_rotate() 'ImageMagick auto-rotate cmd: convert /home/pd0rk1n/.config/variety/Downloaded/wallhaven_space/wallhaven-49reld.jpg -auto-orient /home/pd0rk1n/.config/variety/wallpaper/wallpaper-auto-rotated-81f32c2acc75f4e255946ee564d449e1.jpg'
INFO: 2025-08-03 10:20:00,782: compute_trimmed_offsets() 'Trimmed offsets debug info: w:1920, h:1080, ratio:1.777778, iw:2560, ih:1600, scw:1920, sch:1200, ho:0, vo:60'
INFO: 2025-08-03 10:20:00,782: build_imagemagick_clock_cmd() 'Applying clock filter: -density 100 -font `fc-match -f '%{file[0]}' 'Serif:70'` -pointsize 70 -gravity SouthEast -fill '#00000044' -annotate 0x0+58+168 '10:20' -fill white -annotate 0x0+60+170 '10:20' -font `fc-match -f '%{file[0]}' 'Serif:30'` -pointsize 30 -fill '#00000044' -annotate 0x0+58+118 'Sunday, August 03' -fill white -annotate 0x0+60+120 'Sunday, August 03''
INFO: 2025-08-03 10:20:00,782: build_imagemagick_clock_cmd() 'ImageMagick clock cmd: convert /home/pd0rk1n/.config/variety/wallpaper/wallpaper-auto-rotated-81f32c2acc75f4e255946ee564d449e1.jpg -scale 1920x1080^ -density 100 -font `fc-match -f '%{file[0]}' 'Serif:70'` -pointsize 70 -gravity SouthEast -fill '#00000044' -annotate 0x0+58+168 '10:20' -fill white -annotate 0x0+60+170 '10:20' -font `fc-match -f '%{file[0]}' 'Serif:30'` -pointsize 30 -fill '#00000044' -annotate 0x0+58+118 'Sunday, August 03' -fill white -annotate 0x0+60+120 'Sunday, August 03' /home/pd0rk1n/.config/variety/wallpaper/wallpaper-clock-105ff6ec66264d6317962564ee5cff76.jpg'
INFO: 2025-08-03 10:20:01,060: update_indicator() 'Setting file info to: /home/pd0rk1n/.config/variety/Downloaded/wallhaven_space/wallhaven-49reld.jpg'
INFO: 2025-08-03 10:20:01,061: list_files() 'More than 1 files in the folders, stop listing'
INFO: 2025-08-03 10:21:00,671: clock_thread_method() 'clock_thread updates wallpaper'
INFO: 2025-08-03 10:21:00,671: do_set_wp() 'Calling do_set_wp with /home/pd0rk1n/.config/variety/Downloaded/wallhaven_space/wallhaven-49reld.jpg, time: 1754230860.671492'
INFO: 2025-08-03 10:21:00,671: apply_auto_rotate() 'ImageMagick auto-rotate cmd: convert /home/pd0rk1n/.config/variety/Downloaded/wallhaven_space/wallhaven-49reld.jpg -auto-orient /home/pd0rk1n/.config/variety/wallpaper/wallpaper-auto-rotated-0232c2da55facd38b2fe67b5d765c803.jpg'
INFO: 2025-08-03 10:21:00,770: compute_trimmed_offsets() 'Trimmed offsets debug info: w:1920, h:1080, ratio:1.777778, iw:2560, ih:1600, scw:1920, sch:1200, ho:0, vo:60'
INFO: 2025-08-03 10:21:00,770: build_imagemagick_clock_cmd() 'Applying clock filter: -density 100 -font `fc-match -f '%{file[0]}' 'Serif:70'` -pointsize 70 -gravity SouthEast -fill '#00000044' -annotate 0x0+58+168 '10:21' -fill white -annotate 0x0+60+170 '10:21' -font `fc-match -f '%{file[0]}' 'Serif:30'` -pointsize 30 -fill '#00000044' -annotate 0x0+58+118 'Sunday, August 03' -fill white -annotate 0x0+60+120 'Sunday, August 03''
INFO: 2025-08-03 10:21:00,770: build_imagemagick_clock_cmd() 'ImageMagick clock cmd: convert /home/pd0rk1n/.config/variety/wallpaper/wallpaper-auto-rotated-0232c2da55facd38b2fe67b5d765c803.jpg -scale 1920x1080^ -density 100 -font `fc-match -f '%{file[0]}' 'Serif:70'` -pointsize 70 -gravity SouthEast -fill '#00000044' -annotate 0x0+58+168 '10:21' -fill white -annotate 0x0+60+170 '10:21' -font `fc-match -f '%{file[0]}' 'Serif:30'` -pointsize 30 -fill '#00000044' -annotate 0x0+58+118 'Sunday, August 03' -fill white -annotate 0x0+60+120 'Sunday, August 03' /home/pd0rk1n/.config/variety/wallpaper/wallpaper-clock-b0cc572488d50f759cd04a9bfc45851b.jpg'
INFO: 2025-08-03 10:21:01,045: update_indicator() 'Setting file info to: /home/pd0rk1n/.config/variety/Downloaded/wallhaven_space/wallhaven-49reld.jpg'
INFO: 2025-08-03 10:21:01,046: list_files() 'More than 1 files in the folders, stop listing'
INFO: 2025-08-03 10:22:00,679: clock_thread_method() 'clock_thread updates wallpaper'
INFO: 2025-08-03 10:22:00,679: do_set_wp() 'Calling do_set_wp with /home/pd0rk1n/.config/variety/Downloaded/wallhaven_space/wallhaven-49reld.jpg, time: 1754230920.6793082'
INFO: 2025-08-03 10:22:00,679: apply_auto_rotate() 'ImageMagick auto-rotate cmd: convert /home/pd0rk1n/.config/variety/Downloaded/wallhaven_space/wallhaven-49reld.jpg -auto-orient /home/pd0rk1n/.config/variety/wallpaper/wallpaper-auto-rotated-d50c117d8dc6b4b79a816b9edadfb2c5.jpg'
INFO: 2025-08-03 10:22:00,778: compute_trimmed_offsets() 'Trimmed offsets debug info: w:1920, h:1080, ratio:1.777778, iw:2560, ih:1600, scw:1920, sch:1200, ho:0, vo:60'
INFO: 2025-08-03 10:22:00,778: build_imagemagick_clock_cmd() 'Applying clock filter: -density 100 -font `fc-match -f '%{file[0]}' 'Serif:70'` -pointsize 70 -gravity SouthEast -fill '#00000044' -annotate 0x0+58+168 '10:22' -fill white -annotate 0x0+60+170 '10:22' -font `fc-match -f '%{file[0]}' 'Serif:30'` -pointsize 30 -fill '#00000044' -annotate 0x0+58+118 'Sunday, August 03' -fill white -annotate 0x0+60+120 'Sunday, August 03''
INFO: 2025-08-03 10:22:00,778: build_imagemagick_clock_cmd() 'ImageMagick clock cmd: convert /home/pd0rk1n/.config/variety/wallpaper/wallpaper-auto-rotated-d50c117d8dc6b4b79a816b9edadfb2c5.jpg -scale 1920x1080^ -density 100 -font `fc-match -f '%{file[0]}' 'Serif:70'` -pointsize 70 -gravity SouthEast -fill '#00000044' -annotate 0x0+58+168 '10:22' -fill white -annotate 0x0+60+170 '10:22' -font `fc-match -f '%{file[0]}' 'Serif:30'` -pointsize 30 -fill '#00000044' -annotate 0x0+58+118 'Sunday, August 03' -fill white -annotate 0x0+60+120 'Sunday, August 03' /home/pd0rk1n/.config/variety/wallpaper/wallpaper-clock-85840dab2400fdc4d9e8fbb9a2302e51.jpg'
INFO: 2025-08-03 10:22:01,054: update_indicator() 'Setting file info to: /home/pd0rk1n/.config/variety/Downloaded/wallhaven_space/wallhaven-49reld.jpg'
INFO: 2025-08-03 10:22:01,055: list_files() 'More than 1 files in the folders, stop listing'
INFO: 2025-08-03 10:23:00,687: clock_thread_method() 'clock_thread updates wallpaper'
INFO: 2025-08-03 10:23:00,687: do_set_wp() 'Calling do_set_wp with /home/pd0rk1n/.config/variety/Downloaded/wallhaven_space/wallhaven-49reld.jpg, time: 1754230980.6873815'
INFO: 2025-08-03 10:23:00,687: apply_auto_rotate() 'ImageMagick auto-rotate cmd: convert /home/pd0rk1n/.config/variety/Downloaded/wallhaven_space/wallhaven-49reld.jpg -auto-orient /home/pd0rk1n/.config/variety/wallpaper/wallpaper-auto-rotated-51f98b5215ed830ce7c80cc65b5637e2.jpg'
INFO: 2025-08-03 10:23:00,808: compute_trimmed_offsets() 'Trimmed offsets debug info: w:1920, h:1080, ratio:1.777778, iw:2560, ih:1600, scw:1920, sch:1200, ho:0, vo:60'
INFO: 2025-08-03 10:23:00,808: build_imagemagick_clock_cmd() 'Applying clock filter: -density 100 -font `fc-match -f '%{file[0]}' 'Serif:70'` -pointsize 70 -gravity SouthEast -fill '#00000044' -annotate 0x0+58+168 '10:23' -fill white -annotate 0x0+60+170 '10:23' -font `fc-match -f '%{file[0]}' 'Serif:30'` -pointsize 30 -fill '#00000044' -annotate 0x0+58+118 'Sunday, August 03' -fill white -annotate 0x0+60+120 'Sunday, August 03''
INFO: 2025-08-03 10:23:00,808: build_imagemagick_clock_cmd() 'ImageMagick clock cmd: convert /home/pd0rk1n/.config/variety/wallpaper/wallpaper-auto-rotated-51f98b5215ed830ce7c80cc65b5637e2.jpg -scale 1920x1080^ -density 100 -font `fc-match -f '%{file[0]}' 'Serif:70'` -pointsize 70 -gravity SouthEast -fill '#00000044' -annotate 0x0+58+168 '10:23' -fill white -annotate 0x0+60+170 '10:23' -font `fc-match -f '%{file[0]}' 'Serif:30'` -pointsize 30 -fill '#00000044' -annotate 0x0+58+118 'Sunday, August 03' -fill white -annotate 0x0+60+120 'Sunday, August 03' /home/pd0rk1n/.config/variety/wallpaper/wallpaper-clock-7f67f14bbe7dfdf786dda4b8e4f11a76.jpg'
INFO: 2025-08-03 10:23:01,082: update_indicator() 'Setting file info to: /home/pd0rk1n/.config/variety/Downloaded/wallhaven_space/wallhaven-49reld.jpg'
INFO: 2025-08-03 10:23:01,083: list_files() 'More than 1 files in the folders, stop listing'
INFO: 2025-08-03 10:24:00,695: clock_thread_method() 'clock_thread updates wallpaper'
INFO: 2025-08-03 10:24:00,695: do_set_wp() 'Calling do_set_wp with /home/pd0rk1n/.config/variety/Downloaded/wallhaven_space/wallhaven-49reld.jpg, time: 1754231040.695488'
INFO: 2025-08-03 10:24:00,695: apply_auto_rotate() 'ImageMagick auto-rotate cmd: convert /home/pd0rk1n/.config/variety/Downloaded/wallhaven_space/wallhaven-49reld.jpg -auto-orient /home/pd0rk1n/.config/variety/wallpaper/wallpaper-auto-rotated-3571d3cfdd99e36c5da3dbd8983c9ccb.jpg'
INFO: 2025-08-03 10:24:00,797: compute_trimmed_offsets() 'Trimmed offsets debug info: w:1920, h:1080, ratio:1.777778, iw:2560, ih:1600, scw:1920, sch:1200, ho:0, vo:60'
INFO: 2025-08-03 10:24:00,797: build_imagemagick_clock_cmd() 'Applying clock filter: -density 100 -font `fc-match -f '%{file[0]}' 'Serif:70'` -pointsize 70 -gravity SouthEast -fill '#00000044' -annotate 0x0+58+168 '10:24' -fill white -annotate 0x0+60+170 '10:24' -font `fc-match -f '%{file[0]}' 'Serif:30'` -pointsize 30 -fill '#00000044' -annotate 0x0+58+118 'Sunday, August 03' -fill white -annotate 0x0+60+120 'Sunday, August 03''
INFO: 2025-08-03 10:24:00,797: build_imagemagick_clock_cmd() 'ImageMagick clock cmd: convert /home/pd0rk1n/.config/variety/wallpaper/wallpaper-auto-rotated-3571d3cfdd99e36c5da3dbd8983c9ccb.jpg -scale 1920x1080^ -density 100 -font `fc-match -f '%{file[0]}' 'Serif:70'` -pointsize 70 -gravity SouthEast -fill '#00000044' -annotate 0x0+58+168 '10:24' -fill white -annotate 0x0+60+170 '10:24' -font `fc-match -f '%{file[0]}' 'Serif:30'` -pointsize 30 -fill '#00000044' -annotate 0x0+58+118 'Sunday, August 03' -fill white -annotate 0x0+60+120 'Sunday, August 03' /home/pd0rk1n/.config/variety/wallpaper/wallpaper-clock-576f2727b1649cf6515485eae982cb73.jpg'
INFO: 2025-08-03 10:24:01,071: update_indicator() 'Setting file info to: /home/pd0rk1n/.config/variety/Downloaded/wallhaven_space/wallhaven-49reld.jpg'
INFO: 2025-08-03 10:24:01,072: list_files() 'More than 1 files in the folders, stop listing'
INFO: 2025-08-03 10:25:00,703: clock_thread_method() 'clock_thread updates wallpaper'
INFO: 2025-08-03 10:25:00,703: do_set_wp() 'Calling do_set_wp with /home/pd0rk1n/.config/variety/Downloaded/wallhaven_space/wallhaven-49reld.jpg, time: 1754231100.7037442'
INFO: 2025-08-03 10:25:00,703: apply_auto_rotate() 'ImageMagick auto-rotate cmd: convert /home/pd0rk1n/.config/variety/Downloaded/wallhaven_space/wallhaven-49reld.jpg -auto-orient /home/pd0rk1n/.config/variety/wallpaper/wallpaper-auto-rotated-0a8caf917aaeb5837901607d91b33cbf.jpg'
INFO: 2025-08-03 10:25:00,802: compute_trimmed_offsets() 'Trimmed offsets debug info: w:1920, h:1080, ratio:1.777778, iw:2560, ih:1600, scw:1920, sch:1200, ho:0, vo:60'
INFO: 2025-08-03 10:25:00,802: build_imagemagick_clock_cmd() 'Applying clock filter: -density 100 -font `fc-match -f '%{file[0]}' 'Serif:70'` -pointsize 70 -gravity SouthEast -fill '#00000044' -annotate 0x0+58+168 '10:25' -fill white -annotate 0x0+60+170 '10:25' -font `fc-match -f '%{file[0]}' 'Serif:30'` -pointsize 30 -fill '#00000044' -annotate 0x0+58+118 'Sunday, August 03' -fill white -annotate 0x0+60+120 'Sunday, August 03''
INFO: 2025-08-03 10:25:00,802: build_imagemagick_clock_cmd() 'ImageMagick clock cmd: convert /home/pd0rk1n/.config/variety/wallpaper/wallpaper-auto-rotated-0a8caf917aaeb5837901607d91b33cbf.jpg -scale 1920x1080^ -density 100 -font `fc-match -f '%{file[0]}' 'Serif:70'` -pointsize 70 -gravity SouthEast -fill '#00000044' -annotate 0x0+58+168 '10:25' -fill white -annotate 0x0+60+170 '10:25' -font `fc-match -f '%{file[0]}' 'Serif:30'` -pointsize 30 -fill '#00000044' -annotate 0x0+58+118 'Sunday, August 03' -fill white -annotate 0x0+60+120 'Sunday, August 03' /home/pd0rk1n/.config/variety/wallpaper/wallpaper-clock-85f982f1b4a397132f4b3d20403ac103.jpg'
INFO: 2025-08-03 10:25:01,077: update_indicator() 'Setting file info to: /home/pd0rk1n/.config/variety/Downloaded/wallhaven_space/wallhaven-49reld.jpg'
INFO: 2025-08-03 10:25:01,078: list_files() 'More than 1 files in the folders, stop listing'
INFO: 2025-08-03 10:26:00,711: clock_thread_method() 'clock_thread updates wallpaper'
INFO: 2025-08-03 10:26:00,711: do_set_wp() 'Calling do_set_wp with /home/pd0rk1n/.config/variety/Downloaded/wallhaven_space/wallhaven-49reld.jpg, time: 1754231160.711923'
INFO: 2025-08-03 10:26:00,712: apply_auto_rotate() 'ImageMagick auto-rotate cmd: convert /home/pd0rk1n/.config/variety/Downloaded/wallhaven_space/wallhaven-49reld.jpg -auto-orient /home/pd0rk1n/.config/variety/wallpaper/wallpaper-auto-rotated-53e5684e304466a79c56504868c42a7a.jpg'
INFO: 2025-08-03 10:26:00,810: compute_trimmed_offsets() 'Trimmed offsets debug info: w:1920, h:1080, ratio:1.777778, iw:2560, ih:1600, scw:1920, sch:1200, ho:0, vo:60'
INFO: 2025-08-03 10:26:00,810: build_imagemagick_clock_cmd() 'Applying clock filter: -density 100 -font `fc-match -f '%{file[0]}' 'Serif:70'` -pointsize 70 -gravity SouthEast -fill '#00000044' -annotate 0x0+58+168 '10:26' -fill white -annotate 0x0+60+170 '10:26' -font `fc-match -f '%{file[0]}' 'Serif:30'` -pointsize 30 -fill '#00000044' -annotate 0x0+58+118 'Sunday, August 03' -fill white -annotate 0x0+60+120 'Sunday, August 03''
INFO: 2025-08-03 10:26:00,810: build_imagemagick_clock_cmd() 'ImageMagick clock cmd: convert /home/pd0rk1n/.config/variety/wallpaper/wallpaper-auto-rotated-53e5684e304466a79c56504868c42a7a.jpg -scale 1920x1080^ -density 100 -font `fc-match -f '%{file[0]}' 'Serif:70'` -pointsize 70 -gravity SouthEast -fill '#00000044' -annotate 0x0+58+168 '10:26' -fill white -annotate 0x0+60+170 '10:26' -font `fc-match -f '%{file[0]}' 'Serif:30'` -pointsize 30 -fill '#00000044' -annotate 0x0+58+118 'Sunday, August 03' -fill white -annotate 0x0+60+120 'Sunday, August 03' /home/pd0rk1n/.config/variety/wallpaper/wallpaper-clock-af06d3f0dbba45ee1c750d528a8b40a3.jpg'
INFO: 2025-08-03 10:26:01,082: update_indicator() 'Setting file info to: /home/pd0rk1n/.config/variety/Downloaded/wallhaven_space/wallhaven-49reld.jpg'
INFO: 2025-08-03 10:26:01,083: list_files() 'More than 1 files in the folders, stop listing'
INFO: 2025-08-03 10:27:00,720: clock_thread_method() 'clock_thread updates wallpaper'
INFO: 2025-08-03 10:27:00,720: do_set_wp() 'Calling do_set_wp with /home/pd0rk1n/.config/variety/Downloaded/wallhaven_space/wallhaven-49reld.jpg, time: 1754231220.7202947'
INFO: 2025-08-03 10:27:00,720: apply_auto_rotate() 'ImageMagick auto-rotate cmd: convert /home/pd0rk1n/.config/variety/Downloaded/wallhaven_space/wallhaven-49reld.jpg -auto-orient /home/pd0rk1n/.config/variety/wallpaper/wallpaper-auto-rotated-57af35fd429facb0842b451570ff5d94.jpg'
INFO: 2025-08-03 10:27:00,833: compute_trimmed_offsets() 'Trimmed offsets debug info: w:1920, h:1080, ratio:1.777778, iw:2560, ih:1600, scw:1920, sch:1200, ho:0, vo:60'
INFO: 2025-08-03 10:27:00,833: build_imagemagick_clock_cmd() 'Applying clock filter: -density 100 -font `fc-match -f '%{file[0]}' 'Serif:70'` -pointsize 70 -gravity SouthEast -fill '#00000044' -annotate 0x0+58+168 '10:27' -fill white -annotate 0x0+60+170 '10:27' -font `fc-match -f '%{file[0]}' 'Serif:30'` -pointsize 30 -fill '#00000044' -annotate 0x0+58+118 'Sunday, August 03' -fill white -annotate 0x0+60+120 'Sunday, August 03''
INFO: 2025-08-03 10:27:00,833: build_imagemagick_clock_cmd() 'ImageMagick clock cmd: convert /home/pd0rk1n/.config/variety/wallpaper/wallpaper-auto-rotated-57af35fd429facb0842b451570ff5d94.jpg -scale 1920x1080^ -density 100 -font `fc-match -f '%{file[0]}' 'Serif:70'` -pointsize 70 -gravity SouthEast -fill '#00000044' -annotate 0x0+58+168 '10:27' -fill white -annotate 0x0+60+170 '10:27' -font `fc-match -f '%{file[0]}' 'Serif:30'` -pointsize 30 -fill '#00000044' -annotate 0x0+58+118 'Sunday, August 03' -fill white -annotate 0x0+60+120 'Sunday, August 03' /home/pd0rk1n/.config/variety/wallpaper/wallpaper-clock-ebc350fde7fa78796355605d6fce29bd.jpg'
INFO: 2025-08-03 10:27:01,132: update_indicator() 'Setting file info to: /home/pd0rk1n/.config/variety/Downloaded/wallhaven_space/wallhaven-49reld.jpg'
INFO: 2025-08-03 10:27:01,133: list_files() 'More than 1 files in the folders, stop listing'
INFO: 2025-08-03 10:27:40,163: regular_change_thread() 'regular_change changes wallpaper'
INFO: 2025-08-03 10:27:40,163: set_wallpaper() 'Calling set_wallpaper with /home/pd0rk1n/.config/variety/Downloaded/wallhaven_space/wallhaven-dpvvgm.jpg'
INFO: 2025-08-03 10:27:40,163: prepare_thread() 'Prepared buffer contains 93 images'
INFO: 2025-08-03 10:27:40,164: do_set_wp() 'Calling do_set_wp with /home/pd0rk1n/.config/variety/Downloaded/wallhaven_space/wallhaven-dpvvgm.jpg, time: 1754231260.164529'
INFO: 2025-08-03 10:27:40,164: apply_auto_rotate() 'ImageMagick auto-rotate cmd: convert /home/pd0rk1n/.config/variety/Downloaded/wallhaven_space/wallhaven-dpvvgm.jpg -auto-orient /home/pd0rk1n/.config/variety/wallpaper/wallpaper-auto-rotated-cf11d518f8d3f7344cb429314c47c2c7.jpg'
INFO: 2025-08-03 10:27:40,298: compute_trimmed_offsets() 'Trimmed offsets debug info: w:1920, h:1080, ratio:1.777778, iw:1920, ih:1080, scw:1920, sch:1080, ho:0, vo:0'
INFO: 2025-08-03 10:27:40,298: build_imagemagick_clock_cmd() 'Applying clock filter: -density 100 -font `fc-match -f '%{file[0]}' 'Serif:70'` -pointsize 70 -gravity SouthEast -fill '#00000044' -annotate 0x0+58+108 '10:27' -fill white -annotate 0x0+60+110 '10:27' -font `fc-match -f '%{file[0]}' 'Serif:30'` -pointsize 30 -fill '#00000044' -annotate 0x0+58+58 'Sunday, August 03' -fill white -annotate 0x0+60+60 'Sunday, August 03''
INFO: 2025-08-03 10:27:40,298: build_imagemagick_clock_cmd() 'ImageMagick clock cmd: convert /home/pd0rk1n/.config/variety/wallpaper/wallpaper-auto-rotated-cf11d518f8d3f7344cb429314c47c2c7.jpg -scale 1920x1080^ -density 100 -font `fc-match -f '%{file[0]}' 'Serif:70'` -pointsize 70 -gravity SouthEast -fill '#00000044' -annotate 0x0+58+108 '10:27' -fill white -annotate 0x0+60+110 '10:27' -font `fc-match -f '%{file[0]}' 'Serif:30'` -pointsize 30 -fill '#00000044' -annotate 0x0+58+58 'Sunday, August 03' -fill white -annotate 0x0+60+60 'Sunday, August 03' /home/pd0rk1n/.config/variety/wallpaper/wallpaper-clock-5bd07890893391cc62543364e9f5d8c5.jpg'
INFO: 2025-08-03 10:27:40,484: update_indicator() 'Setting file info to: /home/pd0rk1n/.config/variety/Downloaded/wallhaven_space/wallhaven-dpvvgm.jpg'
INFO: 2025-08-03 10:27:40,485: list_files() 'More than 1 files in the folders, stop listing'
INFO: 2025-08-03 10:27:42,164: trigger_download() 'Triggering download thread to check if download needed and possible'
INFO: 2025-08-03 10:27:42,164: trigger_download() 'Triggering download thread to check if download needed and possible'
INFO: 2025-08-03 10:27:42,164: get_throttling() 'Wallhaven.cc: parsing serverside options'
INFO: 2025-08-03 10:27:42,164: get_throttling() 'Wallhaven.cc serverside options: {'min_fill_queue_interval': 1800, 'min_download_interval': 1800}'
INFO: 2025-08-03 10:27:42,164: get_throttling() 'Wallhaven.cc: parsing serverside options'
INFO: 2025-08-03 10:27:42,165: get_throttling() 'Wallhaven.cc serverside options: {'min_fill_queue_interval': 1800, 'min_download_interval': 1800}'
INFO: 2025-08-03 10:27:42,165: download_one() 'Wallhaven.cc: Downloading an image, config: space'
INFO: 2025-08-03 10:27:42,165: download_one() 'Wallhaven.cc: Queue size: 8'
INFO: 2025-08-03 10:27:42,165: download_one() 'Wallhaven.cc: Queue populated with 8 URLs'
INFO: 2025-08-03 10:27:42,165: download_queue_item() 'Wallpaper URL: https://wallhaven.cc/w/949v8n'
INFO: 2025-08-03 10:27:42,165: download_queue_item() 'Image src URL: https://w.wallhaven.cc/full/94/wallhaven-949v8n.jpg'
INFO: 2025-08-03 10:27:42,314: save_locally() 'Origin URL: https://wallhaven.cc/w/949v8n'
INFO: 2025-08-03 10:27:42,314: save_locally() 'Image URL: https://w.wallhaven.cc/full/94/wallhaven-949v8n.jpg'
INFO: 2025-08-03 10:27:42,314: save_locally() 'Local path: /home/pd0rk1n/.config/variety/Downloaded/wallhaven_space/wallhaven-949v8n.jpg'
INFO: 2025-08-03 10:27:42,466: save_locally() 'Download complete'
INFO: 2025-08-03 10:27:42,467: update_indicator() 'Setting file info to: /home/pd0rk1n/.config/variety/Downloaded/wallhaven_space/wallhaven-49reld.jpg'
INFO: 2025-08-03 10:27:42,468: list_files() 'More than 1 files in the folders, stop listing'
INFO: 2025-08-03 10:27:42,468: download_one_from() 'Adding downloaded file /home/pd0rk1n/.config/variety/Downloaded/wallhaven_space/wallhaven-949v8n.jpg to unseen_downloads'
INFO: 2025-08-03 10:28:00,728: clock_thread_method() 'clock_thread updates wallpaper'
INFO: 2025-08-03 10:28:00,728: do_set_wp() 'Calling do_set_wp with /home/pd0rk1n/.config/variety/Downloaded/wallhaven_space/wallhaven-dpvvgm.jpg, time: 1754231280.7284114'
INFO: 2025-08-03 10:28:00,728: apply_auto_rotate() 'ImageMagick auto-rotate cmd: convert /home/pd0rk1n/.config/variety/Downloaded/wallhaven_space/wallhaven-dpvvgm.jpg -auto-orient /home/pd0rk1n/.config/variety/wallpaper/wallpaper-auto-rotated-43d9ca4a8180baa1c4a2cc2fb0f8b4e5.jpg'
INFO: 2025-08-03 10:28:00,823: compute_trimmed_offsets() 'Trimmed offsets debug info: w:1920, h:1080, ratio:1.777778, iw:1920, ih:1080, scw:1920, sch:1080, ho:0, vo:0'
INFO: 2025-08-03 10:28:00,824: build_imagemagick_clock_cmd() 'Applying clock filter: -density 100 -font `fc-match -f '%{file[0]}' 'Serif:70'` -pointsize 70 -gravity SouthEast -fill '#00000044' -annotate 0x0+58+108 '10:28' -fill white -annotate 0x0+60+110 '10:28' -font `fc-match -f '%{file[0]}' 'Serif:30'` -pointsize 30 -fill '#00000044' -annotate 0x0+58+58 'Sunday, August 03' -fill white -annotate 0x0+60+60 'Sunday, August 03''
INFO: 2025-08-03 10:28:00,824: build_imagemagick_clock_cmd() 'ImageMagick clock cmd: convert /home/pd0rk1n/.config/variety/wallpaper/wallpaper-auto-rotated-43d9ca4a8180baa1c4a2cc2fb0f8b4e5.jpg -scale 1920x1080^ -density 100 -font `fc-match -f '%{file[0]}' 'Serif:70'` -pointsize 70 -gravity SouthEast -fill '#00000044' -annotate 0x0+58+108 '10:28' -fill white -annotate 0x0+60+110 '10:28' -font `fc-match -f '%{file[0]}' 'Serif:30'` -pointsize 30 -fill '#00000044' -annotate 0x0+58+58 'Sunday, August 03' -fill white -annotate 0x0+60+60 'Sunday, August 03' /home/pd0rk1n/.config/variety/wallpaper/wallpaper-clock-5e32028c70aea1e54d0e8ca19c65b98d.jpg'
INFO: 2025-08-03 10:28:00,982: update_indicator() 'Setting file info to: /home/pd0rk1n/.config/variety/Downloaded/wallhaven_space/wallhaven-dpvvgm.jpg'
INFO: 2025-08-03 10:28:00,983: list_files() 'More than 1 files in the folders, stop listing'
INFO: 2025-08-03 10:29:00,736: clock_thread_method() 'clock_thread updates wallpaper'
INFO: 2025-08-03 10:29:00,736: do_set_wp() 'Calling do_set_wp with /home/pd0rk1n/.config/variety/Downloaded/wallhaven_space/wallhaven-dpvvgm.jpg, time: 1754231340.7363245'
INFO: 2025-08-03 10:29:00,736: apply_auto_rotate() 'ImageMagick auto-rotate cmd: convert /home/pd0rk1n/.config/variety/Downloaded/wallhaven_space/wallhaven-dpvvgm.jpg -auto-orient /home/pd0rk1n/.config/variety/wallpaper/wallpaper-auto-rotated-f4254606dc1c7beb480336246f87675c.jpg'
INFO: 2025-08-03 10:29:00,846: compute_trimmed_offsets() 'Trimmed offsets debug info: w:1920, h:1080, ratio:1.777778, iw:1920, ih:1080, scw:1920, sch:1080, ho:0, vo:0'
INFO: 2025-08-03 10:29:00,846: build_imagemagick_clock_cmd() 'Applying clock filter: -density 100 -font `fc-match -f '%{file[0]}' 'Serif:70'` -pointsize 70 -gravity SouthEast -fill '#00000044' -annotate 0x0+58+108 '10:29' -fill white -annotate 0x0+60+110 '10:29' -font `fc-match -f '%{file[0]}' 'Serif:30'` -pointsize 30 -fill '#00000044' -annotate 0x0+58+58 'Sunday, August 03' -fill white -annotate 0x0+60+60 'Sunday, August 03''
INFO: 2025-08-03 10:29:00,846: build_imagemagick_clock_cmd() 'ImageMagick clock cmd: convert /home/pd0rk1n/.config/variety/wallpaper/wallpaper-auto-rotated-f4254606dc1c7beb480336246f87675c.jpg -scale 1920x1080^ -density 100 -font `fc-match -f '%{file[0]}' 'Serif:70'` -pointsize 70 -gravity SouthEast -fill '#00000044' -annotate 0x0+58+108 '10:29' -fill white -annotate 0x0+60+110 '10:29' -font `fc-match -f '%{file[0]}' 'Serif:30'` -pointsize 30 -fill '#00000044' -annotate 0x0+58+58 'Sunday, August 03' -fill white -annotate 0x0+60+60 'Sunday, August 03' /home/pd0rk1n/.config/variety/wallpaper/wallpaper-clock-43d937c28dfdfed572f4f935d42d9d28.jpg'
INFO: 2025-08-03 10:29:01,000: update_indicator() 'Setting file info to: /home/pd0rk1n/.config/variety/Downloaded/wallhaven_space/wallhaven-dpvvgm.jpg'
INFO: 2025-08-03 10:29:01,001: list_files() 'More than 1 files in the folders, stop listing'
INFO: 2025-08-03 10:30:00,744: clock_thread_method() 'clock_thread updates wallpaper'
INFO: 2025-08-03 10:30:00,744: do_set_wp() 'Calling do_set_wp with /home/pd0rk1n/.config/variety/Downloaded/wallhaven_space/wallhaven-dpvvgm.jpg, time: 1754231400.7445657'
INFO: 2025-08-03 10:30:00,744: apply_auto_rotate() 'ImageMagick auto-rotate cmd: convert /home/pd0rk1n/.config/variety/Downloaded/wallhaven_space/wallhaven-dpvvgm.jpg -auto-orient /home/pd0rk1n/.config/variety/wallpaper/wallpaper-auto-rotated-5cd8232a6c38e8be9e3318874824330a.jpg'
INFO: 2025-08-03 10:30:00,839: compute_trimmed_offsets() 'Trimmed offsets debug info: w:1920, h:1080, ratio:1.777778, iw:1920, ih:1080, scw:1920, sch:1080, ho:0, vo:0'
INFO: 2025-08-03 10:30:00,839: build_imagemagick_clock_cmd() 'Applying clock filter: -density 100 -font `fc-match -f '%{file[0]}' 'Serif:70'` -pointsize 70 -gravity SouthEast -fill '#00000044' -annotate 0x0+58+108 '10:30' -fill white -annotate 0x0+60+110 '10:30' -font `fc-match -f '%{file[0]}' 'Serif:30'` -pointsize 30 -fill '#00000044' -annotate 0x0+58+58 'Sunday, August 03' -fill white -annotate 0x0+60+60 'Sunday, August 03''
INFO: 2025-08-03 10:30:00,839: build_imagemagick_clock_cmd() 'ImageMagick clock cmd: convert /home/pd0rk1n/.config/variety/wallpaper/wallpaper-auto-rotated-5cd8232a6c38e8be9e3318874824330a.jpg -scale 1920x1080^ -density 100 -font `fc-match -f '%{file[0]}' 'Serif:70'` -pointsize 70 -gravity SouthEast -fill '#00000044' -annotate 0x0+58+108 '10:30' -fill white -annotate 0x0+60+110 '10:30' -font `fc-match -f '%{file[0]}' 'Serif:30'` -pointsize 30 -fill '#00000044' -annotate 0x0+58+58 'Sunday, August 03' -fill white -annotate 0x0+60+60 'Sunday, August 03' /home/pd0rk1n/.config/variety/wallpaper/wallpaper-clock-3e648f464c6d25ec69d6e01272cf3e74.jpg'
INFO: 2025-08-03 10:30:01,013: update_indicator() 'Setting file info to: /home/pd0rk1n/.config/variety/Downloaded/wallhaven_space/wallhaven-dpvvgm.jpg'
INFO: 2025-08-03 10:30:01,014: list_files() 'More than 1 files in the folders, stop listing'
INFO: 2025-08-03 10:31:00,752: clock_thread_method() 'clock_thread updates wallpaper'
INFO: 2025-08-03 10:31:00,752: do_set_wp() 'Calling do_set_wp with /home/pd0rk1n/.config/variety/Downloaded/wallhaven_space/wallhaven-dpvvgm.jpg, time: 1754231460.7527132'
INFO: 2025-08-03 10:31:00,752: apply_auto_rotate() 'ImageMagick auto-rotate cmd: convert /home/pd0rk1n/.config/variety/Downloaded/wallhaven_space/wallhaven-dpvvgm.jpg -auto-orient /home/pd0rk1n/.config/variety/wallpaper/wallpaper-auto-rotated-55953bcd8495e56ee237d93c408b6c09.jpg'
INFO: 2025-08-03 10:31:00,850: compute_trimmed_offsets() 'Trimmed offsets debug info: w:1920, h:1080, ratio:1.777778, iw:1920, ih:1080, scw:1920, sch:1080, ho:0, vo:0'
INFO: 2025-08-03 10:31:00,850: build_imagemagick_clock_cmd() 'Applying clock filter: -density 100 -font `fc-match -f '%{file[0]}' 'Serif:70'` -pointsize 70 -gravity SouthEast -fill '#00000044' -annotate 0x0+58+108 '10:31' -fill white -annotate 0x0+60+110 '10:31' -font `fc-match -f '%{file[0]}' 'Serif:30'` -pointsize 30 -fill '#00000044' -annotate 0x0+58+58 'Sunday, August 03' -fill white -annotate 0x0+60+60 'Sunday, August 03''
INFO: 2025-08-03 10:31:00,850: build_imagemagick_clock_cmd() 'ImageMagick clock cmd: convert /home/pd0rk1n/.config/variety/wallpaper/wallpaper-auto-rotated-55953bcd8495e56ee237d93c408b6c09.jpg -scale 1920x1080^ -density 100 -font `fc-match -f '%{file[0]}' 'Serif:70'` -pointsize 70 -gravity SouthEast -fill '#00000044' -annotate 0x0+58+108 '10:31' -fill white -annotate 0x0+60+110 '10:31' -font `fc-match -f '%{file[0]}' 'Serif:30'` -pointsize 30 -fill '#00000044' -annotate 0x0+58+58 'Sunday, August 03' -fill white -annotate 0x0+60+60 'Sunday, August 03' /home/pd0rk1n/.config/variety/wallpaper/wallpaper-clock-5c49ccf227551046d99c63fd76be670d.jpg'
INFO: 2025-08-03 10:31:01,001: update_indicator() 'Setting file info to: /home/pd0rk1n/.config/variety/Downloaded/wallhaven_space/wallhaven-dpvvgm.jpg'
INFO: 2025-08-03 10:31:01,002: list_files() 'More than 1 files in the folders, stop listing'
INFO: 2025-08-03 10:32:00,760: clock_thread_method() 'clock_thread updates wallpaper'
INFO: 2025-08-03 10:32:00,760: do_set_wp() 'Calling do_set_wp with /home/pd0rk1n/.config/variety/Downloaded/wallhaven_space/wallhaven-dpvvgm.jpg, time: 1754231520.7608652'
INFO: 2025-08-03 10:32:00,761: apply_auto_rotate() 'ImageMagick auto-rotate cmd: convert /home/pd0rk1n/.config/variety/Downloaded/wallhaven_space/wallhaven-dpvvgm.jpg -auto-orient /home/pd0rk1n/.config/variety/wallpaper/wallpaper-auto-rotated-1610a37527d03c82af2acef9179d7926.jpg'
INFO: 2025-08-03 10:32:00,853: compute_trimmed_offsets() 'Trimmed offsets debug info: w:1920, h:1080, ratio:1.777778, iw:1920, ih:1080, scw:1920, sch:1080, ho:0, vo:0'
INFO: 2025-08-03 10:32:00,853: build_imagemagick_clock_cmd() 'Applying clock filter: -density 100 -font `fc-match -f '%{file[0]}' 'Serif:70'` -pointsize 70 -gravity SouthEast -fill '#00000044' -annotate 0x0+58+108 '10:32' -fill white -annotate 0x0+60+110 '10:32' -font `fc-match -f '%{file[0]}' 'Serif:30'` -pointsize 30 -fill '#00000044' -annotate 0x0+58+58 'Sunday, August 03' -fill white -annotate 0x0+60+60 'Sunday, August 03''
INFO: 2025-08-03 10:32:00,853: build_imagemagick_clock_cmd() 'ImageMagick clock cmd: convert /home/pd0rk1n/.config/variety/wallpaper/wallpaper-auto-rotated-1610a37527d03c82af2acef9179d7926.jpg -scale 1920x1080^ -density 100 -font `fc-match -f '%{file[0]}' 'Serif:70'` -pointsize 70 -gravity SouthEast -fill '#00000044' -annotate 0x0+58+108 '10:32' -fill white -annotate 0x0+60+110 '10:32' -font `fc-match -f '%{file[0]}' 'Serif:30'` -pointsize 30 -fill '#00000044' -annotate 0x0+58+58 'Sunday, August 03' -fill white -annotate 0x0+60+60 'Sunday, August 03' /home/pd0rk1n/.config/variety/wallpaper/wallpaper-clock-2cf94e80b6b50fd7783bbfa34f0e690c.jpg'
INFO: 2025-08-03 10:32:01,011: update_indicator() 'Setting file info to: /home/pd0rk1n/.config/variety/Downloaded/wallhaven_space/wallhaven-dpvvgm.jpg'
INFO: 2025-08-03 10:32:01,012: list_files() 'More than 1 files in the folders, stop listing'
INFO: 2025-08-03 10:33:00,768: clock_thread_method() 'clock_thread updates wallpaper'
INFO: 2025-08-03 10:33:00,768: do_set_wp() 'Calling do_set_wp with /home/pd0rk1n/.config/variety/Downloaded/wallhaven_space/wallhaven-dpvvgm.jpg, time: 1754231580.768872'
INFO: 2025-08-03 10:33:00,769: apply_auto_rotate() 'ImageMagick auto-rotate cmd: convert /home/pd0rk1n/.config/variety/Downloaded/wallhaven_space/wallhaven-dpvvgm.jpg -auto-orient /home/pd0rk1n/.config/variety/wallpaper/wallpaper-auto-rotated-134c15e591c4d2e2836bdc7a04f01169.jpg'
INFO: 2025-08-03 10:33:00,861: compute_trimmed_offsets() 'Trimmed offsets debug info: w:1920, h:1080, ratio:1.777778, iw:1920, ih:1080, scw:1920, sch:1080, ho:0, vo:0'
INFO: 2025-08-03 10:33:00,861: build_imagemagick_clock_cmd() 'Applying clock filter: -density 100 -font `fc-match -f '%{file[0]}' 'Serif:70'` -pointsize 70 -gravity SouthEast -fill '#00000044' -annotate 0x0+58+108 '10:33' -fill white -annotate 0x0+60+110 '10:33' -font `fc-match -f '%{file[0]}' 'Serif:30'` -pointsize 30 -fill '#00000044' -annotate 0x0+58+58 'Sunday, August 03' -fill white -annotate 0x0+60+60 'Sunday, August 03''
INFO: 2025-08-03 10:33:00,861: build_imagemagick_clock_cmd() 'ImageMagick clock cmd: convert /home/pd0rk1n/.config/variety/wallpaper/wallpaper-auto-rotated-134c15e591c4d2e2836bdc7a04f01169.jpg -scale 1920x1080^ -density 100 -font `fc-match -f '%{file[0]}' 'Serif:70'` -pointsize 70 -gravity SouthEast -fill '#00000044' -annotate 0x0+58+108 '10:33' -fill white -annotate 0x0+60+110 '10:33' -font `fc-match -f '%{file[0]}' 'Serif:30'` -pointsize 30 -fill '#00000044' -annotate 0x0+58+58 'Sunday, August 03' -fill white -annotate 0x0+60+60 'Sunday, August 03' /home/pd0rk1n/.config/variety/wallpaper/wallpaper-clock-4df30cfc7dc1e4bb0a65f07e49a459ee.jpg'
INFO: 2025-08-03 10:33:01,017: update_indicator() 'Setting file info to: /home/pd0rk1n/.config/variety/Downloaded/wallhaven_space/wallhaven-dpvvgm.jpg'
INFO: 2025-08-03 10:33:01,018: list_files() 'More than 1 files in the folders, stop listing'
INFO: 2025-08-03 10:34:00,776: clock_thread_method() 'clock_thread updates wallpaper'
INFO: 2025-08-03 10:34:00,777: do_set_wp() 'Calling do_set_wp with /home/pd0rk1n/.config/variety/Downloaded/wallhaven_space/wallhaven-dpvvgm.jpg, time: 1754231640.7770586'
INFO: 2025-08-03 10:34:00,777: apply_auto_rotate() 'ImageMagick auto-rotate cmd: convert /home/pd0rk1n/.config/variety/Downloaded/wallhaven_space/wallhaven-dpvvgm.jpg -auto-orient /home/pd0rk1n/.config/variety/wallpaper/wallpaper-auto-rotated-c22c0e9fe3ea5b5814663bdcbdbed7ef.jpg'
INFO: 2025-08-03 10:34:00,909: compute_trimmed_offsets() 'Trimmed offsets debug info: w:1920, h:1080, ratio:1.777778, iw:1920, ih:1080, scw:1920, sch:1080, ho:0, vo:0'
INFO: 2025-08-03 10:34:00,909: build_imagemagick_clock_cmd() 'Applying clock filter: -density 100 -font `fc-match -f '%{file[0]}' 'Serif:70'` -pointsize 70 -gravity SouthEast -fill '#00000044' -annotate 0x0+58+108 '10:34' -fill white -annotate 0x0+60+110 '10:34' -font `fc-match -f '%{file[0]}' 'Serif:30'` -pointsize 30 -fill '#00000044' -annotate 0x0+58+58 'Sunday, August 03' -fill white -annotate 0x0+60+60 'Sunday, August 03''
INFO: 2025-08-03 10:34:00,909: build_imagemagick_clock_cmd() 'ImageMagick clock cmd: convert /home/pd0rk1n/.config/variety/wallpaper/wallpaper-auto-rotated-c22c0e9fe3ea5b5814663bdcbdbed7ef.jpg -scale 1920x1080^ -density 100 -font `fc-match -f '%{file[0]}' 'Serif:70'` -pointsize 70 -gravity SouthEast -fill '#00000044' -annotate 0x0+58+108 '10:34' -fill white -annotate 0x0+60+110 '10:34' -font `fc-match -f '%{file[0]}' 'Serif:30'` -pointsize 30 -fill '#00000044' -annotate 0x0+58+58 'Sunday, August 03' -fill white -annotate 0x0+60+60 'Sunday, August 03' /home/pd0rk1n/.config/variety/wallpaper/wallpaper-clock-9b24998513df16057ceb04cb682185ab.jpg'
INFO: 2025-08-03 10:34:01,093: update_indicator() 'Setting file info to: /home/pd0rk1n/.config/variety/Downloaded/wallhaven_space/wallhaven-dpvvgm.jpg'
INFO: 2025-08-03 10:34:01,094: list_files() 'More than 1 files in the folders, stop listing'
INFO: 2025-08-03 10:35:00,784: clock_thread_method() 'clock_thread updates wallpaper'
INFO: 2025-08-03 10:35:00,784: do_set_wp() 'Calling do_set_wp with /home/pd0rk1n/.config/variety/Downloaded/wallhaven_space/wallhaven-dpvvgm.jpg, time: 1754231700.7849574'
INFO: 2025-08-03 10:35:00,785: apply_auto_rotate() 'ImageMagick auto-rotate cmd: convert /home/pd0rk1n/.config/variety/Downloaded/wallhaven_space/wallhaven-dpvvgm.jpg -auto-orient /home/pd0rk1n/.config/variety/wallpaper/wallpaper-auto-rotated-5b4b427112547c9d411f84ac6ca0180a.jpg'
INFO: 2025-08-03 10:35:00,877: compute_trimmed_offsets() 'Trimmed offsets debug info: w:1920, h:1080, ratio:1.777778, iw:1920, ih:1080, scw:1920, sch:1080, ho:0, vo:0'
INFO: 2025-08-03 10:35:00,877: build_imagemagick_clock_cmd() 'Applying clock filter: -density 100 -font `fc-match -f '%{file[0]}' 'Serif:70'` -pointsize 70 -gravity SouthEast -fill '#00000044' -annotate 0x0+58+108 '10:35' -fill white -annotate 0x0+60+110 '10:35' -font `fc-match -f '%{file[0]}' 'Serif:30'` -pointsize 30 -fill '#00000044' -annotate 0x0+58+58 'Sunday, August 03' -fill white -annotate 0x0+60+60 'Sunday, August 03''
INFO: 2025-08-03 10:35:00,877: build_imagemagick_clock_cmd() 'ImageMagick clock cmd: convert /home/pd0rk1n/.config/variety/wallpaper/wallpaper-auto-rotated-5b4b427112547c9d411f84ac6ca0180a.jpg -scale 1920x1080^ -density 100 -font `fc-match -f '%{file[0]}' 'Serif:70'` -pointsize 70 -gravity SouthEast -fill '#00000044' -annotate 0x0+58+108 '10:35' -fill white -annotate 0x0+60+110 '10:35' -font `fc-match -f '%{file[0]}' 'Serif:30'` -pointsize 30 -fill '#00000044' -annotate 0x0+58+58 'Sunday, August 03' -fill white -annotate 0x0+60+60 'Sunday, August 03' /home/pd0rk1n/.config/variety/wallpaper/wallpaper-clock-a3179c143d02ac59c5a35409238863f9.jpg'
INFO: 2025-08-03 10:35:01,027: update_indicator() 'Setting file info to: /home/pd0rk1n/.config/variety/Downloaded/wallhaven_space/wallhaven-dpvvgm.jpg'
INFO: 2025-08-03 10:35:01,028: list_files() 'More than 1 files in the folders, stop listing'
INFO: 2025-08-03 10:36:00,792: clock_thread_method() 'clock_thread updates wallpaper'
INFO: 2025-08-03 10:36:00,792: do_set_wp() 'Calling do_set_wp with /home/pd0rk1n/.config/variety/Downloaded/wallhaven_space/wallhaven-dpvvgm.jpg, time: 1754231760.7928743'
INFO: 2025-08-03 10:36:00,793: apply_auto_rotate() 'ImageMagick auto-rotate cmd: convert /home/pd0rk1n/.config/variety/Downloaded/wallhaven_space/wallhaven-dpvvgm.jpg -auto-orient /home/pd0rk1n/.config/variety/wallpaper/wallpaper-auto-rotated-52d4934a897ff527fae6551728644e69.jpg'
INFO: 2025-08-03 10:36:00,887: compute_trimmed_offsets() 'Trimmed offsets debug info: w:1920, h:1080, ratio:1.777778, iw:1920, ih:1080, scw:1920, sch:1080, ho:0, vo:0'
INFO: 2025-08-03 10:36:00,887: build_imagemagick_clock_cmd() 'Applying clock filter: -density 100 -font `fc-match -f '%{file[0]}' 'Serif:70'` -pointsize 70 -gravity SouthEast -fill '#00000044' -annotate 0x0+58+108 '10:36' -fill white -annotate 0x0+60+110 '10:36' -font `fc-match -f '%{file[0]}' 'Serif:30'` -pointsize 30 -fill '#00000044' -annotate 0x0+58+58 'Sunday, August 03' -fill white -annotate 0x0+60+60 'Sunday, August 03''
INFO: 2025-08-03 10:36:00,887: build_imagemagick_clock_cmd() 'ImageMagick clock cmd: convert /home/pd0rk1n/.config/variety/wallpaper/wallpaper-auto-rotated-52d4934a897ff527fae6551728644e69.jpg -scale 1920x1080^ -density 100 -font `fc-match -f '%{file[0]}' 'Serif:70'` -pointsize 70 -gravity SouthEast -fill '#00000044' -annotate 0x0+58+108 '10:36' -fill white -annotate 0x0+60+110 '10:36' -font `fc-match -f '%{file[0]}' 'Serif:30'` -pointsize 30 -fill '#00000044' -annotate 0x0+58+58 'Sunday, August 03' -fill white -annotate 0x0+60+60 'Sunday, August 03' /home/pd0rk1n/.config/variety/wallpaper/wallpaper-clock-90a4e5f7dd81dfe39270c699257574ca.jpg'
INFO: 2025-08-03 10:36:01,041: update_indicator() 'Setting file info to: /home/pd0rk1n/.config/variety/Downloaded/wallhaven_space/wallhaven-dpvvgm.jpg'
INFO: 2025-08-03 10:36:01,042: list_files() 'More than 1 files in the folders, stop listing'
INFO: 2025-08-03 10:37:00,801: clock_thread_method() 'clock_thread updates wallpaper'
INFO: 2025-08-03 10:37:00,801: do_set_wp() 'Calling do_set_wp with /home/pd0rk1n/.config/variety/Downloaded/wallhaven_space/wallhaven-dpvvgm.jpg, time: 1754231820.801954'
INFO: 2025-08-03 10:37:00,802: apply_auto_rotate() 'ImageMagick auto-rotate cmd: convert /home/pd0rk1n/.config/variety/Downloaded/wallhaven_space/wallhaven-dpvvgm.jpg -auto-orient /home/pd0rk1n/.config/variety/wallpaper/wallpaper-auto-rotated-ebe2934c8409d061f9801faa6a6829ef.jpg'
INFO: 2025-08-03 10:37:00,894: compute_trimmed_offsets() 'Trimmed offsets debug info: w:1920, h:1080, ratio:1.777778, iw:1920, ih:1080, scw:1920, sch:1080, ho:0, vo:0'
INFO: 2025-08-03 10:37:00,894: build_imagemagick_clock_cmd() 'Applying clock filter: -density 100 -font `fc-match -f '%{file[0]}' 'Serif:70'` -pointsize 70 -gravity SouthEast -fill '#00000044' -annotate 0x0+58+108 '10:37' -fill white -annotate 0x0+60+110 '10:37' -font `fc-match -f '%{file[0]}' 'Serif:30'` -pointsize 30 -fill '#00000044' -annotate 0x0+58+58 'Sunday, August 03' -fill white -annotate 0x0+60+60 'Sunday, August 03''
INFO: 2025-08-03 10:37:00,894: build_imagemagick_clock_cmd() 'ImageMagick clock cmd: convert /home/pd0rk1n/.config/variety/wallpaper/wallpaper-auto-rotated-ebe2934c8409d061f9801faa6a6829ef.jpg -scale 1920x1080^ -density 100 -font `fc-match -f '%{file[0]}' 'Serif:70'` -pointsize 70 -gravity SouthEast -fill '#00000044' -annotate 0x0+58+108 '10:37' -fill white -annotate 0x0+60+110 '10:37' -font `fc-match -f '%{file[0]}' 'Serif:30'` -pointsize 30 -fill '#00000044' -annotate 0x0+58+58 'Sunday, August 03' -fill white -annotate 0x0+60+60 'Sunday, August 03' /home/pd0rk1n/.config/variety/wallpaper/wallpaper-clock-90dc1cbbe76b727ce8b65c430952cd6e.jpg'
INFO: 2025-08-03 10:37:01,045: update_indicator() 'Setting file info to: /home/pd0rk1n/.config/variety/Downloaded/wallhaven_space/wallhaven-dpvvgm.jpg'
INFO: 2025-08-03 10:37:01,046: list_files() 'More than 1 files in the folders, stop listing'
INFO: 2025-08-03 10:37:43,854: regular_change_thread() 'regular_change changes wallpaper'
INFO: 2025-08-03 10:37:43,854: set_wallpaper() 'Calling set_wallpaper with /home/pd0rk1n/.config/variety/Favorites/wallhaven-0jmg65.jpg'
INFO: 2025-08-03 10:37:43,854: prepare_thread() 'Prepared buffer contains 92 images'
INFO: 2025-08-03 10:37:43,855: do_set_wp() 'Calling do_set_wp with /home/pd0rk1n/.config/variety/Favorites/wallhaven-0jmg65.jpg, time: 1754231863.8552723'
INFO: 2025-08-03 10:37:43,855: apply_auto_rotate() 'ImageMagick auto-rotate cmd: convert /home/pd0rk1n/.config/variety/Favorites/wallhaven-0jmg65.jpg -auto-orient /home/pd0rk1n/.config/variety/wallpaper/wallpaper-auto-rotated-529e925f7ab302f107616191cdaca775.jpg'
INFO: 2025-08-03 10:37:45,555: compute_trimmed_offsets() 'Trimmed offsets debug info: w:1920, h:1080, ratio:1.777778, iw:11424, ih:6426, scw:1920, sch:1080, ho:0, vo:0'
INFO: 2025-08-03 10:37:45,555: build_imagemagick_clock_cmd() 'Applying clock filter: -density 100 -font `fc-match -f '%{file[0]}' 'Serif:70'` -pointsize 70 -gravity SouthEast -fill '#00000044' -annotate 0x0+58+108 '10:37' -fill white -annotate 0x0+60+110 '10:37' -font `fc-match -f '%{file[0]}' 'Serif:30'` -pointsize 30 -fill '#00000044' -annotate 0x0+58+58 'Sunday, August 03' -fill white -annotate 0x0+60+60 'Sunday, August 03''
INFO: 2025-08-03 10:37:45,555: build_imagemagick_clock_cmd() 'ImageMagick clock cmd: convert /home/pd0rk1n/.config/variety/wallpaper/wallpaper-auto-rotated-529e925f7ab302f107616191cdaca775.jpg -scale 1920x1080^ -density 100 -font `fc-match -f '%{file[0]}' 'Serif:70'` -pointsize 70 -gravity SouthEast -fill '#00000044' -annotate 0x0+58+108 '10:37' -fill white -annotate 0x0+60+110 '10:37' -font `fc-match -f '%{file[0]}' 'Serif:30'` -pointsize 30 -fill '#00000044' -annotate 0x0+58+58 'Sunday, August 03' -fill white -annotate 0x0+60+60 'Sunday, August 03' /home/pd0rk1n/.config/variety/wallpaper/wallpaper-clock-a8d921bc5983760d3e45de3558c38014.jpg'
INFO: 2025-08-03 10:37:45,855: trigger_download() 'Triggering download thread to check if download needed and possible'
INFO: 2025-08-03 10:37:47,187: update_indicator() 'Setting file info to: /home/pd0rk1n/.config/variety/Favorites/wallhaven-0jmg65.jpg'
INFO: 2025-08-03 10:37:47,190: list_files() 'More than 1 files in the folders, stop listing'
INFO: 2025-08-03 10:38:00,810: clock_thread_method() 'clock_thread updates wallpaper'
INFO: 2025-08-03 10:38:00,810: do_set_wp() 'Calling do_set_wp with /home/pd0rk1n/.config/variety/Favorites/wallhaven-0jmg65.jpg, time: 1754231880.81089'
INFO: 2025-08-03 10:38:00,811: apply_auto_rotate() 'ImageMagick auto-rotate cmd: convert /home/pd0rk1n/.config/variety/Favorites/wallhaven-0jmg65.jpg -auto-orient /home/pd0rk1n/.config/variety/wallpaper/wallpaper-auto-rotated-713668431876e5bb9c2b9c5e01f2f8da.jpg'
INFO: 2025-08-03 10:38:02,503: compute_trimmed_offsets() 'Trimmed offsets debug info: w:1920, h:1080, ratio:1.777778, iw:11424, ih:6426, scw:1920, sch:1080, ho:0, vo:0'
INFO: 2025-08-03 10:38:02,503: build_imagemagick_clock_cmd() 'Applying clock filter: -density 100 -font `fc-match -f '%{file[0]}' 'Serif:70'` -pointsize 70 -gravity SouthEast -fill '#00000044' -annotate 0x0+58+108 '10:38' -fill white -annotate 0x0+60+110 '10:38' -font `fc-match -f '%{file[0]}' 'Serif:30'` -pointsize 30 -fill '#00000044' -annotate 0x0+58+58 'Sunday, August 03' -fill white -annotate 0x0+60+60 'Sunday, August 03''
INFO: 2025-08-03 10:38:02,503: build_imagemagick_clock_cmd() 'ImageMagick clock cmd: convert /home/pd0rk1n/.config/variety/wallpaper/wallpaper-auto-rotated-713668431876e5bb9c2b9c5e01f2f8da.jpg -scale 1920x1080^ -density 100 -font `fc-match -f '%{file[0]}' 'Serif:70'` -pointsize 70 -gravity SouthEast -fill '#00000044' -annotate 0x0+58+108 '10:38' -fill white -annotate 0x0+60+110 '10:38' -font `fc-match -f '%{file[0]}' 'Serif:30'` -pointsize 30 -fill '#00000044' -annotate 0x0+58+58 'Sunday, August 03' -fill white -annotate 0x0+60+60 'Sunday, August 03' /home/pd0rk1n/.config/variety/wallpaper/wallpaper-clock-d5e9905529afa80f7f7825d6ca31871b.jpg'
INFO: 2025-08-03 10:38:04,146: update_indicator() 'Setting file info to: /home/pd0rk1n/.config/variety/Favorites/wallhaven-0jmg65.jpg'
INFO: 2025-08-03 10:38:04,147: list_files() 'More than 1 files in the folders, stop listing'
INFO: 2025-08-03 10:39:00,819: clock_thread_method() 'clock_thread updates wallpaper'
INFO: 2025-08-03 10:39:00,820: do_set_wp() 'Calling do_set_wp with /home/pd0rk1n/.config/variety/Favorites/wallhaven-0jmg65.jpg, time: 1754231940.8200295'
INFO: 2025-08-03 10:39:00,820: apply_auto_rotate() 'ImageMagick auto-rotate cmd: convert /home/pd0rk1n/.config/variety/Favorites/wallhaven-0jmg65.jpg -auto-orient /home/pd0rk1n/.config/variety/wallpaper/wallpaper-auto-rotated-39b712c0570f14de09fde2da30715ef6.jpg'
INFO: 2025-08-03 10:39:02,502: compute_trimmed_offsets() 'Trimmed offsets debug info: w:1920, h:1080, ratio:1.777778, iw:11424, ih:6426, scw:1920, sch:1080, ho:0, vo:0'
INFO: 2025-08-03 10:39:02,502: build_imagemagick_clock_cmd() 'Applying clock filter: -density 100 -font `fc-match -f '%{file[0]}' 'Serif:70'` -pointsize 70 -gravity SouthEast -fill '#00000044' -annotate 0x0+58+108 '10:39' -fill white -annotate 0x0+60+110 '10:39' -font `fc-match -f '%{file[0]}' 'Serif:30'` -pointsize 30 -fill '#00000044' -annotate 0x0+58+58 'Sunday, August 03' -fill white -annotate 0x0+60+60 'Sunday, August 03''
INFO: 2025-08-03 10:39:02,502: build_imagemagick_clock_cmd() 'ImageMagick clock cmd: convert /home/pd0rk1n/.config/variety/wallpaper/wallpaper-auto-rotated-39b712c0570f14de09fde2da30715ef6.jpg -scale 1920x1080^ -density 100 -font `fc-match -f '%{file[0]}' 'Serif:70'` -pointsize 70 -gravity SouthEast -fill '#00000044' -annotate 0x0+58+108 '10:39' -fill white -annotate 0x0+60+110 '10:39' -font `fc-match -f '%{file[0]}' 'Serif:30'` -pointsize 30 -fill '#00000044' -annotate 0x0+58+58 'Sunday, August 03' -fill white -annotate 0x0+60+60 'Sunday, August 03' /home/pd0rk1n/.config/variety/wallpaper/wallpaper-clock-62501023522dc05979e4232503e901cc.jpg'
INFO: 2025-08-03 10:39:04,132: update_indicator() 'Setting file info to: /home/pd0rk1n/.config/variety/Favorites/wallhaven-0jmg65.jpg'
INFO: 2025-08-03 10:39:04,133: list_files() 'More than 1 files in the folders, stop listing'
INFO: 2025-08-03 10:40:00,828: clock_thread_method() 'clock_thread updates wallpaper'
INFO: 2025-08-03 10:40:00,828: do_set_wp() 'Calling do_set_wp with /home/pd0rk1n/.config/variety/Favorites/wallhaven-0jmg65.jpg, time: 1754232000.8289344'
INFO: 2025-08-03 10:40:00,829: apply_auto_rotate() 'ImageMagick auto-rotate cmd: convert /home/pd0rk1n/.config/variety/Favorites/wallhaven-0jmg65.jpg -auto-orient /home/pd0rk1n/.config/variety/wallpaper/wallpaper-auto-rotated-1124b315086958d9d1f92dfcd27274b6.jpg'
INFO: 2025-08-03 10:40:02,510: compute_trimmed_offsets() 'Trimmed offsets debug info: w:1920, h:1080, ratio:1.777778, iw:11424, ih:6426, scw:1920, sch:1080, ho:0, vo:0'
INFO: 2025-08-03 10:40:02,510: build_imagemagick_clock_cmd() 'Applying clock filter: -density 100 -font `fc-match -f '%{file[0]}' 'Serif:70'` -pointsize 70 -gravity SouthEast -fill '#00000044' -annotate 0x0+58+108 '10:40' -fill white -annotate 0x0+60+110 '10:40' -font `fc-match -f '%{file[0]}' 'Serif:30'` -pointsize 30 -fill '#00000044' -annotate 0x0+58+58 'Sunday, August 03' -fill white -annotate 0x0+60+60 'Sunday, August 03''
INFO: 2025-08-03 10:40:02,510: build_imagemagick_clock_cmd() 'ImageMagick clock cmd: convert /home/pd0rk1n/.config/variety/wallpaper/wallpaper-auto-rotated-1124b315086958d9d1f92dfcd27274b6.jpg -scale 1920x1080^ -density 100 -font `fc-match -f '%{file[0]}' 'Serif:70'` -pointsize 70 -gravity SouthEast -fill '#00000044' -annotate 0x0+58+108 '10:40' -fill white -annotate 0x0+60+110 '10:40' -font `fc-match -f '%{file[0]}' 'Serif:30'` -pointsize 30 -fill '#00000044' -annotate 0x0+58+58 'Sunday, August 03' -fill white -annotate 0x0+60+60 'Sunday, August 03' /home/pd0rk1n/.config/variety/wallpaper/wallpaper-clock-55e2ba1682bf43a1f797fa10da9ec483.jpg'
INFO: 2025-08-03 10:40:04,159: update_indicator() 'Setting file info to: /home/pd0rk1n/.config/variety/Favorites/wallhaven-0jmg65.jpg'
INFO: 2025-08-03 10:40:04,161: list_files() 'More than 1 files in the folders, stop listing'
INFO: 2025-08-03 10:41:00,838: clock_thread_method() 'clock_thread updates wallpaper'
INFO: 2025-08-03 10:41:00,838: do_set_wp() 'Calling do_set_wp with /home/pd0rk1n/.config/variety/Favorites/wallhaven-0jmg65.jpg, time: 1754232060.8382874'
INFO: 2025-08-03 10:41:00,838: apply_auto_rotate() 'ImageMagick auto-rotate cmd: convert /home/pd0rk1n/.config/variety/Favorites/wallhaven-0jmg65.jpg -auto-orient /home/pd0rk1n/.config/variety/wallpaper/wallpaper-auto-rotated-43a3d0d9e786945020f485f028c390b2.jpg'
INFO: 2025-08-03 10:41:02,519: compute_trimmed_offsets() 'Trimmed offsets debug info: w:1920, h:1080, ratio:1.777778, iw:11424, ih:6426, scw:1920, sch:1080, ho:0, vo:0'
INFO: 2025-08-03 10:41:02,519: build_imagemagick_clock_cmd() 'Applying clock filter: -density 100 -font `fc-match -f '%{file[0]}' 'Serif:70'` -pointsize 70 -gravity SouthEast -fill '#00000044' -annotate 0x0+58+108 '10:41' -fill white -annotate 0x0+60+110 '10:41' -font `fc-match -f '%{file[0]}' 'Serif:30'` -pointsize 30 -fill '#00000044' -annotate 0x0+58+58 'Sunday, August 03' -fill white -annotate 0x0+60+60 'Sunday, August 03''
INFO: 2025-08-03 10:41:02,519: build_imagemagick_clock_cmd() 'ImageMagick clock cmd: convert /home/pd0rk1n/.config/variety/wallpaper/wallpaper-auto-rotated-43a3d0d9e786945020f485f028c390b2.jpg -scale 1920x1080^ -density 100 -font `fc-match -f '%{file[0]}' 'Serif:70'` -pointsize 70 -gravity SouthEast -fill '#00000044' -annotate 0x0+58+108 '10:41' -fill white -annotate 0x0+60+110 '10:41' -font `fc-match -f '%{file[0]}' 'Serif:30'` -pointsize 30 -fill '#00000044' -annotate 0x0+58+58 'Sunday, August 03' -fill white -annotate 0x0+60+60 'Sunday, August 03' /home/pd0rk1n/.config/variety/wallpaper/wallpaper-clock-1d98f06cc7198670a89f63b59f9e0f11.jpg'
INFO: 2025-08-03 10:41:04,143: update_indicator() 'Setting file info to: /home/pd0rk1n/.config/variety/Favorites/wallhaven-0jmg65.jpg'
INFO: 2025-08-03 10:41:04,145: list_files() 'More than 1 files in the folders, stop listing'
INFO: 2025-08-03 10:42:00,847: clock_thread_method() 'clock_thread updates wallpaper'
INFO: 2025-08-03 10:42:00,847: do_set_wp() 'Calling do_set_wp with /home/pd0rk1n/.config/variety/Favorites/wallhaven-0jmg65.jpg, time: 1754232120.8479278'
INFO: 2025-08-03 10:42:00,848: apply_auto_rotate() 'ImageMagick auto-rotate cmd: convert /home/pd0rk1n/.config/variety/Favorites/wallhaven-0jmg65.jpg -auto-orient /home/pd0rk1n/.config/variety/wallpaper/wallpaper-auto-rotated-470f0b094a316fc83f85bb3e9f6bffeb.jpg'
INFO: 2025-08-03 10:42:02,558: compute_trimmed_offsets() 'Trimmed offsets debug info: w:1920, h:1080, ratio:1.777778, iw:11424, ih:6426, scw:1920, sch:1080, ho:0, vo:0'
INFO: 2025-08-03 10:42:02,559: build_imagemagick_clock_cmd() 'Applying clock filter: -density 100 -font `fc-match -f '%{file[0]}' 'Serif:70'` -pointsize 70 -gravity SouthEast -fill '#00000044' -annotate 0x0+58+108 '10:42' -fill white -annotate 0x0+60+110 '10:42' -font `fc-match -f '%{file[0]}' 'Serif:30'` -pointsize 30 -fill '#00000044' -annotate 0x0+58+58 'Sunday, August 03' -fill white -annotate 0x0+60+60 'Sunday, August 03''
INFO: 2025-08-03 10:42:02,559: build_imagemagick_clock_cmd() 'ImageMagick clock cmd: convert /home/pd0rk1n/.config/variety/wallpaper/wallpaper-auto-rotated-470f0b094a316fc83f85bb3e9f6bffeb.jpg -scale 1920x1080^ -density 100 -font `fc-match -f '%{file[0]}' 'Serif:70'` -pointsize 70 -gravity SouthEast -fill '#00000044' -annotate 0x0+58+108 '10:42' -fill white -annotate 0x0+60+110 '10:42' -font `fc-match -f '%{file[0]}' 'Serif:30'` -pointsize 30 -fill '#00000044' -annotate 0x0+58+58 'Sunday, August 03' -fill white -annotate 0x0+60+60 'Sunday, August 03' /home/pd0rk1n/.config/variety/wallpaper/wallpaper-clock-62a373a9258e8174f31a8d06ad17744f.jpg'
INFO: 2025-08-03 10:42:04,222: update_indicator() 'Setting file info to: /home/pd0rk1n/.config/variety/Favorites/wallhaven-0jmg65.jpg'
INFO: 2025-08-03 10:42:04,223: list_files() 'More than 1 files in the folders, stop listing'
