warning: output HDMI1 not found; ignoring
/home/pd0rk1n/.config/qtile/scripts/autostart.sh: line 42: conky: command not found
/home/pd0rk1n/.config/qtile/scripts/autostart.sh: line 6: pasystray: command not found

** (volumeicon:99977): WARNING **: 00:18:57.267: Binding 'AudioRaiseVolume' failed!
Failed to bind AudioRaiseVolume

** (volumeicon:99977): WARNING **: 00:18:57.267: Binding 'AudioLowerVolume' failed!
Failed to bind AudioLowerVolume

** (volumeicon:99977): WARNING **: 00:18:57.267: Binding 'AudioMute' failed!
Failed to bind AudioMute

(pamac-tray:99980): Gdk-CRITICAL **: 00:18:57.342: gdk_window_thaw_toplevel_updates: assertion 'window->update_and_descendants_freeze_count > 0' failed
WARNING: 2025-08-31 00:18:57,700: create_menu() 'Variety Slideshow is not installed. This is an optional extension adding pan-and-zoom slideshows to Variety: see https://github.com/peterlevi/variety-slideshow for details'
WARNING: The convert command is deprecated in IMv7, use "magick" instead of "convert" or "magick convert"


(ulauncher:99974): Gdk-CRITICAL **: 00:18:57.838: gdk_window_thaw_toplevel_updates: assertion 'window->update_and_descendants_freeze_count > 0' failed

(variety:99976): Gdk-CRITICAL **: 00:18:57.861: gdk_window_thaw_toplevel_updates: assertion 'window->update_and_descendants_freeze_count > 0' failed
WARNING: The convert command is deprecated in IMv7, use "magick" instead of "convert" or "magick convert"

WARNING: The convert command is deprecated in IMv7, use "magick" instead of "convert" or "magick convert"

WARNING: The convert command is deprecated in IMv7, use "magick" instead of "convert" or "magick convert"

ERROR: 2025-08-31 00:19:05,604: safe_unlink() 'Could not delete /home/pd0rk1n/.config/variety/Downloaded/wallhaven_abstract/wallhaven-j35k2y.png.metadata.json, ignoring'
Traceback (most recent call last):
  File "/usr/lib/python3.13/site-packages/variety/Util.py", line 910, in safe_unlink
    os.unlink(filepath)
    ~~~~~~~~~^^^^^^^^^^
FileNotFoundError: [Errno 2] No such file or directory: '/home/pd0rk1n/.config/variety/Downloaded/wallhaven_abstract/wallhaven-j35k2y.png.metadata.json'
ERROR: 2025-08-31 00:19:05,605: safe_unlink() 'Could not delete /home/pd0rk1n/.config/variety/Downloaded/wallhaven_abstract/wallhaven-48ge2k.jpg.metadata.json, ignoring'
Traceback (most recent call last):
  File "/usr/lib/python3.13/site-packages/variety/Util.py", line 910, in safe_unlink
    os.unlink(filepath)
    ~~~~~~~~~^^^^^^^^^^
FileNotFoundError: [Errno 2] No such file or directory: '/home/pd0rk1n/.config/variety/Downloaded/wallhaven_abstract/wallhaven-48ge2k.jpg.metadata.json'
ERROR: 2025-08-31 00:19:05,605: safe_unlink() 'Could not delete /home/pd0rk1n/.config/variety/Downloaded/wallhaven_abstract/wallhaven-q6ymor.png.metadata.json, ignoring'
Traceback (most recent call last):
  File "/usr/lib/python3.13/site-packages/variety/Util.py", line 910, in safe_unlink
    os.unlink(filepath)
    ~~~~~~~~~^^^^^^^^^^
FileNotFoundError: [Errno 2] No such file or directory: '/home/pd0rk1n/.config/variety/Downloaded/wallhaven_abstract/wallhaven-q6ymor.png.metadata.json'
ERROR: 2025-08-31 00:19:05,606: safe_unlink() 'Could not delete /home/pd0rk1n/.config/variety/Downloaded/wallhaven_abstract/wallhaven-ymvm17.jpg.metadata.json, ignoring'
Traceback (most recent call last):
  File "/usr/lib/python3.13/site-packages/variety/Util.py", line 910, in safe_unlink
    os.unlink(filepath)
    ~~~~~~~~~^^^^^^^^^^
FileNotFoundError: [Errno 2] No such file or directory: '/home/pd0rk1n/.config/variety/Downloaded/wallhaven_abstract/wallhaven-ymvm17.jpg.metadata.json'
ERROR: 2025-08-31 00:19:05,606: safe_unlink() 'Could not delete /home/pd0rk1n/.config/variety/Downloaded/wallhaven_abstract/wallhaven-zmg8zv.jpg.metadata.json, ignoring'
Traceback (most recent call last):
  File "/usr/lib/python3.13/site-packages/variety/Util.py", line 910, in safe_unlink
    os.unlink(filepath)
    ~~~~~~~~~^^^^^^^^^^
FileNotFoundError: [Errno 2] No such file or directory: '/home/pd0rk1n/.config/variety/Downloaded/wallhaven_abstract/wallhaven-zmg8zv.jpg.metadata.json'
ERROR: 2025-08-31 00:19:05,607: safe_unlink() 'Could not delete /home/pd0rk1n/.config/variety/Downloaded/wallhaven_abstract/wallhaven-0jj2dw.png.metadata.json, ignoring'
Traceback (most recent call last):
  File "/usr/lib/python3.13/site-packages/variety/Util.py", line 910, in safe_unlink
    os.unlink(filepath)
    ~~~~~~~~~^^^^^^^^^^
FileNotFoundError: [Errno 2] No such file or directory: '/home/pd0rk1n/.config/variety/Downloaded/wallhaven_abstract/wallhaven-0jj2dw.png.metadata.json'
ERROR: 2025-08-31 00:19:05,607: safe_unlink() 'Could not delete /home/pd0rk1n/.config/variety/Downloaded/wallhaven_abstract/wallhaven-x1v6qv.jpg.metadata.json, ignoring'
Traceback (most recent call last):
  File "/usr/lib/python3.13/site-packages/variety/Util.py", line 910, in safe_unlink
    os.unlink(filepath)
    ~~~~~~~~~^^^^^^^^^^
FileNotFoundError: [Errno 2] No such file or directory: '/home/pd0rk1n/.config/variety/Downloaded/wallhaven_abstract/wallhaven-x1v6qv.jpg.metadata.json'
ERROR: 2025-08-31 00:19:05,607: safe_unlink() 'Could not delete /home/pd0rk1n/.config/variety/Downloaded/wallhaven_abstract/wallhaven-mdd63k.jpg.metadata.json, ignoring'
Traceback (most recent call last):
  File "/usr/lib/python3.13/site-packages/variety/Util.py", line 910, in safe_unlink
    os.unlink(filepath)
    ~~~~~~~~~^^^^^^^^^^
FileNotFoundError: [Errno 2] No such file or directory: '/home/pd0rk1n/.config/variety/Downloaded/wallhaven_abstract/wallhaven-mdd63k.jpg.metadata.json'
ERROR: 2025-08-31 00:19:05,608: safe_unlink() 'Could not delete /home/pd0rk1n/.config/variety/Downloaded/wallhaven_abstract/wallhaven-e72xqo.jpg.metadata.json, ignoring'
Traceback (most recent call last):
  File "/usr/lib/python3.13/site-packages/variety/Util.py", line 910, in safe_unlink
    os.unlink(filepath)
    ~~~~~~~~~^^^^^^^^^^
FileNotFoundError: [Errno 2] No such file or directory: '/home/pd0rk1n/.config/variety/Downloaded/wallhaven_abstract/wallhaven-e72xqo.jpg.metadata.json'
ERROR: 2025-08-31 00:19:05,608: safe_unlink() 'Could not delete /home/pd0rk1n/.config/variety/Downloaded/wallhaven_abstract/wallhaven-28x8pg.jpg.metadata.json, ignoring'
Traceback (most recent call last):
  File "/usr/lib/python3.13/site-packages/variety/Util.py", line 910, in safe_unlink
    os.unlink(filepath)
    ~~~~~~~~~^^^^^^^^^^
FileNotFoundError: [Errno 2] No such file or directory: '/home/pd0rk1n/.config/variety/Downloaded/wallhaven_abstract/wallhaven-28x8pg.jpg.metadata.json'
ERROR: 2025-08-31 00:19:05,609: safe_unlink() 'Could not delete /home/pd0rk1n/.config/variety/Downloaded/wallhaven_abstract/wallhaven-zmov3w.jpg.metadata.json, ignoring'
Traceback (most recent call last):
  File "/usr/lib/python3.13/site-packages/variety/Util.py", line 910, in safe_unlink
    os.unlink(filepath)
    ~~~~~~~~~^^^^^^^^^^
FileNotFoundError: [Errno 2] No such file or directory: '/home/pd0rk1n/.config/variety/Downloaded/wallhaven_abstract/wallhaven-zmov3w.jpg.metadata.json'
ERROR: 2025-08-31 00:19:05,609: safe_unlink() 'Could not delete /home/pd0rk1n/.config/variety/Downloaded/wallhaven_abstract/wallhaven-3zmpy3.jpg.metadata.json, ignoring'
Traceback (most recent call last):
  File "/usr/lib/python3.13/site-packages/variety/Util.py", line 910, in safe_unlink
    os.unlink(filepath)
    ~~~~~~~~~^^^^^^^^^^
FileNotFoundError: [Errno 2] No such file or directory: '/home/pd0rk1n/.config/variety/Downloaded/wallhaven_abstract/wallhaven-3zmpy3.jpg.metadata.json'
ERROR: 2025-08-31 00:19:05,609: safe_unlink() 'Could not delete /home/pd0rk1n/.config/variety/Downloaded/wallhaven_abstract/wallhaven-39ode6.png.metadata.json, ignoring'
Traceback (most recent call last):
  File "/usr/lib/python3.13/site-packages/variety/Util.py", line 910, in safe_unlink
    os.unlink(filepath)
    ~~~~~~~~~^^^^^^^^^^
FileNotFoundError: [Errno 2] No such file or directory: '/home/pd0rk1n/.config/variety/Downloaded/wallhaven_abstract/wallhaven-39ode6.png.metadata.json'
ERROR: 2025-08-31 00:19:05,610: safe_unlink() 'Could not delete /home/pd0rk1n/.config/variety/Downloaded/wallhaven_abstract/wallhaven-13m6gw.jpg.metadata.json, ignoring'
Traceback (most recent call last):
  File "/usr/lib/python3.13/site-packages/variety/Util.py", line 910, in safe_unlink
    os.unlink(filepath)
    ~~~~~~~~~^^^^^^^^^^
FileNotFoundError: [Errno 2] No such file or directory: '/home/pd0rk1n/.config/variety/Downloaded/wallhaven_abstract/wallhaven-13m6gw.jpg.metadata.json'
ERROR: 2025-08-31 00:19:05,610: safe_unlink() 'Could not delete /home/pd0rk1n/.config/variety/Downloaded/wallhaven_abstract/wallhaven-9dp528.jpg.metadata.json, ignoring'
Traceback (most recent call last):
  File "/usr/lib/python3.13/site-packages/variety/Util.py", line 910, in safe_unlink
    os.unlink(filepath)
    ~~~~~~~~~^^^^^^^^^^
FileNotFoundError: [Errno 2] No such file or directory: '/home/pd0rk1n/.config/variety/Downloaded/wallhaven_abstract/wallhaven-9dp528.jpg.metadata.json'
ERROR: 2025-08-31 00:19:05,611: safe_unlink() 'Could not delete /home/pd0rk1n/.config/variety/Downloaded/wallhaven_abstract/wallhaven-13eq7v.jpg.metadata.json, ignoring'
Traceback (most recent call last):
  File "/usr/lib/python3.13/site-packages/variety/Util.py", line 910, in safe_unlink
    os.unlink(filepath)
    ~~~~~~~~~^^^^^^^^^^
FileNotFoundError: [Errno 2] No such file or directory: '/home/pd0rk1n/.config/variety/Downloaded/wallhaven_abstract/wallhaven-13eq7v.jpg.metadata.json'
ERROR: 2025-08-31 00:19:05,612: safe_unlink() 'Could not delete /home/pd0rk1n/.config/variety/Downloaded/wallhaven_abstract/wallhaven-gp8rwq.jpg.metadata.json, ignoring'
Traceback (most recent call last):
  File "/usr/lib/python3.13/site-packages/variety/Util.py", line 910, in safe_unlink
    os.unlink(filepath)
    ~~~~~~~~~^^^^^^^^^^
FileNotFoundError: [Errno 2] No such file or directory: '/home/pd0rk1n/.config/variety/Downloaded/wallhaven_abstract/wallhaven-gp8rwq.jpg.metadata.json'
ERROR: 2025-08-31 00:19:05,612: safe_unlink() 'Could not delete /home/pd0rk1n/.config/variety/Downloaded/wallhaven_abstract/wallhaven-132r1v.jpg.metadata.json, ignoring'
Traceback (most recent call last):
  File "/usr/lib/python3.13/site-packages/variety/Util.py", line 910, in safe_unlink
    os.unlink(filepath)
    ~~~~~~~~~^^^^^^^^^^
FileNotFoundError: [Errno 2] No such file or directory: '/home/pd0rk1n/.config/variety/Downloaded/wallhaven_abstract/wallhaven-132r1v.jpg.metadata.json'
ERROR: 2025-08-31 00:19:05,612: safe_unlink() 'Could not delete /home/pd0rk1n/.config/variety/Downloaded/wallhaven_abstract/wallhaven-6kwwjq.jpg.metadata.json, ignoring'
Traceback (most recent call last):
  File "/usr/lib/python3.13/site-packages/variety/Util.py", line 910, in safe_unlink
    os.unlink(filepath)
    ~~~~~~~~~^^^^^^^^^^
FileNotFoundError: [Errno 2] No such file or directory: '/home/pd0rk1n/.config/variety/Downloaded/wallhaven_abstract/wallhaven-6kwwjq.jpg.metadata.json'
ERROR: 2025-08-31 00:19:05,613: safe_unlink() 'Could not delete /home/pd0rk1n/.config/variety/Downloaded/wallhaven_abstract/wallhaven-8xy17j.jpg.metadata.json, ignoring'
Traceback (most recent call last):
  File "/usr/lib/python3.13/site-packages/variety/Util.py", line 910, in safe_unlink
    os.unlink(filepath)
    ~~~~~~~~~^^^^^^^^^^
FileNotFoundError: [Errno 2] No such file or directory: '/home/pd0rk1n/.config/variety/Downloaded/wallhaven_abstract/wallhaven-8xy17j.jpg.metadata.json'
ERROR: 2025-08-31 00:19:05,613: safe_unlink() 'Could not delete /home/pd0rk1n/.config/variety/Downloaded/wallhaven_abstract/wallhaven-l8z3el.jpg.metadata.json, ignoring'
Traceback (most recent call last):
  File "/usr/lib/python3.13/site-packages/variety/Util.py", line 910, in safe_unlink
    os.unlink(filepath)
    ~~~~~~~~~^^^^^^^^^^
FileNotFoundError: [Errno 2] No such file or directory: '/home/pd0rk1n/.config/variety/Downloaded/wallhaven_abstract/wallhaven-l8z3el.jpg.metadata.json'
ERROR: 2025-08-31 00:19:05,613: safe_unlink() 'Could not delete /home/pd0rk1n/.config/variety/Downloaded/wallhaven_abstract/wallhaven-49g7wn.jpg.metadata.json, ignoring'
Traceback (most recent call last):
  File "/usr/lib/python3.13/site-packages/variety/Util.py", line 910, in safe_unlink
    os.unlink(filepath)
    ~~~~~~~~~^^^^^^^^^^
FileNotFoundError: [Errno 2] No such file or directory: '/home/pd0rk1n/.config/variety/Downloaded/wallhaven_abstract/wallhaven-49g7wn.jpg.metadata.json'
ERROR: 2025-08-31 00:19:05,614: safe_unlink() 'Could not delete /home/pd0rk1n/.config/variety/Downloaded/wallhaven_abstract/wallhaven-odz5om.jpg.metadata.json, ignoring'
Traceback (most recent call last):
  File "/usr/lib/python3.13/site-packages/variety/Util.py", line 910, in safe_unlink
    os.unlink(filepath)
    ~~~~~~~~~^^^^^^^^^^
FileNotFoundError: [Errno 2] No such file or directory: '/home/pd0rk1n/.config/variety/Downloaded/wallhaven_abstract/wallhaven-odz5om.jpg.metadata.json'
ERROR: 2025-08-31 00:19:05,614: safe_unlink() 'Could not delete /home/pd0rk1n/.config/variety/Downloaded/wallhaven_abstract/wallhaven-j3kxlq.png.metadata.json, ignoring'
Traceback (most recent call last):
  File "/usr/lib/python3.13/site-packages/variety/Util.py", line 910, in safe_unlink
    os.unlink(filepath)
    ~~~~~~~~~^^^^^^^^^^
FileNotFoundError: [Errno 2] No such file or directory: '/home/pd0rk1n/.config/variety/Downloaded/wallhaven_abstract/wallhaven-j3kxlq.png.metadata.json'
ERROR: 2025-08-31 00:19:05,615: safe_unlink() 'Could not delete /home/pd0rk1n/.config/variety/Downloaded/wallhaven_abstract/wallhaven-4vep3n.jpg.metadata.json, ignoring'
Traceback (most recent call last):
  File "/usr/lib/python3.13/site-packages/variety/Util.py", line 910, in safe_unlink
    os.unlink(filepath)
    ~~~~~~~~~^^^^^^^^^^
FileNotFoundError: [Errno 2] No such file or directory: '/home/pd0rk1n/.config/variety/Downloaded/wallhaven_abstract/wallhaven-4vep3n.jpg.metadata.json'
ERROR: 2025-08-31 00:19:05,615: safe_unlink() 'Could not delete /home/pd0rk1n/.config/variety/Downloaded/wallhaven_abstract/wallhaven-x8oe6v.png.metadata.json, ignoring'
Traceback (most recent call last):
  File "/usr/lib/python3.13/site-packages/variety/Util.py", line 910, in safe_unlink
    os.unlink(filepath)
    ~~~~~~~~~^^^^^^^^^^
FileNotFoundError: [Errno 2] No such file or directory: '/home/pd0rk1n/.config/variety/Downloaded/wallhaven_abstract/wallhaven-x8oe6v.png.metadata.json'
ERROR: 2025-08-31 00:19:05,616: safe_unlink() 'Could not delete /home/pd0rk1n/.config/variety/Downloaded/wallhaven_abstract/wallhaven-e7w5zl.jpg.metadata.json, ignoring'
Traceback (most recent call last):
  File "/usr/lib/python3.13/site-packages/variety/Util.py", line 910, in safe_unlink
    os.unlink(filepath)
    ~~~~~~~~~^^^^^^^^^^
FileNotFoundError: [Errno 2] No such file or directory: '/home/pd0rk1n/.config/variety/Downloaded/wallhaven_abstract/wallhaven-e7w5zl.jpg.metadata.json'
ERROR: 2025-08-31 00:19:05,616: safe_unlink() 'Could not delete /home/pd0rk1n/.config/variety/Downloaded/wallhaven_abstract/wallhaven-nm1oyn.jpg.metadata.json, ignoring'
Traceback (most recent call last):
  File "/usr/lib/python3.13/site-packages/variety/Util.py", line 910, in safe_unlink
    os.unlink(filepath)
    ~~~~~~~~~^^^^^^^^^^
FileNotFoundError: [Errno 2] No such file or directory: '/home/pd0rk1n/.config/variety/Downloaded/wallhaven_abstract/wallhaven-nm1oyn.jpg.metadata.json'
ERROR: 2025-08-31 00:19:05,616: safe_unlink() 'Could not delete /home/pd0rk1n/.config/variety/Downloaded/wallhaven_abstract/wallhaven-8xzqvo.png.metadata.json, ignoring'
Traceback (most recent call last):
  File "/usr/lib/python3.13/site-packages/variety/Util.py", line 910, in safe_unlink
    os.unlink(filepath)
    ~~~~~~~~~^^^^^^^^^^
FileNotFoundError: [Errno 2] No such file or directory: '/home/pd0rk1n/.config/variety/Downloaded/wallhaven_abstract/wallhaven-8xzqvo.png.metadata.json'
ERROR: 2025-08-31 00:19:05,617: safe_unlink() 'Could not delete /home/pd0rk1n/.config/variety/Downloaded/wallhaven_abstract/wallhaven-4vp654.jpg.metadata.json, ignoring'
Traceback (most recent call last):
  File "/usr/lib/python3.13/site-packages/variety/Util.py", line 910, in safe_unlink
    os.unlink(filepath)
    ~~~~~~~~~^^^^^^^^^^
FileNotFoundError: [Errno 2] No such file or directory: '/home/pd0rk1n/.config/variety/Downloaded/wallhaven_abstract/wallhaven-4vp654.jpg.metadata.json'
ERROR: 2025-08-31 00:19:05,617: safe_unlink() 'Could not delete /home/pd0rk1n/.config/variety/Downloaded/wallhaven_abstract/wallhaven-o5rr99.png.metadata.json, ignoring'
Traceback (most recent call last):
  File "/usr/lib/python3.13/site-packages/variety/Util.py", line 910, in safe_unlink
    os.unlink(filepath)
    ~~~~~~~~~^^^^^^^^^^
FileNotFoundError: [Errno 2] No such file or directory: '/home/pd0rk1n/.config/variety/Downloaded/wallhaven_abstract/wallhaven-o5rr99.png.metadata.json'
ERROR: 2025-08-31 00:19:05,618: safe_unlink() 'Could not delete /home/pd0rk1n/.config/variety/Downloaded/wallhaven_abstract/wallhaven-k73deq.jpg.metadata.json, ignoring'
Traceback (most recent call last):
  File "/usr/lib/python3.13/site-packages/variety/Util.py", line 910, in safe_unlink
    os.unlink(filepath)
    ~~~~~~~~~^^^^^^^^^^
FileNotFoundError: [Errno 2] No such file or directory: '/home/pd0rk1n/.config/variety/Downloaded/wallhaven_abstract/wallhaven-k73deq.jpg.metadata.json'
ERROR: 2025-08-31 00:19:05,618: safe_unlink() 'Could not delete /home/pd0rk1n/.config/variety/Downloaded/wallhaven_abstract/wallhaven-k9q9xd.jpg.metadata.json, ignoring'
Traceback (most recent call last):
  File "/usr/lib/python3.13/site-packages/variety/Util.py", line 910, in safe_unlink
    os.unlink(filepath)
    ~~~~~~~~~^^^^^^^^^^
FileNotFoundError: [Errno 2] No such file or directory: '/home/pd0rk1n/.config/variety/Downloaded/wallhaven_abstract/wallhaven-k9q9xd.jpg.metadata.json'
ERROR: 2025-08-31 00:19:05,619: safe_unlink() 'Could not delete /home/pd0rk1n/.config/variety/Downloaded/wallhaven_abstract/wallhaven-yxk33x.jpg.metadata.json, ignoring'
Traceback (most recent call last):
  File "/usr/lib/python3.13/site-packages/variety/Util.py", line 910, in safe_unlink
    os.unlink(filepath)
    ~~~~~~~~~^^^^^^^^^^
FileNotFoundError: [Errno 2] No such file or directory: '/home/pd0rk1n/.config/variety/Downloaded/wallhaven_abstract/wallhaven-yxk33x.jpg.metadata.json'
ERROR: 2025-08-31 00:19:05,619: safe_unlink() 'Could not delete /home/pd0rk1n/.config/variety/Downloaded/wallhaven_abstract/wallhaven-x8exjv.jpg.metadata.json, ignoring'
Traceback (most recent call last):
  File "/usr/lib/python3.13/site-packages/variety/Util.py", line 910, in safe_unlink
    os.unlink(filepath)
    ~~~~~~~~~^^^^^^^^^^
FileNotFoundError: [Errno 2] No such file or directory: '/home/pd0rk1n/.config/variety/Downloaded/wallhaven_abstract/wallhaven-x8exjv.jpg.metadata.json'
ERROR: 2025-08-31 00:19:05,619: safe_unlink() 'Could not delete /home/pd0rk1n/.config/variety/Downloaded/wallhaven_abstract/wallhaven-2ey7j6.jpg.metadata.json, ignoring'
Traceback (most recent call last):
  File "/usr/lib/python3.13/site-packages/variety/Util.py", line 910, in safe_unlink
    os.unlink(filepath)
    ~~~~~~~~~^^^^^^^^^^
FileNotFoundError: [Errno 2] No such file or directory: '/home/pd0rk1n/.config/variety/Downloaded/wallhaven_abstract/wallhaven-2ey7j6.jpg.metadata.json'
ERROR: 2025-08-31 00:19:05,620: safe_unlink() 'Could not delete /home/pd0rk1n/.config/variety/Downloaded/wallhaven_abstract/wallhaven-2kpqo9.jpg.metadata.json, ignoring'
Traceback (most recent call last):
  File "/usr/lib/python3.13/site-packages/variety/Util.py", line 910, in safe_unlink
    os.unlink(filepath)
    ~~~~~~~~~^^^^^^^^^^
FileNotFoundError: [Errno 2] No such file or directory: '/home/pd0rk1n/.config/variety/Downloaded/wallhaven_abstract/wallhaven-2kpqo9.jpg.metadata.json'
ERROR: 2025-08-31 00:19:05,620: safe_unlink() 'Could not delete /home/pd0rk1n/.config/variety/Downloaded/wallhaven_abstract/wallhaven-md99mk.png.metadata.json, ignoring'
Traceback (most recent call last):
  File "/usr/lib/python3.13/site-packages/variety/Util.py", line 910, in safe_unlink
    os.unlink(filepath)
    ~~~~~~~~~^^^^^^^^^^
FileNotFoundError: [Errno 2] No such file or directory: '/home/pd0rk1n/.config/variety/Downloaded/wallhaven_abstract/wallhaven-md99mk.png.metadata.json'
ERROR: 2025-08-31 00:19:05,620: safe_unlink() 'Could not delete /home/pd0rk1n/.config/variety/Downloaded/wallhaven_abstract/wallhaven-wyqjwr.jpg.metadata.json, ignoring'
Traceback (most recent call last):
  File "/usr/lib/python3.13/site-packages/variety/Util.py", line 910, in safe_unlink
    os.unlink(filepath)
    ~~~~~~~~~^^^^^^^^^^
FileNotFoundError: [Errno 2] No such file or directory: '/home/pd0rk1n/.config/variety/Downloaded/wallhaven_abstract/wallhaven-wyqjwr.jpg.metadata.json'
ERROR: 2025-08-31 00:19:05,621: safe_unlink() 'Could not delete /home/pd0rk1n/.config/variety/Downloaded/wallhaven_abstract/wallhaven-vgw9jp.png.metadata.json, ignoring'
Traceback (most recent call last):
  File "/usr/lib/python3.13/site-packages/variety/Util.py", line 910, in safe_unlink
    os.unlink(filepath)
    ~~~~~~~~~^^^^^^^^^^
FileNotFoundError: [Errno 2] No such file or directory: '/home/pd0rk1n/.config/variety/Downloaded/wallhaven_abstract/wallhaven-vgw9jp.png.metadata.json'
ERROR: 2025-08-31 00:19:05,622: safe_unlink() 'Could not delete /home/pd0rk1n/.config/variety/Downloaded/wallhaven_abstract/wallhaven-96l191.png.metadata.json, ignoring'
Traceback (most recent call last):
  File "/usr/lib/python3.13/site-packages/variety/Util.py", line 910, in safe_unlink
    os.unlink(filepath)
    ~~~~~~~~~^^^^^^^^^^
FileNotFoundError: [Errno 2] No such file or directory: '/home/pd0rk1n/.config/variety/Downloaded/wallhaven_abstract/wallhaven-96l191.png.metadata.json'
ERROR: 2025-08-31 00:19:05,622: safe_unlink() 'Could not delete /home/pd0rk1n/.config/variety/Downloaded/wallhaven_abstract/wallhaven-0qr5pq.png.metadata.json, ignoring'
Traceback (most recent call last):
  File "/usr/lib/python3.13/site-packages/variety/Util.py", line 910, in safe_unlink
    os.unlink(filepath)
    ~~~~~~~~~^^^^^^^^^^
FileNotFoundError: [Errno 2] No such file or directory: '/home/pd0rk1n/.config/variety/Downloaded/wallhaven_abstract/wallhaven-0qr5pq.png.metadata.json'
ERROR: 2025-08-31 00:19:05,622: safe_unlink() 'Could not delete /home/pd0rk1n/.config/variety/Downloaded/wallhaven_abstract/wallhaven-9dw781.jpg.metadata.json, ignoring'
Traceback (most recent call last):
  File "/usr/lib/python3.13/site-packages/variety/Util.py", line 910, in safe_unlink
    os.unlink(filepath)
    ~~~~~~~~~^^^^^^^^^^
FileNotFoundError: [Errno 2] No such file or directory: '/home/pd0rk1n/.config/variety/Downloaded/wallhaven_abstract/wallhaven-9dw781.jpg.metadata.json'
ERROR: 2025-08-31 00:19:05,623: safe_unlink() 'Could not delete /home/pd0rk1n/.config/variety/Downloaded/wallhaven_abstract/wallhaven-lnzrg0.png.metadata.json, ignoring'
Traceback (most recent call last):
  File "/usr/lib/python3.13/site-packages/variety/Util.py", line 910, in safe_unlink
    os.unlink(filepath)
    ~~~~~~~~~^^^^^^^^^^
FileNotFoundError: [Errno 2] No such file or directory: '/home/pd0rk1n/.config/variety/Downloaded/wallhaven_abstract/wallhaven-lnzrg0.png.metadata.json'
ERROR: 2025-08-31 00:19:05,623: safe_unlink() 'Could not delete /home/pd0rk1n/.config/variety/Downloaded/wallhaven_abstract/wallhaven-yxwqld.jpg.metadata.json, ignoring'
Traceback (most recent call last):
  File "/usr/lib/python3.13/site-packages/variety/Util.py", line 910, in safe_unlink
    os.unlink(filepath)
    ~~~~~~~~~^^^^^^^^^^
FileNotFoundError: [Errno 2] No such file or directory: '/home/pd0rk1n/.config/variety/Downloaded/wallhaven_abstract/wallhaven-yxwqld.jpg.metadata.json'
ERROR: 2025-08-31 00:19:05,624: safe_unlink() 'Could not delete /home/pd0rk1n/.config/variety/Downloaded/wallhaven_abstract/wallhaven-k7yg36.jpg.metadata.json, ignoring'
Traceback (most recent call last):
  File "/usr/lib/python3.13/site-packages/variety/Util.py", line 910, in safe_unlink
    os.unlink(filepath)
    ~~~~~~~~~^^^^^^^^^^
FileNotFoundError: [Errno 2] No such file or directory: '/home/pd0rk1n/.config/variety/Downloaded/wallhaven_abstract/wallhaven-k7yg36.jpg.metadata.json'
ERROR: 2025-08-31 00:19:05,624: safe_unlink() 'Could not delete /home/pd0rk1n/.config/variety/Downloaded/wallhaven_abstract/wallhaven-gp6p5l.png.metadata.json, ignoring'
Traceback (most recent call last):
  File "/usr/lib/python3.13/site-packages/variety/Util.py", line 910, in safe_unlink
    os.unlink(filepath)
    ~~~~~~~~~^^^^^^^^^^
FileNotFoundError: [Errno 2] No such file or directory: '/home/pd0rk1n/.config/variety/Downloaded/wallhaven_abstract/wallhaven-gp6p5l.png.metadata.json'
ERROR: 2025-08-31 00:19:05,624: safe_unlink() 'Could not delete /home/pd0rk1n/.config/variety/Downloaded/wallhaven_abstract/wallhaven-4vme93.jpg.metadata.json, ignoring'
Traceback (most recent call last):
  File "/usr/lib/python3.13/site-packages/variety/Util.py", line 910, in safe_unlink
    os.unlink(filepath)
    ~~~~~~~~~^^^^^^^^^^
FileNotFoundError: [Errno 2] No such file or directory: '/home/pd0rk1n/.config/variety/Downloaded/wallhaven_abstract/wallhaven-4vme93.jpg.metadata.json'
ERROR: 2025-08-31 00:19:05,625: safe_unlink() 'Could not delete /home/pd0rk1n/.config/variety/Downloaded/wallhaven_abstract/wallhaven-j5eqq5.jpg.metadata.json, ignoring'
Traceback (most recent call last):
  File "/usr/lib/python3.13/site-packages/variety/Util.py", line 910, in safe_unlink
    os.unlink(filepath)
    ~~~~~~~~~^^^^^^^^^^
FileNotFoundError: [Errno 2] No such file or directory: '/home/pd0rk1n/.config/variety/Downloaded/wallhaven_abstract/wallhaven-j5eqq5.jpg.metadata.json'
ERROR: 2025-08-31 00:19:05,625: safe_unlink() 'Could not delete /home/pd0rk1n/.config/variety/Downloaded/wallhaven_abstract/wallhaven-9d7p2w.png.metadata.json, ignoring'
Traceback (most recent call last):
  File "/usr/lib/python3.13/site-packages/variety/Util.py", line 910, in safe_unlink
    os.unlink(filepath)
    ~~~~~~~~~^^^^^^^^^^
FileNotFoundError: [Errno 2] No such file or directory: '/home/pd0rk1n/.config/variety/Downloaded/wallhaven_abstract/wallhaven-9d7p2w.png.metadata.json'
ERROR: 2025-08-31 00:19:05,626: safe_unlink() 'Could not delete /home/pd0rk1n/.config/variety/Downloaded/wallhaven_abstract/wallhaven-p88p9e.jpg.metadata.json, ignoring'
Traceback (most recent call last):
  File "/usr/lib/python3.13/site-packages/variety/Util.py", line 910, in safe_unlink
    os.unlink(filepath)
    ~~~~~~~~~^^^^^^^^^^
FileNotFoundError: [Errno 2] No such file or directory: '/home/pd0rk1n/.config/variety/Downloaded/wallhaven_abstract/wallhaven-p88p9e.jpg.metadata.json'
ERROR: 2025-08-31 00:19:05,626: safe_unlink() 'Could not delete /home/pd0rk1n/.config/variety/Downloaded/wallhaven_abstract/wallhaven-m35rwm.jpg.metadata.json, ignoring'
Traceback (most recent call last):
  File "/usr/lib/python3.13/site-packages/variety/Util.py", line 910, in safe_unlink
    os.unlink(filepath)
    ~~~~~~~~~^^^^^^^^^^
FileNotFoundError: [Errno 2] No such file or directory: '/home/pd0rk1n/.config/variety/Downloaded/wallhaven_abstract/wallhaven-m35rwm.jpg.metadata.json'
ERROR: 2025-08-31 00:19:05,627: safe_unlink() 'Could not delete /home/pd0rk1n/.config/variety/Downloaded/wallhaven_abstract/wallhaven-x8y8jl.png.metadata.json, ignoring'
Traceback (most recent call last):
  File "/usr/lib/python3.13/site-packages/variety/Util.py", line 910, in safe_unlink
    os.unlink(filepath)
    ~~~~~~~~~^^^^^^^^^^
FileNotFoundError: [Errno 2] No such file or directory: '/home/pd0rk1n/.config/variety/Downloaded/wallhaven_abstract/wallhaven-x8y8jl.png.metadata.json'
ERROR: 2025-08-31 00:19:05,627: safe_unlink() 'Could not delete /home/pd0rk1n/.config/variety/Downloaded/wallhaven_abstract/wallhaven-y8kp5d.jpg.metadata.json, ignoring'
Traceback (most recent call last):
  File "/usr/lib/python3.13/site-packages/variety/Util.py", line 910, in safe_unlink
    os.unlink(filepath)
    ~~~~~~~~~^^^^^^^^^^
FileNotFoundError: [Errno 2] No such file or directory: '/home/pd0rk1n/.config/variety/Downloaded/wallhaven_abstract/wallhaven-y8kp5d.jpg.metadata.json'
ERROR: 2025-08-31 00:19:05,627: safe_unlink() 'Could not delete /home/pd0rk1n/.config/variety/Downloaded/wallhaven_abstract/wallhaven-qzj79q.jpg.metadata.json, ignoring'
Traceback (most recent call last):
  File "/usr/lib/python3.13/site-packages/variety/Util.py", line 910, in safe_unlink
    os.unlink(filepath)
    ~~~~~~~~~^^^^^^^^^^
FileNotFoundError: [Errno 2] No such file or directory: '/home/pd0rk1n/.config/variety/Downloaded/wallhaven_abstract/wallhaven-qzj79q.jpg.metadata.json'
ERROR: 2025-08-31 00:19:05,628: safe_unlink() 'Could not delete /home/pd0rk1n/.config/variety/Downloaded/wallhaven_abstract/wallhaven-49qd3d.png.metadata.json, ignoring'
Traceback (most recent call last):
  File "/usr/lib/python3.13/site-packages/variety/Util.py", line 910, in safe_unlink
    os.unlink(filepath)
    ~~~~~~~~~^^^^^^^^^^
FileNotFoundError: [Errno 2] No such file or directory: '/home/pd0rk1n/.config/variety/Downloaded/wallhaven_abstract/wallhaven-49qd3d.png.metadata.json'
ERROR: 2025-08-31 00:19:05,628: safe_unlink() 'Could not delete /home/pd0rk1n/.config/variety/Downloaded/wallhaven_abstract/wallhaven-d6yv9m.jpg.metadata.json, ignoring'
Traceback (most recent call last):
  File "/usr/lib/python3.13/site-packages/variety/Util.py", line 910, in safe_unlink
    os.unlink(filepath)
    ~~~~~~~~~^^^^^^^^^^
FileNotFoundError: [Errno 2] No such file or directory: '/home/pd0rk1n/.config/variety/Downloaded/wallhaven_abstract/wallhaven-d6yv9m.jpg.metadata.json'
ERROR: 2025-08-31 00:19:05,629: safe_unlink() 'Could not delete /home/pd0rk1n/.config/variety/Downloaded/wallhaven_abstract/wallhaven-wyz6jp.jpg.metadata.json, ignoring'
Traceback (most recent call last):
  File "/usr/lib/python3.13/site-packages/variety/Util.py", line 910, in safe_unlink
    os.unlink(filepath)
    ~~~~~~~~~^^^^^^^^^^
FileNotFoundError: [Errno 2] No such file or directory: '/home/pd0rk1n/.config/variety/Downloaded/wallhaven_abstract/wallhaven-wyz6jp.jpg.metadata.json'
ERROR: 2025-08-31 00:19:05,629: safe_unlink() 'Could not delete /home/pd0rk1n/.config/variety/Downloaded/wallhaven_abstract/wallhaven-o3xrm9.jpg.metadata.json, ignoring'
Traceback (most recent call last):
  File "/usr/lib/python3.13/site-packages/variety/Util.py", line 910, in safe_unlink
    os.unlink(filepath)
    ~~~~~~~~~^^^^^^^^^^
FileNotFoundError: [Errno 2] No such file or directory: '/home/pd0rk1n/.config/variety/Downloaded/wallhaven_abstract/wallhaven-o3xrm9.jpg.metadata.json'
ERROR: 2025-08-31 00:19:05,629: safe_unlink() 'Could not delete /home/pd0rk1n/.config/variety/Downloaded/wallhaven_abstract/wallhaven-mp8yjy.jpg.metadata.json, ignoring'
Traceback (most recent call last):
  File "/usr/lib/python3.13/site-packages/variety/Util.py", line 910, in safe_unlink
    os.unlink(filepath)
    ~~~~~~~~~^^^^^^^^^^
FileNotFoundError: [Errno 2] No such file or directory: '/home/pd0rk1n/.config/variety/Downloaded/wallhaven_abstract/wallhaven-mp8yjy.jpg.metadata.json'
ERROR: 2025-08-31 00:19:05,630: safe_unlink() 'Could not delete /home/pd0rk1n/.config/variety/Downloaded/wallhaven_abstract/wallhaven-zmoxry.jpg.metadata.json, ignoring'
Traceback (most recent call last):
  File "/usr/lib/python3.13/site-packages/variety/Util.py", line 910, in safe_unlink
    os.unlink(filepath)
    ~~~~~~~~~^^^^^^^^^^
FileNotFoundError: [Errno 2] No such file or directory: '/home/pd0rk1n/.config/variety/Downloaded/wallhaven_abstract/wallhaven-zmoxry.jpg.metadata.json'
ERROR: 2025-08-31 00:19:05,630: safe_unlink() 'Could not delete /home/pd0rk1n/.config/variety/Downloaded/wallhaven_abstract/wallhaven-9mzw9k.png.metadata.json, ignoring'
Traceback (most recent call last):
  File "/usr/lib/python3.13/site-packages/variety/Util.py", line 910, in safe_unlink
    os.unlink(filepath)
    ~~~~~~~~~^^^^^^^^^^
FileNotFoundError: [Errno 2] No such file or directory: '/home/pd0rk1n/.config/variety/Downloaded/wallhaven_abstract/wallhaven-9mzw9k.png.metadata.json'
ERROR: 2025-08-31 00:19:05,631: safe_unlink() 'Could not delete /home/pd0rk1n/.config/variety/Downloaded/wallhaven_abstract/wallhaven-1pjjy3.jpg.metadata.json, ignoring'
Traceback (most recent call last):
  File "/usr/lib/python3.13/site-packages/variety/Util.py", line 910, in safe_unlink
    os.unlink(filepath)
    ~~~~~~~~~^^^^^^^^^^
FileNotFoundError: [Errno 2] No such file or directory: '/home/pd0rk1n/.config/variety/Downloaded/wallhaven_abstract/wallhaven-1pjjy3.jpg.metadata.json'
ERROR: 2025-08-31 00:19:05,631: safe_unlink() 'Could not delete /home/pd0rk1n/.config/variety/Downloaded/wallhaven_abstract/wallhaven-k9y2qq.jpg.metadata.json, ignoring'
Traceback (most recent call last):
  File "/usr/lib/python3.13/site-packages/variety/Util.py", line 910, in safe_unlink
    os.unlink(filepath)
    ~~~~~~~~~^^^^^^^^^^
FileNotFoundError: [Errno 2] No such file or directory: '/home/pd0rk1n/.config/variety/Downloaded/wallhaven_abstract/wallhaven-k9y2qq.jpg.metadata.json'
ERROR: 2025-08-31 00:19:05,632: safe_unlink() 'Could not delete /home/pd0rk1n/.config/variety/Downloaded/wallhaven_abstract/wallhaven-gjzv67.png.metadata.json, ignoring'
Traceback (most recent call last):
  File "/usr/lib/python3.13/site-packages/variety/Util.py", line 910, in safe_unlink
    os.unlink(filepath)
    ~~~~~~~~~^^^^^^^^^^
FileNotFoundError: [Errno 2] No such file or directory: '/home/pd0rk1n/.config/variety/Downloaded/wallhaven_abstract/wallhaven-gjzv67.png.metadata.json'
ERROR: 2025-08-31 00:19:05,632: safe_unlink() 'Could not delete /home/pd0rk1n/.config/variety/Downloaded/wallhaven_abstract/wallhaven-28mypy.png.metadata.json, ignoring'
Traceback (most recent call last):
  File "/usr/lib/python3.13/site-packages/variety/Util.py", line 910, in safe_unlink
    os.unlink(filepath)
    ~~~~~~~~~^^^^^^^^^^
FileNotFoundError: [Errno 2] No such file or directory: '/home/pd0rk1n/.config/variety/Downloaded/wallhaven_abstract/wallhaven-28mypy.png.metadata.json'
ERROR: 2025-08-31 00:19:05,632: safe_unlink() 'Could not delete /home/pd0rk1n/.config/variety/Downloaded/wallhaven_abstract/wallhaven-73ov8v.png.metadata.json, ignoring'
Traceback (most recent call last):
  File "/usr/lib/python3.13/site-packages/variety/Util.py", line 910, in safe_unlink
    os.unlink(filepath)
    ~~~~~~~~~^^^^^^^^^^
FileNotFoundError: [Errno 2] No such file or directory: '/home/pd0rk1n/.config/variety/Downloaded/wallhaven_abstract/wallhaven-73ov8v.png.metadata.json'
ERROR: 2025-08-31 00:19:05,633: safe_unlink() 'Could not delete /home/pd0rk1n/.config/variety/Downloaded/wallhaven_abstract/wallhaven-76z9m9.png.metadata.json, ignoring'
Traceback (most recent call last):
  File "/usr/lib/python3.13/site-packages/variety/Util.py", line 910, in safe_unlink
    os.unlink(filepath)
    ~~~~~~~~~^^^^^^^^^^
FileNotFoundError: [Errno 2] No such file or directory: '/home/pd0rk1n/.config/variety/Downloaded/wallhaven_abstract/wallhaven-76z9m9.png.metadata.json'
ERROR: 2025-08-31 00:19:05,633: safe_unlink() 'Could not delete /home/pd0rk1n/.config/variety/Downloaded/wallhaven_abstract/wallhaven-28xgd6.jpg.metadata.json, ignoring'
Traceback (most recent call last):
  File "/usr/lib/python3.13/site-packages/variety/Util.py", line 910, in safe_unlink
    os.unlink(filepath)
    ~~~~~~~~~^^^^^^^^^^
FileNotFoundError: [Errno 2] No such file or directory: '/home/pd0rk1n/.config/variety/Downloaded/wallhaven_abstract/wallhaven-28xgd6.jpg.metadata.json'
ERROR: 2025-08-31 00:19:05,634: safe_unlink() 'Could not delete /home/pd0rk1n/.config/variety/Downloaded/wallhaven_abstract/wallhaven-483r5k.jpg.metadata.json, ignoring'
Traceback (most recent call last):
  File "/usr/lib/python3.13/site-packages/variety/Util.py", line 910, in safe_unlink
    os.unlink(filepath)
    ~~~~~~~~~^^^^^^^^^^
FileNotFoundError: [Errno 2] No such file or directory: '/home/pd0rk1n/.config/variety/Downloaded/wallhaven_abstract/wallhaven-483r5k.jpg.metadata.json'
ERROR: 2025-08-31 00:19:05,634: safe_unlink() 'Could not delete /home/pd0rk1n/.config/variety/Downloaded/wallhaven_abstract/wallhaven-0wd5m6.jpg.metadata.json, ignoring'
Traceback (most recent call last):
  File "/usr/lib/python3.13/site-packages/variety/Util.py", line 910, in safe_unlink
    os.unlink(filepath)
    ~~~~~~~~~^^^^^^^^^^
FileNotFoundError: [Errno 2] No such file or directory: '/home/pd0rk1n/.config/variety/Downloaded/wallhaven_abstract/wallhaven-0wd5m6.jpg.metadata.json'
ERROR: 2025-08-31 00:19:05,634: safe_unlink() 'Could not delete /home/pd0rk1n/.config/variety/Downloaded/wallhaven_abstract/wallhaven-nrzpj4.jpg.metadata.json, ignoring'
Traceback (most recent call last):
  File "/usr/lib/python3.13/site-packages/variety/Util.py", line 910, in safe_unlink
    os.unlink(filepath)
    ~~~~~~~~~^^^^^^^^^^
FileNotFoundError: [Errno 2] No such file or directory: '/home/pd0rk1n/.config/variety/Downloaded/wallhaven_abstract/wallhaven-nrzpj4.jpg.metadata.json'
ERROR: 2025-08-31 00:19:05,635: safe_unlink() 'Could not delete /home/pd0rk1n/.config/variety/Downloaded/wallhaven_abstract/wallhaven-7p8zg3.png.metadata.json, ignoring'
Traceback (most recent call last):
  File "/usr/lib/python3.13/site-packages/variety/Util.py", line 910, in safe_unlink
    os.unlink(filepath)
    ~~~~~~~~~^^^^^^^^^^
FileNotFoundError: [Errno 2] No such file or directory: '/home/pd0rk1n/.config/variety/Downloaded/wallhaven_abstract/wallhaven-7p8zg3.png.metadata.json'
ERROR: 2025-08-31 00:19:05,635: safe_unlink() 'Could not delete /home/pd0rk1n/.config/variety/Downloaded/wallhaven_abstract/wallhaven-13w3d1.jpg.metadata.json, ignoring'
Traceback (most recent call last):
  File "/usr/lib/python3.13/site-packages/variety/Util.py", line 910, in safe_unlink
    os.unlink(filepath)
    ~~~~~~~~~^^^^^^^^^^
FileNotFoundError: [Errno 2] No such file or directory: '/home/pd0rk1n/.config/variety/Downloaded/wallhaven_abstract/wallhaven-13w3d1.jpg.metadata.json'
ERROR: 2025-08-31 00:19:05,635: safe_unlink() 'Could not delete /home/pd0rk1n/.config/variety/Downloaded/wallhaven_abstract/wallhaven-eymjmk.png.metadata.json, ignoring'
Traceback (most recent call last):
  File "/usr/lib/python3.13/site-packages/variety/Util.py", line 910, in safe_unlink
    os.unlink(filepath)
    ~~~~~~~~~^^^^^^^^^^
FileNotFoundError: [Errno 2] No such file or directory: '/home/pd0rk1n/.config/variety/Downloaded/wallhaven_abstract/wallhaven-eymjmk.png.metadata.json'
ERROR: 2025-08-31 00:19:05,636: safe_unlink() 'Could not delete /home/pd0rk1n/.config/variety/Downloaded/wallhaven_abstract/wallhaven-4l5lpp.jpg.metadata.json, ignoring'
Traceback (most recent call last):
  File "/usr/lib/python3.13/site-packages/variety/Util.py", line 910, in safe_unlink
    os.unlink(filepath)
    ~~~~~~~~~^^^^^^^^^^
FileNotFoundError: [Errno 2] No such file or directory: '/home/pd0rk1n/.config/variety/Downloaded/wallhaven_abstract/wallhaven-4l5lpp.jpg.metadata.json'
ERROR: 2025-08-31 00:19:05,636: safe_unlink() 'Could not delete /home/pd0rk1n/.config/variety/Downloaded/wallhaven_abstract/wallhaven-wy96zp.png.metadata.json, ignoring'
Traceback (most recent call last):
  File "/usr/lib/python3.13/site-packages/variety/Util.py", line 910, in safe_unlink
    os.unlink(filepath)
    ~~~~~~~~~^^^^^^^^^^
FileNotFoundError: [Errno 2] No such file or directory: '/home/pd0rk1n/.config/variety/Downloaded/wallhaven_abstract/wallhaven-wy96zp.png.metadata.json'
ERROR: 2025-08-31 00:19:05,636: safe_unlink() 'Could not delete /home/pd0rk1n/.config/variety/Downloaded/wallhaven_abstract/wallhaven-4211m0.jpg.metadata.json, ignoring'
Traceback (most recent call last):
  File "/usr/lib/python3.13/site-packages/variety/Util.py", line 910, in safe_unlink
    os.unlink(filepath)
    ~~~~~~~~~^^^^^^^^^^
FileNotFoundError: [Errno 2] No such file or directory: '/home/pd0rk1n/.config/variety/Downloaded/wallhaven_abstract/wallhaven-4211m0.jpg.metadata.json'
ERROR: 2025-08-31 00:19:05,637: safe_unlink() 'Could not delete /home/pd0rk1n/.config/variety/Downloaded/wallhaven_abstract/wallhaven-yx6dyk.jpg.metadata.json, ignoring'
Traceback (most recent call last):
  File "/usr/lib/python3.13/site-packages/variety/Util.py", line 910, in safe_unlink
    os.unlink(filepath)
    ~~~~~~~~~^^^^^^^^^^
FileNotFoundError: [Errno 2] No such file or directory: '/home/pd0rk1n/.config/variety/Downloaded/wallhaven_abstract/wallhaven-yx6dyk.jpg.metadata.json'
ERROR: 2025-08-31 00:19:05,637: safe_unlink() 'Could not delete /home/pd0rk1n/.config/variety/Downloaded/wallhaven_abstract/wallhaven-ymp92k.jpg.metadata.json, ignoring'
Traceback (most recent call last):
  File "/usr/lib/python3.13/site-packages/variety/Util.py", line 910, in safe_unlink
    os.unlink(filepath)
    ~~~~~~~~~^^^^^^^^^^
FileNotFoundError: [Errno 2] No such file or directory: '/home/pd0rk1n/.config/variety/Downloaded/wallhaven_abstract/wallhaven-ymp92k.jpg.metadata.json'
ERROR: 2025-08-31 00:19:05,638: safe_unlink() 'Could not delete /home/pd0rk1n/.config/variety/Downloaded/wallhaven_abstract/wallhaven-qzjpp5.png.metadata.json, ignoring'
Traceback (most recent call last):
  File "/usr/lib/python3.13/site-packages/variety/Util.py", line 910, in safe_unlink
    os.unlink(filepath)
    ~~~~~~~~~^^^^^^^^^^
FileNotFoundError: [Errno 2] No such file or directory: '/home/pd0rk1n/.config/variety/Downloaded/wallhaven_abstract/wallhaven-qzjpp5.png.metadata.json'
ERROR: 2025-08-31 00:19:05,638: safe_unlink() 'Could not delete /home/pd0rk1n/.config/variety/Downloaded/wallhaven_abstract/wallhaven-399l83.jpg.metadata.json, ignoring'
Traceback (most recent call last):
  File "/usr/lib/python3.13/site-packages/variety/Util.py", line 910, in safe_unlink
    os.unlink(filepath)
    ~~~~~~~~~^^^^^^^^^^
FileNotFoundError: [Errno 2] No such file or directory: '/home/pd0rk1n/.config/variety/Downloaded/wallhaven_abstract/wallhaven-399l83.jpg.metadata.json'
ERROR: 2025-08-31 00:19:05,639: safe_unlink() 'Could not delete /home/pd0rk1n/.config/variety/Downloaded/wallhaven_abstract/wallhaven-6d7xyq.jpg.metadata.json, ignoring'
Traceback (most recent call last):
  File "/usr/lib/python3.13/site-packages/variety/Util.py", line 910, in safe_unlink
    os.unlink(filepath)
    ~~~~~~~~~^^^^^^^^^^
FileNotFoundError: [Errno 2] No such file or directory: '/home/pd0rk1n/.config/variety/Downloaded/wallhaven_abstract/wallhaven-6d7xyq.jpg.metadata.json'
ERROR: 2025-08-31 00:19:05,639: safe_unlink() 'Could not delete /home/pd0rk1n/.config/variety/Downloaded/wallhaven_abstract/wallhaven-7pvmwo.jpg.metadata.json, ignoring'
Traceback (most recent call last):
  File "/usr/lib/python3.13/site-packages/variety/Util.py", line 910, in safe_unlink
    os.unlink(filepath)
    ~~~~~~~~~^^^^^^^^^^
FileNotFoundError: [Errno 2] No such file or directory: '/home/pd0rk1n/.config/variety/Downloaded/wallhaven_abstract/wallhaven-7pvmwo.jpg.metadata.json'
ERROR: 2025-08-31 00:19:05,639: safe_unlink() 'Could not delete /home/pd0rk1n/.config/variety/Downloaded/wallhaven_abstract/wallhaven-4l1dly.jpg.metadata.json, ignoring'
Traceback (most recent call last):
  File "/usr/lib/python3.13/site-packages/variety/Util.py", line 910, in safe_unlink
    os.unlink(filepath)
    ~~~~~~~~~^^^^^^^^^^
FileNotFoundError: [Errno 2] No such file or directory: '/home/pd0rk1n/.config/variety/Downloaded/wallhaven_abstract/wallhaven-4l1dly.jpg.metadata.json'
ERROR: 2025-08-31 00:19:05,640: safe_unlink() 'Could not delete /home/pd0rk1n/.config/variety/Downloaded/wallhaven_abstract/wallhaven-g8pq2q.png.metadata.json, ignoring'
Traceback (most recent call last):
  File "/usr/lib/python3.13/site-packages/variety/Util.py", line 910, in safe_unlink
    os.unlink(filepath)
    ~~~~~~~~~^^^^^^^^^^
FileNotFoundError: [Errno 2] No such file or directory: '/home/pd0rk1n/.config/variety/Downloaded/wallhaven_abstract/wallhaven-g8pq2q.png.metadata.json'
ERROR: 2025-08-31 00:19:05,640: safe_unlink() 'Could not delete /home/pd0rk1n/.config/variety/Downloaded/wallhaven_abstract/wallhaven-q66ezd.jpg.metadata.json, ignoring'
Traceback (most recent call last):
  File "/usr/lib/python3.13/site-packages/variety/Util.py", line 910, in safe_unlink
    os.unlink(filepath)
    ~~~~~~~~~^^^^^^^^^^
FileNotFoundError: [Errno 2] No such file or directory: '/home/pd0rk1n/.config/variety/Downloaded/wallhaven_abstract/wallhaven-q66ezd.jpg.metadata.json'
ERROR: 2025-08-31 00:19:05,641: safe_unlink() 'Could not delete /home/pd0rk1n/.config/variety/Downloaded/wallhaven_abstract/wallhaven-x6m913.jpg.metadata.json, ignoring'
Traceback (most recent call last):
  File "/usr/lib/python3.13/site-packages/variety/Util.py", line 910, in safe_unlink
    os.unlink(filepath)
    ~~~~~~~~~^^^^^^^^^^
FileNotFoundError: [Errno 2] No such file or directory: '/home/pd0rk1n/.config/variety/Downloaded/wallhaven_abstract/wallhaven-x6m913.jpg.metadata.json'
ERROR: 2025-08-31 00:19:05,641: safe_unlink() 'Could not delete /home/pd0rk1n/.config/variety/Downloaded/wallhaven_abstract/wallhaven-mdll31.jpg.metadata.json, ignoring'
Traceback (most recent call last):
  File "/usr/lib/python3.13/site-packages/variety/Util.py", line 910, in safe_unlink
    os.unlink(filepath)
    ~~~~~~~~~^^^^^^^^^^
FileNotFoundError: [Errno 2] No such file or directory: '/home/pd0rk1n/.config/variety/Downloaded/wallhaven_abstract/wallhaven-mdll31.jpg.metadata.json'
ERROR: 2025-08-31 00:19:05,642: safe_unlink() 'Could not delete /home/pd0rk1n/.config/variety/Downloaded/wallhaven_abstract/wallhaven-x817ll.jpg.metadata.json, ignoring'
Traceback (most recent call last):
  File "/usr/lib/python3.13/site-packages/variety/Util.py", line 910, in safe_unlink
    os.unlink(filepath)
    ~~~~~~~~~^^^^^^^^^^
FileNotFoundError: [Errno 2] No such file or directory: '/home/pd0rk1n/.config/variety/Downloaded/wallhaven_abstract/wallhaven-x817ll.jpg.metadata.json'
ERROR: 2025-08-31 00:19:05,642: safe_unlink() 'Could not delete /home/pd0rk1n/.config/variety/Downloaded/wallhaven_abstract/wallhaven-vg2y5p.jpg.metadata.json, ignoring'
Traceback (most recent call last):
  File "/usr/lib/python3.13/site-packages/variety/Util.py", line 910, in safe_unlink
    os.unlink(filepath)
    ~~~~~~~~~^^^^^^^^^^
FileNotFoundError: [Errno 2] No such file or directory: '/home/pd0rk1n/.config/variety/Downloaded/wallhaven_abstract/wallhaven-vg2y5p.jpg.metadata.json'
ERROR: 2025-08-31 00:19:05,643: safe_unlink() 'Could not delete /home/pd0rk1n/.config/variety/Downloaded/wallhaven_abstract/wallhaven-45oz58.jpg.metadata.json, ignoring'
Traceback (most recent call last):
  File "/usr/lib/python3.13/site-packages/variety/Util.py", line 910, in safe_unlink
    os.unlink(filepath)
    ~~~~~~~~~^^^^^^^^^^
FileNotFoundError: [Errno 2] No such file or directory: '/home/pd0rk1n/.config/variety/Downloaded/wallhaven_abstract/wallhaven-45oz58.jpg.metadata.json'
ERROR: 2025-08-31 00:19:05,643: safe_unlink() 'Could not delete /home/pd0rk1n/.config/variety/Downloaded/wallhaven_abstract/wallhaven-p93gm9.jpg.metadata.json, ignoring'
Traceback (most recent call last):
  File "/usr/lib/python3.13/site-packages/variety/Util.py", line 910, in safe_unlink
    os.unlink(filepath)
    ~~~~~~~~~^^^^^^^^^^
FileNotFoundError: [Errno 2] No such file or directory: '/home/pd0rk1n/.config/variety/Downloaded/wallhaven_abstract/wallhaven-p93gm9.jpg.metadata.json'
ERROR: 2025-08-31 00:19:05,643: safe_unlink() 'Could not delete /home/pd0rk1n/.config/variety/Downloaded/wallhaven_abstract/wallhaven-lqxl5p.jpg.metadata.json, ignoring'
Traceback (most recent call last):
  File "/usr/lib/python3.13/site-packages/variety/Util.py", line 910, in safe_unlink
    os.unlink(filepath)
    ~~~~~~~~~^^^^^^^^^^
FileNotFoundError: [Errno 2] No such file or directory: '/home/pd0rk1n/.config/variety/Downloaded/wallhaven_abstract/wallhaven-lqxl5p.jpg.metadata.json'
ERROR: 2025-08-31 00:19:05,644: safe_unlink() 'Could not delete /home/pd0rk1n/.config/variety/Downloaded/wallhaven_abstract/wallhaven-xlge6v.png.metadata.json, ignoring'
Traceback (most recent call last):
  File "/usr/lib/python3.13/site-packages/variety/Util.py", line 910, in safe_unlink
    os.unlink(filepath)
    ~~~~~~~~~^^^^^^^^^^
FileNotFoundError: [Errno 2] No such file or directory: '/home/pd0rk1n/.config/variety/Downloaded/wallhaven_abstract/wallhaven-xlge6v.png.metadata.json'
ERROR: 2025-08-31 00:19:05,644: safe_unlink() 'Could not delete /home/pd0rk1n/.config/variety/Downloaded/wallhaven_abstract/wallhaven-d5lv63.jpg.metadata.json, ignoring'
Traceback (most recent call last):
  File "/usr/lib/python3.13/site-packages/variety/Util.py", line 910, in safe_unlink
    os.unlink(filepath)
    ~~~~~~~~~^^^^^^^^^^
FileNotFoundError: [Errno 2] No such file or directory: '/home/pd0rk1n/.config/variety/Downloaded/wallhaven_abstract/wallhaven-d5lv63.jpg.metadata.json'
ERROR: 2025-08-31 00:19:05,645: safe_unlink() 'Could not delete /home/pd0rk1n/.config/variety/Downloaded/wallhaven_abstract/wallhaven-vgr8d8.png.metadata.json, ignoring'
Traceback (most recent call last):
  File "/usr/lib/python3.13/site-packages/variety/Util.py", line 910, in safe_unlink
    os.unlink(filepath)
    ~~~~~~~~~^^^^^^^^^^
FileNotFoundError: [Errno 2] No such file or directory: '/home/pd0rk1n/.config/variety/Downloaded/wallhaven_abstract/wallhaven-vgr8d8.png.metadata.json'
ERROR: 2025-08-31 00:19:05,645: safe_unlink() 'Could not delete /home/pd0rk1n/.config/variety/Downloaded/wallhaven_abstract/wallhaven-o56v59.png.metadata.json, ignoring'
Traceback (most recent call last):
  File "/usr/lib/python3.13/site-packages/variety/Util.py", line 910, in safe_unlink
    os.unlink(filepath)
    ~~~~~~~~~^^^^^^^^^^
FileNotFoundError: [Errno 2] No such file or directory: '/home/pd0rk1n/.config/variety/Downloaded/wallhaven_abstract/wallhaven-o56v59.png.metadata.json'
ERROR: 2025-08-31 00:19:05,646: safe_unlink() 'Could not delete /home/pd0rk1n/.config/variety/Downloaded/wallhaven_abstract/wallhaven-x6z89o.jpg.metadata.json, ignoring'
Traceback (most recent call last):
  File "/usr/lib/python3.13/site-packages/variety/Util.py", line 910, in safe_unlink
    os.unlink(filepath)
    ~~~~~~~~~^^^^^^^^^^
FileNotFoundError: [Errno 2] No such file or directory: '/home/pd0rk1n/.config/variety/Downloaded/wallhaven_abstract/wallhaven-x6z89o.jpg.metadata.json'
ERROR: 2025-08-31 00:19:05,646: safe_unlink() 'Could not delete /home/pd0rk1n/.config/variety/Downloaded/wallhaven_abstract/wallhaven-oxq8gl.jpg.metadata.json, ignoring'
Traceback (most recent call last):
  File "/usr/lib/python3.13/site-packages/variety/Util.py", line 910, in safe_unlink
    os.unlink(filepath)
    ~~~~~~~~~^^^^^^^^^^
FileNotFoundError: [Errno 2] No such file or directory: '/home/pd0rk1n/.config/variety/Downloaded/wallhaven_abstract/wallhaven-oxq8gl.jpg.metadata.json'
ERROR: 2025-08-31 00:19:05,647: safe_unlink() 'Could not delete /home/pd0rk1n/.config/variety/Downloaded/wallhaven_abstract/wallhaven-3zpzrv.jpg.metadata.json, ignoring'
Traceback (most recent call last):
  File "/usr/lib/python3.13/site-packages/variety/Util.py", line 910, in safe_unlink
    os.unlink(filepath)
    ~~~~~~~~~^^^^^^^^^^
FileNotFoundError: [Errno 2] No such file or directory: '/home/pd0rk1n/.config/variety/Downloaded/wallhaven_abstract/wallhaven-3zpzrv.jpg.metadata.json'
ERROR: 2025-08-31 00:19:05,647: safe_unlink() 'Could not delete /home/pd0rk1n/.config/variety/Downloaded/wallhaven_abstract/wallhaven-6q8m7l.jpg.metadata.json, ignoring'
Traceback (most recent call last):
  File "/usr/lib/python3.13/site-packages/variety/Util.py", line 910, in safe_unlink
    os.unlink(filepath)
    ~~~~~~~~~^^^^^^^^^^
FileNotFoundError: [Errno 2] No such file or directory: '/home/pd0rk1n/.config/variety/Downloaded/wallhaven_abstract/wallhaven-6q8m7l.jpg.metadata.json'
ERROR: 2025-08-31 00:19:05,647: safe_unlink() 'Could not delete /home/pd0rk1n/.config/variety/Downloaded/wallhaven_abstract/wallhaven-96gk91.jpg.metadata.json, ignoring'
Traceback (most recent call last):
  File "/usr/lib/python3.13/site-packages/variety/Util.py", line 910, in safe_unlink
    os.unlink(filepath)
    ~~~~~~~~~^^^^^^^^^^
FileNotFoundError: [Errno 2] No such file or directory: '/home/pd0rk1n/.config/variety/Downloaded/wallhaven_abstract/wallhaven-96gk91.jpg.metadata.json'
ERROR: 2025-08-31 00:19:05,648: safe_unlink() 'Could not delete /home/pd0rk1n/.config/variety/Downloaded/wallhaven_abstract/wallhaven-eo3zm8.png.metadata.json, ignoring'
Traceback (most recent call last):
  File "/usr/lib/python3.13/site-packages/variety/Util.py", line 910, in safe_unlink
    os.unlink(filepath)
    ~~~~~~~~~^^^^^^^^^^
FileNotFoundError: [Errno 2] No such file or directory: '/home/pd0rk1n/.config/variety/Downloaded/wallhaven_abstract/wallhaven-eo3zm8.png.metadata.json'
ERROR: 2025-08-31 00:19:05,648: safe_unlink() 'Could not delete /home/pd0rk1n/.config/variety/Downloaded/wallhaven_abstract/wallhaven-015yx9.jpg.metadata.json, ignoring'
Traceback (most recent call last):
  File "/usr/lib/python3.13/site-packages/variety/Util.py", line 910, in safe_unlink
    os.unlink(filepath)
    ~~~~~~~~~^^^^^^^^^^
FileNotFoundError: [Errno 2] No such file or directory: '/home/pd0rk1n/.config/variety/Downloaded/wallhaven_abstract/wallhaven-015yx9.jpg.metadata.json'
ERROR: 2025-08-31 00:19:05,649: safe_unlink() 'Could not delete /home/pd0rk1n/.config/variety/Downloaded/wallhaven_abstract/wallhaven-l399ql.png.metadata.json, ignoring'
Traceback (most recent call last):
  File "/usr/lib/python3.13/site-packages/variety/Util.py", line 910, in safe_unlink
    os.unlink(filepath)
    ~~~~~~~~~^^^^^^^^^^
FileNotFoundError: [Errno 2] No such file or directory: '/home/pd0rk1n/.config/variety/Downloaded/wallhaven_abstract/wallhaven-l399ql.png.metadata.json'
ERROR: 2025-08-31 00:19:05,649: safe_unlink() 'Could not delete /home/pd0rk1n/.config/variety/Downloaded/wallhaven_abstract/wallhaven-4l1vrp.jpg.metadata.json, ignoring'
Traceback (most recent call last):
  File "/usr/lib/python3.13/site-packages/variety/Util.py", line 910, in safe_unlink
    os.unlink(filepath)
    ~~~~~~~~~^^^^^^^^^^
FileNotFoundError: [Errno 2] No such file or directory: '/home/pd0rk1n/.config/variety/Downloaded/wallhaven_abstract/wallhaven-4l1vrp.jpg.metadata.json'
ERROR: 2025-08-31 00:19:05,650: safe_unlink() 'Could not delete /home/pd0rk1n/.config/variety/Downloaded/wallhaven_abstract/wallhaven-83r1dj.jpg.metadata.json, ignoring'
Traceback (most recent call last):
  File "/usr/lib/python3.13/site-packages/variety/Util.py", line 910, in safe_unlink
    os.unlink(filepath)
    ~~~~~~~~~^^^^^^^^^^
FileNotFoundError: [Errno 2] No such file or directory: '/home/pd0rk1n/.config/variety/Downloaded/wallhaven_abstract/wallhaven-83r1dj.jpg.metadata.json'
ERROR: 2025-08-31 00:19:05,650: safe_unlink() 'Could not delete /home/pd0rk1n/.config/variety/Downloaded/wallhaven_abstract/wallhaven-rrxwd1.jpg.metadata.json, ignoring'
Traceback (most recent call last):
  File "/usr/lib/python3.13/site-packages/variety/Util.py", line 910, in safe_unlink
    os.unlink(filepath)
    ~~~~~~~~~^^^^^^^^^^
FileNotFoundError: [Errno 2] No such file or directory: '/home/pd0rk1n/.config/variety/Downloaded/wallhaven_abstract/wallhaven-rrxwd1.jpg.metadata.json'
ERROR: 2025-08-31 00:19:05,650: safe_unlink() 'Could not delete /home/pd0rk1n/.config/variety/Downloaded/wallhaven_abstract/wallhaven-nkk91n.jpg.metadata.json, ignoring'
Traceback (most recent call last):
  File "/usr/lib/python3.13/site-packages/variety/Util.py", line 910, in safe_unlink
    os.unlink(filepath)
    ~~~~~~~~~^^^^^^^^^^
FileNotFoundError: [Errno 2] No such file or directory: '/home/pd0rk1n/.config/variety/Downloaded/wallhaven_abstract/wallhaven-nkk91n.jpg.metadata.json'
ERROR: 2025-08-31 00:19:05,651: safe_unlink() 'Could not delete /home/pd0rk1n/.config/variety/Downloaded/wallhaven_abstract/wallhaven-o3mpl5.jpg.metadata.json, ignoring'
Traceback (most recent call last):
  File "/usr/lib/python3.13/site-packages/variety/Util.py", line 910, in safe_unlink
    os.unlink(filepath)
    ~~~~~~~~~^^^^^^^^^^
FileNotFoundError: [Errno 2] No such file or directory: '/home/pd0rk1n/.config/variety/Downloaded/wallhaven_abstract/wallhaven-o3mpl5.jpg.metadata.json'
ERROR: 2025-08-31 00:19:05,651: safe_unlink() 'Could not delete /home/pd0rk1n/.config/variety/Downloaded/wallhaven_abstract/wallhaven-e73dg8.jpg.metadata.json, ignoring'
Traceback (most recent call last):
  File "/usr/lib/python3.13/site-packages/variety/Util.py", line 910, in safe_unlink
    os.unlink(filepath)
    ~~~~~~~~~^^^^^^^^^^
FileNotFoundError: [Errno 2] No such file or directory: '/home/pd0rk1n/.config/variety/Downloaded/wallhaven_abstract/wallhaven-e73dg8.jpg.metadata.json'
ERROR: 2025-08-31 00:19:05,652: safe_unlink() 'Could not delete /home/pd0rk1n/.config/variety/Downloaded/wallhaven_abstract/wallhaven-9mgk5k.jpg.metadata.json, ignoring'
Traceback (most recent call last):
  File "/usr/lib/python3.13/site-packages/variety/Util.py", line 910, in safe_unlink
    os.unlink(filepath)
    ~~~~~~~~~^^^^^^^^^^
FileNotFoundError: [Errno 2] No such file or directory: '/home/pd0rk1n/.config/variety/Downloaded/wallhaven_abstract/wallhaven-9mgk5k.jpg.metadata.json'
ERROR: 2025-08-31 00:19:05,652: safe_unlink() 'Could not delete /home/pd0rk1n/.config/variety/Downloaded/wallhaven_abstract/wallhaven-o3mxj9.png.metadata.json, ignoring'
Traceback (most recent call last):
  File "/usr/lib/python3.13/site-packages/variety/Util.py", line 910, in safe_unlink
    os.unlink(filepath)
    ~~~~~~~~~^^^^^^^^^^
FileNotFoundError: [Errno 2] No such file or directory: '/home/pd0rk1n/.config/variety/Downloaded/wallhaven_abstract/wallhaven-o3mxj9.png.metadata.json'
ERROR: 2025-08-31 00:19:05,653: safe_unlink() 'Could not delete /home/pd0rk1n/.config/variety/Downloaded/wallhaven_abstract/wallhaven-391eey.png.metadata.json, ignoring'
Traceback (most recent call last):
  File "/usr/lib/python3.13/site-packages/variety/Util.py", line 910, in safe_unlink
    os.unlink(filepath)
    ~~~~~~~~~^^^^^^^^^^
FileNotFoundError: [Errno 2] No such file or directory: '/home/pd0rk1n/.config/variety/Downloaded/wallhaven_abstract/wallhaven-391eey.png.metadata.json'
ERROR: 2025-08-31 00:19:05,653: safe_unlink() 'Could not delete /home/pd0rk1n/.config/variety/Downloaded/wallhaven_abstract/wallhaven-01qpg4.jpg.metadata.json, ignoring'
Traceback (most recent call last):
  File "/usr/lib/python3.13/site-packages/variety/Util.py", line 910, in safe_unlink
    os.unlink(filepath)
    ~~~~~~~~~^^^^^^^^^^
FileNotFoundError: [Errno 2] No such file or directory: '/home/pd0rk1n/.config/variety/Downloaded/wallhaven_abstract/wallhaven-01qpg4.jpg.metadata.json'
ERROR: 2025-08-31 00:19:05,653: safe_unlink() 'Could not delete /home/pd0rk1n/.config/variety/Downloaded/wallhaven_abstract/wallhaven-g7g86q.jpg.metadata.json, ignoring'
Traceback (most recent call last):
  File "/usr/lib/python3.13/site-packages/variety/Util.py", line 910, in safe_unlink
    os.unlink(filepath)
    ~~~~~~~~~^^^^^^^^^^
FileNotFoundError: [Errno 2] No such file or directory: '/home/pd0rk1n/.config/variety/Downloaded/wallhaven_abstract/wallhaven-g7g86q.jpg.metadata.json'
ERROR: 2025-08-31 00:19:05,654: safe_unlink() 'Could not delete /home/pd0rk1n/.config/variety/Downloaded/wallhaven_abstract/wallhaven-47k2py.jpg.metadata.json, ignoring'
Traceback (most recent call last):
  File "/usr/lib/python3.13/site-packages/variety/Util.py", line 910, in safe_unlink
    os.unlink(filepath)
    ~~~~~~~~~^^^^^^^^^^
FileNotFoundError: [Errno 2] No such file or directory: '/home/pd0rk1n/.config/variety/Downloaded/wallhaven_abstract/wallhaven-47k2py.jpg.metadata.json'
ERROR: 2025-08-31 00:19:05,654: safe_unlink() 'Could not delete /home/pd0rk1n/.config/variety/Downloaded/wallhaven_abstract/wallhaven-g75m8e.jpg.metadata.json, ignoring'
Traceback (most recent call last):
  File "/usr/lib/python3.13/site-packages/variety/Util.py", line 910, in safe_unlink
    os.unlink(filepath)
    ~~~~~~~~~^^^^^^^^^^
FileNotFoundError: [Errno 2] No such file or directory: '/home/pd0rk1n/.config/variety/Downloaded/wallhaven_abstract/wallhaven-g75m8e.jpg.metadata.json'
ERROR: 2025-08-31 00:19:05,654: safe_unlink() 'Could not delete /home/pd0rk1n/.config/variety/Downloaded/wallhaven_abstract/wallhaven-3936rd.jpg.metadata.json, ignoring'
Traceback (most recent call last):
  File "/usr/lib/python3.13/site-packages/variety/Util.py", line 910, in safe_unlink
    os.unlink(filepath)
    ~~~~~~~~~^^^^^^^^^^
FileNotFoundError: [Errno 2] No such file or directory: '/home/pd0rk1n/.config/variety/Downloaded/wallhaven_abstract/wallhaven-3936rd.jpg.metadata.json'
ERROR: 2025-08-31 00:19:05,655: safe_unlink() 'Could not delete /home/pd0rk1n/.config/variety/Downloaded/wallhaven_abstract/wallhaven-ymp52d.png.metadata.json, ignoring'
Traceback (most recent call last):
  File "/usr/lib/python3.13/site-packages/variety/Util.py", line 910, in safe_unlink
    os.unlink(filepath)
    ~~~~~~~~~^^^^^^^^^^
FileNotFoundError: [Errno 2] No such file or directory: '/home/pd0rk1n/.config/variety/Downloaded/wallhaven_abstract/wallhaven-ymp52d.png.metadata.json'
ERROR: 2025-08-31 00:19:05,655: safe_unlink() 'Could not delete /home/pd0rk1n/.config/variety/Downloaded/wallhaven_abstract/wallhaven-dpo38l.jpg.metadata.json, ignoring'
Traceback (most recent call last):
  File "/usr/lib/python3.13/site-packages/variety/Util.py", line 910, in safe_unlink
    os.unlink(filepath)
    ~~~~~~~~~^^^^^^^^^^
FileNotFoundError: [Errno 2] No such file or directory: '/home/pd0rk1n/.config/variety/Downloaded/wallhaven_abstract/wallhaven-dpo38l.jpg.metadata.json'
ERROR: 2025-08-31 00:19:05,655: safe_unlink() 'Could not delete /home/pd0rk1n/.config/variety/Downloaded/wallhaven_abstract/wallhaven-oxorrp.jpg.metadata.json, ignoring'
Traceback (most recent call last):
  File "/usr/lib/python3.13/site-packages/variety/Util.py", line 910, in safe_unlink
    os.unlink(filepath)
    ~~~~~~~~~^^^^^^^^^^
FileNotFoundError: [Errno 2] No such file or directory: '/home/pd0rk1n/.config/variety/Downloaded/wallhaven_abstract/wallhaven-oxorrp.jpg.metadata.json'
ERROR: 2025-08-31 00:19:05,656: safe_unlink() 'Could not delete /home/pd0rk1n/.config/variety/Downloaded/wallhaven_abstract/wallhaven-6qpxzl.png.metadata.json, ignoring'
Traceback (most recent call last):
  File "/usr/lib/python3.13/site-packages/variety/Util.py", line 910, in safe_unlink
    os.unlink(filepath)
    ~~~~~~~~~^^^^^^^^^^
FileNotFoundError: [Errno 2] No such file or directory: '/home/pd0rk1n/.config/variety/Downloaded/wallhaven_abstract/wallhaven-6qpxzl.png.metadata.json'
ERROR: 2025-08-31 00:19:05,656: safe_unlink() 'Could not delete /home/pd0rk1n/.config/variety/Downloaded/wallhaven_abstract/wallhaven-z8g96v.jpg.metadata.json, ignoring'
Traceback (most recent call last):
  File "/usr/lib/python3.13/site-packages/variety/Util.py", line 910, in safe_unlink
    os.unlink(filepath)
    ~~~~~~~~~^^^^^^^^^^
FileNotFoundError: [Errno 2] No such file or directory: '/home/pd0rk1n/.config/variety/Downloaded/wallhaven_abstract/wallhaven-z8g96v.jpg.metadata.json'
ERROR: 2025-08-31 00:19:05,657: safe_unlink() 'Could not delete /home/pd0rk1n/.config/variety/Downloaded/wallhaven_abstract/wallhaven-lmq1xl.jpg.metadata.json, ignoring'
Traceback (most recent call last):
  File "/usr/lib/python3.13/site-packages/variety/Util.py", line 910, in safe_unlink
    os.unlink(filepath)
    ~~~~~~~~~^^^^^^^^^^
FileNotFoundError: [Errno 2] No such file or directory: '/home/pd0rk1n/.config/variety/Downloaded/wallhaven_abstract/wallhaven-lmq1xl.jpg.metadata.json'
ERROR: 2025-08-31 00:19:05,657: safe_unlink() 'Could not delete /home/pd0rk1n/.config/variety/Downloaded/wallhaven_abstract/wallhaven-zmmjpg.jpg.metadata.json, ignoring'
Traceback (most recent call last):
  File "/usr/lib/python3.13/site-packages/variety/Util.py", line 910, in safe_unlink
    os.unlink(filepath)
    ~~~~~~~~~^^^^^^^^^^
FileNotFoundError: [Errno 2] No such file or directory: '/home/pd0rk1n/.config/variety/Downloaded/wallhaven_abstract/wallhaven-zmmjpg.jpg.metadata.json'
ERROR: 2025-08-31 00:19:05,657: safe_unlink() 'Could not delete /home/pd0rk1n/.config/variety/Downloaded/wallhaven_abstract/wallhaven-g77wdq.jpg.metadata.json, ignoring'
Traceback (most recent call last):
  File "/usr/lib/python3.13/site-packages/variety/Util.py", line 910, in safe_unlink
    os.unlink(filepath)
    ~~~~~~~~~^^^^^^^^^^
FileNotFoundError: [Errno 2] No such file or directory: '/home/pd0rk1n/.config/variety/Downloaded/wallhaven_abstract/wallhaven-g77wdq.jpg.metadata.json'
ERROR: 2025-08-31 00:19:05,658: safe_unlink() 'Could not delete /home/pd0rk1n/.config/variety/Downloaded/wallhaven_abstract/wallhaven-l8r222.jpg.metadata.json, ignoring'
Traceback (most recent call last):
  File "/usr/lib/python3.13/site-packages/variety/Util.py", line 910, in safe_unlink
    os.unlink(filepath)
    ~~~~~~~~~^^^^^^^^^^
FileNotFoundError: [Errno 2] No such file or directory: '/home/pd0rk1n/.config/variety/Downloaded/wallhaven_abstract/wallhaven-l8r222.jpg.metadata.json'
ERROR: 2025-08-31 00:19:05,658: safe_unlink() 'Could not delete /home/pd0rk1n/.config/variety/Downloaded/wallhaven_abstract/wallhaven-6k62wx.png.metadata.json, ignoring'
Traceback (most recent call last):
  File "/usr/lib/python3.13/site-packages/variety/Util.py", line 910, in safe_unlink
    os.unlink(filepath)
    ~~~~~~~~~^^^^^^^^^^
FileNotFoundError: [Errno 2] No such file or directory: '/home/pd0rk1n/.config/variety/Downloaded/wallhaven_abstract/wallhaven-6k62wx.png.metadata.json'
ERROR: 2025-08-31 00:19:05,658: safe_unlink() 'Could not delete /home/pd0rk1n/.config/variety/Downloaded/wallhaven_abstract/wallhaven-0w8gpp.png.metadata.json, ignoring'
Traceback (most recent call last):
  File "/usr/lib/python3.13/site-packages/variety/Util.py", line 910, in safe_unlink
    os.unlink(filepath)
    ~~~~~~~~~^^^^^^^^^^
FileNotFoundError: [Errno 2] No such file or directory: '/home/pd0rk1n/.config/variety/Downloaded/wallhaven_abstract/wallhaven-0w8gpp.png.metadata.json'
ERROR: 2025-08-31 00:19:05,659: safe_unlink() 'Could not delete /home/pd0rk1n/.config/variety/Downloaded/wallhaven_abstract/wallhaven-6d7ow6.jpg.metadata.json, ignoring'
Traceback (most recent call last):
  File "/usr/lib/python3.13/site-packages/variety/Util.py", line 910, in safe_unlink
    os.unlink(filepath)
    ~~~~~~~~~^^^^^^^^^^
FileNotFoundError: [Errno 2] No such file or directory: '/home/pd0rk1n/.config/variety/Downloaded/wallhaven_abstract/wallhaven-6d7ow6.jpg.metadata.json'
ERROR: 2025-08-31 00:19:05,659: safe_unlink() 'Could not delete /home/pd0rk1n/.config/variety/Downloaded/wallhaven_abstract/wallhaven-j375pw.jpg.metadata.json, ignoring'
Traceback (most recent call last):
  File "/usr/lib/python3.13/site-packages/variety/Util.py", line 910, in safe_unlink
    os.unlink(filepath)
    ~~~~~~~~~^^^^^^^^^^
FileNotFoundError: [Errno 2] No such file or directory: '/home/pd0rk1n/.config/variety/Downloaded/wallhaven_abstract/wallhaven-j375pw.jpg.metadata.json'
ERROR: 2025-08-31 00:19:05,660: safe_unlink() 'Could not delete /home/pd0rk1n/.config/variety/Downloaded/wallhaven_abstract/wallhaven-5g5yq3.jpg.metadata.json, ignoring'
Traceback (most recent call last):
  File "/usr/lib/python3.13/site-packages/variety/Util.py", line 910, in safe_unlink
    os.unlink(filepath)
    ~~~~~~~~~^^^^^^^^^^
FileNotFoundError: [Errno 2] No such file or directory: '/home/pd0rk1n/.config/variety/Downloaded/wallhaven_abstract/wallhaven-5g5yq3.jpg.metadata.json'
ERROR: 2025-08-31 00:19:05,660: safe_unlink() 'Could not delete /home/pd0rk1n/.config/variety/Downloaded/wallhaven_abstract/wallhaven-o3dlkm.jpg.metadata.json, ignoring'
Traceback (most recent call last):
  File "/usr/lib/python3.13/site-packages/variety/Util.py", line 910, in safe_unlink
    os.unlink(filepath)
    ~~~~~~~~~^^^^^^^^^^
FileNotFoundError: [Errno 2] No such file or directory: '/home/pd0rk1n/.config/variety/Downloaded/wallhaven_abstract/wallhaven-o3dlkm.jpg.metadata.json'
ERROR: 2025-08-31 00:19:05,660: safe_unlink() 'Could not delete /home/pd0rk1n/.config/variety/Downloaded/wallhaven_abstract/wallhaven-6krl5x.jpg.metadata.json, ignoring'
Traceback (most recent call last):
  File "/usr/lib/python3.13/site-packages/variety/Util.py", line 910, in safe_unlink
    os.unlink(filepath)
    ~~~~~~~~~^^^^^^^^^^
FileNotFoundError: [Errno 2] No such file or directory: '/home/pd0rk1n/.config/variety/Downloaded/wallhaven_abstract/wallhaven-6krl5x.jpg.metadata.json'
ERROR: 2025-08-31 00:19:05,661: safe_unlink() 'Could not delete /home/pd0rk1n/.config/variety/Downloaded/wallhaven_abstract/wallhaven-qr9drl.png.metadata.json, ignoring'
Traceback (most recent call last):
  File "/usr/lib/python3.13/site-packages/variety/Util.py", line 910, in safe_unlink
    os.unlink(filepath)
    ~~~~~~~~~^^^^^^^^^^
FileNotFoundError: [Errno 2] No such file or directory: '/home/pd0rk1n/.config/variety/Downloaded/wallhaven_abstract/wallhaven-qr9drl.png.metadata.json'
ERROR: 2025-08-31 00:19:05,661: safe_unlink() 'Could not delete /home/pd0rk1n/.config/variety/Downloaded/wallhaven_abstract/wallhaven-x8km23.png.metadata.json, ignoring'
Traceback (most recent call last):
  File "/usr/lib/python3.13/site-packages/variety/Util.py", line 910, in safe_unlink
    os.unlink(filepath)
    ~~~~~~~~~^^^^^^^^^^
FileNotFoundError: [Errno 2] No such file or directory: '/home/pd0rk1n/.config/variety/Downloaded/wallhaven_abstract/wallhaven-x8km23.png.metadata.json'
ERROR: 2025-08-31 00:19:05,662: safe_unlink() 'Could not delete /home/pd0rk1n/.config/variety/Downloaded/wallhaven_abstract/wallhaven-nrwrq4.jpg.metadata.json, ignoring'
Traceback (most recent call last):
  File "/usr/lib/python3.13/site-packages/variety/Util.py", line 910, in safe_unlink
    os.unlink(filepath)
    ~~~~~~~~~^^^^^^^^^^
FileNotFoundError: [Errno 2] No such file or directory: '/home/pd0rk1n/.config/variety/Downloaded/wallhaven_abstract/wallhaven-nrwrq4.jpg.metadata.json'
ERROR: 2025-08-31 00:19:05,662: safe_unlink() 'Could not delete /home/pd0rk1n/.config/variety/Downloaded/wallhaven_abstract/wallhaven-ym9y1g.png.metadata.json, ignoring'
Traceback (most recent call last):
  File "/usr/lib/python3.13/site-packages/variety/Util.py", line 910, in safe_unlink
    os.unlink(filepath)
    ~~~~~~~~~^^^^^^^^^^
FileNotFoundError: [Errno 2] No such file or directory: '/home/pd0rk1n/.config/variety/Downloaded/wallhaven_abstract/wallhaven-ym9y1g.png.metadata.json'
ERROR: 2025-08-31 00:19:05,662: safe_unlink() 'Could not delete /home/pd0rk1n/.config/variety/Downloaded/wallhaven_abstract/wallhaven-gjrldl.png.metadata.json, ignoring'
Traceback (most recent call last):
  File "/usr/lib/python3.13/site-packages/variety/Util.py", line 910, in safe_unlink
    os.unlink(filepath)
    ~~~~~~~~~^^^^^^^^^^
FileNotFoundError: [Errno 2] No such file or directory: '/home/pd0rk1n/.config/variety/Downloaded/wallhaven_abstract/wallhaven-gjrldl.png.metadata.json'
ERROR: 2025-08-31 00:19:05,663: safe_unlink() 'Could not delete /home/pd0rk1n/.config/variety/Downloaded/wallhaven_abstract/wallhaven-13zdlg.jpg.metadata.json, ignoring'
Traceback (most recent call last):
  File "/usr/lib/python3.13/site-packages/variety/Util.py", line 910, in safe_unlink
    os.unlink(filepath)
    ~~~~~~~~~^^^^^^^^^^
FileNotFoundError: [Errno 2] No such file or directory: '/home/pd0rk1n/.config/variety/Downloaded/wallhaven_abstract/wallhaven-13zdlg.jpg.metadata.json'
ERROR: 2025-08-31 00:19:05,663: safe_unlink() 'Could not delete /home/pd0rk1n/.config/variety/Downloaded/wallhaven_abstract/wallhaven-6dgl56.png.metadata.json, ignoring'
Traceback (most recent call last):
  File "/usr/lib/python3.13/site-packages/variety/Util.py", line 910, in safe_unlink
    os.unlink(filepath)
    ~~~~~~~~~^^^^^^^^^^
FileNotFoundError: [Errno 2] No such file or directory: '/home/pd0rk1n/.config/variety/Downloaded/wallhaven_abstract/wallhaven-6dgl56.png.metadata.json'
ERROR: 2025-08-31 00:19:05,664: safe_unlink() 'Could not delete /home/pd0rk1n/.config/variety/Downloaded/wallhaven_abstract/wallhaven-q62ryd.png.metadata.json, ignoring'
Traceback (most recent call last):
  File "/usr/lib/python3.13/site-packages/variety/Util.py", line 910, in safe_unlink
    os.unlink(filepath)
    ~~~~~~~~~^^^^^^^^^^
FileNotFoundError: [Errno 2] No such file or directory: '/home/pd0rk1n/.config/variety/Downloaded/wallhaven_abstract/wallhaven-q62ryd.png.metadata.json'
ERROR: 2025-08-31 00:19:05,664: safe_unlink() 'Could not delete /home/pd0rk1n/.config/variety/Downloaded/wallhaven_abstract/wallhaven-43vk9n.jpg.metadata.json, ignoring'
Traceback (most recent call last):
  File "/usr/lib/python3.13/site-packages/variety/Util.py", line 910, in safe_unlink
    os.unlink(filepath)
    ~~~~~~~~~^^^^^^^^^^
FileNotFoundError: [Errno 2] No such file or directory: '/home/pd0rk1n/.config/variety/Downloaded/wallhaven_abstract/wallhaven-43vk9n.jpg.metadata.json'
ERROR: 2025-08-31 00:19:05,664: safe_unlink() 'Could not delete /home/pd0rk1n/.config/variety/Downloaded/wallhaven_abstract/wallhaven-nzmo1y.jpg.metadata.json, ignoring'
Traceback (most recent call last):
  File "/usr/lib/python3.13/site-packages/variety/Util.py", line 910, in safe_unlink
    os.unlink(filepath)
    ~~~~~~~~~^^^^^^^^^^
FileNotFoundError: [Errno 2] No such file or directory: '/home/pd0rk1n/.config/variety/Downloaded/wallhaven_abstract/wallhaven-nzmo1y.jpg.metadata.json'
ERROR: 2025-08-31 00:19:05,665: safe_unlink() 'Could not delete /home/pd0rk1n/.config/variety/Downloaded/wallhaven_abstract/wallhaven-eo5k6l.jpg.metadata.json, ignoring'
Traceback (most recent call last):
  File "/usr/lib/python3.13/site-packages/variety/Util.py", line 910, in safe_unlink
    os.unlink(filepath)
    ~~~~~~~~~^^^^^^^^^^
FileNotFoundError: [Errno 2] No such file or directory: '/home/pd0rk1n/.config/variety/Downloaded/wallhaven_abstract/wallhaven-eo5k6l.jpg.metadata.json'
ERROR: 2025-08-31 00:19:05,665: safe_unlink() 'Could not delete /home/pd0rk1n/.config/variety/Downloaded/wallhaven_abstract/wallhaven-1pr11v.jpg.metadata.json, ignoring'
Traceback (most recent call last):
  File "/usr/lib/python3.13/site-packages/variety/Util.py", line 910, in safe_unlink
    os.unlink(filepath)
    ~~~~~~~~~^^^^^^^^^^
FileNotFoundError: [Errno 2] No such file or directory: '/home/pd0rk1n/.config/variety/Downloaded/wallhaven_abstract/wallhaven-1pr11v.jpg.metadata.json'
ERROR: 2025-08-31 00:19:05,665: safe_unlink() 'Could not delete /home/pd0rk1n/.config/variety/Downloaded/wallhaven_abstract/wallhaven-d6zwlj.jpg.metadata.json, ignoring'
Traceback (most recent call last):
  File "/usr/lib/python3.13/site-packages/variety/Util.py", line 910, in safe_unlink
    os.unlink(filepath)
    ~~~~~~~~~^^^^^^^^^^
FileNotFoundError: [Errno 2] No such file or directory: '/home/pd0rk1n/.config/variety/Downloaded/wallhaven_abstract/wallhaven-d6zwlj.jpg.metadata.json'
ERROR: 2025-08-31 00:19:05,666: safe_unlink() 'Could not delete /home/pd0rk1n/.config/variety/Downloaded/wallhaven_abstract/wallhaven-lqej2l.jpg.metadata.json, ignoring'
Traceback (most recent call last):
  File "/usr/lib/python3.13/site-packages/variety/Util.py", line 910, in safe_unlink
    os.unlink(filepath)
    ~~~~~~~~~^^^^^^^^^^
FileNotFoundError: [Errno 2] No such file or directory: '/home/pd0rk1n/.config/variety/Downloaded/wallhaven_abstract/wallhaven-lqej2l.jpg.metadata.json'
ERROR: 2025-08-31 00:19:05,666: safe_unlink() 'Could not delete /home/pd0rk1n/.config/variety/Downloaded/wallhaven_abstract/wallhaven-4ozr90.jpg.metadata.json, ignoring'
Traceback (most recent call last):
  File "/usr/lib/python3.13/site-packages/variety/Util.py", line 910, in safe_unlink
    os.unlink(filepath)
    ~~~~~~~~~^^^^^^^^^^
FileNotFoundError: [Errno 2] No such file or directory: '/home/pd0rk1n/.config/variety/Downloaded/wallhaven_abstract/wallhaven-4ozr90.jpg.metadata.json'
ERROR: 2025-08-31 00:19:05,666: safe_unlink() 'Could not delete /home/pd0rk1n/.config/variety/Downloaded/wallhaven_abstract/wallhaven-3zg3xd.png.metadata.json, ignoring'
Traceback (most recent call last):
  File "/usr/lib/python3.13/site-packages/variety/Util.py", line 910, in safe_unlink
    os.unlink(filepath)
    ~~~~~~~~~^^^^^^^^^^
FileNotFoundError: [Errno 2] No such file or directory: '/home/pd0rk1n/.config/variety/Downloaded/wallhaven_abstract/wallhaven-3zg3xd.png.metadata.json'
ERROR: 2025-08-31 00:19:05,667: safe_unlink() 'Could not delete /home/pd0rk1n/.config/variety/Downloaded/wallhaven_abstract/wallhaven-48xr3o.jpg.metadata.json, ignoring'
Traceback (most recent call last):
  File "/usr/lib/python3.13/site-packages/variety/Util.py", line 910, in safe_unlink
    os.unlink(filepath)
    ~~~~~~~~~^^^^^^^^^^
FileNotFoundError: [Errno 2] No such file or directory: '/home/pd0rk1n/.config/variety/Downloaded/wallhaven_abstract/wallhaven-48xr3o.jpg.metadata.json'
ERROR: 2025-08-31 00:19:05,668: safe_unlink() 'Could not delete /home/pd0rk1n/.config/variety/Downloaded/wallhaven_abstract/wallhaven-r2okx1.png.metadata.json, ignoring'
Traceback (most recent call last):
  File "/usr/lib/python3.13/site-packages/variety/Util.py", line 910, in safe_unlink
    os.unlink(filepath)
    ~~~~~~~~~^^^^^^^^^^
FileNotFoundError: [Errno 2] No such file or directory: '/home/pd0rk1n/.config/variety/Downloaded/wallhaven_abstract/wallhaven-r2okx1.png.metadata.json'
ERROR: 2025-08-31 00:19:05,668: safe_unlink() 'Could not delete /home/pd0rk1n/.config/variety/Downloaded/wallhaven_abstract/wallhaven-4g1x57.jpg.metadata.json, ignoring'
Traceback (most recent call last):
  File "/usr/lib/python3.13/site-packages/variety/Util.py", line 910, in safe_unlink
    os.unlink(filepath)
    ~~~~~~~~~^^^^^^^^^^
FileNotFoundError: [Errno 2] No such file or directory: '/home/pd0rk1n/.config/variety/Downloaded/wallhaven_abstract/wallhaven-4g1x57.jpg.metadata.json'
ERROR: 2025-08-31 00:19:05,668: safe_unlink() 'Could not delete /home/pd0rk1n/.config/variety/Downloaded/wallhaven_minimal/wallhaven-r222om.png.metadata.json, ignoring'
Traceback (most recent call last):
  File "/usr/lib/python3.13/site-packages/variety/Util.py", line 910, in safe_unlink
    os.unlink(filepath)
    ~~~~~~~~~^^^^^^^^^^
FileNotFoundError: [Errno 2] No such file or directory: '/home/pd0rk1n/.config/variety/Downloaded/wallhaven_minimal/wallhaven-r222om.png.metadata.json'
ERROR: 2025-08-31 00:19:05,669: safe_unlink() 'Could not delete /home/pd0rk1n/.config/variety/Downloaded/wallhaven_minimal/wallhaven-yx7jdk.png.metadata.json, ignoring'
Traceback (most recent call last):
  File "/usr/lib/python3.13/site-packages/variety/Util.py", line 910, in safe_unlink
    os.unlink(filepath)
    ~~~~~~~~~^^^^^^^^^^
FileNotFoundError: [Errno 2] No such file or directory: '/home/pd0rk1n/.config/variety/Downloaded/wallhaven_minimal/wallhaven-yx7jdk.png.metadata.json'
ERROR: 2025-08-31 00:19:05,669: safe_unlink() 'Could not delete /home/pd0rk1n/.config/variety/Downloaded/wallhaven_minimal/wallhaven-wexo5q.png.metadata.json, ignoring'
Traceback (most recent call last):
  File "/usr/lib/python3.13/site-packages/variety/Util.py", line 910, in safe_unlink
    os.unlink(filepath)
    ~~~~~~~~~^^^^^^^^^^
FileNotFoundError: [Errno 2] No such file or directory: '/home/pd0rk1n/.config/variety/Downloaded/wallhaven_minimal/wallhaven-wexo5q.png.metadata.json'
ERROR: 2025-08-31 00:19:05,670: safe_unlink() 'Could not delete /home/pd0rk1n/.config/variety/Downloaded/wallhaven_minimal/wallhaven-0q5v50.png.metadata.json, ignoring'
Traceback (most recent call last):
  File "/usr/lib/python3.13/site-packages/variety/Util.py", line 910, in safe_unlink
    os.unlink(filepath)
    ~~~~~~~~~^^^^^^^^^^
FileNotFoundError: [Errno 2] No such file or directory: '/home/pd0rk1n/.config/variety/Downloaded/wallhaven_minimal/wallhaven-0q5v50.png.metadata.json'
ERROR: 2025-08-31 00:19:05,670: safe_unlink() 'Could not delete /home/pd0rk1n/.config/variety/Downloaded/wallhaven_minimal/wallhaven-p2vg3j.jpg.metadata.json, ignoring'
Traceback (most recent call last):
  File "/usr/lib/python3.13/site-packages/variety/Util.py", line 910, in safe_unlink
    os.unlink(filepath)
    ~~~~~~~~~^^^^^^^^^^
FileNotFoundError: [Errno 2] No such file or directory: '/home/pd0rk1n/.config/variety/Downloaded/wallhaven_minimal/wallhaven-p2vg3j.jpg.metadata.json'
ERROR: 2025-08-31 00:19:05,670: safe_unlink() 'Could not delete /home/pd0rk1n/.config/variety/Downloaded/wallhaven_minimal/wallhaven-eyx3pl.jpg.metadata.json, ignoring'
Traceback (most recent call last):
  File "/usr/lib/python3.13/site-packages/variety/Util.py", line 910, in safe_unlink
    os.unlink(filepath)
    ~~~~~~~~~^^^^^^^^^^
FileNotFoundError: [Errno 2] No such file or directory: '/home/pd0rk1n/.config/variety/Downloaded/wallhaven_minimal/wallhaven-eyx3pl.jpg.metadata.json'
ERROR: 2025-08-31 00:19:05,671: safe_unlink() 'Could not delete /home/pd0rk1n/.config/variety/Downloaded/wallhaven_minimal/wallhaven-p95lv3.jpg.metadata.json, ignoring'
Traceback (most recent call last):
  File "/usr/lib/python3.13/site-packages/variety/Util.py", line 910, in safe_unlink
    os.unlink(filepath)
    ~~~~~~~~~^^^^^^^^^^
FileNotFoundError: [Errno 2] No such file or directory: '/home/pd0rk1n/.config/variety/Downloaded/wallhaven_minimal/wallhaven-p95lv3.jpg.metadata.json'
ERROR: 2025-08-31 00:19:05,671: safe_unlink() 'Could not delete /home/pd0rk1n/.config/variety/Downloaded/wallhaven_minimal/wallhaven-439rj3.jpg.metadata.json, ignoring'
Traceback (most recent call last):
  File "/usr/lib/python3.13/site-packages/variety/Util.py", line 910, in safe_unlink
    os.unlink(filepath)
    ~~~~~~~~~^^^^^^^^^^
FileNotFoundError: [Errno 2] No such file or directory: '/home/pd0rk1n/.config/variety/Downloaded/wallhaven_minimal/wallhaven-439rj3.jpg.metadata.json'
ERROR: 2025-08-31 00:19:05,671: safe_unlink() 'Could not delete /home/pd0rk1n/.config/variety/Downloaded/wallhaven_minimal/wallhaven-5g58w3.jpg.metadata.json, ignoring'
Traceback (most recent call last):
  File "/usr/lib/python3.13/site-packages/variety/Util.py", line 910, in safe_unlink
    os.unlink(filepath)
    ~~~~~~~~~^^^^^^^^^^
FileNotFoundError: [Errno 2] No such file or directory: '/home/pd0rk1n/.config/variety/Downloaded/wallhaven_minimal/wallhaven-5g58w3.jpg.metadata.json'
ERROR: 2025-08-31 00:19:05,672: safe_unlink() 'Could not delete /home/pd0rk1n/.config/variety/Downloaded/wallhaven_minimal/wallhaven-dgrgql.jpg.metadata.json, ignoring'
Traceback (most recent call last):
  File "/usr/lib/python3.13/site-packages/variety/Util.py", line 910, in safe_unlink
    os.unlink(filepath)
    ~~~~~~~~~^^^^^^^^^^
FileNotFoundError: [Errno 2] No such file or directory: '/home/pd0rk1n/.config/variety/Downloaded/wallhaven_minimal/wallhaven-dgrgql.jpg.metadata.json'
ERROR: 2025-08-31 00:19:05,672: safe_unlink() 'Could not delete /home/pd0rk1n/.config/variety/Downloaded/wallhaven_minimal/wallhaven-x889jz.jpg.metadata.json, ignoring'
Traceback (most recent call last):
  File "/usr/lib/python3.13/site-packages/variety/Util.py", line 910, in safe_unlink
    os.unlink(filepath)
    ~~~~~~~~~^^^^^^^^^^
FileNotFoundError: [Errno 2] No such file or directory: '/home/pd0rk1n/.config/variety/Downloaded/wallhaven_minimal/wallhaven-x889jz.jpg.metadata.json'
ERROR: 2025-08-31 00:19:05,673: safe_unlink() 'Could not delete /home/pd0rk1n/.config/variety/Downloaded/wallhaven_minimal/wallhaven-wem6mp.png.metadata.json, ignoring'
Traceback (most recent call last):
  File "/usr/lib/python3.13/site-packages/variety/Util.py", line 910, in safe_unlink
    os.unlink(filepath)
    ~~~~~~~~~^^^^^^^^^^
FileNotFoundError: [Errno 2] No such file or directory: '/home/pd0rk1n/.config/variety/Downloaded/wallhaven_minimal/wallhaven-wem6mp.png.metadata.json'
ERROR: 2025-08-31 00:19:05,673: safe_unlink() 'Could not delete /home/pd0rk1n/.config/variety/Downloaded/wallhaven_minimal/wallhaven-4drrj0.jpg.metadata.json, ignoring'
Traceback (most recent call last):
  File "/usr/lib/python3.13/site-packages/variety/Util.py", line 910, in safe_unlink
    os.unlink(filepath)
    ~~~~~~~~~^^^^^^^^^^
FileNotFoundError: [Errno 2] No such file or directory: '/home/pd0rk1n/.config/variety/Downloaded/wallhaven_minimal/wallhaven-4drrj0.jpg.metadata.json'
ERROR: 2025-08-31 00:19:05,673: safe_unlink() 'Could not delete /home/pd0rk1n/.config/variety/Downloaded/wallhaven_minimal/wallhaven-6d8wgq.png.metadata.json, ignoring'
Traceback (most recent call last):
  File "/usr/lib/python3.13/site-packages/variety/Util.py", line 910, in safe_unlink
    os.unlink(filepath)
    ~~~~~~~~~^^^^^^^^^^
FileNotFoundError: [Errno 2] No such file or directory: '/home/pd0rk1n/.config/variety/Downloaded/wallhaven_minimal/wallhaven-6d8wgq.png.metadata.json'
ERROR: 2025-08-31 00:19:05,674: safe_unlink() 'Could not delete /home/pd0rk1n/.config/variety/Downloaded/wallhaven_minimal/wallhaven-wex83x.jpg.metadata.json, ignoring'
Traceback (most recent call last):
  File "/usr/lib/python3.13/site-packages/variety/Util.py", line 910, in safe_unlink
    os.unlink(filepath)
    ~~~~~~~~~^^^^^^^^^^
FileNotFoundError: [Errno 2] No such file or directory: '/home/pd0rk1n/.config/variety/Downloaded/wallhaven_minimal/wallhaven-wex83x.jpg.metadata.json'
ERROR: 2025-08-31 00:19:05,674: safe_unlink() 'Could not delete /home/pd0rk1n/.config/variety/Downloaded/wallhaven_minimal/wallhaven-gpx3jl.jpg.metadata.json, ignoring'
Traceback (most recent call last):
  File "/usr/lib/python3.13/site-packages/variety/Util.py", line 910, in safe_unlink
    os.unlink(filepath)
    ~~~~~~~~~^^^^^^^^^^
FileNotFoundError: [Errno 2] No such file or directory: '/home/pd0rk1n/.config/variety/Downloaded/wallhaven_minimal/wallhaven-gpx3jl.jpg.metadata.json'
ERROR: 2025-08-31 00:19:05,674: safe_unlink() 'Could not delete /home/pd0rk1n/.config/variety/Downloaded/wallhaven_minimal/wallhaven-j5zoop.jpg.metadata.json, ignoring'
Traceback (most recent call last):
  File "/usr/lib/python3.13/site-packages/variety/Util.py", line 910, in safe_unlink
    os.unlink(filepath)
    ~~~~~~~~~^^^^^^^^^^
FileNotFoundError: [Errno 2] No such file or directory: '/home/pd0rk1n/.config/variety/Downloaded/wallhaven_minimal/wallhaven-j5zoop.jpg.metadata.json'
ERROR: 2025-08-31 00:19:05,675: safe_unlink() 'Could not delete /home/pd0rk1n/.config/variety/Downloaded/wallhaven_minimal/wallhaven-v9m2r8.png.metadata.json, ignoring'
Traceback (most recent call last):
  File "/usr/lib/python3.13/site-packages/variety/Util.py", line 910, in safe_unlink
    os.unlink(filepath)
    ~~~~~~~~~^^^^^^^^^^
FileNotFoundError: [Errno 2] No such file or directory: '/home/pd0rk1n/.config/variety/Downloaded/wallhaven_minimal/wallhaven-v9m2r8.png.metadata.json'
ERROR: 2025-08-31 00:19:05,675: safe_unlink() 'Could not delete /home/pd0rk1n/.config/variety/Downloaded/wallhaven_minimal/wallhaven-kwqk56.png.metadata.json, ignoring'
Traceback (most recent call last):
  File "/usr/lib/python3.13/site-packages/variety/Util.py", line 910, in safe_unlink
    os.unlink(filepath)
    ~~~~~~~~~^^^^^^^^^^
FileNotFoundError: [Errno 2] No such file or directory: '/home/pd0rk1n/.config/variety/Downloaded/wallhaven_minimal/wallhaven-kwqk56.png.metadata.json'
ERROR: 2025-08-31 00:19:05,675: safe_unlink() 'Could not delete /home/pd0rk1n/.config/variety/Downloaded/wallhaven_minimal/wallhaven-pk8qme.png.metadata.json, ignoring'
Traceback (most recent call last):
  File "/usr/lib/python3.13/site-packages/variety/Util.py", line 910, in safe_unlink
    os.unlink(filepath)
    ~~~~~~~~~^^^^^^^^^^
FileNotFoundError: [Errno 2] No such file or directory: '/home/pd0rk1n/.config/variety/Downloaded/wallhaven_minimal/wallhaven-pk8qme.png.metadata.json'
ERROR: 2025-08-31 00:19:05,676: safe_unlink() 'Could not delete /home/pd0rk1n/.config/variety/Downloaded/wallhaven_minimal/wallhaven-mdjp7k.jpg.metadata.json, ignoring'
Traceback (most recent call last):
  File "/usr/lib/python3.13/site-packages/variety/Util.py", line 910, in safe_unlink
    os.unlink(filepath)
    ~~~~~~~~~^^^^^^^^^^
FileNotFoundError: [Errno 2] No such file or directory: '/home/pd0rk1n/.config/variety/Downloaded/wallhaven_minimal/wallhaven-mdjp7k.jpg.metadata.json'
ERROR: 2025-08-31 00:19:05,676: safe_unlink() 'Could not delete /home/pd0rk1n/.config/variety/Downloaded/wallhaven_minimal/wallhaven-42p3y0.jpg.metadata.json, ignoring'
Traceback (most recent call last):
  File "/usr/lib/python3.13/site-packages/variety/Util.py", line 910, in safe_unlink
    os.unlink(filepath)
    ~~~~~~~~~^^^^^^^^^^
FileNotFoundError: [Errno 2] No such file or directory: '/home/pd0rk1n/.config/variety/Downloaded/wallhaven_minimal/wallhaven-42p3y0.jpg.metadata.json'
ERROR: 2025-08-31 00:19:05,677: safe_unlink() 'Could not delete /home/pd0rk1n/.config/variety/Downloaded/wallhaven_minimal/wallhaven-6oeexx.jpg.metadata.json, ignoring'
Traceback (most recent call last):
  File "/usr/lib/python3.13/site-packages/variety/Util.py", line 910, in safe_unlink
    os.unlink(filepath)
    ~~~~~~~~~^^^^^^^^^^
FileNotFoundError: [Errno 2] No such file or directory: '/home/pd0rk1n/.config/variety/Downloaded/wallhaven_minimal/wallhaven-6oeexx.jpg.metadata.json'
ERROR: 2025-08-31 00:19:05,677: safe_unlink() 'Could not delete /home/pd0rk1n/.config/variety/Downloaded/wallhaven_minimal/wallhaven-2y983y.jpg.metadata.json, ignoring'
Traceback (most recent call last):
  File "/usr/lib/python3.13/site-packages/variety/Util.py", line 910, in safe_unlink
    os.unlink(filepath)
    ~~~~~~~~~^^^^^^^^^^
FileNotFoundError: [Errno 2] No such file or directory: '/home/pd0rk1n/.config/variety/Downloaded/wallhaven_minimal/wallhaven-2y983y.jpg.metadata.json'
ERROR: 2025-08-31 00:19:05,678: safe_unlink() 'Could not delete /home/pd0rk1n/.config/variety/Downloaded/wallhaven_minimal/wallhaven-1pdeq1.png.metadata.json, ignoring'
Traceback (most recent call last):
  File "/usr/lib/python3.13/site-packages/variety/Util.py", line 910, in safe_unlink
    os.unlink(filepath)
    ~~~~~~~~~^^^^^^^^^^
FileNotFoundError: [Errno 2] No such file or directory: '/home/pd0rk1n/.config/variety/Downloaded/wallhaven_minimal/wallhaven-1pdeq1.png.metadata.json'
ERROR: 2025-08-31 00:19:05,678: safe_unlink() 'Could not delete /home/pd0rk1n/.config/variety/Downloaded/wallhaven_minimal/wallhaven-4dpel4.jpg.metadata.json, ignoring'
Traceback (most recent call last):
  File "/usr/lib/python3.13/site-packages/variety/Util.py", line 910, in safe_unlink
    os.unlink(filepath)
    ~~~~~~~~~^^^^^^^^^^
FileNotFoundError: [Errno 2] No such file or directory: '/home/pd0rk1n/.config/variety/Downloaded/wallhaven_minimal/wallhaven-4dpel4.jpg.metadata.json'
ERROR: 2025-08-31 00:19:05,678: safe_unlink() 'Could not delete /home/pd0rk1n/.config/variety/Downloaded/wallhaven_minimal/wallhaven-pnr9jn.png.metadata.json, ignoring'
Traceback (most recent call last):
  File "/usr/lib/python3.13/site-packages/variety/Util.py", line 910, in safe_unlink
    os.unlink(filepath)
    ~~~~~~~~~^^^^^^^^^^
FileNotFoundError: [Errno 2] No such file or directory: '/home/pd0rk1n/.config/variety/Downloaded/wallhaven_minimal/wallhaven-pnr9jn.png.metadata.json'
ERROR: 2025-08-31 00:19:05,679: safe_unlink() 'Could not delete /home/pd0rk1n/.config/variety/Downloaded/wallhaven_minimal/wallhaven-5d1yy9.jpg.metadata.json, ignoring'
Traceback (most recent call last):
  File "/usr/lib/python3.13/site-packages/variety/Util.py", line 910, in safe_unlink
    os.unlink(filepath)
    ~~~~~~~~~^^^^^^^^^^
FileNotFoundError: [Errno 2] No such file or directory: '/home/pd0rk1n/.config/variety/Downloaded/wallhaven_minimal/wallhaven-5d1yy9.jpg.metadata.json'
ERROR: 2025-08-31 00:19:05,679: safe_unlink() 'Could not delete /home/pd0rk1n/.config/variety/Downloaded/wallhaven_minimal/wallhaven-yxk33x.jpg.metadata.json, ignoring'
Traceback (most recent call last):
  File "/usr/lib/python3.13/site-packages/variety/Util.py", line 910, in safe_unlink
    os.unlink(filepath)
    ~~~~~~~~~^^^^^^^^^^
FileNotFoundError: [Errno 2] No such file or directory: '/home/pd0rk1n/.config/variety/Downloaded/wallhaven_minimal/wallhaven-yxk33x.jpg.metadata.json'
ERROR: 2025-08-31 00:19:05,679: safe_unlink() 'Could not delete /home/pd0rk1n/.config/variety/Downloaded/wallhaven_minimal/wallhaven-qdgz7l.jpg.metadata.json, ignoring'
Traceback (most recent call last):
  File "/usr/lib/python3.13/site-packages/variety/Util.py", line 910, in safe_unlink
    os.unlink(filepath)
    ~~~~~~~~~^^^^^^^^^^
FileNotFoundError: [Errno 2] No such file or directory: '/home/pd0rk1n/.config/variety/Downloaded/wallhaven_minimal/wallhaven-qdgz7l.jpg.metadata.json'
ERROR: 2025-08-31 00:19:05,680: safe_unlink() 'Could not delete /home/pd0rk1n/.config/variety/Downloaded/wallhaven_minimal/wallhaven-o56ewl.jpg.metadata.json, ignoring'
Traceback (most recent call last):
  File "/usr/lib/python3.13/site-packages/variety/Util.py", line 910, in safe_unlink
    os.unlink(filepath)
    ~~~~~~~~~^^^^^^^^^^
FileNotFoundError: [Errno 2] No such file or directory: '/home/pd0rk1n/.config/variety/Downloaded/wallhaven_minimal/wallhaven-o56ewl.jpg.metadata.json'
ERROR: 2025-08-31 00:19:05,680: safe_unlink() 'Could not delete /home/pd0rk1n/.config/variety/Downloaded/wallhaven_minimal/wallhaven-572128.jpg.metadata.json, ignoring'
Traceback (most recent call last):
  File "/usr/lib/python3.13/site-packages/variety/Util.py", line 910, in safe_unlink
    os.unlink(filepath)
    ~~~~~~~~~^^^^^^^^^^
FileNotFoundError: [Errno 2] No such file or directory: '/home/pd0rk1n/.config/variety/Downloaded/wallhaven_minimal/wallhaven-572128.jpg.metadata.json'
ERROR: 2025-08-31 00:19:05,680: safe_unlink() 'Could not delete /home/pd0rk1n/.config/variety/Downloaded/wallhaven_minimal/wallhaven-wy8lp6.jpg.metadata.json, ignoring'
Traceback (most recent call last):
  File "/usr/lib/python3.13/site-packages/variety/Util.py", line 910, in safe_unlink
    os.unlink(filepath)
    ~~~~~~~~~^^^^^^^^^^
FileNotFoundError: [Errno 2] No such file or directory: '/home/pd0rk1n/.config/variety/Downloaded/wallhaven_minimal/wallhaven-wy8lp6.jpg.metadata.json'
ERROR: 2025-08-31 00:19:05,681: safe_unlink() 'Could not delete /home/pd0rk1n/.config/variety/Downloaded/wallhaven_minimal/wallhaven-q2j9j7.png.metadata.json, ignoring'
Traceback (most recent call last):
  File "/usr/lib/python3.13/site-packages/variety/Util.py", line 910, in safe_unlink
    os.unlink(filepath)
    ~~~~~~~~~^^^^^^^^^^
FileNotFoundError: [Errno 2] No such file or directory: '/home/pd0rk1n/.config/variety/Downloaded/wallhaven_minimal/wallhaven-q2j9j7.png.metadata.json'
ERROR: 2025-08-31 00:19:05,681: safe_unlink() 'Could not delete /home/pd0rk1n/.config/variety/Downloaded/wallhaven_minimal/wallhaven-3lyrvy.png.metadata.json, ignoring'
Traceback (most recent call last):
  File "/usr/lib/python3.13/site-packages/variety/Util.py", line 910, in safe_unlink
    os.unlink(filepath)
    ~~~~~~~~~^^^^^^^^^^
FileNotFoundError: [Errno 2] No such file or directory: '/home/pd0rk1n/.config/variety/Downloaded/wallhaven_minimal/wallhaven-3lyrvy.png.metadata.json'
ERROR: 2025-08-31 00:19:05,681: safe_unlink() 'Could not delete /home/pd0rk1n/.config/variety/Downloaded/wallhaven_minimal/wallhaven-dpl3x3.jpg.metadata.json, ignoring'
Traceback (most recent call last):
  File "/usr/lib/python3.13/site-packages/variety/Util.py", line 910, in safe_unlink
    os.unlink(filepath)
    ~~~~~~~~~^^^^^^^^^^
FileNotFoundError: [Errno 2] No such file or directory: '/home/pd0rk1n/.config/variety/Downloaded/wallhaven_minimal/wallhaven-dpl3x3.jpg.metadata.json'
ERROR: 2025-08-31 00:19:05,682: safe_unlink() 'Could not delete /home/pd0rk1n/.config/variety/Downloaded/wallhaven_minimal/wallhaven-qzjzdl.jpg.metadata.json, ignoring'
Traceback (most recent call last):
  File "/usr/lib/python3.13/site-packages/variety/Util.py", line 910, in safe_unlink
    os.unlink(filepath)
    ~~~~~~~~~^^^^^^^^^^
FileNotFoundError: [Errno 2] No such file or directory: '/home/pd0rk1n/.config/variety/Downloaded/wallhaven_minimal/wallhaven-qzjzdl.jpg.metadata.json'
ERROR: 2025-08-31 00:19:05,682: safe_unlink() 'Could not delete /home/pd0rk1n/.config/variety/Downloaded/wallhaven_minimal/wallhaven-we5k2p.jpg.metadata.json, ignoring'
Traceback (most recent call last):
  File "/usr/lib/python3.13/site-packages/variety/Util.py", line 910, in safe_unlink
    os.unlink(filepath)
    ~~~~~~~~~^^^^^^^^^^
FileNotFoundError: [Errno 2] No such file or directory: '/home/pd0rk1n/.config/variety/Downloaded/wallhaven_minimal/wallhaven-we5k2p.jpg.metadata.json'
ERROR: 2025-08-31 00:19:05,682: safe_unlink() 'Could not delete /home/pd0rk1n/.config/variety/Downloaded/wallhaven_minimal/wallhaven-x88e93.jpg.metadata.json, ignoring'
Traceback (most recent call last):
  File "/usr/lib/python3.13/site-packages/variety/Util.py", line 910, in safe_unlink
    os.unlink(filepath)
    ~~~~~~~~~^^^^^^^^^^
FileNotFoundError: [Errno 2] No such file or directory: '/home/pd0rk1n/.config/variety/Downloaded/wallhaven_minimal/wallhaven-x88e93.jpg.metadata.json'
ERROR: 2025-08-31 00:19:05,683: safe_unlink() 'Could not delete /home/pd0rk1n/.config/variety/Downloaded/wallhaven_minimal/wallhaven-p953g3.png.metadata.json, ignoring'
Traceback (most recent call last):
  File "/usr/lib/python3.13/site-packages/variety/Util.py", line 910, in safe_unlink
    os.unlink(filepath)
    ~~~~~~~~~^^^^^^^^^^
FileNotFoundError: [Errno 2] No such file or directory: '/home/pd0rk1n/.config/variety/Downloaded/wallhaven_minimal/wallhaven-p953g3.png.metadata.json'
ERROR: 2025-08-31 00:19:05,683: safe_unlink() 'Could not delete /home/pd0rk1n/.config/variety/Downloaded/wallhaven_minimal/wallhaven-rdrg6m.jpg.metadata.json, ignoring'
Traceback (most recent call last):
  File "/usr/lib/python3.13/site-packages/variety/Util.py", line 910, in safe_unlink
    os.unlink(filepath)
    ~~~~~~~~~^^^^^^^^^^
FileNotFoundError: [Errno 2] No such file or directory: '/home/pd0rk1n/.config/variety/Downloaded/wallhaven_minimal/wallhaven-rdrg6m.jpg.metadata.json'
ERROR: 2025-08-31 00:19:05,683: safe_unlink() 'Could not delete /home/pd0rk1n/.config/variety/Downloaded/wallhaven_minimal/wallhaven-9mee7x.jpg.metadata.json, ignoring'
Traceback (most recent call last):
  File "/usr/lib/python3.13/site-packages/variety/Util.py", line 910, in safe_unlink
    os.unlink(filepath)
    ~~~~~~~~~^^^^^^^^^^
FileNotFoundError: [Errno 2] No such file or directory: '/home/pd0rk1n/.config/variety/Downloaded/wallhaven_minimal/wallhaven-9mee7x.jpg.metadata.json'
ERROR: 2025-08-31 00:19:05,684: safe_unlink() 'Could not delete /home/pd0rk1n/.config/variety/Downloaded/wallhaven_minimal/wallhaven-p9gr2p.jpg.metadata.json, ignoring'
Traceback (most recent call last):
  File "/usr/lib/python3.13/site-packages/variety/Util.py", line 910, in safe_unlink
    os.unlink(filepath)
    ~~~~~~~~~^^^^^^^^^^
FileNotFoundError: [Errno 2] No such file or directory: '/home/pd0rk1n/.config/variety/Downloaded/wallhaven_minimal/wallhaven-p9gr2p.jpg.metadata.json'
ERROR: 2025-08-31 00:19:05,684: safe_unlink() 'Could not delete /home/pd0rk1n/.config/variety/Downloaded/wallhaven_minimal/wallhaven-wygm66.png.metadata.json, ignoring'
Traceback (most recent call last):
  File "/usr/lib/python3.13/site-packages/variety/Util.py", line 910, in safe_unlink
    os.unlink(filepath)
    ~~~~~~~~~^^^^^^^^^^
FileNotFoundError: [Errno 2] No such file or directory: '/home/pd0rk1n/.config/variety/Downloaded/wallhaven_minimal/wallhaven-wygm66.png.metadata.json'
ERROR: 2025-08-31 00:19:05,684: safe_unlink() 'Could not delete /home/pd0rk1n/.config/variety/Downloaded/wallhaven_minimal/wallhaven-28869x.png.metadata.json, ignoring'
Traceback (most recent call last):
  File "/usr/lib/python3.13/site-packages/variety/Util.py", line 910, in safe_unlink
    os.unlink(filepath)
    ~~~~~~~~~^^^^^^^^^^
FileNotFoundError: [Errno 2] No such file or directory: '/home/pd0rk1n/.config/variety/Downloaded/wallhaven_minimal/wallhaven-28869x.png.metadata.json'
ERROR: 2025-08-31 00:19:05,685: safe_unlink() 'Could not delete /home/pd0rk1n/.config/variety/Downloaded/wallhaven_minimal/wallhaven-wqpkkx.png.metadata.json, ignoring'
Traceback (most recent call last):
  File "/usr/lib/python3.13/site-packages/variety/Util.py", line 910, in safe_unlink
    os.unlink(filepath)
    ~~~~~~~~~^^^^^^^^^^
FileNotFoundError: [Errno 2] No such file or directory: '/home/pd0rk1n/.config/variety/Downloaded/wallhaven_minimal/wallhaven-wqpkkx.png.metadata.json'
ERROR: 2025-08-31 00:19:05,685: safe_unlink() 'Could not delete /home/pd0rk1n/.config/variety/Downloaded/wallhaven_minimal/wallhaven-qzy38l.png.metadata.json, ignoring'
Traceback (most recent call last):
  File "/usr/lib/python3.13/site-packages/variety/Util.py", line 910, in safe_unlink
    os.unlink(filepath)
    ~~~~~~~~~^^^^^^^^^^
FileNotFoundError: [Errno 2] No such file or directory: '/home/pd0rk1n/.config/variety/Downloaded/wallhaven_minimal/wallhaven-qzy38l.png.metadata.json'
ERROR: 2025-08-31 00:19:05,686: safe_unlink() 'Could not delete /home/pd0rk1n/.config/variety/Downloaded/wallhaven_minimal/wallhaven-nmdxdy.png.metadata.json, ignoring'
Traceback (most recent call last):
  File "/usr/lib/python3.13/site-packages/variety/Util.py", line 910, in safe_unlink
    os.unlink(filepath)
    ~~~~~~~~~^^^^^^^^^^
FileNotFoundError: [Errno 2] No such file or directory: '/home/pd0rk1n/.config/variety/Downloaded/wallhaven_minimal/wallhaven-nmdxdy.png.metadata.json'
ERROR: 2025-08-31 00:19:05,686: safe_unlink() 'Could not delete /home/pd0rk1n/.config/variety/Downloaded/wallhaven_minimal/wallhaven-y87j7d.png.metadata.json, ignoring'
Traceback (most recent call last):
  File "/usr/lib/python3.13/site-packages/variety/Util.py", line 910, in safe_unlink
    os.unlink(filepath)
    ~~~~~~~~~^^^^^^^^^^
FileNotFoundError: [Errno 2] No such file or directory: '/home/pd0rk1n/.config/variety/Downloaded/wallhaven_minimal/wallhaven-y87j7d.png.metadata.json'
ERROR: 2025-08-31 00:19:05,687: safe_unlink() 'Could not delete /home/pd0rk1n/.config/variety/Downloaded/wallhaven_minimal/wallhaven-6kqoz7.png.metadata.json, ignoring'
Traceback (most recent call last):
  File "/usr/lib/python3.13/site-packages/variety/Util.py", line 910, in safe_unlink
    os.unlink(filepath)
    ~~~~~~~~~^^^^^^^^^^
FileNotFoundError: [Errno 2] No such file or directory: '/home/pd0rk1n/.config/variety/Downloaded/wallhaven_minimal/wallhaven-6kqoz7.png.metadata.json'
ERROR: 2025-08-31 00:19:05,687: safe_unlink() 'Could not delete /home/pd0rk1n/.config/variety/Downloaded/wallhaven_minimal/wallhaven-l8rqjp.png.metadata.json, ignoring'
Traceback (most recent call last):
  File "/usr/lib/python3.13/site-packages/variety/Util.py", line 910, in safe_unlink
    os.unlink(filepath)
    ~~~~~~~~~^^^^^^^^^^
FileNotFoundError: [Errno 2] No such file or directory: '/home/pd0rk1n/.config/variety/Downloaded/wallhaven_minimal/wallhaven-l8rqjp.png.metadata.json'
ERROR: 2025-08-31 00:19:05,688: safe_unlink() 'Could not delete /home/pd0rk1n/.config/variety/Downloaded/wallhaven_minimal/wallhaven-5wr3m7.jpg.metadata.json, ignoring'
Traceback (most recent call last):
  File "/usr/lib/python3.13/site-packages/variety/Util.py", line 910, in safe_unlink
    os.unlink(filepath)
    ~~~~~~~~~^^^^^^^^^^
FileNotFoundError: [Errno 2] No such file or directory: '/home/pd0rk1n/.config/variety/Downloaded/wallhaven_minimal/wallhaven-5wr3m7.jpg.metadata.json'
ERROR: 2025-08-31 00:19:05,688: safe_unlink() 'Could not delete /home/pd0rk1n/.config/variety/Downloaded/wallhaven_minimal/wallhaven-z89jxy.jpg.metadata.json, ignoring'
Traceback (most recent call last):
  File "/usr/lib/python3.13/site-packages/variety/Util.py", line 910, in safe_unlink
    os.unlink(filepath)
    ~~~~~~~~~^^^^^^^^^^
FileNotFoundError: [Errno 2] No such file or directory: '/home/pd0rk1n/.config/variety/Downloaded/wallhaven_minimal/wallhaven-z89jxy.jpg.metadata.json'
ERROR: 2025-08-31 00:19:05,688: safe_unlink() 'Could not delete /home/pd0rk1n/.config/variety/Downloaded/wallhaven_minimal/wallhaven-85zmry.png.metadata.json, ignoring'
Traceback (most recent call last):
  File "/usr/lib/python3.13/site-packages/variety/Util.py", line 910, in safe_unlink
    os.unlink(filepath)
    ~~~~~~~~~^^^^^^^^^^
FileNotFoundError: [Errno 2] No such file or directory: '/home/pd0rk1n/.config/variety/Downloaded/wallhaven_minimal/wallhaven-85zmry.png.metadata.json'
ERROR: 2025-08-31 00:19:05,689: safe_unlink() 'Could not delete /home/pd0rk1n/.config/variety/Downloaded/wallhaven_minimal/wallhaven-o5g7r7.jpg.metadata.json, ignoring'
Traceback (most recent call last):
  File "/usr/lib/python3.13/site-packages/variety/Util.py", line 910, in safe_unlink
    os.unlink(filepath)
    ~~~~~~~~~^^^^^^^^^^
FileNotFoundError: [Errno 2] No such file or directory: '/home/pd0rk1n/.config/variety/Downloaded/wallhaven_minimal/wallhaven-o5g7r7.jpg.metadata.json'
ERROR: 2025-08-31 00:19:05,689: safe_unlink() 'Could not delete /home/pd0rk1n/.config/variety/Downloaded/wallhaven_minimal/wallhaven-rrx1em.jpg.metadata.json, ignoring'
Traceback (most recent call last):
  File "/usr/lib/python3.13/site-packages/variety/Util.py", line 910, in safe_unlink
    os.unlink(filepath)
    ~~~~~~~~~^^^^^^^^^^
FileNotFoundError: [Errno 2] No such file or directory: '/home/pd0rk1n/.config/variety/Downloaded/wallhaven_minimal/wallhaven-rrx1em.jpg.metadata.json'
ERROR: 2025-08-31 00:19:05,689: safe_unlink() 'Could not delete /home/pd0rk1n/.config/variety/Downloaded/wallhaven_minimal/wallhaven-y8kmgk.jpg.metadata.json, ignoring'
Traceback (most recent call last):
  File "/usr/lib/python3.13/site-packages/variety/Util.py", line 910, in safe_unlink
    os.unlink(filepath)
    ~~~~~~~~~^^^^^^^^^^
FileNotFoundError: [Errno 2] No such file or directory: '/home/pd0rk1n/.config/variety/Downloaded/wallhaven_minimal/wallhaven-y8kmgk.jpg.metadata.json'
ERROR: 2025-08-31 00:19:05,690: safe_unlink() 'Could not delete /home/pd0rk1n/.config/variety/Downloaded/wallhaven_minimal/wallhaven-qzl3xr.jpg.metadata.json, ignoring'
Traceback (most recent call last):
  File "/usr/lib/python3.13/site-packages/variety/Util.py", line 910, in safe_unlink
    os.unlink(filepath)
    ~~~~~~~~~^^^^^^^^^^
FileNotFoundError: [Errno 2] No such file or directory: '/home/pd0rk1n/.config/variety/Downloaded/wallhaven_minimal/wallhaven-qzl3xr.jpg.metadata.json'
ERROR: 2025-08-31 00:19:05,690: safe_unlink() 'Could not delete /home/pd0rk1n/.config/variety/Downloaded/wallhaven_minimal/wallhaven-m95xmm.png.metadata.json, ignoring'
Traceback (most recent call last):
  File "/usr/lib/python3.13/site-packages/variety/Util.py", line 910, in safe_unlink
    os.unlink(filepath)
    ~~~~~~~~~^^^^^^^^^^
FileNotFoundError: [Errno 2] No such file or directory: '/home/pd0rk1n/.config/variety/Downloaded/wallhaven_minimal/wallhaven-m95xmm.png.metadata.json'
ERROR: 2025-08-31 00:19:05,691: safe_unlink() 'Could not delete /home/pd0rk1n/.config/variety/Downloaded/wallhaven_minimal/wallhaven-weld67.jpg.metadata.json, ignoring'
Traceback (most recent call last):
  File "/usr/lib/python3.13/site-packages/variety/Util.py", line 910, in safe_unlink
    os.unlink(filepath)
    ~~~~~~~~~^^^^^^^^^^
FileNotFoundError: [Errno 2] No such file or directory: '/home/pd0rk1n/.config/variety/Downloaded/wallhaven_minimal/wallhaven-weld67.jpg.metadata.json'
ERROR: 2025-08-31 00:19:05,691: safe_unlink() 'Could not delete /home/pd0rk1n/.config/variety/Downloaded/wallhaven_minimal/wallhaven-wemdqr.jpg.metadata.json, ignoring'
Traceback (most recent call last):
  File "/usr/lib/python3.13/site-packages/variety/Util.py", line 910, in safe_unlink
    os.unlink(filepath)
    ~~~~~~~~~^^^^^^^^^^
FileNotFoundError: [Errno 2] No such file or directory: '/home/pd0rk1n/.config/variety/Downloaded/wallhaven_minimal/wallhaven-wemdqr.jpg.metadata.json'
ERROR: 2025-08-31 00:19:05,691: safe_unlink() 'Could not delete /home/pd0rk1n/.config/variety/Downloaded/wallhaven_minimal/wallhaven-m3oq1k.jpg.metadata.json, ignoring'
Traceback (most recent call last):
  File "/usr/lib/python3.13/site-packages/variety/Util.py", line 910, in safe_unlink
    os.unlink(filepath)
    ~~~~~~~~~^^^^^^^^^^
FileNotFoundError: [Errno 2] No such file or directory: '/home/pd0rk1n/.config/variety/Downloaded/wallhaven_minimal/wallhaven-m3oq1k.jpg.metadata.json'
ERROR: 2025-08-31 00:19:05,692: safe_unlink() 'Could not delete /home/pd0rk1n/.config/variety/Downloaded/wallhaven_minimal/wallhaven-mp7o8y.png.metadata.json, ignoring'
Traceback (most recent call last):
  File "/usr/lib/python3.13/site-packages/variety/Util.py", line 910, in safe_unlink
    os.unlink(filepath)
    ~~~~~~~~~^^^^^^^^^^
FileNotFoundError: [Errno 2] No such file or directory: '/home/pd0rk1n/.config/variety/Downloaded/wallhaven_minimal/wallhaven-mp7o8y.png.metadata.json'
ERROR: 2025-08-31 00:19:05,692: safe_unlink() 'Could not delete /home/pd0rk1n/.config/variety/Downloaded/wallhaven_minimal/wallhaven-rrpdy7.png.metadata.json, ignoring'
Traceback (most recent call last):
  File "/usr/lib/python3.13/site-packages/variety/Util.py", line 910, in safe_unlink
    os.unlink(filepath)
    ~~~~~~~~~^^^^^^^^^^
FileNotFoundError: [Errno 2] No such file or directory: '/home/pd0rk1n/.config/variety/Downloaded/wallhaven_minimal/wallhaven-rrpdy7.png.metadata.json'
ERROR: 2025-08-31 00:19:05,692: safe_unlink() 'Could not delete /home/pd0rk1n/.config/variety/Downloaded/wallhaven_minimal/wallhaven-nm71kn.jpg.metadata.json, ignoring'
Traceback (most recent call last):
  File "/usr/lib/python3.13/site-packages/variety/Util.py", line 910, in safe_unlink
    os.unlink(filepath)
    ~~~~~~~~~^^^^^^^^^^
FileNotFoundError: [Errno 2] No such file or directory: '/home/pd0rk1n/.config/variety/Downloaded/wallhaven_minimal/wallhaven-nm71kn.jpg.metadata.json'
ERROR: 2025-08-31 00:19:05,693: safe_unlink() 'Could not delete /home/pd0rk1n/.config/variety/Downloaded/wallhaven_minimal/wallhaven-z8kx5v.jpg.metadata.json, ignoring'
Traceback (most recent call last):
  File "/usr/lib/python3.13/site-packages/variety/Util.py", line 910, in safe_unlink
    os.unlink(filepath)
    ~~~~~~~~~^^^^^^^^^^
FileNotFoundError: [Errno 2] No such file or directory: '/home/pd0rk1n/.config/variety/Downloaded/wallhaven_minimal/wallhaven-z8kx5v.jpg.metadata.json'
ERROR: 2025-08-31 00:19:05,693: safe_unlink() 'Could not delete /home/pd0rk1n/.config/variety/Downloaded/wallhaven_minimal/wallhaven-6d7xyq.jpg.metadata.json, ignoring'
Traceback (most recent call last):
  File "/usr/lib/python3.13/site-packages/variety/Util.py", line 910, in safe_unlink
    os.unlink(filepath)
    ~~~~~~~~~^^^^^^^^^^
FileNotFoundError: [Errno 2] No such file or directory: '/home/pd0rk1n/.config/variety/Downloaded/wallhaven_minimal/wallhaven-6d7xyq.jpg.metadata.json'
ERROR: 2025-08-31 00:19:05,693: safe_unlink() 'Could not delete /home/pd0rk1n/.config/variety/Downloaded/wallhaven_minimal/wallhaven-vqeqkl.jpg.metadata.json, ignoring'
Traceback (most recent call last):
  File "/usr/lib/python3.13/site-packages/variety/Util.py", line 910, in safe_unlink
    os.unlink(filepath)
    ~~~~~~~~~^^^^^^^^^^
FileNotFoundError: [Errno 2] No such file or directory: '/home/pd0rk1n/.config/variety/Downloaded/wallhaven_minimal/wallhaven-vqeqkl.jpg.metadata.json'
ERROR: 2025-08-31 00:19:05,694: safe_unlink() 'Could not delete /home/pd0rk1n/.config/variety/Downloaded/wallhaven_minimal/wallhaven-1pq619.jpg.metadata.json, ignoring'
Traceback (most recent call last):
  File "/usr/lib/python3.13/site-packages/variety/Util.py", line 910, in safe_unlink
    os.unlink(filepath)
    ~~~~~~~~~^^^^^^^^^^
FileNotFoundError: [Errno 2] No such file or directory: '/home/pd0rk1n/.config/variety/Downloaded/wallhaven_minimal/wallhaven-1pq619.jpg.metadata.json'
ERROR: 2025-08-31 00:19:05,695: safe_unlink() 'Could not delete /home/pd0rk1n/.config/variety/Downloaded/wallhaven_minimal/wallhaven-4y8o7g.png.metadata.json, ignoring'
Traceback (most recent call last):
  File "/usr/lib/python3.13/site-packages/variety/Util.py", line 910, in safe_unlink
    os.unlink(filepath)
    ~~~~~~~~~^^^^^^^^^^
FileNotFoundError: [Errno 2] No such file or directory: '/home/pd0rk1n/.config/variety/Downloaded/wallhaven_minimal/wallhaven-4y8o7g.png.metadata.json'
ERROR: 2025-08-31 00:19:05,695: safe_unlink() 'Could not delete /home/pd0rk1n/.config/variety/Downloaded/wallhaven_minimal/wallhaven-mpmkp9.png.metadata.json, ignoring'
Traceback (most recent call last):
  File "/usr/lib/python3.13/site-packages/variety/Util.py", line 910, in safe_unlink
    os.unlink(filepath)
    ~~~~~~~~~^^^^^^^^^^
FileNotFoundError: [Errno 2] No such file or directory: '/home/pd0rk1n/.config/variety/Downloaded/wallhaven_minimal/wallhaven-mpmkp9.png.metadata.json'
ERROR: 2025-08-31 00:19:05,695: safe_unlink() 'Could not delete /home/pd0rk1n/.config/variety/Downloaded/wallhaven_minimal/wallhaven-wq76rr.jpg.metadata.json, ignoring'
Traceback (most recent call last):
  File "/usr/lib/python3.13/site-packages/variety/Util.py", line 910, in safe_unlink
    os.unlink(filepath)
    ~~~~~~~~~^^^^^^^^^^
FileNotFoundError: [Errno 2] No such file or directory: '/home/pd0rk1n/.config/variety/Downloaded/wallhaven_minimal/wallhaven-wq76rr.jpg.metadata.json'
ERROR: 2025-08-31 00:19:05,696: safe_unlink() 'Could not delete /home/pd0rk1n/.config/variety/Downloaded/wallhaven_minimal/wallhaven-jxvwvy.jpg.metadata.json, ignoring'
Traceback (most recent call last):
  File "/usr/lib/python3.13/site-packages/variety/Util.py", line 910, in safe_unlink
    os.unlink(filepath)
    ~~~~~~~~~^^^^^^^^^^
FileNotFoundError: [Errno 2] No such file or directory: '/home/pd0rk1n/.config/variety/Downloaded/wallhaven_minimal/wallhaven-jxvwvy.jpg.metadata.json'
ERROR: 2025-08-31 00:19:05,696: safe_unlink() 'Could not delete /home/pd0rk1n/.config/variety/Downloaded/wallhaven_minimal/wallhaven-6kjy1l.png.metadata.json, ignoring'
Traceback (most recent call last):
  File "/usr/lib/python3.13/site-packages/variety/Util.py", line 910, in safe_unlink
    os.unlink(filepath)
    ~~~~~~~~~^^^^^^^^^^
FileNotFoundError: [Errno 2] No such file or directory: '/home/pd0rk1n/.config/variety/Downloaded/wallhaven_minimal/wallhaven-6kjy1l.png.metadata.json'
ERROR: 2025-08-31 00:19:05,697: safe_unlink() 'Could not delete /home/pd0rk1n/.config/variety/Downloaded/wallhaven_minimal/wallhaven-xl3rll.jpg.metadata.json, ignoring'
Traceback (most recent call last):
  File "/usr/lib/python3.13/site-packages/variety/Util.py", line 910, in safe_unlink
    os.unlink(filepath)
    ~~~~~~~~~^^^^^^^^^^
FileNotFoundError: [Errno 2] No such file or directory: '/home/pd0rk1n/.config/variety/Downloaded/wallhaven_minimal/wallhaven-xl3rll.jpg.metadata.json'
ERROR: 2025-08-31 00:19:05,697: safe_unlink() 'Could not delete /home/pd0rk1n/.config/variety/Downloaded/wallhaven_minimal/wallhaven-73w1qv.png.metadata.json, ignoring'
Traceback (most recent call last):
  File "/usr/lib/python3.13/site-packages/variety/Util.py", line 910, in safe_unlink
    os.unlink(filepath)
    ~~~~~~~~~^^^^^^^^^^
FileNotFoundError: [Errno 2] No such file or directory: '/home/pd0rk1n/.config/variety/Downloaded/wallhaven_minimal/wallhaven-73w1qv.png.metadata.json'
ERROR: 2025-08-31 00:19:05,697: safe_unlink() 'Could not delete /home/pd0rk1n/.config/variety/Downloaded/wallhaven_minimal/wallhaven-4v9jel.jpg.metadata.json, ignoring'
Traceback (most recent call last):
  File "/usr/lib/python3.13/site-packages/variety/Util.py", line 910, in safe_unlink
    os.unlink(filepath)
    ~~~~~~~~~^^^^^^^^^^
FileNotFoundError: [Errno 2] No such file or directory: '/home/pd0rk1n/.config/variety/Downloaded/wallhaven_minimal/wallhaven-4v9jel.jpg.metadata.json'
ERROR: 2025-08-31 00:19:05,698: safe_unlink() 'Could not delete /home/pd0rk1n/.config/variety/Downloaded/wallhaven_minimal/wallhaven-qzj2vd.jpg.metadata.json, ignoring'
Traceback (most recent call last):
  File "/usr/lib/python3.13/site-packages/variety/Util.py", line 910, in safe_unlink
    os.unlink(filepath)
    ~~~~~~~~~^^^^^^^^^^
FileNotFoundError: [Errno 2] No such file or directory: '/home/pd0rk1n/.config/variety/Downloaded/wallhaven_minimal/wallhaven-qzj2vd.jpg.metadata.json'
ERROR: 2025-08-31 00:19:05,698: safe_unlink() 'Could not delete /home/pd0rk1n/.config/variety/Downloaded/wallhaven_minimal/wallhaven-yxgx6l.jpg.metadata.json, ignoring'
Traceback (most recent call last):
  File "/usr/lib/python3.13/site-packages/variety/Util.py", line 910, in safe_unlink
    os.unlink(filepath)
    ~~~~~~~~~^^^^^^^^^^
FileNotFoundError: [Errno 2] No such file or directory: '/home/pd0rk1n/.config/variety/Downloaded/wallhaven_minimal/wallhaven-yxgx6l.jpg.metadata.json'
ERROR: 2025-08-31 00:19:05,698: safe_unlink() 'Could not delete /home/pd0rk1n/.config/variety/Downloaded/wallhaven_minimal/wallhaven-n6qzmx.png.metadata.json, ignoring'
Traceback (most recent call last):
  File "/usr/lib/python3.13/site-packages/variety/Util.py", line 910, in safe_unlink
    os.unlink(filepath)
    ~~~~~~~~~^^^^^^^^^^
FileNotFoundError: [Errno 2] No such file or directory: '/home/pd0rk1n/.config/variety/Downloaded/wallhaven_minimal/wallhaven-n6qzmx.png.metadata.json'
ERROR: 2025-08-31 00:19:05,699: safe_unlink() 'Could not delete /home/pd0rk1n/.config/variety/Downloaded/wallhaven_minimal/wallhaven-9d927d.png.metadata.json, ignoring'
Traceback (most recent call last):
  File "/usr/lib/python3.13/site-packages/variety/Util.py", line 910, in safe_unlink
    os.unlink(filepath)
    ~~~~~~~~~^^^^^^^^^^
FileNotFoundError: [Errno 2] No such file or directory: '/home/pd0rk1n/.config/variety/Downloaded/wallhaven_minimal/wallhaven-9d927d.png.metadata.json'
ERROR: 2025-08-31 00:19:05,699: safe_unlink() 'Could not delete /home/pd0rk1n/.config/variety/Downloaded/wallhaven_minimal/wallhaven-md5lv1.png.metadata.json, ignoring'
Traceback (most recent call last):
  File "/usr/lib/python3.13/site-packages/variety/Util.py", line 910, in safe_unlink
    os.unlink(filepath)
    ~~~~~~~~~^^^^^^^^^^
FileNotFoundError: [Errno 2] No such file or directory: '/home/pd0rk1n/.config/variety/Downloaded/wallhaven_minimal/wallhaven-md5lv1.png.metadata.json'
ERROR: 2025-08-31 00:19:05,699: safe_unlink() 'Could not delete /home/pd0rk1n/.config/variety/Downloaded/wallhaven_minimal/wallhaven-3l5z63.png.metadata.json, ignoring'
Traceback (most recent call last):
  File "/usr/lib/python3.13/site-packages/variety/Util.py", line 910, in safe_unlink
    os.unlink(filepath)
    ~~~~~~~~~^^^^^^^^^^
FileNotFoundError: [Errno 2] No such file or directory: '/home/pd0rk1n/.config/variety/Downloaded/wallhaven_minimal/wallhaven-3l5z63.png.metadata.json'
ERROR: 2025-08-31 00:19:05,700: safe_unlink() 'Could not delete /home/pd0rk1n/.config/variety/Downloaded/wallhaven_minimal/wallhaven-yx9xz7.png.metadata.json, ignoring'
Traceback (most recent call last):
  File "/usr/lib/python3.13/site-packages/variety/Util.py", line 910, in safe_unlink
    os.unlink(filepath)
    ~~~~~~~~~^^^^^^^^^^
FileNotFoundError: [Errno 2] No such file or directory: '/home/pd0rk1n/.config/variety/Downloaded/wallhaven_minimal/wallhaven-yx9xz7.png.metadata.json'
ERROR: 2025-08-31 00:19:05,700: safe_unlink() 'Could not delete /home/pd0rk1n/.config/variety/Downloaded/wallhaven_minimal/wallhaven-qz233l.png.metadata.json, ignoring'
Traceback (most recent call last):
  File "/usr/lib/python3.13/site-packages/variety/Util.py", line 910, in safe_unlink
    os.unlink(filepath)
    ~~~~~~~~~^^^^^^^^^^
FileNotFoundError: [Errno 2] No such file or directory: '/home/pd0rk1n/.config/variety/Downloaded/wallhaven_minimal/wallhaven-qz233l.png.metadata.json'
ERROR: 2025-08-31 00:19:05,701: safe_unlink() 'Could not delete /home/pd0rk1n/.config/variety/Downloaded/wallhaven_minimal/wallhaven-5gzq69.png.metadata.json, ignoring'
Traceback (most recent call last):
  File "/usr/lib/python3.13/site-packages/variety/Util.py", line 910, in safe_unlink
    os.unlink(filepath)
    ~~~~~~~~~^^^^^^^^^^
FileNotFoundError: [Errno 2] No such file or directory: '/home/pd0rk1n/.config/variety/Downloaded/wallhaven_minimal/wallhaven-5gzq69.png.metadata.json'
ERROR: 2025-08-31 00:19:05,701: safe_unlink() 'Could not delete /home/pd0rk1n/.config/variety/Downloaded/wallhaven_minimal/wallhaven-l8rq9y.jpg.metadata.json, ignoring'
Traceback (most recent call last):
  File "/usr/lib/python3.13/site-packages/variety/Util.py", line 910, in safe_unlink
    os.unlink(filepath)
    ~~~~~~~~~^^^^^^^^^^
FileNotFoundError: [Errno 2] No such file or directory: '/home/pd0rk1n/.config/variety/Downloaded/wallhaven_minimal/wallhaven-l8rq9y.jpg.metadata.json'
ERROR: 2025-08-31 00:19:05,701: safe_unlink() 'Could not delete /home/pd0rk1n/.config/variety/Downloaded/wallhaven_minimal/wallhaven-rr7zpj.png.metadata.json, ignoring'
Traceback (most recent call last):
  File "/usr/lib/python3.13/site-packages/variety/Util.py", line 910, in safe_unlink
    os.unlink(filepath)
    ~~~~~~~~~^^^^^^^^^^
FileNotFoundError: [Errno 2] No such file or directory: '/home/pd0rk1n/.config/variety/Downloaded/wallhaven_minimal/wallhaven-rr7zpj.png.metadata.json'
ERROR: 2025-08-31 00:19:05,702: safe_unlink() 'Could not delete /home/pd0rk1n/.config/variety/Downloaded/wallhaven_minimal/wallhaven-5w95g3.jpg.metadata.json, ignoring'
Traceback (most recent call last):
  File "/usr/lib/python3.13/site-packages/variety/Util.py", line 910, in safe_unlink
    os.unlink(filepath)
    ~~~~~~~~~^^^^^^^^^^
FileNotFoundError: [Errno 2] No such file or directory: '/home/pd0rk1n/.config/variety/Downloaded/wallhaven_minimal/wallhaven-5w95g3.jpg.metadata.json'
ERROR: 2025-08-31 00:19:05,702: safe_unlink() 'Could not delete /home/pd0rk1n/.config/variety/Downloaded/wallhaven_minimal/wallhaven-9mow7w.jpg.metadata.json, ignoring'
Traceback (most recent call last):
  File "/usr/lib/python3.13/site-packages/variety/Util.py", line 910, in safe_unlink
    os.unlink(filepath)
    ~~~~~~~~~^^^^^^^^^^
FileNotFoundError: [Errno 2] No such file or directory: '/home/pd0rk1n/.config/variety/Downloaded/wallhaven_minimal/wallhaven-9mow7w.jpg.metadata.json'
ERROR: 2025-08-31 00:19:05,703: safe_unlink() 'Could not delete /home/pd0rk1n/.config/variety/Downloaded/wallhaven_minimal/wallhaven-x6z89o.jpg.metadata.json, ignoring'
Traceback (most recent call last):
  File "/usr/lib/python3.13/site-packages/variety/Util.py", line 910, in safe_unlink
    os.unlink(filepath)
    ~~~~~~~~~^^^^^^^^^^
FileNotFoundError: [Errno 2] No such file or directory: '/home/pd0rk1n/.config/variety/Downloaded/wallhaven_minimal/wallhaven-x6z89o.jpg.metadata.json'
ERROR: 2025-08-31 00:19:05,703: safe_unlink() 'Could not delete /home/pd0rk1n/.config/variety/Downloaded/wallhaven_minimal/wallhaven-ymgkyl.png.metadata.json, ignoring'
Traceback (most recent call last):
  File "/usr/lib/python3.13/site-packages/variety/Util.py", line 910, in safe_unlink
    os.unlink(filepath)
    ~~~~~~~~~^^^^^^^^^^
FileNotFoundError: [Errno 2] No such file or directory: '/home/pd0rk1n/.config/variety/Downloaded/wallhaven_minimal/wallhaven-ymgkyl.png.metadata.json'
ERROR: 2025-08-31 00:19:05,703: safe_unlink() 'Could not delete /home/pd0rk1n/.config/variety/Downloaded/wallhaven_minimal/wallhaven-l38mj2.jpg.metadata.json, ignoring'
Traceback (most recent call last):
  File "/usr/lib/python3.13/site-packages/variety/Util.py", line 910, in safe_unlink
    os.unlink(filepath)
    ~~~~~~~~~^^^^^^^^^^
FileNotFoundError: [Errno 2] No such file or directory: '/home/pd0rk1n/.config/variety/Downloaded/wallhaven_minimal/wallhaven-l38mj2.jpg.metadata.json'
ERROR: 2025-08-31 00:19:05,704: safe_unlink() 'Could not delete /home/pd0rk1n/.config/variety/Downloaded/wallhaven_minimal/wallhaven-o5j7v7.jpg.metadata.json, ignoring'
Traceback (most recent call last):
  File "/usr/lib/python3.13/site-packages/variety/Util.py", line 910, in safe_unlink
    os.unlink(filepath)
    ~~~~~~~~~^^^^^^^^^^
FileNotFoundError: [Errno 2] No such file or directory: '/home/pd0rk1n/.config/variety/Downloaded/wallhaven_minimal/wallhaven-o5j7v7.jpg.metadata.json'
ERROR: 2025-08-31 00:19:05,704: safe_unlink() 'Could not delete /home/pd0rk1n/.config/variety/Downloaded/wallhaven_minimal/wallhaven-zyd69v.jpg.metadata.json, ignoring'
Traceback (most recent call last):
  File "/usr/lib/python3.13/site-packages/variety/Util.py", line 910, in safe_unlink
    os.unlink(filepath)
    ~~~~~~~~~^^^^^^^^^^
FileNotFoundError: [Errno 2] No such file or directory: '/home/pd0rk1n/.config/variety/Downloaded/wallhaven_minimal/wallhaven-zyd69v.jpg.metadata.json'
ERROR: 2025-08-31 00:19:05,704: safe_unlink() 'Could not delete /home/pd0rk1n/.config/variety/Downloaded/wallhaven_minimal/wallhaven-9d9ojk.jpg.metadata.json, ignoring'
Traceback (most recent call last):
  File "/usr/lib/python3.13/site-packages/variety/Util.py", line 910, in safe_unlink
    os.unlink(filepath)
    ~~~~~~~~~^^^^^^^^^^
FileNotFoundError: [Errno 2] No such file or directory: '/home/pd0rk1n/.config/variety/Downloaded/wallhaven_minimal/wallhaven-9d9ojk.jpg.metadata.json'
ERROR: 2025-08-31 00:19:05,705: safe_unlink() 'Could not delete /home/pd0rk1n/.config/variety/Downloaded/wallhaven_minimal/wallhaven-p82qrj.jpg.metadata.json, ignoring'
Traceback (most recent call last):
  File "/usr/lib/python3.13/site-packages/variety/Util.py", line 910, in safe_unlink
    os.unlink(filepath)
    ~~~~~~~~~^^^^^^^^^^
FileNotFoundError: [Errno 2] No such file or directory: '/home/pd0rk1n/.config/variety/Downloaded/wallhaven_minimal/wallhaven-p82qrj.jpg.metadata.json'
ERROR: 2025-08-31 00:19:05,706: safe_unlink() 'Could not delete /home/pd0rk1n/.config/variety/Downloaded/wallhaven_minimal/wallhaven-5gmdp8.jpg.metadata.json, ignoring'
Traceback (most recent call last):
  File "/usr/lib/python3.13/site-packages/variety/Util.py", line 910, in safe_unlink
    os.unlink(filepath)
    ~~~~~~~~~^^^^^^^^^^
FileNotFoundError: [Errno 2] No such file or directory: '/home/pd0rk1n/.config/variety/Downloaded/wallhaven_minimal/wallhaven-5gmdp8.jpg.metadata.json'
ERROR: 2025-08-31 00:19:05,706: safe_unlink() 'Could not delete /home/pd0rk1n/.config/variety/Downloaded/wallhaven_minimal/wallhaven-3lv2q9.png.metadata.json, ignoring'
Traceback (most recent call last):
  File "/usr/lib/python3.13/site-packages/variety/Util.py", line 910, in safe_unlink
    os.unlink(filepath)
    ~~~~~~~~~^^^^^^^^^^
FileNotFoundError: [Errno 2] No such file or directory: '/home/pd0rk1n/.config/variety/Downloaded/wallhaven_minimal/wallhaven-3lv2q9.png.metadata.json'
ERROR: 2025-08-31 00:19:05,707: safe_unlink() 'Could not delete /home/pd0rk1n/.config/variety/Downloaded/wallhaven_minimal/wallhaven-nz8p8v.jpg.metadata.json, ignoring'
Traceback (most recent call last):
  File "/usr/lib/python3.13/site-packages/variety/Util.py", line 910, in safe_unlink
    os.unlink(filepath)
    ~~~~~~~~~^^^^^^^^^^
FileNotFoundError: [Errno 2] No such file or directory: '/home/pd0rk1n/.config/variety/Downloaded/wallhaven_minimal/wallhaven-nz8p8v.jpg.metadata.json'
ERROR: 2025-08-31 00:19:05,707: safe_unlink() 'Could not delete /home/pd0rk1n/.config/variety/Downloaded/wallhaven_minimal/wallhaven-6kpljl.jpg.metadata.json, ignoring'
Traceback (most recent call last):
  File "/usr/lib/python3.13/site-packages/variety/Util.py", line 910, in safe_unlink
    os.unlink(filepath)
    ~~~~~~~~~^^^^^^^^^^
FileNotFoundError: [Errno 2] No such file or directory: '/home/pd0rk1n/.config/variety/Downloaded/wallhaven_minimal/wallhaven-6kpljl.jpg.metadata.json'
ERROR: 2025-08-31 00:19:05,707: safe_unlink() 'Could not delete /home/pd0rk1n/.config/variety/Downloaded/wallhaven_minimal/wallhaven-47y2e4.jpg.metadata.json, ignoring'
Traceback (most recent call last):
  File "/usr/lib/python3.13/site-packages/variety/Util.py", line 910, in safe_unlink
    os.unlink(filepath)
    ~~~~~~~~~^^^^^^^^^^
FileNotFoundError: [Errno 2] No such file or directory: '/home/pd0rk1n/.config/variety/Downloaded/wallhaven_minimal/wallhaven-47y2e4.jpg.metadata.json'
ERROR: 2025-08-31 00:19:05,707: safe_unlink() 'Could not delete /home/pd0rk1n/.config/variety/Downloaded/wallhaven_minimal/wallhaven-8oqzok.jpg.metadata.json, ignoring'
Traceback (most recent call last):
  File "/usr/lib/python3.13/site-packages/variety/Util.py", line 910, in safe_unlink
    os.unlink(filepath)
    ~~~~~~~~~^^^^^^^^^^
FileNotFoundError: [Errno 2] No such file or directory: '/home/pd0rk1n/.config/variety/Downloaded/wallhaven_minimal/wallhaven-8oqzok.jpg.metadata.json'
ERROR: 2025-08-31 00:19:05,708: safe_unlink() 'Could not delete /home/pd0rk1n/.config/variety/Downloaded/wallhaven_minimal/wallhaven-0jmwy0.png.metadata.json, ignoring'
Traceback (most recent call last):
  File "/usr/lib/python3.13/site-packages/variety/Util.py", line 910, in safe_unlink
    os.unlink(filepath)
    ~~~~~~~~~^^^^^^^^^^
FileNotFoundError: [Errno 2] No such file or directory: '/home/pd0rk1n/.config/variety/Downloaded/wallhaven_minimal/wallhaven-0jmwy0.png.metadata.json'
ERROR: 2025-08-31 00:19:05,708: safe_unlink() 'Could not delete /home/pd0rk1n/.config/variety/Downloaded/wallhaven_minimal/wallhaven-o57vv7.jpg.metadata.json, ignoring'
Traceback (most recent call last):
  File "/usr/lib/python3.13/site-packages/variety/Util.py", line 910, in safe_unlink
    os.unlink(filepath)
    ~~~~~~~~~^^^^^^^^^^
FileNotFoundError: [Errno 2] No such file or directory: '/home/pd0rk1n/.config/variety/Downloaded/wallhaven_minimal/wallhaven-o57vv7.jpg.metadata.json'
ERROR: 2025-08-31 00:19:05,708: safe_unlink() 'Could not delete /home/pd0rk1n/.config/variety/Downloaded/wallhaven_minimal/wallhaven-7p1y59.jpg.metadata.json, ignoring'
Traceback (most recent call last):
  File "/usr/lib/python3.13/site-packages/variety/Util.py", line 910, in safe_unlink
    os.unlink(filepath)
    ~~~~~~~~~^^^^^^^^^^
FileNotFoundError: [Errno 2] No such file or directory: '/home/pd0rk1n/.config/variety/Downloaded/wallhaven_minimal/wallhaven-7p1y59.jpg.metadata.json'
ERROR: 2025-08-31 00:19:05,709: safe_unlink() 'Could not delete /home/pd0rk1n/.config/variety/Downloaded/wallhaven_minimal/wallhaven-8oll8y.jpg.metadata.json, ignoring'
Traceback (most recent call last):
  File "/usr/lib/python3.13/site-packages/variety/Util.py", line 910, in safe_unlink
    os.unlink(filepath)
    ~~~~~~~~~^^^^^^^^^^
FileNotFoundError: [Errno 2] No such file or directory: '/home/pd0rk1n/.config/variety/Downloaded/wallhaven_minimal/wallhaven-8oll8y.jpg.metadata.json'
ERROR: 2025-08-31 00:19:05,709: safe_unlink() 'Could not delete /home/pd0rk1n/.config/variety/Downloaded/wallhaven_minimal/wallhaven-rrjw61.png.metadata.json, ignoring'
Traceback (most recent call last):
  File "/usr/lib/python3.13/site-packages/variety/Util.py", line 910, in safe_unlink
    os.unlink(filepath)
    ~~~~~~~~~^^^^^^^^^^
FileNotFoundError: [Errno 2] No such file or directory: '/home/pd0rk1n/.config/variety/Downloaded/wallhaven_minimal/wallhaven-rrjw61.png.metadata.json'
ERROR: 2025-08-31 00:19:05,710: safe_unlink() 'Could not delete /home/pd0rk1n/.config/variety/Downloaded/wallhaven_minimal/wallhaven-vq3xd3.jpg.metadata.json, ignoring'
Traceback (most recent call last):
  File "/usr/lib/python3.13/site-packages/variety/Util.py", line 910, in safe_unlink
    os.unlink(filepath)
    ~~~~~~~~~^^^^^^^^^^
FileNotFoundError: [Errno 2] No such file or directory: '/home/pd0rk1n/.config/variety/Downloaded/wallhaven_minimal/wallhaven-vq3xd3.jpg.metadata.json'
ERROR: 2025-08-31 00:19:05,710: safe_unlink() 'Could not delete /home/pd0rk1n/.config/variety/Downloaded/wallhaven_minimal/wallhaven-lqpv1l.jpg.metadata.json, ignoring'
Traceback (most recent call last):
  File "/usr/lib/python3.13/site-packages/variety/Util.py", line 910, in safe_unlink
    os.unlink(filepath)
    ~~~~~~~~~^^^^^^^^^^
FileNotFoundError: [Errno 2] No such file or directory: '/home/pd0rk1n/.config/variety/Downloaded/wallhaven_minimal/wallhaven-lqpv1l.jpg.metadata.json'
ERROR: 2025-08-31 00:19:05,710: safe_unlink() 'Could not delete /home/pd0rk1n/.config/variety/Downloaded/wallhaven_minimal/wallhaven-45dl90.png.metadata.json, ignoring'
Traceback (most recent call last):
  File "/usr/lib/python3.13/site-packages/variety/Util.py", line 910, in safe_unlink
    os.unlink(filepath)
    ~~~~~~~~~^^^^^^^^^^
FileNotFoundError: [Errno 2] No such file or directory: '/home/pd0rk1n/.config/variety/Downloaded/wallhaven_minimal/wallhaven-45dl90.png.metadata.json'
ERROR: 2025-08-31 00:19:05,711: safe_unlink() 'Could not delete /home/pd0rk1n/.config/variety/Downloaded/wallhaven_minimal/wallhaven-832852.jpg.metadata.json, ignoring'
Traceback (most recent call last):
  File "/usr/lib/python3.13/site-packages/variety/Util.py", line 910, in safe_unlink
    os.unlink(filepath)
    ~~~~~~~~~^^^^^^^^^^
FileNotFoundError: [Errno 2] No such file or directory: '/home/pd0rk1n/.config/variety/Downloaded/wallhaven_minimal/wallhaven-832852.jpg.metadata.json'
ERROR: 2025-08-31 00:19:05,711: safe_unlink() 'Could not delete /home/pd0rk1n/.config/variety/Downloaded/wallhaven_minimal/wallhaven-yxkk57.png.metadata.json, ignoring'
Traceback (most recent call last):
  File "/usr/lib/python3.13/site-packages/variety/Util.py", line 910, in safe_unlink
    os.unlink(filepath)
    ~~~~~~~~~^^^^^^^^^^
FileNotFoundError: [Errno 2] No such file or directory: '/home/pd0rk1n/.config/variety/Downloaded/wallhaven_minimal/wallhaven-yxkk57.png.metadata.json'
ERROR: 2025-08-31 00:19:05,711: safe_unlink() 'Could not delete /home/pd0rk1n/.config/variety/Downloaded/wallhaven_minimal/wallhaven-6dlmww.jpg.metadata.json, ignoring'
Traceback (most recent call last):
  File "/usr/lib/python3.13/site-packages/variety/Util.py", line 910, in safe_unlink
    os.unlink(filepath)
    ~~~~~~~~~^^^^^^^^^^
FileNotFoundError: [Errno 2] No such file or directory: '/home/pd0rk1n/.config/variety/Downloaded/wallhaven_minimal/wallhaven-6dlmww.jpg.metadata.json'
ERROR: 2025-08-31 00:19:05,712: safe_unlink() 'Could not delete /home/pd0rk1n/.config/variety/Downloaded/wallhaven_minimal/wallhaven-rrpxp1.png.metadata.json, ignoring'
Traceback (most recent call last):
  File "/usr/lib/python3.13/site-packages/variety/Util.py", line 910, in safe_unlink
    os.unlink(filepath)
    ~~~~~~~~~^^^^^^^^^^
FileNotFoundError: [Errno 2] No such file or directory: '/home/pd0rk1n/.config/variety/Downloaded/wallhaven_minimal/wallhaven-rrpxp1.png.metadata.json'
ERROR: 2025-08-31 00:19:05,712: safe_unlink() 'Could not delete /home/pd0rk1n/.config/variety/Downloaded/wallhaven_minimal/wallhaven-exxylk.jpg.metadata.json, ignoring'
Traceback (most recent call last):
  File "/usr/lib/python3.13/site-packages/variety/Util.py", line 910, in safe_unlink
    os.unlink(filepath)
    ~~~~~~~~~^^^^^^^^^^
FileNotFoundError: [Errno 2] No such file or directory: '/home/pd0rk1n/.config/variety/Downloaded/wallhaven_minimal/wallhaven-exxylk.jpg.metadata.json'
ERROR: 2025-08-31 00:19:05,713: safe_unlink() 'Could not delete /home/pd0rk1n/.config/variety/Downloaded/wallhaven_minimal/wallhaven-x8kqy3.png.metadata.json, ignoring'
Traceback (most recent call last):
  File "/usr/lib/python3.13/site-packages/variety/Util.py", line 910, in safe_unlink
    os.unlink(filepath)
    ~~~~~~~~~^^^^^^^^^^
FileNotFoundError: [Errno 2] No such file or directory: '/home/pd0rk1n/.config/variety/Downloaded/wallhaven_minimal/wallhaven-x8kqy3.png.metadata.json'
ERROR: 2025-08-31 00:19:05,713: safe_unlink() 'Could not delete /home/pd0rk1n/.config/variety/Downloaded/wallhaven_minimal/wallhaven-qzl1rd.jpg.metadata.json, ignoring'
Traceback (most recent call last):
  File "/usr/lib/python3.13/site-packages/variety/Util.py", line 910, in safe_unlink
    os.unlink(filepath)
    ~~~~~~~~~^^^^^^^^^^
FileNotFoundError: [Errno 2] No such file or directory: '/home/pd0rk1n/.config/variety/Downloaded/wallhaven_minimal/wallhaven-qzl1rd.jpg.metadata.json'
ERROR: 2025-08-31 00:19:05,713: safe_unlink() 'Could not delete /home/pd0rk1n/.config/variety/Downloaded/wallhaven_minimal/wallhaven-wemprr.jpg.metadata.json, ignoring'
Traceback (most recent call last):
  File "/usr/lib/python3.13/site-packages/variety/Util.py", line 910, in safe_unlink
    os.unlink(filepath)
    ~~~~~~~~~^^^^^^^^^^
FileNotFoundError: [Errno 2] No such file or directory: '/home/pd0rk1n/.config/variety/Downloaded/wallhaven_minimal/wallhaven-wemprr.jpg.metadata.json'
ERROR: 2025-08-31 00:19:05,714: safe_unlink() 'Could not delete /home/pd0rk1n/.config/variety/Downloaded/wallhaven_minimal/wallhaven-2yddq9.jpg.metadata.json, ignoring'
Traceback (most recent call last):
  File "/usr/lib/python3.13/site-packages/variety/Util.py", line 910, in safe_unlink
    os.unlink(filepath)
    ~~~~~~~~~^^^^^^^^^^
FileNotFoundError: [Errno 2] No such file or directory: '/home/pd0rk1n/.config/variety/Downloaded/wallhaven_minimal/wallhaven-2yddq9.jpg.metadata.json'
ERROR: 2025-08-31 00:19:05,714: safe_unlink() 'Could not delete /home/pd0rk1n/.config/variety/Downloaded/wallhaven_minimal/wallhaven-1pd6wg.jpg.metadata.json, ignoring'
Traceback (most recent call last):
  File "/usr/lib/python3.13/site-packages/variety/Util.py", line 910, in safe_unlink
    os.unlink(filepath)
    ~~~~~~~~~^^^^^^^^^^
FileNotFoundError: [Errno 2] No such file or directory: '/home/pd0rk1n/.config/variety/Downloaded/wallhaven_minimal/wallhaven-1pd6wg.jpg.metadata.json'
ERROR: 2025-08-31 00:19:05,715: safe_unlink() 'Could not delete /home/pd0rk1n/.config/variety/Downloaded/wallhaven_minimal/wallhaven-p92ex3.jpg.metadata.json, ignoring'
Traceback (most recent call last):
  File "/usr/lib/python3.13/site-packages/variety/Util.py", line 910, in safe_unlink
    os.unlink(filepath)
    ~~~~~~~~~^^^^^^^^^^
FileNotFoundError: [Errno 2] No such file or directory: '/home/pd0rk1n/.config/variety/Downloaded/wallhaven_minimal/wallhaven-p92ex3.jpg.metadata.json'
ERROR: 2025-08-31 00:19:05,716: safe_unlink() 'Could not delete /home/pd0rk1n/.config/variety/Downloaded/wallhaven_minimal/wallhaven-d5vw1m.png.metadata.json, ignoring'
Traceback (most recent call last):
  File "/usr/lib/python3.13/site-packages/variety/Util.py", line 910, in safe_unlink
    os.unlink(filepath)
    ~~~~~~~~~^^^^^^^^^^
FileNotFoundError: [Errno 2] No such file or directory: '/home/pd0rk1n/.config/variety/Downloaded/wallhaven_minimal/wallhaven-d5vw1m.png.metadata.json'
ERROR: 2025-08-31 00:19:05,716: safe_unlink() 'Could not delete /home/pd0rk1n/.config/variety/Downloaded/wallhaven_minimal/wallhaven-qzzj5q.png.metadata.json, ignoring'
Traceback (most recent call last):
  File "/usr/lib/python3.13/site-packages/variety/Util.py", line 910, in safe_unlink
    os.unlink(filepath)
    ~~~~~~~~~^^^^^^^^^^
FileNotFoundError: [Errno 2] No such file or directory: '/home/pd0rk1n/.config/variety/Downloaded/wallhaven_minimal/wallhaven-qzzj5q.png.metadata.json'
ERROR: 2025-08-31 00:19:05,716: safe_unlink() 'Could not delete /home/pd0rk1n/.config/variety/Downloaded/wallhaven_minimal/wallhaven-kxwgvd.png.metadata.json, ignoring'
Traceback (most recent call last):
  File "/usr/lib/python3.13/site-packages/variety/Util.py", line 910, in safe_unlink
    os.unlink(filepath)
    ~~~~~~~~~^^^^^^^^^^
FileNotFoundError: [Errno 2] No such file or directory: '/home/pd0rk1n/.config/variety/Downloaded/wallhaven_minimal/wallhaven-kxwgvd.png.metadata.json'
ERROR: 2025-08-31 00:19:05,717: safe_unlink() 'Could not delete /home/pd0rk1n/.config/variety/Downloaded/wallhaven_minimal/wallhaven-jxl3qp.jpg.metadata.json, ignoring'
Traceback (most recent call last):
  File "/usr/lib/python3.13/site-packages/variety/Util.py", line 910, in safe_unlink
    os.unlink(filepath)
    ~~~~~~~~~^^^^^^^^^^
FileNotFoundError: [Errno 2] No such file or directory: '/home/pd0rk1n/.config/variety/Downloaded/wallhaven_minimal/wallhaven-jxl3qp.jpg.metadata.json'
ERROR: 2025-08-31 00:19:05,717: safe_unlink() 'Could not delete /home/pd0rk1n/.config/variety/Downloaded/wallhaven_minimal/wallhaven-5gkk65.jpg.metadata.json, ignoring'
Traceback (most recent call last):
  File "/usr/lib/python3.13/site-packages/variety/Util.py", line 910, in safe_unlink
    os.unlink(filepath)
    ~~~~~~~~~^^^^^^^^^^
FileNotFoundError: [Errno 2] No such file or directory: '/home/pd0rk1n/.config/variety/Downloaded/wallhaven_minimal/wallhaven-5gkk65.jpg.metadata.json'
WARNING: The convert command is deprecated in IMv7, use "magick" instead of "convert" or "magick convert"

WARNING: The convert command is deprecated in IMv7, use "magick" instead of "convert" or "magick convert"

WARNING: The convert command is deprecated in IMv7, use "magick" instead of "convert" or "magick convert"

WARNING: The convert command is deprecated in IMv7, use "magick" instead of "convert" or "magick convert"


(xfce4-terminal:107824): xfce4-terminal-WARNING **: 00:19:16.973: Failed to connect to session manager: Failed to connect to the session manager: SESSION_MANAGER environment variable not defined
** Message: 00:19:27.922: updates_checker.vala:59: check updates

(xfce4-terminal:108546): xfce4-terminal-WARNING **: 00:19:38.689: Failed to connect to session manager: Failed to connect to the session manager: SESSION_MANAGER environment variable not defined
WARNING: The convert command is deprecated in IMv7, use "magick" instead of "convert" or "magick convert"

WARNING: The convert command is deprecated in IMv7, use "magick" instead of "convert" or "magick convert"

WARNING: The convert command is deprecated in IMv7, use "magick" instead of "convert" or "magick convert"

WARNING: The convert command is deprecated in IMv7, use "magick" instead of "convert" or "magick convert"

WARNING: The convert command is deprecated in IMv7, use "magick" instead of "convert" or "magick convert"

** Message: 00:22:01.183: updates_checker.vala:59: check updates
WARNING: The convert command is deprecated in IMv7, use "magick" instead of "convert" or "magick convert"

WARNING: The convert command is deprecated in IMv7, use "magick" instead of "convert" or "magick convert"

WARNING: The convert command is deprecated in IMv7, use "magick" instead of "convert" or "magick convert"

WARNING: The convert command is deprecated in IMv7, use "magick" instead of "convert" or "magick convert"

WARNING: The convert command is deprecated in IMv7, use "magick" instead of "convert" or "magick convert"

WARNING: The convert command is deprecated in IMv7, use "magick" instead of "convert" or "magick convert"

WARNING: The convert command is deprecated in IMv7, use "magick" instead of "convert" or "magick convert"

WARNING: The convert command is deprecated in IMv7, use "magick" instead of "convert" or "magick convert"

WARNING: The convert command is deprecated in IMv7, use "magick" instead of "convert" or "magick convert"

WARNING: The convert command is deprecated in IMv7, use "magick" instead of "convert" or "magick convert"

WARNING: The convert command is deprecated in IMv7, use "magick" instead of "convert" or "magick convert"

WARNING: The convert command is deprecated in IMv7, use "magick" instead of "convert" or "magick convert"

WARNING: The convert command is deprecated in IMv7, use "magick" instead of "convert" or "magick convert"

WARNING: The convert command is deprecated in IMv7, use "magick" instead of "convert" or "magick convert"

WARNING: The convert command is deprecated in IMv7, use "magick" instead of "convert" or "magick convert"

WARNING: The convert command is deprecated in IMv7, use "magick" instead of "convert" or "magick convert"

WARNING: The convert command is deprecated in IMv7, use "magick" instead of "convert" or "magick convert"

WARNING: The convert command is deprecated in IMv7, use "magick" instead of "convert" or "magick convert"

WARNING: The convert command is deprecated in IMv7, use "magick" instead of "convert" or "magick convert"

WARNING: The convert command is deprecated in IMv7, use "magick" instead of "convert" or "magick convert"

WARNING: The convert command is deprecated in IMv7, use "magick" instead of "convert" or "magick convert"

WARNING: The convert command is deprecated in IMv7, use "magick" instead of "convert" or "magick convert"

WARNING: The convert command is deprecated in IMv7, use "magick" instead of "convert" or "magick convert"

WARNING: The convert command is deprecated in IMv7, use "magick" instead of "convert" or "magick convert"

WARNING: The convert command is deprecated in IMv7, use "magick" instead of "convert" or "magick convert"

WARNING: The convert command is deprecated in IMv7, use "magick" instead of "convert" or "magick convert"

WARNING: The convert command is deprecated in IMv7, use "magick" instead of "convert" or "magick convert"

WARNING: The convert command is deprecated in IMv7, use "magick" instead of "convert" or "magick convert"

WARNING: The convert command is deprecated in IMv7, use "magick" instead of "convert" or "magick convert"

WARNING: The convert command is deprecated in IMv7, use "magick" instead of "convert" or "magick convert"

WARNING: The convert command is deprecated in IMv7, use "magick" instead of "convert" or "magick convert"

WARNING: The convert command is deprecated in IMv7, use "magick" instead of "convert" or "magick convert"

WARNING: The convert command is deprecated in IMv7, use "magick" instead of "convert" or "magick convert"

WARNING: The convert command is deprecated in IMv7, use "magick" instead of "convert" or "magick convert"

WARNING: The convert command is deprecated in IMv7, use "magick" instead of "convert" or "magick convert"

WARNING: The convert command is deprecated in IMv7, use "magick" instead of "convert" or "magick convert"

WARNING: The convert command is deprecated in IMv7, use "magick" instead of "convert" or "magick convert"

WARNING: The convert command is deprecated in IMv7, use "magick" instead of "convert" or "magick convert"

WARNING: The convert command is deprecated in IMv7, use "magick" instead of "convert" or "magick convert"

WARNING: The convert command is deprecated in IMv7, use "magick" instead of "convert" or "magick convert"

WARNING: The convert command is deprecated in IMv7, use "magick" instead of "convert" or "magick convert"

WARNING: The convert command is deprecated in IMv7, use "magick" instead of "convert" or "magick convert"

WARNING: The convert command is deprecated in IMv7, use "magick" instead of "convert" or "magick convert"

WARNING: The convert command is deprecated in IMv7, use "magick" instead of "convert" or "magick convert"

WARNING: The convert command is deprecated in IMv7, use "magick" instead of "convert" or "magick convert"

WARNING: The convert command is deprecated in IMv7, use "magick" instead of "convert" or "magick convert"

WARNING: The convert command is deprecated in IMv7, use "magick" instead of "convert" or "magick convert"

WARNING: The convert command is deprecated in IMv7, use "magick" instead of "convert" or "magick convert"

WARNING: The convert command is deprecated in IMv7, use "magick" instead of "convert" or "magick convert"

WARNING: The convert command is deprecated in IMv7, use "magick" instead of "convert" or "magick convert"

WARNING: The convert command is deprecated in IMv7, use "magick" instead of "convert" or "magick convert"

WARNING: The convert command is deprecated in IMv7, use "magick" instead of "convert" or "magick convert"

WARNING: The convert command is deprecated in IMv7, use "magick" instead of "convert" or "magick convert"

WARNING: The convert command is deprecated in IMv7, use "magick" instead of "convert" or "magick convert"

WARNING: The convert command is deprecated in IMv7, use "magick" instead of "convert" or "magick convert"

WARNING: The convert command is deprecated in IMv7, use "magick" instead of "convert" or "magick convert"

WARNING: The convert command is deprecated in IMv7, use "magick" instead of "convert" or "magick convert"

WARNING: The convert command is deprecated in IMv7, use "magick" instead of "convert" or "magick convert"

WARNING: The convert command is deprecated in IMv7, use "magick" instead of "convert" or "magick convert"

WARNING: The convert command is deprecated in IMv7, use "magick" instead of "convert" or "magick convert"

WARNING: The convert command is deprecated in IMv7, use "magick" instead of "convert" or "magick convert"

WARNING: The convert command is deprecated in IMv7, use "magick" instead of "convert" or "magick convert"

WARNING: The convert command is deprecated in IMv7, use "magick" instead of "convert" or "magick convert"

WARNING: The convert command is deprecated in IMv7, use "magick" instead of "convert" or "magick convert"

WARNING: The convert command is deprecated in IMv7, use "magick" instead of "convert" or "magick convert"

WARNING: The convert command is deprecated in IMv7, use "magick" instead of "convert" or "magick convert"

WARNING: The convert command is deprecated in IMv7, use "magick" instead of "convert" or "magick convert"

WARNING: The convert command is deprecated in IMv7, use "magick" instead of "convert" or "magick convert"

WARNING: The convert command is deprecated in IMv7, use "magick" instead of "convert" or "magick convert"

WARNING: The convert command is deprecated in IMv7, use "magick" instead of "convert" or "magick convert"

WARNING: The convert command is deprecated in IMv7, use "magick" instead of "convert" or "magick convert"

WARNING: The convert command is deprecated in IMv7, use "magick" instead of "convert" or "magick convert"

WARNING: The convert command is deprecated in IMv7, use "magick" instead of "convert" or "magick convert"

WARNING: The convert command is deprecated in IMv7, use "magick" instead of "convert" or "magick convert"

WARNING: The convert command is deprecated in IMv7, use "magick" instead of "convert" or "magick convert"

WARNING: The convert command is deprecated in IMv7, use "magick" instead of "convert" or "magick convert"

WARNING: The convert command is deprecated in IMv7, use "magick" instead of "convert" or "magick convert"

WARNING: The convert command is deprecated in IMv7, use "magick" instead of "convert" or "magick convert"

WARNING: The convert command is deprecated in IMv7, use "magick" instead of "convert" or "magick convert"

WARNING: The convert command is deprecated in IMv7, use "magick" instead of "convert" or "magick convert"

WARNING: The convert command is deprecated in IMv7, use "magick" instead of "convert" or "magick convert"

WARNING: The convert command is deprecated in IMv7, use "magick" instead of "convert" or "magick convert"

WARNING: The convert command is deprecated in IMv7, use "magick" instead of "convert" or "magick convert"

WARNING: The convert command is deprecated in IMv7, use "magick" instead of "convert" or "magick convert"

WARNING: The convert command is deprecated in IMv7, use "magick" instead of "convert" or "magick convert"

WARNING: The convert command is deprecated in IMv7, use "magick" instead of "convert" or "magick convert"

WARNING: The convert command is deprecated in IMv7, use "magick" instead of "convert" or "magick convert"

WARNING: The convert command is deprecated in IMv7, use "magick" instead of "convert" or "magick convert"

WARNING: The convert command is deprecated in IMv7, use "magick" instead of "convert" or "magick convert"

WARNING: The convert command is deprecated in IMv7, use "magick" instead of "convert" or "magick convert"

WARNING: The convert command is deprecated in IMv7, use "magick" instead of "convert" or "magick convert"

WARNING: The convert command is deprecated in IMv7, use "magick" instead of "convert" or "magick convert"

WARNING: The convert command is deprecated in IMv7, use "magick" instead of "convert" or "magick convert"

WARNING: The convert command is deprecated in IMv7, use "magick" instead of "convert" or "magick convert"

WARNING: The convert command is deprecated in IMv7, use "magick" instead of "convert" or "magick convert"

WARNING: The convert command is deprecated in IMv7, use "magick" instead of "convert" or "magick convert"

WARNING: The convert command is deprecated in IMv7, use "magick" instead of "convert" or "magick convert"

WARNING: The convert command is deprecated in IMv7, use "magick" instead of "convert" or "magick convert"

WARNING: The convert command is deprecated in IMv7, use "magick" instead of "convert" or "magick convert"

WARNING: The convert command is deprecated in IMv7, use "magick" instead of "convert" or "magick convert"

WARNING: The convert command is deprecated in IMv7, use "magick" instead of "convert" or "magick convert"

WARNING: The convert command is deprecated in IMv7, use "magick" instead of "convert" or "magick convert"

WARNING: The convert command is deprecated in IMv7, use "magick" instead of "convert" or "magick convert"

WARNING: The convert command is deprecated in IMv7, use "magick" instead of "convert" or "magick convert"

WARNING: The convert command is deprecated in IMv7, use "magick" instead of "convert" or "magick convert"

WARNING: The convert command is deprecated in IMv7, use "magick" instead of "convert" or "magick convert"

WARNING: The convert command is deprecated in IMv7, use "magick" instead of "convert" or "magick convert"

WARNING: The convert command is deprecated in IMv7, use "magick" instead of "convert" or "magick convert"

WARNING: The convert command is deprecated in IMv7, use "magick" instead of "convert" or "magick convert"

WARNING: The convert command is deprecated in IMv7, use "magick" instead of "convert" or "magick convert"

WARNING: The convert command is deprecated in IMv7, use "magick" instead of "convert" or "magick convert"

WARNING: The convert command is deprecated in IMv7, use "magick" instead of "convert" or "magick convert"

WARNING: The convert command is deprecated in IMv7, use "magick" instead of "convert" or "magick convert"

WARNING: The convert command is deprecated in IMv7, use "magick" instead of "convert" or "magick convert"

WARNING: The convert command is deprecated in IMv7, use "magick" instead of "convert" or "magick convert"

WARNING: The convert command is deprecated in IMv7, use "magick" instead of "convert" or "magick convert"

WARNING: The convert command is deprecated in IMv7, use "magick" instead of "convert" or "magick convert"

WARNING: The convert command is deprecated in IMv7, use "magick" instead of "convert" or "magick convert"

WARNING: The convert command is deprecated in IMv7, use "magick" instead of "convert" or "magick convert"

WARNING: The convert command is deprecated in IMv7, use "magick" instead of "convert" or "magick convert"

WARNING: The convert command is deprecated in IMv7, use "magick" instead of "convert" or "magick convert"

WARNING: The convert command is deprecated in IMv7, use "magick" instead of "convert" or "magick convert"

WARNING: The convert command is deprecated in IMv7, use "magick" instead of "convert" or "magick convert"

** Message: 01:18:57.923: updates_checker.vala:59: check updates
WARNING: The convert command is deprecated in IMv7, use "magick" instead of "convert" or "magick convert"

WARNING: The convert command is deprecated in IMv7, use "magick" instead of "convert" or "magick convert"

WARNING: The convert command is deprecated in IMv7, use "magick" instead of "convert" or "magick convert"

WARNING: The convert command is deprecated in IMv7, use "magick" instead of "convert" or "magick convert"

WARNING: The convert command is deprecated in IMv7, use "magick" instead of "convert" or "magick convert"

WARNING: The convert command is deprecated in IMv7, use "magick" instead of "convert" or "magick convert"

WARNING: The convert command is deprecated in IMv7, use "magick" instead of "convert" or "magick convert"

WARNING: The convert command is deprecated in IMv7, use "magick" instead of "convert" or "magick convert"

WARNING: The convert command is deprecated in IMv7, use "magick" instead of "convert" or "magick convert"

WARNING: The convert command is deprecated in IMv7, use "magick" instead of "convert" or "magick convert"

WARNING: The convert command is deprecated in IMv7, use "magick" instead of "convert" or "magick convert"

WARNING: The convert command is deprecated in IMv7, use "magick" instead of "convert" or "magick convert"

WARNING: The convert command is deprecated in IMv7, use "magick" instead of "convert" or "magick convert"

WARNING: The convert command is deprecated in IMv7, use "magick" instead of "convert" or "magick convert"

WARNING: The convert command is deprecated in IMv7, use "magick" instead of "convert" or "magick convert"

WARNING: The convert command is deprecated in IMv7, use "magick" instead of "convert" or "magick convert"

WARNING: The convert command is deprecated in IMv7, use "magick" instead of "convert" or "magick convert"

WARNING: The convert command is deprecated in IMv7, use "magick" instead of "convert" or "magick convert"

WARNING: The convert command is deprecated in IMv7, use "magick" instead of "convert" or "magick convert"

WARNING: The convert command is deprecated in IMv7, use "magick" instead of "convert" or "magick convert"

WARNING: The convert command is deprecated in IMv7, use "magick" instead of "convert" or "magick convert"

WARNING: The convert command is deprecated in IMv7, use "magick" instead of "convert" or "magick convert"

WARNING: The convert command is deprecated in IMv7, use "magick" instead of "convert" or "magick convert"

WARNING: The convert command is deprecated in IMv7, use "magick" instead of "convert" or "magick convert"

WARNING: The convert command is deprecated in IMv7, use "magick" instead of "convert" or "magick convert"

WARNING: The convert command is deprecated in IMv7, use "magick" instead of "convert" or "magick convert"

WARNING: The convert command is deprecated in IMv7, use "magick" instead of "convert" or "magick convert"

WARNING: The convert command is deprecated in IMv7, use "magick" instead of "convert" or "magick convert"

WARNING: The convert command is deprecated in IMv7, use "magick" instead of "convert" or "magick convert"

WARNING: The convert command is deprecated in IMv7, use "magick" instead of "convert" or "magick convert"

WARNING: The convert command is deprecated in IMv7, use "magick" instead of "convert" or "magick convert"

WARNING: The convert command is deprecated in IMv7, use "magick" instead of "convert" or "magick convert"

WARNING: The convert command is deprecated in IMv7, use "magick" instead of "convert" or "magick convert"

WARNING: The convert command is deprecated in IMv7, use "magick" instead of "convert" or "magick convert"

WARNING: The convert command is deprecated in IMv7, use "magick" instead of "convert" or "magick convert"

WARNING: The convert command is deprecated in IMv7, use "magick" instead of "convert" or "magick convert"

WARNING: The convert command is deprecated in IMv7, use "magick" instead of "convert" or "magick convert"

WARNING: The convert command is deprecated in IMv7, use "magick" instead of "convert" or "magick convert"

WARNING: The convert command is deprecated in IMv7, use "magick" instead of "convert" or "magick convert"

WARNING: The convert command is deprecated in IMv7, use "magick" instead of "convert" or "magick convert"

WARNING: The convert command is deprecated in IMv7, use "magick" instead of "convert" or "magick convert"

WARNING: The convert command is deprecated in IMv7, use "magick" instead of "convert" or "magick convert"

WARNING: The convert command is deprecated in IMv7, use "magick" instead of "convert" or "magick convert"

WARNING: The convert command is deprecated in IMv7, use "magick" instead of "convert" or "magick convert"

WARNING: The convert command is deprecated in IMv7, use "magick" instead of "convert" or "magick convert"

WARNING: The convert command is deprecated in IMv7, use "magick" instead of "convert" or "magick convert"

WARNING: The convert command is deprecated in IMv7, use "magick" instead of "convert" or "magick convert"

WARNING: The convert command is deprecated in IMv7, use "magick" instead of "convert" or "magick convert"

WARNING: The convert command is deprecated in IMv7, use "magick" instead of "convert" or "magick convert"

WARNING: The convert command is deprecated in IMv7, use "magick" instead of "convert" or "magick convert"

WARNING: The convert command is deprecated in IMv7, use "magick" instead of "convert" or "magick convert"

WARNING: The convert command is deprecated in IMv7, use "magick" instead of "convert" or "magick convert"

WARNING: The convert command is deprecated in IMv7, use "magick" instead of "convert" or "magick convert"

WARNING: The convert command is deprecated in IMv7, use "magick" instead of "convert" or "magick convert"

WARNING: The convert command is deprecated in IMv7, use "magick" instead of "convert" or "magick convert"

WARNING: The convert command is deprecated in IMv7, use "magick" instead of "convert" or "magick convert"

WARNING: The convert command is deprecated in IMv7, use "magick" instead of "convert" or "magick convert"

WARNING: The convert command is deprecated in IMv7, use "magick" instead of "convert" or "magick convert"

WARNING: The convert command is deprecated in IMv7, use "magick" instead of "convert" or "magick convert"

WARNING: The convert command is deprecated in IMv7, use "magick" instead of "convert" or "magick convert"

WARNING: The convert command is deprecated in IMv7, use "magick" instead of "convert" or "magick convert"

WARNING: The convert command is deprecated in IMv7, use "magick" instead of "convert" or "magick convert"

WARNING: The convert command is deprecated in IMv7, use "magick" instead of "convert" or "magick convert"

WARNING: The convert command is deprecated in IMv7, use "magick" instead of "convert" or "magick convert"

WARNING: The convert command is deprecated in IMv7, use "magick" instead of "convert" or "magick convert"

WARNING: The convert command is deprecated in IMv7, use "magick" instead of "convert" or "magick convert"

WARNING: The convert command is deprecated in IMv7, use "magick" instead of "convert" or "magick convert"

WARNING: The convert command is deprecated in IMv7, use "magick" instead of "convert" or "magick convert"

WARNING: The convert command is deprecated in IMv7, use "magick" instead of "convert" or "magick convert"

WARNING: The convert command is deprecated in IMv7, use "magick" instead of "convert" or "magick convert"

WARNING: The convert command is deprecated in IMv7, use "magick" instead of "convert" or "magick convert"

WARNING: The convert command is deprecated in IMv7, use "magick" instead of "convert" or "magick convert"

WARNING: The convert command is deprecated in IMv7, use "magick" instead of "convert" or "magick convert"

WARNING: The convert command is deprecated in IMv7, use "magick" instead of "convert" or "magick convert"

WARNING: The convert command is deprecated in IMv7, use "magick" instead of "convert" or "magick convert"

WARNING: The convert command is deprecated in IMv7, use "magick" instead of "convert" or "magick convert"

WARNING: The convert command is deprecated in IMv7, use "magick" instead of "convert" or "magick convert"

WARNING: The convert command is deprecated in IMv7, use "magick" instead of "convert" or "magick convert"

WARNING: The convert command is deprecated in IMv7, use "magick" instead of "convert" or "magick convert"

WARNING: The convert command is deprecated in IMv7, use "magick" instead of "convert" or "magick convert"

WARNING: The convert command is deprecated in IMv7, use "magick" instead of "convert" or "magick convert"

WARNING: The convert command is deprecated in IMv7, use "magick" instead of "convert" or "magick convert"

WARNING: The convert command is deprecated in IMv7, use "magick" instead of "convert" or "magick convert"

WARNING: The convert command is deprecated in IMv7, use "magick" instead of "convert" or "magick convert"

WARNING: The convert command is deprecated in IMv7, use "magick" instead of "convert" or "magick convert"

WARNING: The convert command is deprecated in IMv7, use "magick" instead of "convert" or "magick convert"

WARNING: The convert command is deprecated in IMv7, use "magick" instead of "convert" or "magick convert"

WARNING: The convert command is deprecated in IMv7, use "magick" instead of "convert" or "magick convert"

WARNING: The convert command is deprecated in IMv7, use "magick" instead of "convert" or "magick convert"

WARNING: The convert command is deprecated in IMv7, use "magick" instead of "convert" or "magick convert"

WARNING: The convert command is deprecated in IMv7, use "magick" instead of "convert" or "magick convert"

WARNING: The convert command is deprecated in IMv7, use "magick" instead of "convert" or "magick convert"

WARNING: The convert command is deprecated in IMv7, use "magick" instead of "convert" or "magick convert"

WARNING: The convert command is deprecated in IMv7, use "magick" instead of "convert" or "magick convert"

WARNING: The convert command is deprecated in IMv7, use "magick" instead of "convert" or "magick convert"

WARNING: The convert command is deprecated in IMv7, use "magick" instead of "convert" or "magick convert"

WARNING: The convert command is deprecated in IMv7, use "magick" instead of "convert" or "magick convert"

WARNING: The convert command is deprecated in IMv7, use "magick" instead of "convert" or "magick convert"

WARNING: The convert command is deprecated in IMv7, use "magick" instead of "convert" or "magick convert"

WARNING: The convert command is deprecated in IMv7, use "magick" instead of "convert" or "magick convert"

WARNING: The convert command is deprecated in IMv7, use "magick" instead of "convert" or "magick convert"

WARNING: The convert command is deprecated in IMv7, use "magick" instead of "convert" or "magick convert"

WARNING: The convert command is deprecated in IMv7, use "magick" instead of "convert" or "magick convert"

WARNING: The convert command is deprecated in IMv7, use "magick" instead of "convert" or "magick convert"

WARNING: The convert command is deprecated in IMv7, use "magick" instead of "convert" or "magick convert"

WARNING: The convert command is deprecated in IMv7, use "magick" instead of "convert" or "magick convert"

WARNING: The convert command is deprecated in IMv7, use "magick" instead of "convert" or "magick convert"

WARNING: The convert command is deprecated in IMv7, use "magick" instead of "convert" or "magick convert"

WARNING: The convert command is deprecated in IMv7, use "magick" instead of "convert" or "magick convert"

WARNING: The convert command is deprecated in IMv7, use "magick" instead of "convert" or "magick convert"

WARNING: The convert command is deprecated in IMv7, use "magick" instead of "convert" or "magick convert"

WARNING: The convert command is deprecated in IMv7, use "magick" instead of "convert" or "magick convert"

WARNING: The convert command is deprecated in IMv7, use "magick" instead of "convert" or "magick convert"

WARNING: The convert command is deprecated in IMv7, use "magick" instead of "convert" or "magick convert"

WARNING: The convert command is deprecated in IMv7, use "magick" instead of "convert" or "magick convert"

WARNING: The convert command is deprecated in IMv7, use "magick" instead of "convert" or "magick convert"

WARNING: The convert command is deprecated in IMv7, use "magick" instead of "convert" or "magick convert"

WARNING: The convert command is deprecated in IMv7, use "magick" instead of "convert" or "magick convert"

WARNING: The convert command is deprecated in IMv7, use "magick" instead of "convert" or "magick convert"

WARNING: The convert command is deprecated in IMv7, use "magick" instead of "convert" or "magick convert"

WARNING: The convert command is deprecated in IMv7, use "magick" instead of "convert" or "magick convert"

WARNING: The convert command is deprecated in IMv7, use "magick" instead of "convert" or "magick convert"

WARNING: The convert command is deprecated in IMv7, use "magick" instead of "convert" or "magick convert"

WARNING: The convert command is deprecated in IMv7, use "magick" instead of "convert" or "magick convert"

WARNING: The convert command is deprecated in IMv7, use "magick" instead of "convert" or "magick convert"

WARNING: The convert command is deprecated in IMv7, use "magick" instead of "convert" or "magick convert"

WARNING: The convert command is deprecated in IMv7, use "magick" instead of "convert" or "magick convert"

WARNING: The convert command is deprecated in IMv7, use "magick" instead of "convert" or "magick convert"

WARNING: The convert command is deprecated in IMv7, use "magick" instead of "convert" or "magick convert"

WARNING: The convert command is deprecated in IMv7, use "magick" instead of "convert" or "magick convert"

WARNING: The convert command is deprecated in IMv7, use "magick" instead of "convert" or "magick convert"

WARNING: The convert command is deprecated in IMv7, use "magick" instead of "convert" or "magick convert"

** Message: 02:18:59.923: updates_checker.vala:59: check updates
WARNING: The convert command is deprecated in IMv7, use "magick" instead of "convert" or "magick convert"

WARNING: The convert command is deprecated in IMv7, use "magick" instead of "convert" or "magick convert"

WARNING: The convert command is deprecated in IMv7, use "magick" instead of "convert" or "magick convert"

WARNING: The convert command is deprecated in IMv7, use "magick" instead of "convert" or "magick convert"

WARNING: The convert command is deprecated in IMv7, use "magick" instead of "convert" or "magick convert"

WARNING: The convert command is deprecated in IMv7, use "magick" instead of "convert" or "magick convert"

WARNING: The convert command is deprecated in IMv7, use "magick" instead of "convert" or "magick convert"

WARNING: The convert command is deprecated in IMv7, use "magick" instead of "convert" or "magick convert"

WARNING: The convert command is deprecated in IMv7, use "magick" instead of "convert" or "magick convert"

WARNING: The convert command is deprecated in IMv7, use "magick" instead of "convert" or "magick convert"

WARNING: The convert command is deprecated in IMv7, use "magick" instead of "convert" or "magick convert"

WARNING: The convert command is deprecated in IMv7, use "magick" instead of "convert" or "magick convert"

WARNING: The convert command is deprecated in IMv7, use "magick" instead of "convert" or "magick convert"

WARNING: The convert command is deprecated in IMv7, use "magick" instead of "convert" or "magick convert"

WARNING: The convert command is deprecated in IMv7, use "magick" instead of "convert" or "magick convert"

WARNING: The convert command is deprecated in IMv7, use "magick" instead of "convert" or "magick convert"

WARNING: The convert command is deprecated in IMv7, use "magick" instead of "convert" or "magick convert"

WARNING: The convert command is deprecated in IMv7, use "magick" instead of "convert" or "magick convert"

WARNING: The convert command is deprecated in IMv7, use "magick" instead of "convert" or "magick convert"

WARNING: The convert command is deprecated in IMv7, use "magick" instead of "convert" or "magick convert"

WARNING: The convert command is deprecated in IMv7, use "magick" instead of "convert" or "magick convert"

WARNING: The convert command is deprecated in IMv7, use "magick" instead of "convert" or "magick convert"

WARNING: The convert command is deprecated in IMv7, use "magick" instead of "convert" or "magick convert"

WARNING: The convert command is deprecated in IMv7, use "magick" instead of "convert" or "magick convert"

WARNING: The convert command is deprecated in IMv7, use "magick" instead of "convert" or "magick convert"

WARNING: The convert command is deprecated in IMv7, use "magick" instead of "convert" or "magick convert"

WARNING: The convert command is deprecated in IMv7, use "magick" instead of "convert" or "magick convert"

WARNING: The convert command is deprecated in IMv7, use "magick" instead of "convert" or "magick convert"

WARNING: The convert command is deprecated in IMv7, use "magick" instead of "convert" or "magick convert"

WARNING: The convert command is deprecated in IMv7, use "magick" instead of "convert" or "magick convert"

WARNING: The convert command is deprecated in IMv7, use "magick" instead of "convert" or "magick convert"

WARNING: The convert command is deprecated in IMv7, use "magick" instead of "convert" or "magick convert"

WARNING: The convert command is deprecated in IMv7, use "magick" instead of "convert" or "magick convert"

WARNING: The convert command is deprecated in IMv7, use "magick" instead of "convert" or "magick convert"

WARNING: The convert command is deprecated in IMv7, use "magick" instead of "convert" or "magick convert"

WARNING: The convert command is deprecated in IMv7, use "magick" instead of "convert" or "magick convert"

WARNING: The convert command is deprecated in IMv7, use "magick" instead of "convert" or "magick convert"

WARNING: The convert command is deprecated in IMv7, use "magick" instead of "convert" or "magick convert"

WARNING: The convert command is deprecated in IMv7, use "magick" instead of "convert" or "magick convert"

WARNING: The convert command is deprecated in IMv7, use "magick" instead of "convert" or "magick convert"

WARNING: The convert command is deprecated in IMv7, use "magick" instead of "convert" or "magick convert"

WARNING: The convert command is deprecated in IMv7, use "magick" instead of "convert" or "magick convert"

WARNING: The convert command is deprecated in IMv7, use "magick" instead of "convert" or "magick convert"

WARNING: The convert command is deprecated in IMv7, use "magick" instead of "convert" or "magick convert"

WARNING: The convert command is deprecated in IMv7, use "magick" instead of "convert" or "magick convert"

WARNING: The convert command is deprecated in IMv7, use "magick" instead of "convert" or "magick convert"

WARNING: The convert command is deprecated in IMv7, use "magick" instead of "convert" or "magick convert"

WARNING: The convert command is deprecated in IMv7, use "magick" instead of "convert" or "magick convert"

WARNING: The convert command is deprecated in IMv7, use "magick" instead of "convert" or "magick convert"

WARNING: The convert command is deprecated in IMv7, use "magick" instead of "convert" or "magick convert"

WARNING: The convert command is deprecated in IMv7, use "magick" instead of "convert" or "magick convert"

WARNING: The convert command is deprecated in IMv7, use "magick" instead of "convert" or "magick convert"

WARNING: The convert command is deprecated in IMv7, use "magick" instead of "convert" or "magick convert"

WARNING: The convert command is deprecated in IMv7, use "magick" instead of "convert" or "magick convert"

WARNING: The convert command is deprecated in IMv7, use "magick" instead of "convert" or "magick convert"

WARNING: The convert command is deprecated in IMv7, use "magick" instead of "convert" or "magick convert"

WARNING: The convert command is deprecated in IMv7, use "magick" instead of "convert" or "magick convert"

WARNING: The convert command is deprecated in IMv7, use "magick" instead of "convert" or "magick convert"

WARNING: The convert command is deprecated in IMv7, use "magick" instead of "convert" or "magick convert"

WARNING: The convert command is deprecated in IMv7, use "magick" instead of "convert" or "magick convert"

WARNING: The convert command is deprecated in IMv7, use "magick" instead of "convert" or "magick convert"

WARNING: The convert command is deprecated in IMv7, use "magick" instead of "convert" or "magick convert"

WARNING: The convert command is deprecated in IMv7, use "magick" instead of "convert" or "magick convert"

WARNING: The convert command is deprecated in IMv7, use "magick" instead of "convert" or "magick convert"

WARNING: The convert command is deprecated in IMv7, use "magick" instead of "convert" or "magick convert"

WARNING: The convert command is deprecated in IMv7, use "magick" instead of "convert" or "magick convert"

WARNING: The convert command is deprecated in IMv7, use "magick" instead of "convert" or "magick convert"

WARNING: The convert command is deprecated in IMv7, use "magick" instead of "convert" or "magick convert"

WARNING: The convert command is deprecated in IMv7, use "magick" instead of "convert" or "magick convert"

WARNING: The convert command is deprecated in IMv7, use "magick" instead of "convert" or "magick convert"

WARNING: The convert command is deprecated in IMv7, use "magick" instead of "convert" or "magick convert"

WARNING: The convert command is deprecated in IMv7, use "magick" instead of "convert" or "magick convert"

WARNING: The convert command is deprecated in IMv7, use "magick" instead of "convert" or "magick convert"

WARNING: The convert command is deprecated in IMv7, use "magick" instead of "convert" or "magick convert"

WARNING: The convert command is deprecated in IMv7, use "magick" instead of "convert" or "magick convert"

WARNING: The convert command is deprecated in IMv7, use "magick" instead of "convert" or "magick convert"

WARNING: The convert command is deprecated in IMv7, use "magick" instead of "convert" or "magick convert"

WARNING: The convert command is deprecated in IMv7, use "magick" instead of "convert" or "magick convert"

WARNING: The convert command is deprecated in IMv7, use "magick" instead of "convert" or "magick convert"

WARNING: The convert command is deprecated in IMv7, use "magick" instead of "convert" or "magick convert"

WARNING: The convert command is deprecated in IMv7, use "magick" instead of "convert" or "magick convert"

WARNING: The convert command is deprecated in IMv7, use "magick" instead of "convert" or "magick convert"

WARNING: The convert command is deprecated in IMv7, use "magick" instead of "convert" or "magick convert"

WARNING: The convert command is deprecated in IMv7, use "magick" instead of "convert" or "magick convert"

WARNING: The convert command is deprecated in IMv7, use "magick" instead of "convert" or "magick convert"

WARNING: The convert command is deprecated in IMv7, use "magick" instead of "convert" or "magick convert"

WARNING: The convert command is deprecated in IMv7, use "magick" instead of "convert" or "magick convert"

WARNING: The convert command is deprecated in IMv7, use "magick" instead of "convert" or "magick convert"

WARNING: The convert command is deprecated in IMv7, use "magick" instead of "convert" or "magick convert"

WARNING: The convert command is deprecated in IMv7, use "magick" instead of "convert" or "magick convert"

WARNING: The convert command is deprecated in IMv7, use "magick" instead of "convert" or "magick convert"

WARNING: The convert command is deprecated in IMv7, use "magick" instead of "convert" or "magick convert"

WARNING: The convert command is deprecated in IMv7, use "magick" instead of "convert" or "magick convert"

WARNING: The convert command is deprecated in IMv7, use "magick" instead of "convert" or "magick convert"

WARNING: The convert command is deprecated in IMv7, use "magick" instead of "convert" or "magick convert"

WARNING: The convert command is deprecated in IMv7, use "magick" instead of "convert" or "magick convert"

WARNING: The convert command is deprecated in IMv7, use "magick" instead of "convert" or "magick convert"

WARNING: The convert command is deprecated in IMv7, use "magick" instead of "convert" or "magick convert"

WARNING: The convert command is deprecated in IMv7, use "magick" instead of "convert" or "magick convert"

WARNING: The convert command is deprecated in IMv7, use "magick" instead of "convert" or "magick convert"

WARNING: The convert command is deprecated in IMv7, use "magick" instead of "convert" or "magick convert"

WARNING: The convert command is deprecated in IMv7, use "magick" instead of "convert" or "magick convert"

WARNING: The convert command is deprecated in IMv7, use "magick" instead of "convert" or "magick convert"

WARNING: The convert command is deprecated in IMv7, use "magick" instead of "convert" or "magick convert"

WARNING: The convert command is deprecated in IMv7, use "magick" instead of "convert" or "magick convert"

WARNING: The convert command is deprecated in IMv7, use "magick" instead of "convert" or "magick convert"

WARNING: The convert command is deprecated in IMv7, use "magick" instead of "convert" or "magick convert"

WARNING: The convert command is deprecated in IMv7, use "magick" instead of "convert" or "magick convert"

WARNING: The convert command is deprecated in IMv7, use "magick" instead of "convert" or "magick convert"

WARNING: The convert command is deprecated in IMv7, use "magick" instead of "convert" or "magick convert"

WARNING: The convert command is deprecated in IMv7, use "magick" instead of "convert" or "magick convert"

WARNING: The convert command is deprecated in IMv7, use "magick" instead of "convert" or "magick convert"

WARNING: The convert command is deprecated in IMv7, use "magick" instead of "convert" or "magick convert"

WARNING: The convert command is deprecated in IMv7, use "magick" instead of "convert" or "magick convert"

WARNING: The convert command is deprecated in IMv7, use "magick" instead of "convert" or "magick convert"

WARNING: The convert command is deprecated in IMv7, use "magick" instead of "convert" or "magick convert"

WARNING: The convert command is deprecated in IMv7, use "magick" instead of "convert" or "magick convert"

WARNING: The convert command is deprecated in IMv7, use "magick" instead of "convert" or "magick convert"

WARNING: The convert command is deprecated in IMv7, use "magick" instead of "convert" or "magick convert"

WARNING: The convert command is deprecated in IMv7, use "magick" instead of "convert" or "magick convert"

WARNING: The convert command is deprecated in IMv7, use "magick" instead of "convert" or "magick convert"

WARNING: The convert command is deprecated in IMv7, use "magick" instead of "convert" or "magick convert"

WARNING: The convert command is deprecated in IMv7, use "magick" instead of "convert" or "magick convert"

WARNING: The convert command is deprecated in IMv7, use "magick" instead of "convert" or "magick convert"

WARNING: The convert command is deprecated in IMv7, use "magick" instead of "convert" or "magick convert"

WARNING: The convert command is deprecated in IMv7, use "magick" instead of "convert" or "magick convert"

WARNING: The convert command is deprecated in IMv7, use "magick" instead of "convert" or "magick convert"

WARNING: The convert command is deprecated in IMv7, use "magick" instead of "convert" or "magick convert"

WARNING: The convert command is deprecated in IMv7, use "magick" instead of "convert" or "magick convert"

WARNING: The convert command is deprecated in IMv7, use "magick" instead of "convert" or "magick convert"

WARNING: The convert command is deprecated in IMv7, use "magick" instead of "convert" or "magick convert"

WARNING: The convert command is deprecated in IMv7, use "magick" instead of "convert" or "magick convert"

WARNING: The convert command is deprecated in IMv7, use "magick" instead of "convert" or "magick convert"

WARNING: The convert command is deprecated in IMv7, use "magick" instead of "convert" or "magick convert"

** Message: 03:19:01.922: updates_checker.vala:59: check updates
WARNING: The convert command is deprecated in IMv7, use "magick" instead of "convert" or "magick convert"

WARNING: The convert command is deprecated in IMv7, use "magick" instead of "convert" or "magick convert"

WARNING: The convert command is deprecated in IMv7, use "magick" instead of "convert" or "magick convert"

WARNING: The convert command is deprecated in IMv7, use "magick" instead of "convert" or "magick convert"

WARNING: The convert command is deprecated in IMv7, use "magick" instead of "convert" or "magick convert"

WARNING: The convert command is deprecated in IMv7, use "magick" instead of "convert" or "magick convert"

WARNING: The convert command is deprecated in IMv7, use "magick" instead of "convert" or "magick convert"

WARNING: The convert command is deprecated in IMv7, use "magick" instead of "convert" or "magick convert"

WARNING: The convert command is deprecated in IMv7, use "magick" instead of "convert" or "magick convert"

WARNING: The convert command is deprecated in IMv7, use "magick" instead of "convert" or "magick convert"

WARNING: The convert command is deprecated in IMv7, use "magick" instead of "convert" or "magick convert"

WARNING: The convert command is deprecated in IMv7, use "magick" instead of "convert" or "magick convert"

WARNING: The convert command is deprecated in IMv7, use "magick" instead of "convert" or "magick convert"

WARNING: The convert command is deprecated in IMv7, use "magick" instead of "convert" or "magick convert"

WARNING: The convert command is deprecated in IMv7, use "magick" instead of "convert" or "magick convert"

WARNING: The convert command is deprecated in IMv7, use "magick" instead of "convert" or "magick convert"

WARNING: The convert command is deprecated in IMv7, use "magick" instead of "convert" or "magick convert"

WARNING: The convert command is deprecated in IMv7, use "magick" instead of "convert" or "magick convert"

WARNING: The convert command is deprecated in IMv7, use "magick" instead of "convert" or "magick convert"

WARNING: The convert command is deprecated in IMv7, use "magick" instead of "convert" or "magick convert"

WARNING: The convert command is deprecated in IMv7, use "magick" instead of "convert" or "magick convert"

WARNING: The convert command is deprecated in IMv7, use "magick" instead of "convert" or "magick convert"

WARNING: The convert command is deprecated in IMv7, use "magick" instead of "convert" or "magick convert"

WARNING: The convert command is deprecated in IMv7, use "magick" instead of "convert" or "magick convert"

WARNING: The convert command is deprecated in IMv7, use "magick" instead of "convert" or "magick convert"

WARNING: The convert command is deprecated in IMv7, use "magick" instead of "convert" or "magick convert"

WARNING: The convert command is deprecated in IMv7, use "magick" instead of "convert" or "magick convert"

WARNING: The convert command is deprecated in IMv7, use "magick" instead of "convert" or "magick convert"

WARNING: The convert command is deprecated in IMv7, use "magick" instead of "convert" or "magick convert"

WARNING: The convert command is deprecated in IMv7, use "magick" instead of "convert" or "magick convert"

WARNING: The convert command is deprecated in IMv7, use "magick" instead of "convert" or "magick convert"

WARNING: The convert command is deprecated in IMv7, use "magick" instead of "convert" or "magick convert"

WARNING: The convert command is deprecated in IMv7, use "magick" instead of "convert" or "magick convert"

WARNING: The convert command is deprecated in IMv7, use "magick" instead of "convert" or "magick convert"

WARNING: The convert command is deprecated in IMv7, use "magick" instead of "convert" or "magick convert"

WARNING: The convert command is deprecated in IMv7, use "magick" instead of "convert" or "magick convert"

WARNING: The convert command is deprecated in IMv7, use "magick" instead of "convert" or "magick convert"

WARNING: The convert command is deprecated in IMv7, use "magick" instead of "convert" or "magick convert"

WARNING: The convert command is deprecated in IMv7, use "magick" instead of "convert" or "magick convert"

WARNING: The convert command is deprecated in IMv7, use "magick" instead of "convert" or "magick convert"

WARNING: The convert command is deprecated in IMv7, use "magick" instead of "convert" or "magick convert"

WARNING: The convert command is deprecated in IMv7, use "magick" instead of "convert" or "magick convert"

WARNING: The convert command is deprecated in IMv7, use "magick" instead of "convert" or "magick convert"

WARNING: The convert command is deprecated in IMv7, use "magick" instead of "convert" or "magick convert"

WARNING: The convert command is deprecated in IMv7, use "magick" instead of "convert" or "magick convert"

WARNING: The convert command is deprecated in IMv7, use "magick" instead of "convert" or "magick convert"

WARNING: The convert command is deprecated in IMv7, use "magick" instead of "convert" or "magick convert"

WARNING: The convert command is deprecated in IMv7, use "magick" instead of "convert" or "magick convert"

WARNING: The convert command is deprecated in IMv7, use "magick" instead of "convert" or "magick convert"

WARNING: The convert command is deprecated in IMv7, use "magick" instead of "convert" or "magick convert"

WARNING: The convert command is deprecated in IMv7, use "magick" instead of "convert" or "magick convert"

WARNING: The convert command is deprecated in IMv7, use "magick" instead of "convert" or "magick convert"

WARNING: The convert command is deprecated in IMv7, use "magick" instead of "convert" or "magick convert"

WARNING: The convert command is deprecated in IMv7, use "magick" instead of "convert" or "magick convert"

WARNING: The convert command is deprecated in IMv7, use "magick" instead of "convert" or "magick convert"

WARNING: The convert command is deprecated in IMv7, use "magick" instead of "convert" or "magick convert"

WARNING: The convert command is deprecated in IMv7, use "magick" instead of "convert" or "magick convert"

WARNING: The convert command is deprecated in IMv7, use "magick" instead of "convert" or "magick convert"

WARNING: The convert command is deprecated in IMv7, use "magick" instead of "convert" or "magick convert"

WARNING: The convert command is deprecated in IMv7, use "magick" instead of "convert" or "magick convert"

WARNING: The convert command is deprecated in IMv7, use "magick" instead of "convert" or "magick convert"

WARNING: The convert command is deprecated in IMv7, use "magick" instead of "convert" or "magick convert"

WARNING: The convert command is deprecated in IMv7, use "magick" instead of "convert" or "magick convert"

WARNING: The convert command is deprecated in IMv7, use "magick" instead of "convert" or "magick convert"

WARNING: The convert command is deprecated in IMv7, use "magick" instead of "convert" or "magick convert"

WARNING: The convert command is deprecated in IMv7, use "magick" instead of "convert" or "magick convert"

WARNING: The convert command is deprecated in IMv7, use "magick" instead of "convert" or "magick convert"

WARNING: The convert command is deprecated in IMv7, use "magick" instead of "convert" or "magick convert"

WARNING: The convert command is deprecated in IMv7, use "magick" instead of "convert" or "magick convert"

WARNING: The convert command is deprecated in IMv7, use "magick" instead of "convert" or "magick convert"

WARNING: The convert command is deprecated in IMv7, use "magick" instead of "convert" or "magick convert"

WARNING: The convert command is deprecated in IMv7, use "magick" instead of "convert" or "magick convert"

WARNING: The convert command is deprecated in IMv7, use "magick" instead of "convert" or "magick convert"

WARNING: The convert command is deprecated in IMv7, use "magick" instead of "convert" or "magick convert"

WARNING: The convert command is deprecated in IMv7, use "magick" instead of "convert" or "magick convert"

WARNING: The convert command is deprecated in IMv7, use "magick" instead of "convert" or "magick convert"

WARNING: The convert command is deprecated in IMv7, use "magick" instead of "convert" or "magick convert"

WARNING: The convert command is deprecated in IMv7, use "magick" instead of "convert" or "magick convert"

WARNING: The convert command is deprecated in IMv7, use "magick" instead of "convert" or "magick convert"

WARNING: The convert command is deprecated in IMv7, use "magick" instead of "convert" or "magick convert"

WARNING: The convert command is deprecated in IMv7, use "magick" instead of "convert" or "magick convert"

WARNING: The convert command is deprecated in IMv7, use "magick" instead of "convert" or "magick convert"

WARNING: The convert command is deprecated in IMv7, use "magick" instead of "convert" or "magick convert"

WARNING: The convert command is deprecated in IMv7, use "magick" instead of "convert" or "magick convert"

WARNING: The convert command is deprecated in IMv7, use "magick" instead of "convert" or "magick convert"

WARNING: The convert command is deprecated in IMv7, use "magick" instead of "convert" or "magick convert"

WARNING: The convert command is deprecated in IMv7, use "magick" instead of "convert" or "magick convert"

WARNING: The convert command is deprecated in IMv7, use "magick" instead of "convert" or "magick convert"

WARNING: The convert command is deprecated in IMv7, use "magick" instead of "convert" or "magick convert"

WARNING: The convert command is deprecated in IMv7, use "magick" instead of "convert" or "magick convert"

WARNING: The convert command is deprecated in IMv7, use "magick" instead of "convert" or "magick convert"

WARNING: The convert command is deprecated in IMv7, use "magick" instead of "convert" or "magick convert"

WARNING: The convert command is deprecated in IMv7, use "magick" instead of "convert" or "magick convert"

WARNING: The convert command is deprecated in IMv7, use "magick" instead of "convert" or "magick convert"

WARNING: The convert command is deprecated in IMv7, use "magick" instead of "convert" or "magick convert"

WARNING: The convert command is deprecated in IMv7, use "magick" instead of "convert" or "magick convert"

WARNING: The convert command is deprecated in IMv7, use "magick" instead of "convert" or "magick convert"

WARNING: The convert command is deprecated in IMv7, use "magick" instead of "convert" or "magick convert"

WARNING: The convert command is deprecated in IMv7, use "magick" instead of "convert" or "magick convert"

WARNING: The convert command is deprecated in IMv7, use "magick" instead of "convert" or "magick convert"

WARNING: The convert command is deprecated in IMv7, use "magick" instead of "convert" or "magick convert"

WARNING: The convert command is deprecated in IMv7, use "magick" instead of "convert" or "magick convert"

WARNING: The convert command is deprecated in IMv7, use "magick" instead of "convert" or "magick convert"

WARNING: The convert command is deprecated in IMv7, use "magick" instead of "convert" or "magick convert"

WARNING: The convert command is deprecated in IMv7, use "magick" instead of "convert" or "magick convert"

WARNING: The convert command is deprecated in IMv7, use "magick" instead of "convert" or "magick convert"

WARNING: The convert command is deprecated in IMv7, use "magick" instead of "convert" or "magick convert"

WARNING: The convert command is deprecated in IMv7, use "magick" instead of "convert" or "magick convert"

WARNING: The convert command is deprecated in IMv7, use "magick" instead of "convert" or "magick convert"

WARNING: The convert command is deprecated in IMv7, use "magick" instead of "convert" or "magick convert"

WARNING: The convert command is deprecated in IMv7, use "magick" instead of "convert" or "magick convert"

WARNING: The convert command is deprecated in IMv7, use "magick" instead of "convert" or "magick convert"

WARNING: The convert command is deprecated in IMv7, use "magick" instead of "convert" or "magick convert"

WARNING: The convert command is deprecated in IMv7, use "magick" instead of "convert" or "magick convert"

WARNING: The convert command is deprecated in IMv7, use "magick" instead of "convert" or "magick convert"

WARNING: The convert command is deprecated in IMv7, use "magick" instead of "convert" or "magick convert"

WARNING: The convert command is deprecated in IMv7, use "magick" instead of "convert" or "magick convert"

WARNING: The convert command is deprecated in IMv7, use "magick" instead of "convert" or "magick convert"

WARNING: The convert command is deprecated in IMv7, use "magick" instead of "convert" or "magick convert"

WARNING: The convert command is deprecated in IMv7, use "magick" instead of "convert" or "magick convert"

WARNING: The convert command is deprecated in IMv7, use "magick" instead of "convert" or "magick convert"

WARNING: The convert command is deprecated in IMv7, use "magick" instead of "convert" or "magick convert"

WARNING: The convert command is deprecated in IMv7, use "magick" instead of "convert" or "magick convert"

WARNING: The convert command is deprecated in IMv7, use "magick" instead of "convert" or "magick convert"

WARNING: The convert command is deprecated in IMv7, use "magick" instead of "convert" or "magick convert"

WARNING: The convert command is deprecated in IMv7, use "magick" instead of "convert" or "magick convert"

WARNING: The convert command is deprecated in IMv7, use "magick" instead of "convert" or "magick convert"

WARNING: The convert command is deprecated in IMv7, use "magick" instead of "convert" or "magick convert"

WARNING: The convert command is deprecated in IMv7, use "magick" instead of "convert" or "magick convert"

WARNING: The convert command is deprecated in IMv7, use "magick" instead of "convert" or "magick convert"

WARNING: The convert command is deprecated in IMv7, use "magick" instead of "convert" or "magick convert"

WARNING: The convert command is deprecated in IMv7, use "magick" instead of "convert" or "magick convert"

** Message: 04:19:03.922: updates_checker.vala:59: check updates
WARNING: The convert command is deprecated in IMv7, use "magick" instead of "convert" or "magick convert"

WARNING: The convert command is deprecated in IMv7, use "magick" instead of "convert" or "magick convert"

WARNING: The convert command is deprecated in IMv7, use "magick" instead of "convert" or "magick convert"

WARNING: The convert command is deprecated in IMv7, use "magick" instead of "convert" or "magick convert"

WARNING: The convert command is deprecated in IMv7, use "magick" instead of "convert" or "magick convert"

WARNING: The convert command is deprecated in IMv7, use "magick" instead of "convert" or "magick convert"

WARNING: The convert command is deprecated in IMv7, use "magick" instead of "convert" or "magick convert"

WARNING: The convert command is deprecated in IMv7, use "magick" instead of "convert" or "magick convert"

WARNING: The convert command is deprecated in IMv7, use "magick" instead of "convert" or "magick convert"

WARNING: The convert command is deprecated in IMv7, use "magick" instead of "convert" or "magick convert"

WARNING: The convert command is deprecated in IMv7, use "magick" instead of "convert" or "magick convert"

WARNING: The convert command is deprecated in IMv7, use "magick" instead of "convert" or "magick convert"

WARNING: The convert command is deprecated in IMv7, use "magick" instead of "convert" or "magick convert"

WARNING: The convert command is deprecated in IMv7, use "magick" instead of "convert" or "magick convert"

WARNING: The convert command is deprecated in IMv7, use "magick" instead of "convert" or "magick convert"

WARNING: The convert command is deprecated in IMv7, use "magick" instead of "convert" or "magick convert"

WARNING: The convert command is deprecated in IMv7, use "magick" instead of "convert" or "magick convert"

WARNING: The convert command is deprecated in IMv7, use "magick" instead of "convert" or "magick convert"

WARNING: The convert command is deprecated in IMv7, use "magick" instead of "convert" or "magick convert"

WARNING: The convert command is deprecated in IMv7, use "magick" instead of "convert" or "magick convert"

WARNING: The convert command is deprecated in IMv7, use "magick" instead of "convert" or "magick convert"

WARNING: The convert command is deprecated in IMv7, use "magick" instead of "convert" or "magick convert"

WARNING: The convert command is deprecated in IMv7, use "magick" instead of "convert" or "magick convert"

WARNING: The convert command is deprecated in IMv7, use "magick" instead of "convert" or "magick convert"

WARNING: The convert command is deprecated in IMv7, use "magick" instead of "convert" or "magick convert"

WARNING: The convert command is deprecated in IMv7, use "magick" instead of "convert" or "magick convert"

WARNING: The convert command is deprecated in IMv7, use "magick" instead of "convert" or "magick convert"

WARNING: The convert command is deprecated in IMv7, use "magick" instead of "convert" or "magick convert"

WARNING: The convert command is deprecated in IMv7, use "magick" instead of "convert" or "magick convert"

WARNING: The convert command is deprecated in IMv7, use "magick" instead of "convert" or "magick convert"

WARNING: The convert command is deprecated in IMv7, use "magick" instead of "convert" or "magick convert"

WARNING: The convert command is deprecated in IMv7, use "magick" instead of "convert" or "magick convert"

WARNING: The convert command is deprecated in IMv7, use "magick" instead of "convert" or "magick convert"

WARNING: The convert command is deprecated in IMv7, use "magick" instead of "convert" or "magick convert"

WARNING: The convert command is deprecated in IMv7, use "magick" instead of "convert" or "magick convert"

WARNING: The convert command is deprecated in IMv7, use "magick" instead of "convert" or "magick convert"

WARNING: The convert command is deprecated in IMv7, use "magick" instead of "convert" or "magick convert"

WARNING: The convert command is deprecated in IMv7, use "magick" instead of "convert" or "magick convert"

WARNING: The convert command is deprecated in IMv7, use "magick" instead of "convert" or "magick convert"

WARNING: The convert command is deprecated in IMv7, use "magick" instead of "convert" or "magick convert"

WARNING: The convert command is deprecated in IMv7, use "magick" instead of "convert" or "magick convert"

WARNING: The convert command is deprecated in IMv7, use "magick" instead of "convert" or "magick convert"

WARNING: The convert command is deprecated in IMv7, use "magick" instead of "convert" or "magick convert"

WARNING: The convert command is deprecated in IMv7, use "magick" instead of "convert" or "magick convert"

WARNING: The convert command is deprecated in IMv7, use "magick" instead of "convert" or "magick convert"

WARNING: The convert command is deprecated in IMv7, use "magick" instead of "convert" or "magick convert"

WARNING: The convert command is deprecated in IMv7, use "magick" instead of "convert" or "magick convert"

WARNING: The convert command is deprecated in IMv7, use "magick" instead of "convert" or "magick convert"

WARNING: The convert command is deprecated in IMv7, use "magick" instead of "convert" or "magick convert"

WARNING: The convert command is deprecated in IMv7, use "magick" instead of "convert" or "magick convert"

WARNING: The convert command is deprecated in IMv7, use "magick" instead of "convert" or "magick convert"

WARNING: The convert command is deprecated in IMv7, use "magick" instead of "convert" or "magick convert"

WARNING: The convert command is deprecated in IMv7, use "magick" instead of "convert" or "magick convert"

WARNING: The convert command is deprecated in IMv7, use "magick" instead of "convert" or "magick convert"

WARNING: The convert command is deprecated in IMv7, use "magick" instead of "convert" or "magick convert"

WARNING: The convert command is deprecated in IMv7, use "magick" instead of "convert" or "magick convert"

WARNING: The convert command is deprecated in IMv7, use "magick" instead of "convert" or "magick convert"

WARNING: The convert command is deprecated in IMv7, use "magick" instead of "convert" or "magick convert"

WARNING: The convert command is deprecated in IMv7, use "magick" instead of "convert" or "magick convert"

WARNING: The convert command is deprecated in IMv7, use "magick" instead of "convert" or "magick convert"

WARNING: The convert command is deprecated in IMv7, use "magick" instead of "convert" or "magick convert"

WARNING: The convert command is deprecated in IMv7, use "magick" instead of "convert" or "magick convert"

WARNING: The convert command is deprecated in IMv7, use "magick" instead of "convert" or "magick convert"

WARNING: The convert command is deprecated in IMv7, use "magick" instead of "convert" or "magick convert"

WARNING: The convert command is deprecated in IMv7, use "magick" instead of "convert" or "magick convert"

WARNING: The convert command is deprecated in IMv7, use "magick" instead of "convert" or "magick convert"

WARNING: The convert command is deprecated in IMv7, use "magick" instead of "convert" or "magick convert"

WARNING: The convert command is deprecated in IMv7, use "magick" instead of "convert" or "magick convert"

WARNING: The convert command is deprecated in IMv7, use "magick" instead of "convert" or "magick convert"

WARNING: The convert command is deprecated in IMv7, use "magick" instead of "convert" or "magick convert"

WARNING: The convert command is deprecated in IMv7, use "magick" instead of "convert" or "magick convert"

WARNING: The convert command is deprecated in IMv7, use "magick" instead of "convert" or "magick convert"

WARNING: The convert command is deprecated in IMv7, use "magick" instead of "convert" or "magick convert"

WARNING: The convert command is deprecated in IMv7, use "magick" instead of "convert" or "magick convert"

WARNING: The convert command is deprecated in IMv7, use "magick" instead of "convert" or "magick convert"

WARNING: The convert command is deprecated in IMv7, use "magick" instead of "convert" or "magick convert"

WARNING: The convert command is deprecated in IMv7, use "magick" instead of "convert" or "magick convert"

WARNING: The convert command is deprecated in IMv7, use "magick" instead of "convert" or "magick convert"

WARNING: The convert command is deprecated in IMv7, use "magick" instead of "convert" or "magick convert"

WARNING: The convert command is deprecated in IMv7, use "magick" instead of "convert" or "magick convert"

WARNING: The convert command is deprecated in IMv7, use "magick" instead of "convert" or "magick convert"

WARNING: The convert command is deprecated in IMv7, use "magick" instead of "convert" or "magick convert"

WARNING: The convert command is deprecated in IMv7, use "magick" instead of "convert" or "magick convert"

WARNING: The convert command is deprecated in IMv7, use "magick" instead of "convert" or "magick convert"

WARNING: The convert command is deprecated in IMv7, use "magick" instead of "convert" or "magick convert"

WARNING: The convert command is deprecated in IMv7, use "magick" instead of "convert" or "magick convert"

WARNING: The convert command is deprecated in IMv7, use "magick" instead of "convert" or "magick convert"

WARNING: The convert command is deprecated in IMv7, use "magick" instead of "convert" or "magick convert"

WARNING: The convert command is deprecated in IMv7, use "magick" instead of "convert" or "magick convert"

WARNING: The convert command is deprecated in IMv7, use "magick" instead of "convert" or "magick convert"

WARNING: The convert command is deprecated in IMv7, use "magick" instead of "convert" or "magick convert"

WARNING: The convert command is deprecated in IMv7, use "magick" instead of "convert" or "magick convert"

WARNING: The convert command is deprecated in IMv7, use "magick" instead of "convert" or "magick convert"

WARNING: The convert command is deprecated in IMv7, use "magick" instead of "convert" or "magick convert"

WARNING: The convert command is deprecated in IMv7, use "magick" instead of "convert" or "magick convert"

WARNING: The convert command is deprecated in IMv7, use "magick" instead of "convert" or "magick convert"

WARNING: The convert command is deprecated in IMv7, use "magick" instead of "convert" or "magick convert"

WARNING: The convert command is deprecated in IMv7, use "magick" instead of "convert" or "magick convert"

WARNING: The convert command is deprecated in IMv7, use "magick" instead of "convert" or "magick convert"

WARNING: The convert command is deprecated in IMv7, use "magick" instead of "convert" or "magick convert"

WARNING: The convert command is deprecated in IMv7, use "magick" instead of "convert" or "magick convert"

WARNING: The convert command is deprecated in IMv7, use "magick" instead of "convert" or "magick convert"

WARNING: The convert command is deprecated in IMv7, use "magick" instead of "convert" or "magick convert"

WARNING: The convert command is deprecated in IMv7, use "magick" instead of "convert" or "magick convert"

WARNING: The convert command is deprecated in IMv7, use "magick" instead of "convert" or "magick convert"

WARNING: The convert command is deprecated in IMv7, use "magick" instead of "convert" or "magick convert"

WARNING: The convert command is deprecated in IMv7, use "magick" instead of "convert" or "magick convert"

WARNING: The convert command is deprecated in IMv7, use "magick" instead of "convert" or "magick convert"

WARNING: The convert command is deprecated in IMv7, use "magick" instead of "convert" or "magick convert"

WARNING: The convert command is deprecated in IMv7, use "magick" instead of "convert" or "magick convert"

WARNING: The convert command is deprecated in IMv7, use "magick" instead of "convert" or "magick convert"

WARNING: The convert command is deprecated in IMv7, use "magick" instead of "convert" or "magick convert"

WARNING: The convert command is deprecated in IMv7, use "magick" instead of "convert" or "magick convert"

WARNING: The convert command is deprecated in IMv7, use "magick" instead of "convert" or "magick convert"

WARNING: The convert command is deprecated in IMv7, use "magick" instead of "convert" or "magick convert"

WARNING: The convert command is deprecated in IMv7, use "magick" instead of "convert" or "magick convert"

WARNING: The convert command is deprecated in IMv7, use "magick" instead of "convert" or "magick convert"

WARNING: The convert command is deprecated in IMv7, use "magick" instead of "convert" or "magick convert"

WARNING: The convert command is deprecated in IMv7, use "magick" instead of "convert" or "magick convert"

WARNING: The convert command is deprecated in IMv7, use "magick" instead of "convert" or "magick convert"

WARNING: The convert command is deprecated in IMv7, use "magick" instead of "convert" or "magick convert"

WARNING: The convert command is deprecated in IMv7, use "magick" instead of "convert" or "magick convert"

WARNING: The convert command is deprecated in IMv7, use "magick" instead of "convert" or "magick convert"

WARNING: The convert command is deprecated in IMv7, use "magick" instead of "convert" or "magick convert"

WARNING: The convert command is deprecated in IMv7, use "magick" instead of "convert" or "magick convert"

WARNING: The convert command is deprecated in IMv7, use "magick" instead of "convert" or "magick convert"

WARNING: The convert command is deprecated in IMv7, use "magick" instead of "convert" or "magick convert"

WARNING: The convert command is deprecated in IMv7, use "magick" instead of "convert" or "magick convert"

WARNING: The convert command is deprecated in IMv7, use "magick" instead of "convert" or "magick convert"

WARNING: The convert command is deprecated in IMv7, use "magick" instead of "convert" or "magick convert"

WARNING: The convert command is deprecated in IMv7, use "magick" instead of "convert" or "magick convert"

WARNING: The convert command is deprecated in IMv7, use "magick" instead of "convert" or "magick convert"

** Message: 05:19:05.922: updates_checker.vala:59: check updates
WARNING: The convert command is deprecated in IMv7, use "magick" instead of "convert" or "magick convert"

WARNING: The convert command is deprecated in IMv7, use "magick" instead of "convert" or "magick convert"

WARNING: The convert command is deprecated in IMv7, use "magick" instead of "convert" or "magick convert"

WARNING: The convert command is deprecated in IMv7, use "magick" instead of "convert" or "magick convert"

WARNING: The convert command is deprecated in IMv7, use "magick" instead of "convert" or "magick convert"

WARNING: The convert command is deprecated in IMv7, use "magick" instead of "convert" or "magick convert"

WARNING: The convert command is deprecated in IMv7, use "magick" instead of "convert" or "magick convert"

WARNING: The convert command is deprecated in IMv7, use "magick" instead of "convert" or "magick convert"

WARNING: The convert command is deprecated in IMv7, use "magick" instead of "convert" or "magick convert"

WARNING: The convert command is deprecated in IMv7, use "magick" instead of "convert" or "magick convert"

WARNING: The convert command is deprecated in IMv7, use "magick" instead of "convert" or "magick convert"

WARNING: The convert command is deprecated in IMv7, use "magick" instead of "convert" or "magick convert"

WARNING: The convert command is deprecated in IMv7, use "magick" instead of "convert" or "magick convert"

WARNING: The convert command is deprecated in IMv7, use "magick" instead of "convert" or "magick convert"

WARNING: The convert command is deprecated in IMv7, use "magick" instead of "convert" or "magick convert"

WARNING: The convert command is deprecated in IMv7, use "magick" instead of "convert" or "magick convert"

WARNING: The convert command is deprecated in IMv7, use "magick" instead of "convert" or "magick convert"

WARNING: The convert command is deprecated in IMv7, use "magick" instead of "convert" or "magick convert"

WARNING: The convert command is deprecated in IMv7, use "magick" instead of "convert" or "magick convert"

WARNING: The convert command is deprecated in IMv7, use "magick" instead of "convert" or "magick convert"

WARNING: The convert command is deprecated in IMv7, use "magick" instead of "convert" or "magick convert"

WARNING: The convert command is deprecated in IMv7, use "magick" instead of "convert" or "magick convert"

WARNING: The convert command is deprecated in IMv7, use "magick" instead of "convert" or "magick convert"

WARNING: The convert command is deprecated in IMv7, use "magick" instead of "convert" or "magick convert"

WARNING: The convert command is deprecated in IMv7, use "magick" instead of "convert" or "magick convert"

WARNING: The convert command is deprecated in IMv7, use "magick" instead of "convert" or "magick convert"

WARNING: The convert command is deprecated in IMv7, use "magick" instead of "convert" or "magick convert"

WARNING: The convert command is deprecated in IMv7, use "magick" instead of "convert" or "magick convert"

WARNING: The convert command is deprecated in IMv7, use "magick" instead of "convert" or "magick convert"

WARNING: The convert command is deprecated in IMv7, use "magick" instead of "convert" or "magick convert"

WARNING: The convert command is deprecated in IMv7, use "magick" instead of "convert" or "magick convert"

WARNING: The convert command is deprecated in IMv7, use "magick" instead of "convert" or "magick convert"

WARNING: The convert command is deprecated in IMv7, use "magick" instead of "convert" or "magick convert"

WARNING: The convert command is deprecated in IMv7, use "magick" instead of "convert" or "magick convert"

WARNING: The convert command is deprecated in IMv7, use "magick" instead of "convert" or "magick convert"

WARNING: The convert command is deprecated in IMv7, use "magick" instead of "convert" or "magick convert"

WARNING: The convert command is deprecated in IMv7, use "magick" instead of "convert" or "magick convert"

WARNING: The convert command is deprecated in IMv7, use "magick" instead of "convert" or "magick convert"

WARNING: The convert command is deprecated in IMv7, use "magick" instead of "convert" or "magick convert"

WARNING: The convert command is deprecated in IMv7, use "magick" instead of "convert" or "magick convert"

WARNING: The convert command is deprecated in IMv7, use "magick" instead of "convert" or "magick convert"

WARNING: The convert command is deprecated in IMv7, use "magick" instead of "convert" or "magick convert"

WARNING: The convert command is deprecated in IMv7, use "magick" instead of "convert" or "magick convert"

WARNING: The convert command is deprecated in IMv7, use "magick" instead of "convert" or "magick convert"

WARNING: The convert command is deprecated in IMv7, use "magick" instead of "convert" or "magick convert"

WARNING: The convert command is deprecated in IMv7, use "magick" instead of "convert" or "magick convert"

WARNING: The convert command is deprecated in IMv7, use "magick" instead of "convert" or "magick convert"

WARNING: The convert command is deprecated in IMv7, use "magick" instead of "convert" or "magick convert"

WARNING: The convert command is deprecated in IMv7, use "magick" instead of "convert" or "magick convert"

WARNING: The convert command is deprecated in IMv7, use "magick" instead of "convert" or "magick convert"

WARNING: The convert command is deprecated in IMv7, use "magick" instead of "convert" or "magick convert"

WARNING: The convert command is deprecated in IMv7, use "magick" instead of "convert" or "magick convert"

WARNING: The convert command is deprecated in IMv7, use "magick" instead of "convert" or "magick convert"

WARNING: The convert command is deprecated in IMv7, use "magick" instead of "convert" or "magick convert"

WARNING: The convert command is deprecated in IMv7, use "magick" instead of "convert" or "magick convert"

WARNING: The convert command is deprecated in IMv7, use "magick" instead of "convert" or "magick convert"

WARNING: The convert command is deprecated in IMv7, use "magick" instead of "convert" or "magick convert"

WARNING: The convert command is deprecated in IMv7, use "magick" instead of "convert" or "magick convert"

WARNING: The convert command is deprecated in IMv7, use "magick" instead of "convert" or "magick convert"

WARNING: The convert command is deprecated in IMv7, use "magick" instead of "convert" or "magick convert"

WARNING: The convert command is deprecated in IMv7, use "magick" instead of "convert" or "magick convert"

WARNING: The convert command is deprecated in IMv7, use "magick" instead of "convert" or "magick convert"

WARNING: The convert command is deprecated in IMv7, use "magick" instead of "convert" or "magick convert"

WARNING: The convert command is deprecated in IMv7, use "magick" instead of "convert" or "magick convert"

WARNING: The convert command is deprecated in IMv7, use "magick" instead of "convert" or "magick convert"

WARNING: The convert command is deprecated in IMv7, use "magick" instead of "convert" or "magick convert"

WARNING: The convert command is deprecated in IMv7, use "magick" instead of "convert" or "magick convert"

WARNING: The convert command is deprecated in IMv7, use "magick" instead of "convert" or "magick convert"

WARNING: The convert command is deprecated in IMv7, use "magick" instead of "convert" or "magick convert"

WARNING: The convert command is deprecated in IMv7, use "magick" instead of "convert" or "magick convert"

WARNING: The convert command is deprecated in IMv7, use "magick" instead of "convert" or "magick convert"

WARNING: The convert command is deprecated in IMv7, use "magick" instead of "convert" or "magick convert"

WARNING: The convert command is deprecated in IMv7, use "magick" instead of "convert" or "magick convert"

WARNING: The convert command is deprecated in IMv7, use "magick" instead of "convert" or "magick convert"

WARNING: The convert command is deprecated in IMv7, use "magick" instead of "convert" or "magick convert"

WARNING: The convert command is deprecated in IMv7, use "magick" instead of "convert" or "magick convert"

WARNING: The convert command is deprecated in IMv7, use "magick" instead of "convert" or "magick convert"

WARNING: The convert command is deprecated in IMv7, use "magick" instead of "convert" or "magick convert"

WARNING: The convert command is deprecated in IMv7, use "magick" instead of "convert" or "magick convert"

WARNING: The convert command is deprecated in IMv7, use "magick" instead of "convert" or "magick convert"

WARNING: The convert command is deprecated in IMv7, use "magick" instead of "convert" or "magick convert"

WARNING: The convert command is deprecated in IMv7, use "magick" instead of "convert" or "magick convert"

WARNING: The convert command is deprecated in IMv7, use "magick" instead of "convert" or "magick convert"

WARNING: The convert command is deprecated in IMv7, use "magick" instead of "convert" or "magick convert"

WARNING: The convert command is deprecated in IMv7, use "magick" instead of "convert" or "magick convert"

WARNING: The convert command is deprecated in IMv7, use "magick" instead of "convert" or "magick convert"

WARNING: The convert command is deprecated in IMv7, use "magick" instead of "convert" or "magick convert"

WARNING: The convert command is deprecated in IMv7, use "magick" instead of "convert" or "magick convert"

WARNING: The convert command is deprecated in IMv7, use "magick" instead of "convert" or "magick convert"

WARNING: The convert command is deprecated in IMv7, use "magick" instead of "convert" or "magick convert"

WARNING: The convert command is deprecated in IMv7, use "magick" instead of "convert" or "magick convert"

WARNING: The convert command is deprecated in IMv7, use "magick" instead of "convert" or "magick convert"

WARNING: The convert command is deprecated in IMv7, use "magick" instead of "convert" or "magick convert"

WARNING: The convert command is deprecated in IMv7, use "magick" instead of "convert" or "magick convert"

WARNING: The convert command is deprecated in IMv7, use "magick" instead of "convert" or "magick convert"

WARNING: The convert command is deprecated in IMv7, use "magick" instead of "convert" or "magick convert"

WARNING: The convert command is deprecated in IMv7, use "magick" instead of "convert" or "magick convert"

WARNING: The convert command is deprecated in IMv7, use "magick" instead of "convert" or "magick convert"

WARNING: The convert command is deprecated in IMv7, use "magick" instead of "convert" or "magick convert"

WARNING: The convert command is deprecated in IMv7, use "magick" instead of "convert" or "magick convert"

WARNING: The convert command is deprecated in IMv7, use "magick" instead of "convert" or "magick convert"

WARNING: The convert command is deprecated in IMv7, use "magick" instead of "convert" or "magick convert"

WARNING: The convert command is deprecated in IMv7, use "magick" instead of "convert" or "magick convert"

WARNING: The convert command is deprecated in IMv7, use "magick" instead of "convert" or "magick convert"

WARNING: The convert command is deprecated in IMv7, use "magick" instead of "convert" or "magick convert"

WARNING: The convert command is deprecated in IMv7, use "magick" instead of "convert" or "magick convert"

WARNING: The convert command is deprecated in IMv7, use "magick" instead of "convert" or "magick convert"

WARNING: The convert command is deprecated in IMv7, use "magick" instead of "convert" or "magick convert"

WARNING: The convert command is deprecated in IMv7, use "magick" instead of "convert" or "magick convert"

WARNING: The convert command is deprecated in IMv7, use "magick" instead of "convert" or "magick convert"

WARNING: The convert command is deprecated in IMv7, use "magick" instead of "convert" or "magick convert"

WARNING: The convert command is deprecated in IMv7, use "magick" instead of "convert" or "magick convert"

WARNING: The convert command is deprecated in IMv7, use "magick" instead of "convert" or "magick convert"

WARNING: The convert command is deprecated in IMv7, use "magick" instead of "convert" or "magick convert"

WARNING: The convert command is deprecated in IMv7, use "magick" instead of "convert" or "magick convert"

WARNING: The convert command is deprecated in IMv7, use "magick" instead of "convert" or "magick convert"

WARNING: The convert command is deprecated in IMv7, use "magick" instead of "convert" or "magick convert"

WARNING: The convert command is deprecated in IMv7, use "magick" instead of "convert" or "magick convert"

WARNING: The convert command is deprecated in IMv7, use "magick" instead of "convert" or "magick convert"

WARNING: The convert command is deprecated in IMv7, use "magick" instead of "convert" or "magick convert"

WARNING: The convert command is deprecated in IMv7, use "magick" instead of "convert" or "magick convert"

WARNING: The convert command is deprecated in IMv7, use "magick" instead of "convert" or "magick convert"

WARNING: The convert command is deprecated in IMv7, use "magick" instead of "convert" or "magick convert"

WARNING: The convert command is deprecated in IMv7, use "magick" instead of "convert" or "magick convert"

WARNING: The convert command is deprecated in IMv7, use "magick" instead of "convert" or "magick convert"

WARNING: The convert command is deprecated in IMv7, use "magick" instead of "convert" or "magick convert"

WARNING: The convert command is deprecated in IMv7, use "magick" instead of "convert" or "magick convert"

WARNING: The convert command is deprecated in IMv7, use "magick" instead of "convert" or "magick convert"

WARNING: The convert command is deprecated in IMv7, use "magick" instead of "convert" or "magick convert"

WARNING: The convert command is deprecated in IMv7, use "magick" instead of "convert" or "magick convert"

WARNING: The convert command is deprecated in IMv7, use "magick" instead of "convert" or "magick convert"

WARNING: The convert command is deprecated in IMv7, use "magick" instead of "convert" or "magick convert"

** Message: 06:19:07.923: updates_checker.vala:59: check updates
WARNING: The convert command is deprecated in IMv7, use "magick" instead of "convert" or "magick convert"

WARNING: The convert command is deprecated in IMv7, use "magick" instead of "convert" or "magick convert"

WARNING: The convert command is deprecated in IMv7, use "magick" instead of "convert" or "magick convert"

WARNING: The convert command is deprecated in IMv7, use "magick" instead of "convert" or "magick convert"

WARNING: The convert command is deprecated in IMv7, use "magick" instead of "convert" or "magick convert"

WARNING: The convert command is deprecated in IMv7, use "magick" instead of "convert" or "magick convert"

WARNING: The convert command is deprecated in IMv7, use "magick" instead of "convert" or "magick convert"

WARNING: The convert command is deprecated in IMv7, use "magick" instead of "convert" or "magick convert"

WARNING: The convert command is deprecated in IMv7, use "magick" instead of "convert" or "magick convert"

WARNING: The convert command is deprecated in IMv7, use "magick" instead of "convert" or "magick convert"

WARNING: The convert command is deprecated in IMv7, use "magick" instead of "convert" or "magick convert"

WARNING: The convert command is deprecated in IMv7, use "magick" instead of "convert" or "magick convert"

WARNING: The convert command is deprecated in IMv7, use "magick" instead of "convert" or "magick convert"

WARNING: The convert command is deprecated in IMv7, use "magick" instead of "convert" or "magick convert"

WARNING: The convert command is deprecated in IMv7, use "magick" instead of "convert" or "magick convert"

WARNING: The convert command is deprecated in IMv7, use "magick" instead of "convert" or "magick convert"

WARNING: The convert command is deprecated in IMv7, use "magick" instead of "convert" or "magick convert"

WARNING: The convert command is deprecated in IMv7, use "magick" instead of "convert" or "magick convert"

WARNING: The convert command is deprecated in IMv7, use "magick" instead of "convert" or "magick convert"

WARNING: The convert command is deprecated in IMv7, use "magick" instead of "convert" or "magick convert"

WARNING: The convert command is deprecated in IMv7, use "magick" instead of "convert" or "magick convert"

WARNING: The convert command is deprecated in IMv7, use "magick" instead of "convert" or "magick convert"

WARNING: The convert command is deprecated in IMv7, use "magick" instead of "convert" or "magick convert"

WARNING: The convert command is deprecated in IMv7, use "magick" instead of "convert" or "magick convert"

WARNING: The convert command is deprecated in IMv7, use "magick" instead of "convert" or "magick convert"

WARNING: The convert command is deprecated in IMv7, use "magick" instead of "convert" or "magick convert"

WARNING: The convert command is deprecated in IMv7, use "magick" instead of "convert" or "magick convert"

WARNING: The convert command is deprecated in IMv7, use "magick" instead of "convert" or "magick convert"

WARNING: The convert command is deprecated in IMv7, use "magick" instead of "convert" or "magick convert"

WARNING: The convert command is deprecated in IMv7, use "magick" instead of "convert" or "magick convert"

WARNING: The convert command is deprecated in IMv7, use "magick" instead of "convert" or "magick convert"

WARNING: The convert command is deprecated in IMv7, use "magick" instead of "convert" or "magick convert"

WARNING: The convert command is deprecated in IMv7, use "magick" instead of "convert" or "magick convert"

WARNING: The convert command is deprecated in IMv7, use "magick" instead of "convert" or "magick convert"

WARNING: The convert command is deprecated in IMv7, use "magick" instead of "convert" or "magick convert"

WARNING: The convert command is deprecated in IMv7, use "magick" instead of "convert" or "magick convert"

WARNING: The convert command is deprecated in IMv7, use "magick" instead of "convert" or "magick convert"

WARNING: The convert command is deprecated in IMv7, use "magick" instead of "convert" or "magick convert"

WARNING: The convert command is deprecated in IMv7, use "magick" instead of "convert" or "magick convert"

WARNING: The convert command is deprecated in IMv7, use "magick" instead of "convert" or "magick convert"

WARNING: The convert command is deprecated in IMv7, use "magick" instead of "convert" or "magick convert"

WARNING: The convert command is deprecated in IMv7, use "magick" instead of "convert" or "magick convert"

WARNING: The convert command is deprecated in IMv7, use "magick" instead of "convert" or "magick convert"

WARNING: The convert command is deprecated in IMv7, use "magick" instead of "convert" or "magick convert"

WARNING: The convert command is deprecated in IMv7, use "magick" instead of "convert" or "magick convert"

WARNING: The convert command is deprecated in IMv7, use "magick" instead of "convert" or "magick convert"

WARNING: The convert command is deprecated in IMv7, use "magick" instead of "convert" or "magick convert"

WARNING: The convert command is deprecated in IMv7, use "magick" instead of "convert" or "magick convert"

WARNING: The convert command is deprecated in IMv7, use "magick" instead of "convert" or "magick convert"

WARNING: The convert command is deprecated in IMv7, use "magick" instead of "convert" or "magick convert"

WARNING: The convert command is deprecated in IMv7, use "magick" instead of "convert" or "magick convert"

WARNING: The convert command is deprecated in IMv7, use "magick" instead of "convert" or "magick convert"

WARNING: The convert command is deprecated in IMv7, use "magick" instead of "convert" or "magick convert"

WARNING: The convert command is deprecated in IMv7, use "magick" instead of "convert" or "magick convert"

WARNING: The convert command is deprecated in IMv7, use "magick" instead of "convert" or "magick convert"

WARNING: The convert command is deprecated in IMv7, use "magick" instead of "convert" or "magick convert"

WARNING: The convert command is deprecated in IMv7, use "magick" instead of "convert" or "magick convert"

WARNING: The convert command is deprecated in IMv7, use "magick" instead of "convert" or "magick convert"

WARNING: The convert command is deprecated in IMv7, use "magick" instead of "convert" or "magick convert"

WARNING: The convert command is deprecated in IMv7, use "magick" instead of "convert" or "magick convert"

WARNING: The convert command is deprecated in IMv7, use "magick" instead of "convert" or "magick convert"

WARNING: The convert command is deprecated in IMv7, use "magick" instead of "convert" or "magick convert"

WARNING: The convert command is deprecated in IMv7, use "magick" instead of "convert" or "magick convert"

WARNING: The convert command is deprecated in IMv7, use "magick" instead of "convert" or "magick convert"

WARNING: The convert command is deprecated in IMv7, use "magick" instead of "convert" or "magick convert"

WARNING: The convert command is deprecated in IMv7, use "magick" instead of "convert" or "magick convert"

WARNING: The convert command is deprecated in IMv7, use "magick" instead of "convert" or "magick convert"

WARNING: The convert command is deprecated in IMv7, use "magick" instead of "convert" or "magick convert"

WARNING: The convert command is deprecated in IMv7, use "magick" instead of "convert" or "magick convert"

WARNING: The convert command is deprecated in IMv7, use "magick" instead of "convert" or "magick convert"

WARNING: The convert command is deprecated in IMv7, use "magick" instead of "convert" or "magick convert"

WARNING: The convert command is deprecated in IMv7, use "magick" instead of "convert" or "magick convert"

WARNING: The convert command is deprecated in IMv7, use "magick" instead of "convert" or "magick convert"

WARNING: The convert command is deprecated in IMv7, use "magick" instead of "convert" or "magick convert"

WARNING: The convert command is deprecated in IMv7, use "magick" instead of "convert" or "magick convert"

WARNING: The convert command is deprecated in IMv7, use "magick" instead of "convert" or "magick convert"

WARNING: The convert command is deprecated in IMv7, use "magick" instead of "convert" or "magick convert"

WARNING: The convert command is deprecated in IMv7, use "magick" instead of "convert" or "magick convert"

WARNING: The convert command is deprecated in IMv7, use "magick" instead of "convert" or "magick convert"

WARNING: The convert command is deprecated in IMv7, use "magick" instead of "convert" or "magick convert"

WARNING: The convert command is deprecated in IMv7, use "magick" instead of "convert" or "magick convert"

WARNING: The convert command is deprecated in IMv7, use "magick" instead of "convert" or "magick convert"

WARNING: The convert command is deprecated in IMv7, use "magick" instead of "convert" or "magick convert"

WARNING: The convert command is deprecated in IMv7, use "magick" instead of "convert" or "magick convert"

WARNING: The convert command is deprecated in IMv7, use "magick" instead of "convert" or "magick convert"

WARNING: The convert command is deprecated in IMv7, use "magick" instead of "convert" or "magick convert"

WARNING: The convert command is deprecated in IMv7, use "magick" instead of "convert" or "magick convert"

WARNING: The convert command is deprecated in IMv7, use "magick" instead of "convert" or "magick convert"

WARNING: The convert command is deprecated in IMv7, use "magick" instead of "convert" or "magick convert"

WARNING: The convert command is deprecated in IMv7, use "magick" instead of "convert" or "magick convert"

WARNING: The convert command is deprecated in IMv7, use "magick" instead of "convert" or "magick convert"

WARNING: The convert command is deprecated in IMv7, use "magick" instead of "convert" or "magick convert"

WARNING: The convert command is deprecated in IMv7, use "magick" instead of "convert" or "magick convert"

WARNING: The convert command is deprecated in IMv7, use "magick" instead of "convert" or "magick convert"

WARNING: The convert command is deprecated in IMv7, use "magick" instead of "convert" or "magick convert"

WARNING: The convert command is deprecated in IMv7, use "magick" instead of "convert" or "magick convert"

WARNING: The convert command is deprecated in IMv7, use "magick" instead of "convert" or "magick convert"

WARNING: The convert command is deprecated in IMv7, use "magick" instead of "convert" or "magick convert"

WARNING: The convert command is deprecated in IMv7, use "magick" instead of "convert" or "magick convert"

WARNING: The convert command is deprecated in IMv7, use "magick" instead of "convert" or "magick convert"

WARNING: The convert command is deprecated in IMv7, use "magick" instead of "convert" or "magick convert"

WARNING: The convert command is deprecated in IMv7, use "magick" instead of "convert" or "magick convert"

WARNING: The convert command is deprecated in IMv7, use "magick" instead of "convert" or "magick convert"

WARNING: The convert command is deprecated in IMv7, use "magick" instead of "convert" or "magick convert"

WARNING: The convert command is deprecated in IMv7, use "magick" instead of "convert" or "magick convert"

WARNING: The convert command is deprecated in IMv7, use "magick" instead of "convert" or "magick convert"

WARNING: The convert command is deprecated in IMv7, use "magick" instead of "convert" or "magick convert"

WARNING: The convert command is deprecated in IMv7, use "magick" instead of "convert" or "magick convert"

WARNING: The convert command is deprecated in IMv7, use "magick" instead of "convert" or "magick convert"

WARNING: The convert command is deprecated in IMv7, use "magick" instead of "convert" or "magick convert"

WARNING: The convert command is deprecated in IMv7, use "magick" instead of "convert" or "magick convert"

WARNING: The convert command is deprecated in IMv7, use "magick" instead of "convert" or "magick convert"

WARNING: The convert command is deprecated in IMv7, use "magick" instead of "convert" or "magick convert"

WARNING: The convert command is deprecated in IMv7, use "magick" instead of "convert" or "magick convert"

WARNING: The convert command is deprecated in IMv7, use "magick" instead of "convert" or "magick convert"

WARNING: The convert command is deprecated in IMv7, use "magick" instead of "convert" or "magick convert"

WARNING: The convert command is deprecated in IMv7, use "magick" instead of "convert" or "magick convert"

WARNING: The convert command is deprecated in IMv7, use "magick" instead of "convert" or "magick convert"

WARNING: The convert command is deprecated in IMv7, use "magick" instead of "convert" or "magick convert"

WARNING: The convert command is deprecated in IMv7, use "magick" instead of "convert" or "magick convert"

WARNING: The convert command is deprecated in IMv7, use "magick" instead of "convert" or "magick convert"

WARNING: The convert command is deprecated in IMv7, use "magick" instead of "convert" or "magick convert"

WARNING: The convert command is deprecated in IMv7, use "magick" instead of "convert" or "magick convert"

WARNING: The convert command is deprecated in IMv7, use "magick" instead of "convert" or "magick convert"

WARNING: The convert command is deprecated in IMv7, use "magick" instead of "convert" or "magick convert"

WARNING: The convert command is deprecated in IMv7, use "magick" instead of "convert" or "magick convert"

WARNING: The convert command is deprecated in IMv7, use "magick" instead of "convert" or "magick convert"

WARNING: The convert command is deprecated in IMv7, use "magick" instead of "convert" or "magick convert"

WARNING: The convert command is deprecated in IMv7, use "magick" instead of "convert" or "magick convert"

WARNING: The convert command is deprecated in IMv7, use "magick" instead of "convert" or "magick convert"

WARNING: The convert command is deprecated in IMv7, use "magick" instead of "convert" or "magick convert"

WARNING: The convert command is deprecated in IMv7, use "magick" instead of "convert" or "magick convert"

** Message: 07:19:18.924: updates_checker.vala:59: check updates
** Message: 07:19:18.952: flatpak_plugin.vala:393: refreshing flathub appstream data
WARNING: The convert command is deprecated in IMv7, use "magick" instead of "convert" or "magick convert"

WARNING: The convert command is deprecated in IMv7, use "magick" instead of "convert" or "magick convert"

WARNING: The convert command is deprecated in IMv7, use "magick" instead of "convert" or "magick convert"

WARNING: The convert command is deprecated in IMv7, use "magick" instead of "convert" or "magick convert"

WARNING: The convert command is deprecated in IMv7, use "magick" instead of "convert" or "magick convert"

WARNING: The convert command is deprecated in IMv7, use "magick" instead of "convert" or "magick convert"

WARNING: The convert command is deprecated in IMv7, use "magick" instead of "convert" or "magick convert"

WARNING: The convert command is deprecated in IMv7, use "magick" instead of "convert" or "magick convert"

WARNING: The convert command is deprecated in IMv7, use "magick" instead of "convert" or "magick convert"

WARNING: The convert command is deprecated in IMv7, use "magick" instead of "convert" or "magick convert"

WARNING: The convert command is deprecated in IMv7, use "magick" instead of "convert" or "magick convert"

WARNING: The convert command is deprecated in IMv7, use "magick" instead of "convert" or "magick convert"

WARNING: The convert command is deprecated in IMv7, use "magick" instead of "convert" or "magick convert"

WARNING: The convert command is deprecated in IMv7, use "magick" instead of "convert" or "magick convert"

WARNING: The convert command is deprecated in IMv7, use "magick" instead of "convert" or "magick convert"

WARNING: The convert command is deprecated in IMv7, use "magick" instead of "convert" or "magick convert"

WARNING: The convert command is deprecated in IMv7, use "magick" instead of "convert" or "magick convert"

WARNING: The convert command is deprecated in IMv7, use "magick" instead of "convert" or "magick convert"

WARNING: The convert command is deprecated in IMv7, use "magick" instead of "convert" or "magick convert"

WARNING: The convert command is deprecated in IMv7, use "magick" instead of "convert" or "magick convert"

WARNING: The convert command is deprecated in IMv7, use "magick" instead of "convert" or "magick convert"

WARNING: The convert command is deprecated in IMv7, use "magick" instead of "convert" or "magick convert"

WARNING: The convert command is deprecated in IMv7, use "magick" instead of "convert" or "magick convert"

WARNING: The convert command is deprecated in IMv7, use "magick" instead of "convert" or "magick convert"

WARNING: The convert command is deprecated in IMv7, use "magick" instead of "convert" or "magick convert"

WARNING: The convert command is deprecated in IMv7, use "magick" instead of "convert" or "magick convert"

WARNING: The convert command is deprecated in IMv7, use "magick" instead of "convert" or "magick convert"

WARNING: The convert command is deprecated in IMv7, use "magick" instead of "convert" or "magick convert"

WARNING: The convert command is deprecated in IMv7, use "magick" instead of "convert" or "magick convert"

WARNING: The convert command is deprecated in IMv7, use "magick" instead of "convert" or "magick convert"

WARNING: The convert command is deprecated in IMv7, use "magick" instead of "convert" or "magick convert"

WARNING: The convert command is deprecated in IMv7, use "magick" instead of "convert" or "magick convert"

WARNING: The convert command is deprecated in IMv7, use "magick" instead of "convert" or "magick convert"

WARNING: The convert command is deprecated in IMv7, use "magick" instead of "convert" or "magick convert"

WARNING: The convert command is deprecated in IMv7, use "magick" instead of "convert" or "magick convert"

WARNING: The convert command is deprecated in IMv7, use "magick" instead of "convert" or "magick convert"

WARNING: The convert command is deprecated in IMv7, use "magick" instead of "convert" or "magick convert"

WARNING: The convert command is deprecated in IMv7, use "magick" instead of "convert" or "magick convert"

WARNING: The convert command is deprecated in IMv7, use "magick" instead of "convert" or "magick convert"

WARNING: The convert command is deprecated in IMv7, use "magick" instead of "convert" or "magick convert"

WARNING: The convert command is deprecated in IMv7, use "magick" instead of "convert" or "magick convert"

WARNING: The convert command is deprecated in IMv7, use "magick" instead of "convert" or "magick convert"

WARNING: The convert command is deprecated in IMv7, use "magick" instead of "convert" or "magick convert"

WARNING: The convert command is deprecated in IMv7, use "magick" instead of "convert" or "magick convert"

WARNING: The convert command is deprecated in IMv7, use "magick" instead of "convert" or "magick convert"

WARNING: The convert command is deprecated in IMv7, use "magick" instead of "convert" or "magick convert"

WARNING: The convert command is deprecated in IMv7, use "magick" instead of "convert" or "magick convert"

WARNING: The convert command is deprecated in IMv7, use "magick" instead of "convert" or "magick convert"

WARNING: The convert command is deprecated in IMv7, use "magick" instead of "convert" or "magick convert"

WARNING: The convert command is deprecated in IMv7, use "magick" instead of "convert" or "magick convert"

WARNING: The convert command is deprecated in IMv7, use "magick" instead of "convert" or "magick convert"

WARNING: The convert command is deprecated in IMv7, use "magick" instead of "convert" or "magick convert"

WARNING: The convert command is deprecated in IMv7, use "magick" instead of "convert" or "magick convert"

WARNING: The convert command is deprecated in IMv7, use "magick" instead of "convert" or "magick convert"

WARNING: The convert command is deprecated in IMv7, use "magick" instead of "convert" or "magick convert"

WARNING: The convert command is deprecated in IMv7, use "magick" instead of "convert" or "magick convert"

WARNING: The convert command is deprecated in IMv7, use "magick" instead of "convert" or "magick convert"

WARNING: The convert command is deprecated in IMv7, use "magick" instead of "convert" or "magick convert"

WARNING: The convert command is deprecated in IMv7, use "magick" instead of "convert" or "magick convert"

WARNING: The convert command is deprecated in IMv7, use "magick" instead of "convert" or "magick convert"

WARNING: The convert command is deprecated in IMv7, use "magick" instead of "convert" or "magick convert"

WARNING: The convert command is deprecated in IMv7, use "magick" instead of "convert" or "magick convert"

WARNING: The convert command is deprecated in IMv7, use "magick" instead of "convert" or "magick convert"

WARNING: The convert command is deprecated in IMv7, use "magick" instead of "convert" or "magick convert"

WARNING: The convert command is deprecated in IMv7, use "magick" instead of "convert" or "magick convert"

WARNING: The convert command is deprecated in IMv7, use "magick" instead of "convert" or "magick convert"

WARNING: The convert command is deprecated in IMv7, use "magick" instead of "convert" or "magick convert"

WARNING: The convert command is deprecated in IMv7, use "magick" instead of "convert" or "magick convert"

WARNING: The convert command is deprecated in IMv7, use "magick" instead of "convert" or "magick convert"

WARNING: The convert command is deprecated in IMv7, use "magick" instead of "convert" or "magick convert"

WARNING: The convert command is deprecated in IMv7, use "magick" instead of "convert" or "magick convert"

WARNING: The convert command is deprecated in IMv7, use "magick" instead of "convert" or "magick convert"

WARNING: The convert command is deprecated in IMv7, use "magick" instead of "convert" or "magick convert"

WARNING: The convert command is deprecated in IMv7, use "magick" instead of "convert" or "magick convert"

WARNING: The convert command is deprecated in IMv7, use "magick" instead of "convert" or "magick convert"

WARNING: The convert command is deprecated in IMv7, use "magick" instead of "convert" or "magick convert"

WARNING: The convert command is deprecated in IMv7, use "magick" instead of "convert" or "magick convert"

WARNING: The convert command is deprecated in IMv7, use "magick" instead of "convert" or "magick convert"

WARNING: The convert command is deprecated in IMv7, use "magick" instead of "convert" or "magick convert"

WARNING: The convert command is deprecated in IMv7, use "magick" instead of "convert" or "magick convert"

WARNING: The convert command is deprecated in IMv7, use "magick" instead of "convert" or "magick convert"

WARNING: The convert command is deprecated in IMv7, use "magick" instead of "convert" or "magick convert"

WARNING: The convert command is deprecated in IMv7, use "magick" instead of "convert" or "magick convert"

WARNING: The convert command is deprecated in IMv7, use "magick" instead of "convert" or "magick convert"

WARNING: The convert command is deprecated in IMv7, use "magick" instead of "convert" or "magick convert"

WARNING: The convert command is deprecated in IMv7, use "magick" instead of "convert" or "magick convert"

WARNING: The convert command is deprecated in IMv7, use "magick" instead of "convert" or "magick convert"

WARNING: The convert command is deprecated in IMv7, use "magick" instead of "convert" or "magick convert"

WARNING: The convert command is deprecated in IMv7, use "magick" instead of "convert" or "magick convert"

WARNING: The convert command is deprecated in IMv7, use "magick" instead of "convert" or "magick convert"

WARNING: The convert command is deprecated in IMv7, use "magick" instead of "convert" or "magick convert"

WARNING: The convert command is deprecated in IMv7, use "magick" instead of "convert" or "magick convert"

WARNING: The convert command is deprecated in IMv7, use "magick" instead of "convert" or "magick convert"

WARNING: The convert command is deprecated in IMv7, use "magick" instead of "convert" or "magick convert"

WARNING: The convert command is deprecated in IMv7, use "magick" instead of "convert" or "magick convert"

WARNING: The convert command is deprecated in IMv7, use "magick" instead of "convert" or "magick convert"

WARNING: The convert command is deprecated in IMv7, use "magick" instead of "convert" or "magick convert"

WARNING: The convert command is deprecated in IMv7, use "magick" instead of "convert" or "magick convert"

WARNING: The convert command is deprecated in IMv7, use "magick" instead of "convert" or "magick convert"

WARNING: The convert command is deprecated in IMv7, use "magick" instead of "convert" or "magick convert"

WARNING: The convert command is deprecated in IMv7, use "magick" instead of "convert" or "magick convert"

WARNING: The convert command is deprecated in IMv7, use "magick" instead of "convert" or "magick convert"

WARNING: The convert command is deprecated in IMv7, use "magick" instead of "convert" or "magick convert"

WARNING: The convert command is deprecated in IMv7, use "magick" instead of "convert" or "magick convert"

WARNING: The convert command is deprecated in IMv7, use "magick" instead of "convert" or "magick convert"

WARNING: The convert command is deprecated in IMv7, use "magick" instead of "convert" or "magick convert"

WARNING: The convert command is deprecated in IMv7, use "magick" instead of "convert" or "magick convert"

WARNING: The convert command is deprecated in IMv7, use "magick" instead of "convert" or "magick convert"

WARNING: The convert command is deprecated in IMv7, use "magick" instead of "convert" or "magick convert"

WARNING: The convert command is deprecated in IMv7, use "magick" instead of "convert" or "magick convert"

WARNING: The convert command is deprecated in IMv7, use "magick" instead of "convert" or "magick convert"

WARNING: The convert command is deprecated in IMv7, use "magick" instead of "convert" or "magick convert"

WARNING: The convert command is deprecated in IMv7, use "magick" instead of "convert" or "magick convert"

WARNING: The convert command is deprecated in IMv7, use "magick" instead of "convert" or "magick convert"

WARNING: The convert command is deprecated in IMv7, use "magick" instead of "convert" or "magick convert"

WARNING: The convert command is deprecated in IMv7, use "magick" instead of "convert" or "magick convert"

WARNING: The convert command is deprecated in IMv7, use "magick" instead of "convert" or "magick convert"

WARNING: The convert command is deprecated in IMv7, use "magick" instead of "convert" or "magick convert"

WARNING: The convert command is deprecated in IMv7, use "magick" instead of "convert" or "magick convert"

WARNING: The convert command is deprecated in IMv7, use "magick" instead of "convert" or "magick convert"

WARNING: The convert command is deprecated in IMv7, use "magick" instead of "convert" or "magick convert"

WARNING: The convert command is deprecated in IMv7, use "magick" instead of "convert" or "magick convert"

WARNING: The convert command is deprecated in IMv7, use "magick" instead of "convert" or "magick convert"

WARNING: The convert command is deprecated in IMv7, use "magick" instead of "convert" or "magick convert"

WARNING: The convert command is deprecated in IMv7, use "magick" instead of "convert" or "magick convert"

WARNING: The convert command is deprecated in IMv7, use "magick" instead of "convert" or "magick convert"

WARNING: The convert command is deprecated in IMv7, use "magick" instead of "convert" or "magick convert"

WARNING: The convert command is deprecated in IMv7, use "magick" instead of "convert" or "magick convert"

WARNING: The convert command is deprecated in IMv7, use "magick" instead of "convert" or "magick convert"

WARNING: The convert command is deprecated in IMv7, use "magick" instead of "convert" or "magick convert"

WARNING: The convert command is deprecated in IMv7, use "magick" instead of "convert" or "magick convert"

WARNING: The convert command is deprecated in IMv7, use "magick" instead of "convert" or "magick convert"

** Message: 08:19:28.922: updates_checker.vala:59: check updates
WARNING: The convert command is deprecated in IMv7, use "magick" instead of "convert" or "magick convert"

WARNING: The convert command is deprecated in IMv7, use "magick" instead of "convert" or "magick convert"

WARNING: The convert command is deprecated in IMv7, use "magick" instead of "convert" or "magick convert"

WARNING: The convert command is deprecated in IMv7, use "magick" instead of "convert" or "magick convert"

WARNING: The convert command is deprecated in IMv7, use "magick" instead of "convert" or "magick convert"

WARNING: The convert command is deprecated in IMv7, use "magick" instead of "convert" or "magick convert"

WARNING: The convert command is deprecated in IMv7, use "magick" instead of "convert" or "magick convert"

WARNING: The convert command is deprecated in IMv7, use "magick" instead of "convert" or "magick convert"

WARNING: The convert command is deprecated in IMv7, use "magick" instead of "convert" or "magick convert"

WARNING: The convert command is deprecated in IMv7, use "magick" instead of "convert" or "magick convert"

WARNING: The convert command is deprecated in IMv7, use "magick" instead of "convert" or "magick convert"

WARNING: The convert command is deprecated in IMv7, use "magick" instead of "convert" or "magick convert"

WARNING: The convert command is deprecated in IMv7, use "magick" instead of "convert" or "magick convert"

WARNING: The convert command is deprecated in IMv7, use "magick" instead of "convert" or "magick convert"

WARNING: The convert command is deprecated in IMv7, use "magick" instead of "convert" or "magick convert"

WARNING: The convert command is deprecated in IMv7, use "magick" instead of "convert" or "magick convert"

WARNING: The convert command is deprecated in IMv7, use "magick" instead of "convert" or "magick convert"

WARNING: The convert command is deprecated in IMv7, use "magick" instead of "convert" or "magick convert"

WARNING: The convert command is deprecated in IMv7, use "magick" instead of "convert" or "magick convert"

WARNING: The convert command is deprecated in IMv7, use "magick" instead of "convert" or "magick convert"

WARNING: The convert command is deprecated in IMv7, use "magick" instead of "convert" or "magick convert"

WARNING: The convert command is deprecated in IMv7, use "magick" instead of "convert" or "magick convert"

WARNING: The convert command is deprecated in IMv7, use "magick" instead of "convert" or "magick convert"

WARNING: The convert command is deprecated in IMv7, use "magick" instead of "convert" or "magick convert"

WARNING: The convert command is deprecated in IMv7, use "magick" instead of "convert" or "magick convert"

WARNING: The convert command is deprecated in IMv7, use "magick" instead of "convert" or "magick convert"

WARNING: The convert command is deprecated in IMv7, use "magick" instead of "convert" or "magick convert"

WARNING: The convert command is deprecated in IMv7, use "magick" instead of "convert" or "magick convert"

WARNING: The convert command is deprecated in IMv7, use "magick" instead of "convert" or "magick convert"

WARNING: The convert command is deprecated in IMv7, use "magick" instead of "convert" or "magick convert"

WARNING: The convert command is deprecated in IMv7, use "magick" instead of "convert" or "magick convert"

WARNING: The convert command is deprecated in IMv7, use "magick" instead of "convert" or "magick convert"

WARNING: The convert command is deprecated in IMv7, use "magick" instead of "convert" or "magick convert"

WARNING: The convert command is deprecated in IMv7, use "magick" instead of "convert" or "magick convert"

WARNING: The convert command is deprecated in IMv7, use "magick" instead of "convert" or "magick convert"

WARNING: The convert command is deprecated in IMv7, use "magick" instead of "convert" or "magick convert"

WARNING: The convert command is deprecated in IMv7, use "magick" instead of "convert" or "magick convert"

WARNING: The convert command is deprecated in IMv7, use "magick" instead of "convert" or "magick convert"

WARNING: The convert command is deprecated in IMv7, use "magick" instead of "convert" or "magick convert"

WARNING: The convert command is deprecated in IMv7, use "magick" instead of "convert" or "magick convert"

WARNING: The convert command is deprecated in IMv7, use "magick" instead of "convert" or "magick convert"

WARNING: The convert command is deprecated in IMv7, use "magick" instead of "convert" or "magick convert"

WARNING: The convert command is deprecated in IMv7, use "magick" instead of "convert" or "magick convert"

WARNING: The convert command is deprecated in IMv7, use "magick" instead of "convert" or "magick convert"

WARNING: The convert command is deprecated in IMv7, use "magick" instead of "convert" or "magick convert"

WARNING: The convert command is deprecated in IMv7, use "magick" instead of "convert" or "magick convert"

WARNING: The convert command is deprecated in IMv7, use "magick" instead of "convert" or "magick convert"

WARNING: The convert command is deprecated in IMv7, use "magick" instead of "convert" or "magick convert"

WARNING: The convert command is deprecated in IMv7, use "magick" instead of "convert" or "magick convert"

WARNING: The convert command is deprecated in IMv7, use "magick" instead of "convert" or "magick convert"

WARNING: The convert command is deprecated in IMv7, use "magick" instead of "convert" or "magick convert"

WARNING: The convert command is deprecated in IMv7, use "magick" instead of "convert" or "magick convert"

WARNING: The convert command is deprecated in IMv7, use "magick" instead of "convert" or "magick convert"

WARNING: The convert command is deprecated in IMv7, use "magick" instead of "convert" or "magick convert"

WARNING: The convert command is deprecated in IMv7, use "magick" instead of "convert" or "magick convert"

WARNING: The convert command is deprecated in IMv7, use "magick" instead of "convert" or "magick convert"

WARNING: The convert command is deprecated in IMv7, use "magick" instead of "convert" or "magick convert"

WARNING: The convert command is deprecated in IMv7, use "magick" instead of "convert" or "magick convert"

WARNING: The convert command is deprecated in IMv7, use "magick" instead of "convert" or "magick convert"

WARNING: The convert command is deprecated in IMv7, use "magick" instead of "convert" or "magick convert"

WARNING: The convert command is deprecated in IMv7, use "magick" instead of "convert" or "magick convert"

WARNING: The convert command is deprecated in IMv7, use "magick" instead of "convert" or "magick convert"

WARNING: The convert command is deprecated in IMv7, use "magick" instead of "convert" or "magick convert"

WARNING: The convert command is deprecated in IMv7, use "magick" instead of "convert" or "magick convert"

WARNING: The convert command is deprecated in IMv7, use "magick" instead of "convert" or "magick convert"

WARNING: The convert command is deprecated in IMv7, use "magick" instead of "convert" or "magick convert"

WARNING: The convert command is deprecated in IMv7, use "magick" instead of "convert" or "magick convert"

WARNING: The convert command is deprecated in IMv7, use "magick" instead of "convert" or "magick convert"

WARNING: The convert command is deprecated in IMv7, use "magick" instead of "convert" or "magick convert"

WARNING: The convert command is deprecated in IMv7, use "magick" instead of "convert" or "magick convert"

WARNING: The convert command is deprecated in IMv7, use "magick" instead of "convert" or "magick convert"

WARNING: The convert command is deprecated in IMv7, use "magick" instead of "convert" or "magick convert"

WARNING: The convert command is deprecated in IMv7, use "magick" instead of "convert" or "magick convert"

WARNING: The convert command is deprecated in IMv7, use "magick" instead of "convert" or "magick convert"

WARNING: The convert command is deprecated in IMv7, use "magick" instead of "convert" or "magick convert"

WARNING: The convert command is deprecated in IMv7, use "magick" instead of "convert" or "magick convert"

WARNING: The convert command is deprecated in IMv7, use "magick" instead of "convert" or "magick convert"

WARNING: The convert command is deprecated in IMv7, use "magick" instead of "convert" or "magick convert"

WARNING: The convert command is deprecated in IMv7, use "magick" instead of "convert" or "magick convert"

WARNING: The convert command is deprecated in IMv7, use "magick" instead of "convert" or "magick convert"

WARNING: The convert command is deprecated in IMv7, use "magick" instead of "convert" or "magick convert"

WARNING: The convert command is deprecated in IMv7, use "magick" instead of "convert" or "magick convert"

WARNING: The convert command is deprecated in IMv7, use "magick" instead of "convert" or "magick convert"

WARNING: The convert command is deprecated in IMv7, use "magick" instead of "convert" or "magick convert"

WARNING: The convert command is deprecated in IMv7, use "magick" instead of "convert" or "magick convert"

WARNING: The convert command is deprecated in IMv7, use "magick" instead of "convert" or "magick convert"

WARNING: The convert command is deprecated in IMv7, use "magick" instead of "convert" or "magick convert"

WARNING: The convert command is deprecated in IMv7, use "magick" instead of "convert" or "magick convert"

WARNING: The convert command is deprecated in IMv7, use "magick" instead of "convert" or "magick convert"

WARNING: The convert command is deprecated in IMv7, use "magick" instead of "convert" or "magick convert"

WARNING: The convert command is deprecated in IMv7, use "magick" instead of "convert" or "magick convert"

WARNING: The convert command is deprecated in IMv7, use "magick" instead of "convert" or "magick convert"

WARNING: The convert command is deprecated in IMv7, use "magick" instead of "convert" or "magick convert"

WARNING: The convert command is deprecated in IMv7, use "magick" instead of "convert" or "magick convert"

WARNING: The convert command is deprecated in IMv7, use "magick" instead of "convert" or "magick convert"

WARNING: The convert command is deprecated in IMv7, use "magick" instead of "convert" or "magick convert"

WARNING: The convert command is deprecated in IMv7, use "magick" instead of "convert" or "magick convert"

WARNING: The convert command is deprecated in IMv7, use "magick" instead of "convert" or "magick convert"

ERROR: 2025-08-31 09:03:16,093: safe_unlink() 'Could not delete /home/pd0rk1n/.config/variety/Downloaded/wallhaven_minimal/wallhaven-wq5m26.png.metadata.json, ignoring'
Traceback (most recent call last):
  File "/usr/lib/python3.13/site-packages/variety/Util.py", line 910, in safe_unlink
    os.unlink(filepath)
    ~~~~~~~~~^^^^^^^^^^
FileNotFoundError: [Errno 2] No such file or directory: '/home/pd0rk1n/.config/variety/Downloaded/wallhaven_minimal/wallhaven-wq5m26.png.metadata.json'
ERROR: 2025-08-31 09:03:16,094: safe_unlink() 'Could not delete /home/pd0rk1n/.config/variety/Downloaded/wallhaven_minimal/wallhaven-j5m92q.jpg.metadata.json, ignoring'
Traceback (most recent call last):
  File "/usr/lib/python3.13/site-packages/variety/Util.py", line 910, in safe_unlink
    os.unlink(filepath)
    ~~~~~~~~~^^^^^^^^^^
FileNotFoundError: [Errno 2] No such file or directory: '/home/pd0rk1n/.config/variety/Downloaded/wallhaven_minimal/wallhaven-j5m92q.jpg.metadata.json'
ERROR: 2025-08-31 09:03:16,094: safe_unlink() 'Could not delete /home/pd0rk1n/.config/variety/Downloaded/wallhaven_minimal/wallhaven-5gyg37.jpg.metadata.json, ignoring'
Traceback (most recent call last):
  File "/usr/lib/python3.13/site-packages/variety/Util.py", line 910, in safe_unlink
    os.unlink(filepath)
    ~~~~~~~~~^^^^^^^^^^
FileNotFoundError: [Errno 2] No such file or directory: '/home/pd0rk1n/.config/variety/Downloaded/wallhaven_minimal/wallhaven-5gyg37.jpg.metadata.json'
ERROR: 2025-08-31 09:03:16,094: safe_unlink() 'Could not delete /home/pd0rk1n/.config/variety/Downloaded/wallhaven_minimal/wallhaven-39qzzd.jpg.metadata.json, ignoring'
Traceback (most recent call last):
  File "/usr/lib/python3.13/site-packages/variety/Util.py", line 910, in safe_unlink
    os.unlink(filepath)
    ~~~~~~~~~^^^^^^^^^^
FileNotFoundError: [Errno 2] No such file or directory: '/home/pd0rk1n/.config/variety/Downloaded/wallhaven_minimal/wallhaven-39qzzd.jpg.metadata.json'
ERROR: 2025-08-31 09:03:16,095: safe_unlink() 'Could not delete /home/pd0rk1n/.config/variety/Downloaded/wallhaven_minimal/wallhaven-45v5o1.jpg.metadata.json, ignoring'
Traceback (most recent call last):
  File "/usr/lib/python3.13/site-packages/variety/Util.py", line 910, in safe_unlink
    os.unlink(filepath)
    ~~~~~~~~~^^^^^^^^^^
FileNotFoundError: [Errno 2] No such file or directory: '/home/pd0rk1n/.config/variety/Downloaded/wallhaven_minimal/wallhaven-45v5o1.jpg.metadata.json'
ERROR: 2025-08-31 09:03:16,095: safe_unlink() 'Could not delete /home/pd0rk1n/.config/variety/Downloaded/wallhaven_minimal/wallhaven-q6r6wl.png.metadata.json, ignoring'
Traceback (most recent call last):
  File "/usr/lib/python3.13/site-packages/variety/Util.py", line 910, in safe_unlink
    os.unlink(filepath)
    ~~~~~~~~~^^^^^^^^^^
FileNotFoundError: [Errno 2] No such file or directory: '/home/pd0rk1n/.config/variety/Downloaded/wallhaven_minimal/wallhaven-q6r6wl.png.metadata.json'
ERROR: 2025-08-31 09:03:16,096: safe_unlink() 'Could not delete /home/pd0rk1n/.config/variety/Downloaded/wallhaven_minimal/wallhaven-o56vpm.jpg.metadata.json, ignoring'
Traceback (most recent call last):
  File "/usr/lib/python3.13/site-packages/variety/Util.py", line 910, in safe_unlink
    os.unlink(filepath)
    ~~~~~~~~~^^^^^^^^^^
FileNotFoundError: [Errno 2] No such file or directory: '/home/pd0rk1n/.config/variety/Downloaded/wallhaven_minimal/wallhaven-o56vpm.jpg.metadata.json'
ERROR: 2025-08-31 09:03:16,096: safe_unlink() 'Could not delete /home/pd0rk1n/.config/variety/Downloaded/wallhaven_minimal/wallhaven-6d5xm6.jpg.metadata.json, ignoring'
Traceback (most recent call last):
  File "/usr/lib/python3.13/site-packages/variety/Util.py", line 910, in safe_unlink
    os.unlink(filepath)
    ~~~~~~~~~^^^^^^^^^^
FileNotFoundError: [Errno 2] No such file or directory: '/home/pd0rk1n/.config/variety/Downloaded/wallhaven_minimal/wallhaven-6d5xm6.jpg.metadata.json'
ERROR: 2025-08-31 09:03:16,096: safe_unlink() 'Could not delete /home/pd0rk1n/.config/variety/Downloaded/wallhaven_minimal/wallhaven-5dqkq9.jpg.metadata.json, ignoring'
Traceback (most recent call last):
  File "/usr/lib/python3.13/site-packages/variety/Util.py", line 910, in safe_unlink
    os.unlink(filepath)
    ~~~~~~~~~^^^^^^^^^^
FileNotFoundError: [Errno 2] No such file or directory: '/home/pd0rk1n/.config/variety/Downloaded/wallhaven_minimal/wallhaven-5dqkq9.jpg.metadata.json'
ERROR: 2025-08-31 09:03:16,097: safe_unlink() 'Could not delete /home/pd0rk1n/.config/variety/Downloaded/wallhaven_minimal/wallhaven-d6dyx3.jpg.metadata.json, ignoring'
Traceback (most recent call last):
  File "/usr/lib/python3.13/site-packages/variety/Util.py", line 910, in safe_unlink
    os.unlink(filepath)
    ~~~~~~~~~^^^^^^^^^^
FileNotFoundError: [Errno 2] No such file or directory: '/home/pd0rk1n/.config/variety/Downloaded/wallhaven_minimal/wallhaven-d6dyx3.jpg.metadata.json'
ERROR: 2025-08-31 09:03:16,097: safe_unlink() 'Could not delete /home/pd0rk1n/.config/variety/Downloaded/wallhaven_simple/wallhaven-jxjkgm.png.metadata.json, ignoring'
Traceback (most recent call last):
  File "/usr/lib/python3.13/site-packages/variety/Util.py", line 910, in safe_unlink
    os.unlink(filepath)
    ~~~~~~~~~^^^^^^^^^^
FileNotFoundError: [Errno 2] No such file or directory: '/home/pd0rk1n/.config/variety/Downloaded/wallhaven_simple/wallhaven-jxjkgm.png.metadata.json'
ERROR: 2025-08-31 09:03:16,097: safe_unlink() 'Could not delete /home/pd0rk1n/.config/variety/Downloaded/wallhaven_simple/wallhaven-39g723.jpg.metadata.json, ignoring'
Traceback (most recent call last):
  File "/usr/lib/python3.13/site-packages/variety/Util.py", line 910, in safe_unlink
    os.unlink(filepath)
    ~~~~~~~~~^^^^^^^^^^
FileNotFoundError: [Errno 2] No such file or directory: '/home/pd0rk1n/.config/variety/Downloaded/wallhaven_simple/wallhaven-39g723.jpg.metadata.json'
ERROR: 2025-08-31 09:03:16,098: safe_unlink() 'Could not delete /home/pd0rk1n/.config/variety/Downloaded/wallhaven_simple/wallhaven-wy28kq.jpg.metadata.json, ignoring'
Traceback (most recent call last):
  File "/usr/lib/python3.13/site-packages/variety/Util.py", line 910, in safe_unlink
    os.unlink(filepath)
    ~~~~~~~~~^^^^^^^^^^
FileNotFoundError: [Errno 2] No such file or directory: '/home/pd0rk1n/.config/variety/Downloaded/wallhaven_simple/wallhaven-wy28kq.jpg.metadata.json'
ERROR: 2025-08-31 09:03:16,098: safe_unlink() 'Could not delete /home/pd0rk1n/.config/variety/Downloaded/wallhaven_simple/wallhaven-x6d3rv.jpg.metadata.json, ignoring'
Traceback (most recent call last):
  File "/usr/lib/python3.13/site-packages/variety/Util.py", line 910, in safe_unlink
    os.unlink(filepath)
    ~~~~~~~~~^^^^^^^^^^
FileNotFoundError: [Errno 2] No such file or directory: '/home/pd0rk1n/.config/variety/Downloaded/wallhaven_simple/wallhaven-x6d3rv.jpg.metadata.json'
ERROR: 2025-08-31 09:03:16,098: safe_unlink() 'Could not delete /home/pd0rk1n/.config/variety/Downloaded/wallhaven_simple/wallhaven-dp7gkm.png.metadata.json, ignoring'
Traceback (most recent call last):
  File "/usr/lib/python3.13/site-packages/variety/Util.py", line 910, in safe_unlink
    os.unlink(filepath)
    ~~~~~~~~~^^^^^^^^^^
FileNotFoundError: [Errno 2] No such file or directory: '/home/pd0rk1n/.config/variety/Downloaded/wallhaven_simple/wallhaven-dp7gkm.png.metadata.json'
ERROR: 2025-08-31 09:03:16,099: safe_unlink() 'Could not delete /home/pd0rk1n/.config/variety/Downloaded/wallhaven_simple/wallhaven-lmm2p2.png.metadata.json, ignoring'
Traceback (most recent call last):
  File "/usr/lib/python3.13/site-packages/variety/Util.py", line 910, in safe_unlink
    os.unlink(filepath)
    ~~~~~~~~~^^^^^^^^^^
FileNotFoundError: [Errno 2] No such file or directory: '/home/pd0rk1n/.config/variety/Downloaded/wallhaven_simple/wallhaven-lmm2p2.png.metadata.json'
ERROR: 2025-08-31 09:03:16,099: safe_unlink() 'Could not delete /home/pd0rk1n/.config/variety/Downloaded/wallhaven_simple/wallhaven-l8xwdp.jpg.metadata.json, ignoring'
Traceback (most recent call last):
  File "/usr/lib/python3.13/site-packages/variety/Util.py", line 910, in safe_unlink
    os.unlink(filepath)
    ~~~~~~~~~^^^^^^^^^^
FileNotFoundError: [Errno 2] No such file or directory: '/home/pd0rk1n/.config/variety/Downloaded/wallhaven_simple/wallhaven-l8xwdp.jpg.metadata.json'
ERROR: 2025-08-31 09:03:16,100: safe_unlink() 'Could not delete /home/pd0rk1n/.config/variety/Downloaded/wallhaven_simple/wallhaven-6ovy9w.png.metadata.json, ignoring'
Traceback (most recent call last):
  File "/usr/lib/python3.13/site-packages/variety/Util.py", line 910, in safe_unlink
    os.unlink(filepath)
    ~~~~~~~~~^^^^^^^^^^
FileNotFoundError: [Errno 2] No such file or directory: '/home/pd0rk1n/.config/variety/Downloaded/wallhaven_simple/wallhaven-6ovy9w.png.metadata.json'
ERROR: 2025-08-31 09:03:16,100: safe_unlink() 'Could not delete /home/pd0rk1n/.config/variety/Downloaded/wallhaven_simple/wallhaven-ox678m.jpg.metadata.json, ignoring'
Traceback (most recent call last):
  File "/usr/lib/python3.13/site-packages/variety/Util.py", line 910, in safe_unlink
    os.unlink(filepath)
    ~~~~~~~~~^^^^^^^^^^
FileNotFoundError: [Errno 2] No such file or directory: '/home/pd0rk1n/.config/variety/Downloaded/wallhaven_simple/wallhaven-ox678m.jpg.metadata.json'
ERROR: 2025-08-31 09:03:16,100: safe_unlink() 'Could not delete /home/pd0rk1n/.config/variety/Downloaded/wallhaven_simple/wallhaven-kw8qyq.jpg.metadata.json, ignoring'
Traceback (most recent call last):
  File "/usr/lib/python3.13/site-packages/variety/Util.py", line 910, in safe_unlink
    os.unlink(filepath)
    ~~~~~~~~~^^^^^^^^^^
FileNotFoundError: [Errno 2] No such file or directory: '/home/pd0rk1n/.config/variety/Downloaded/wallhaven_simple/wallhaven-kw8qyq.jpg.metadata.json'
ERROR: 2025-08-31 09:03:16,101: safe_unlink() 'Could not delete /home/pd0rk1n/.config/variety/Downloaded/wallhaven_simple/wallhaven-76dvd9.jpg.metadata.json, ignoring'
Traceback (most recent call last):
  File "/usr/lib/python3.13/site-packages/variety/Util.py", line 910, in safe_unlink
    os.unlink(filepath)
    ~~~~~~~~~^^^^^^^^^^
FileNotFoundError: [Errno 2] No such file or directory: '/home/pd0rk1n/.config/variety/Downloaded/wallhaven_simple/wallhaven-76dvd9.jpg.metadata.json'
ERROR: 2025-08-31 09:03:16,101: safe_unlink() 'Could not delete /home/pd0rk1n/.config/variety/Downloaded/wallhaven_simple/wallhaven-d6zzj3.png.metadata.json, ignoring'
Traceback (most recent call last):
  File "/usr/lib/python3.13/site-packages/variety/Util.py", line 910, in safe_unlink
    os.unlink(filepath)
    ~~~~~~~~~^^^^^^^^^^
FileNotFoundError: [Errno 2] No such file or directory: '/home/pd0rk1n/.config/variety/Downloaded/wallhaven_simple/wallhaven-d6zzj3.png.metadata.json'
ERROR: 2025-08-31 09:03:16,102: safe_unlink() 'Could not delete /home/pd0rk1n/.config/variety/Downloaded/wallhaven_simple/wallhaven-o3zk6l.jpg.metadata.json, ignoring'
Traceback (most recent call last):
  File "/usr/lib/python3.13/site-packages/variety/Util.py", line 910, in safe_unlink
    os.unlink(filepath)
    ~~~~~~~~~^^^^^^^^^^
FileNotFoundError: [Errno 2] No such file or directory: '/home/pd0rk1n/.config/variety/Downloaded/wallhaven_simple/wallhaven-o3zk6l.jpg.metadata.json'
ERROR: 2025-08-31 09:03:16,102: safe_unlink() 'Could not delete /home/pd0rk1n/.config/variety/Downloaded/wallhaven_simple/wallhaven-72628y.jpg.metadata.json, ignoring'
Traceback (most recent call last):
  File "/usr/lib/python3.13/site-packages/variety/Util.py", line 910, in safe_unlink
    os.unlink(filepath)
    ~~~~~~~~~^^^^^^^^^^
FileNotFoundError: [Errno 2] No such file or directory: '/home/pd0rk1n/.config/variety/Downloaded/wallhaven_simple/wallhaven-72628y.jpg.metadata.json'
ERROR: 2025-08-31 09:03:16,102: safe_unlink() 'Could not delete /home/pd0rk1n/.config/variety/Downloaded/wallhaven_simple/wallhaven-x8vgrz.jpg.metadata.json, ignoring'
Traceback (most recent call last):
  File "/usr/lib/python3.13/site-packages/variety/Util.py", line 910, in safe_unlink
    os.unlink(filepath)
    ~~~~~~~~~^^^^^^^^^^
FileNotFoundError: [Errno 2] No such file or directory: '/home/pd0rk1n/.config/variety/Downloaded/wallhaven_simple/wallhaven-x8vgrz.jpg.metadata.json'
ERROR: 2025-08-31 09:03:16,103: safe_unlink() 'Could not delete /home/pd0rk1n/.config/variety/Downloaded/wallhaven_simple/wallhaven-4vwopn.jpg.metadata.json, ignoring'
Traceback (most recent call last):
  File "/usr/lib/python3.13/site-packages/variety/Util.py", line 910, in safe_unlink
    os.unlink(filepath)
    ~~~~~~~~~^^^^^^^^^^
FileNotFoundError: [Errno 2] No such file or directory: '/home/pd0rk1n/.config/variety/Downloaded/wallhaven_simple/wallhaven-4vwopn.jpg.metadata.json'
ERROR: 2025-08-31 09:03:16,103: safe_unlink() 'Could not delete /home/pd0rk1n/.config/variety/Downloaded/wallhaven_simple/wallhaven-39gxd3.png.metadata.json, ignoring'
Traceback (most recent call last):
  File "/usr/lib/python3.13/site-packages/variety/Util.py", line 910, in safe_unlink
    os.unlink(filepath)
    ~~~~~~~~~^^^^^^^^^^
FileNotFoundError: [Errno 2] No such file or directory: '/home/pd0rk1n/.config/variety/Downloaded/wallhaven_simple/wallhaven-39gxd3.png.metadata.json'
ERROR: 2025-08-31 09:03:16,103: safe_unlink() 'Could not delete /home/pd0rk1n/.config/variety/Downloaded/wallhaven_simple/wallhaven-q2dldd.jpg.metadata.json, ignoring'
Traceback (most recent call last):
  File "/usr/lib/python3.13/site-packages/variety/Util.py", line 910, in safe_unlink
    os.unlink(filepath)
    ~~~~~~~~~^^^^^^^^^^
FileNotFoundError: [Errno 2] No such file or directory: '/home/pd0rk1n/.config/variety/Downloaded/wallhaven_simple/wallhaven-q2dldd.jpg.metadata.json'
ERROR: 2025-08-31 09:03:16,104: safe_unlink() 'Could not delete /home/pd0rk1n/.config/variety/Downloaded/wallhaven_simple/wallhaven-3l78rd.png.metadata.json, ignoring'
Traceback (most recent call last):
  File "/usr/lib/python3.13/site-packages/variety/Util.py", line 910, in safe_unlink
    os.unlink(filepath)
    ~~~~~~~~~^^^^^^^^^^
FileNotFoundError: [Errno 2] No such file or directory: '/home/pd0rk1n/.config/variety/Downloaded/wallhaven_simple/wallhaven-3l78rd.png.metadata.json'
ERROR: 2025-08-31 09:03:16,105: safe_unlink() 'Could not delete /home/pd0rk1n/.config/variety/Downloaded/wallhaven_simple/wallhaven-p9v89e.jpg.metadata.json, ignoring'
Traceback (most recent call last):
  File "/usr/lib/python3.13/site-packages/variety/Util.py", line 910, in safe_unlink
    os.unlink(filepath)
    ~~~~~~~~~^^^^^^^^^^
FileNotFoundError: [Errno 2] No such file or directory: '/home/pd0rk1n/.config/variety/Downloaded/wallhaven_simple/wallhaven-p9v89e.jpg.metadata.json'
ERROR: 2025-08-31 09:03:16,105: safe_unlink() 'Could not delete /home/pd0rk1n/.config/variety/Downloaded/wallhaven_simple/wallhaven-l38xvl.jpg.metadata.json, ignoring'
Traceback (most recent call last):
  File "/usr/lib/python3.13/site-packages/variety/Util.py", line 910, in safe_unlink
    os.unlink(filepath)
    ~~~~~~~~~^^^^^^^^^^
FileNotFoundError: [Errno 2] No such file or directory: '/home/pd0rk1n/.config/variety/Downloaded/wallhaven_simple/wallhaven-l38xvl.jpg.metadata.json'
ERROR: 2025-08-31 09:03:16,105: safe_unlink() 'Could not delete /home/pd0rk1n/.config/variety/Downloaded/wallhaven_simple/wallhaven-l8eejy.jpg.metadata.json, ignoring'
Traceback (most recent call last):
  File "/usr/lib/python3.13/site-packages/variety/Util.py", line 910, in safe_unlink
    os.unlink(filepath)
    ~~~~~~~~~^^^^^^^^^^
FileNotFoundError: [Errno 2] No such file or directory: '/home/pd0rk1n/.config/variety/Downloaded/wallhaven_simple/wallhaven-l8eejy.jpg.metadata.json'
ERROR: 2025-08-31 09:03:16,106: safe_unlink() 'Could not delete /home/pd0rk1n/.config/variety/Downloaded/wallhaven_simple/wallhaven-qzgkzd.png.metadata.json, ignoring'
Traceback (most recent call last):
  File "/usr/lib/python3.13/site-packages/variety/Util.py", line 910, in safe_unlink
    os.unlink(filepath)
    ~~~~~~~~~^^^^^^^^^^
FileNotFoundError: [Errno 2] No such file or directory: '/home/pd0rk1n/.config/variety/Downloaded/wallhaven_simple/wallhaven-qzgkzd.png.metadata.json'
ERROR: 2025-08-31 09:03:16,106: safe_unlink() 'Could not delete /home/pd0rk1n/.config/variety/Downloaded/wallhaven_simple/wallhaven-x1kpjo.jpg.metadata.json, ignoring'
Traceback (most recent call last):
  File "/usr/lib/python3.13/site-packages/variety/Util.py", line 910, in safe_unlink
    os.unlink(filepath)
    ~~~~~~~~~^^^^^^^^^^
FileNotFoundError: [Errno 2] No such file or directory: '/home/pd0rk1n/.config/variety/Downloaded/wallhaven_simple/wallhaven-x1kpjo.jpg.metadata.json'
ERROR: 2025-08-31 09:03:16,106: safe_unlink() 'Could not delete /home/pd0rk1n/.config/variety/Downloaded/wallhaven_simple/wallhaven-rry877.jpg.metadata.json, ignoring'
Traceback (most recent call last):
  File "/usr/lib/python3.13/site-packages/variety/Util.py", line 910, in safe_unlink
    os.unlink(filepath)
    ~~~~~~~~~^^^^^^^^^^
FileNotFoundError: [Errno 2] No such file or directory: '/home/pd0rk1n/.config/variety/Downloaded/wallhaven_simple/wallhaven-rry877.jpg.metadata.json'
ERROR: 2025-08-31 09:03:16,107: safe_unlink() 'Could not delete /home/pd0rk1n/.config/variety/Downloaded/wallhaven_simple/wallhaven-q29zvq.jpg.metadata.json, ignoring'
Traceback (most recent call last):
  File "/usr/lib/python3.13/site-packages/variety/Util.py", line 910, in safe_unlink
    os.unlink(filepath)
    ~~~~~~~~~^^^^^^^^^^
FileNotFoundError: [Errno 2] No such file or directory: '/home/pd0rk1n/.config/variety/Downloaded/wallhaven_simple/wallhaven-q29zvq.jpg.metadata.json'
ERROR: 2025-08-31 09:03:16,108: safe_unlink() 'Could not delete /home/pd0rk1n/.config/variety/Downloaded/wallhaven_simple/wallhaven-wq869q.png.metadata.json, ignoring'
Traceback (most recent call last):
  File "/usr/lib/python3.13/site-packages/variety/Util.py", line 910, in safe_unlink
    os.unlink(filepath)
    ~~~~~~~~~^^^^^^^^^^
FileNotFoundError: [Errno 2] No such file or directory: '/home/pd0rk1n/.config/variety/Downloaded/wallhaven_simple/wallhaven-wq869q.png.metadata.json'
ERROR: 2025-08-31 09:03:16,108: safe_unlink() 'Could not delete /home/pd0rk1n/.config/variety/Downloaded/wallhaven_simple/wallhaven-39p7gy.jpg.metadata.json, ignoring'
Traceback (most recent call last):
  File "/usr/lib/python3.13/site-packages/variety/Util.py", line 910, in safe_unlink
    os.unlink(filepath)
    ~~~~~~~~~^^^^^^^^^^
FileNotFoundError: [Errno 2] No such file or directory: '/home/pd0rk1n/.config/variety/Downloaded/wallhaven_simple/wallhaven-39p7gy.jpg.metadata.json'
ERROR: 2025-08-31 09:03:16,108: safe_unlink() 'Could not delete /home/pd0rk1n/.config/variety/Downloaded/wallhaven_simple/wallhaven-m99pd1.jpg.metadata.json, ignoring'
Traceback (most recent call last):
  File "/usr/lib/python3.13/site-packages/variety/Util.py", line 910, in safe_unlink
    os.unlink(filepath)
    ~~~~~~~~~^^^^^^^^^^
FileNotFoundError: [Errno 2] No such file or directory: '/home/pd0rk1n/.config/variety/Downloaded/wallhaven_simple/wallhaven-m99pd1.jpg.metadata.json'
ERROR: 2025-08-31 09:03:16,109: safe_unlink() 'Could not delete /home/pd0rk1n/.config/variety/Downloaded/wallhaven_simple/wallhaven-rrxyxw.jpg.metadata.json, ignoring'
Traceback (most recent call last):
  File "/usr/lib/python3.13/site-packages/variety/Util.py", line 910, in safe_unlink
    os.unlink(filepath)
    ~~~~~~~~~^^^^^^^^^^
FileNotFoundError: [Errno 2] No such file or directory: '/home/pd0rk1n/.config/variety/Downloaded/wallhaven_simple/wallhaven-rrxyxw.jpg.metadata.json'
ERROR: 2025-08-31 09:03:16,109: safe_unlink() 'Could not delete /home/pd0rk1n/.config/variety/Downloaded/wallhaven_simple/wallhaven-lmxmxy.png.metadata.json, ignoring'
Traceback (most recent call last):
  File "/usr/lib/python3.13/site-packages/variety/Util.py", line 910, in safe_unlink
    os.unlink(filepath)
    ~~~~~~~~~^^^^^^^^^^
FileNotFoundError: [Errno 2] No such file or directory: '/home/pd0rk1n/.config/variety/Downloaded/wallhaven_simple/wallhaven-lmxmxy.png.metadata.json'
ERROR: 2025-08-31 09:03:16,110: safe_unlink() 'Could not delete /home/pd0rk1n/.config/variety/Downloaded/wallhaven_simple/wallhaven-9d8myd.jpg.metadata.json, ignoring'
Traceback (most recent call last):
  File "/usr/lib/python3.13/site-packages/variety/Util.py", line 910, in safe_unlink
    os.unlink(filepath)
    ~~~~~~~~~^^^^^^^^^^
FileNotFoundError: [Errno 2] No such file or directory: '/home/pd0rk1n/.config/variety/Downloaded/wallhaven_simple/wallhaven-9d8myd.jpg.metadata.json'
ERROR: 2025-08-31 09:03:16,110: safe_unlink() 'Could not delete /home/pd0rk1n/.config/variety/Downloaded/wallhaven_simple/wallhaven-dp3kol.png.metadata.json, ignoring'
Traceback (most recent call last):
  File "/usr/lib/python3.13/site-packages/variety/Util.py", line 910, in safe_unlink
    os.unlink(filepath)
    ~~~~~~~~~^^^^^^^^^^
FileNotFoundError: [Errno 2] No such file or directory: '/home/pd0rk1n/.config/variety/Downloaded/wallhaven_simple/wallhaven-dp3kol.png.metadata.json'
ERROR: 2025-08-31 09:03:16,110: safe_unlink() 'Could not delete /home/pd0rk1n/.config/variety/Downloaded/wallhaven_simple/wallhaven-x8od13.jpg.metadata.json, ignoring'
Traceback (most recent call last):
  File "/usr/lib/python3.13/site-packages/variety/Util.py", line 910, in safe_unlink
    os.unlink(filepath)
    ~~~~~~~~~^^^^^^^^^^
FileNotFoundError: [Errno 2] No such file or directory: '/home/pd0rk1n/.config/variety/Downloaded/wallhaven_simple/wallhaven-x8od13.jpg.metadata.json'
ERROR: 2025-08-31 09:03:16,111: safe_unlink() 'Could not delete /home/pd0rk1n/.config/variety/Downloaded/wallhaven_simple/wallhaven-zme8ww.jpg.metadata.json, ignoring'
Traceback (most recent call last):
  File "/usr/lib/python3.13/site-packages/variety/Util.py", line 910, in safe_unlink
    os.unlink(filepath)
    ~~~~~~~~~^^^^^^^^^^
FileNotFoundError: [Errno 2] No such file or directory: '/home/pd0rk1n/.config/variety/Downloaded/wallhaven_simple/wallhaven-zme8ww.jpg.metadata.json'
ERROR: 2025-08-31 09:03:16,111: safe_unlink() 'Could not delete /home/pd0rk1n/.config/variety/Downloaded/wallhaven_simple/wallhaven-42v990.png.metadata.json, ignoring'
Traceback (most recent call last):
  File "/usr/lib/python3.13/site-packages/variety/Util.py", line 910, in safe_unlink
    os.unlink(filepath)
    ~~~~~~~~~^^^^^^^^^^
FileNotFoundError: [Errno 2] No such file or directory: '/home/pd0rk1n/.config/variety/Downloaded/wallhaven_simple/wallhaven-42v990.png.metadata.json'
ERROR: 2025-08-31 09:03:16,112: safe_unlink() 'Could not delete /home/pd0rk1n/.config/variety/Downloaded/wallhaven_simple/wallhaven-j3g91m.jpg.metadata.json, ignoring'
Traceback (most recent call last):
  File "/usr/lib/python3.13/site-packages/variety/Util.py", line 910, in safe_unlink
    os.unlink(filepath)
    ~~~~~~~~~^^^^^^^^^^
FileNotFoundError: [Errno 2] No such file or directory: '/home/pd0rk1n/.config/variety/Downloaded/wallhaven_simple/wallhaven-j3g91m.jpg.metadata.json'
ERROR: 2025-08-31 09:03:16,112: safe_unlink() 'Could not delete /home/pd0rk1n/.config/variety/Downloaded/wallhaven_simple/wallhaven-odjg6m.png.metadata.json, ignoring'
Traceback (most recent call last):
  File "/usr/lib/python3.13/site-packages/variety/Util.py", line 910, in safe_unlink
    os.unlink(filepath)
    ~~~~~~~~~^^^^^^^^^^
FileNotFoundError: [Errno 2] No such file or directory: '/home/pd0rk1n/.config/variety/Downloaded/wallhaven_simple/wallhaven-odjg6m.png.metadata.json'
ERROR: 2025-08-31 09:03:16,113: safe_unlink() 'Could not delete /home/pd0rk1n/.config/variety/Downloaded/wallhaven_simple/wallhaven-l35myl.jpg.metadata.json, ignoring'
Traceback (most recent call last):
  File "/usr/lib/python3.13/site-packages/variety/Util.py", line 910, in safe_unlink
    os.unlink(filepath)
    ~~~~~~~~~^^^^^^^^^^
FileNotFoundError: [Errno 2] No such file or directory: '/home/pd0rk1n/.config/variety/Downloaded/wallhaven_simple/wallhaven-l35myl.jpg.metadata.json'
ERROR: 2025-08-31 09:03:16,113: safe_unlink() 'Could not delete /home/pd0rk1n/.config/variety/Downloaded/wallhaven_simple/wallhaven-wekkg6.png.metadata.json, ignoring'
Traceback (most recent call last):
  File "/usr/lib/python3.13/site-packages/variety/Util.py", line 910, in safe_unlink
    os.unlink(filepath)
    ~~~~~~~~~^^^^^^^^^^
FileNotFoundError: [Errno 2] No such file or directory: '/home/pd0rk1n/.config/variety/Downloaded/wallhaven_simple/wallhaven-wekkg6.png.metadata.json'
ERROR: 2025-08-31 09:03:16,114: safe_unlink() 'Could not delete /home/pd0rk1n/.config/variety/Downloaded/wallhaven_simple/wallhaven-6k89xx.jpg.metadata.json, ignoring'
Traceback (most recent call last):
  File "/usr/lib/python3.13/site-packages/variety/Util.py", line 910, in safe_unlink
    os.unlink(filepath)
    ~~~~~~~~~^^^^^^^^^^
FileNotFoundError: [Errno 2] No such file or directory: '/home/pd0rk1n/.config/variety/Downloaded/wallhaven_simple/wallhaven-6k89xx.jpg.metadata.json'
ERROR: 2025-08-31 09:03:16,114: safe_unlink() 'Could not delete /home/pd0rk1n/.config/variety/Downloaded/wallhaven_simple/wallhaven-pk6ky9.png.metadata.json, ignoring'
Traceback (most recent call last):
  File "/usr/lib/python3.13/site-packages/variety/Util.py", line 910, in safe_unlink
    os.unlink(filepath)
    ~~~~~~~~~^^^^^^^^^^
FileNotFoundError: [Errno 2] No such file or directory: '/home/pd0rk1n/.config/variety/Downloaded/wallhaven_simple/wallhaven-pk6ky9.png.metadata.json'
ERROR: 2025-08-31 09:03:16,114: safe_unlink() 'Could not delete /home/pd0rk1n/.config/variety/Downloaded/wallhaven_simple/wallhaven-lqm6dp.jpg.metadata.json, ignoring'
Traceback (most recent call last):
  File "/usr/lib/python3.13/site-packages/variety/Util.py", line 910, in safe_unlink
    os.unlink(filepath)
    ~~~~~~~~~^^^^^^^^^^
FileNotFoundError: [Errno 2] No such file or directory: '/home/pd0rk1n/.config/variety/Downloaded/wallhaven_simple/wallhaven-lqm6dp.jpg.metadata.json'
ERROR: 2025-08-31 09:03:16,115: safe_unlink() 'Could not delete /home/pd0rk1n/.config/variety/Downloaded/wallhaven_simple/wallhaven-zmo1lj.png.metadata.json, ignoring'
Traceback (most recent call last):
  File "/usr/lib/python3.13/site-packages/variety/Util.py", line 910, in safe_unlink
    os.unlink(filepath)
    ~~~~~~~~~^^^^^^^^^^
FileNotFoundError: [Errno 2] No such file or directory: '/home/pd0rk1n/.config/variety/Downloaded/wallhaven_simple/wallhaven-zmo1lj.png.metadata.json'
ERROR: 2025-08-31 09:03:16,115: safe_unlink() 'Could not delete /home/pd0rk1n/.config/variety/Downloaded/wallhaven_simple/wallhaven-y8ov2k.jpg.metadata.json, ignoring'
Traceback (most recent call last):
  File "/usr/lib/python3.13/site-packages/variety/Util.py", line 910, in safe_unlink
    os.unlink(filepath)
    ~~~~~~~~~^^^^^^^^^^
FileNotFoundError: [Errno 2] No such file or directory: '/home/pd0rk1n/.config/variety/Downloaded/wallhaven_simple/wallhaven-y8ov2k.jpg.metadata.json'
ERROR: 2025-08-31 09:03:16,115: safe_unlink() 'Could not delete /home/pd0rk1n/.config/variety/Downloaded/wallhaven_simple/wallhaven-exwgw8.png.metadata.json, ignoring'
Traceback (most recent call last):
  File "/usr/lib/python3.13/site-packages/variety/Util.py", line 910, in safe_unlink
    os.unlink(filepath)
    ~~~~~~~~~^^^^^^^^^^
FileNotFoundError: [Errno 2] No such file or directory: '/home/pd0rk1n/.config/variety/Downloaded/wallhaven_simple/wallhaven-exwgw8.png.metadata.json'
ERROR: 2025-08-31 09:03:16,116: safe_unlink() 'Could not delete /home/pd0rk1n/.config/variety/Downloaded/wallhaven_simple/wallhaven-k72v6q.jpg.metadata.json, ignoring'
Traceback (most recent call last):
  File "/usr/lib/python3.13/site-packages/variety/Util.py", line 910, in safe_unlink
    os.unlink(filepath)
    ~~~~~~~~~^^^^^^^^^^
FileNotFoundError: [Errno 2] No such file or directory: '/home/pd0rk1n/.config/variety/Downloaded/wallhaven_simple/wallhaven-k72v6q.jpg.metadata.json'
ERROR: 2025-08-31 09:03:16,116: safe_unlink() 'Could not delete /home/pd0rk1n/.config/variety/Downloaded/wallhaven_simple/wallhaven-j56rlm.jpg.metadata.json, ignoring'
Traceback (most recent call last):
  File "/usr/lib/python3.13/site-packages/variety/Util.py", line 910, in safe_unlink
    os.unlink(filepath)
    ~~~~~~~~~^^^^^^^^^^
FileNotFoundError: [Errno 2] No such file or directory: '/home/pd0rk1n/.config/variety/Downloaded/wallhaven_simple/wallhaven-j56rlm.jpg.metadata.json'
ERROR: 2025-08-31 09:03:16,116: safe_unlink() 'Could not delete /home/pd0rk1n/.config/variety/Downloaded/wallhaven_simple/wallhaven-28xgd6.jpg.metadata.json, ignoring'
Traceback (most recent call last):
  File "/usr/lib/python3.13/site-packages/variety/Util.py", line 910, in safe_unlink
    os.unlink(filepath)
    ~~~~~~~~~^^^^^^^^^^
FileNotFoundError: [Errno 2] No such file or directory: '/home/pd0rk1n/.config/variety/Downloaded/wallhaven_simple/wallhaven-28xgd6.jpg.metadata.json'
ERROR: 2025-08-31 09:03:16,117: safe_unlink() 'Could not delete /home/pd0rk1n/.config/variety/Downloaded/wallhaven_simple/wallhaven-x6dj5z.png.metadata.json, ignoring'
Traceback (most recent call last):
  File "/usr/lib/python3.13/site-packages/variety/Util.py", line 910, in safe_unlink
    os.unlink(filepath)
    ~~~~~~~~~^^^^^^^^^^
FileNotFoundError: [Errno 2] No such file or directory: '/home/pd0rk1n/.config/variety/Downloaded/wallhaven_simple/wallhaven-x6dj5z.png.metadata.json'
ERROR: 2025-08-31 09:03:16,117: safe_unlink() 'Could not delete /home/pd0rk1n/.config/variety/Downloaded/wallhaven_simple/wallhaven-13oq3v.jpg.metadata.json, ignoring'
Traceback (most recent call last):
  File "/usr/lib/python3.13/site-packages/variety/Util.py", line 910, in safe_unlink
    os.unlink(filepath)
    ~~~~~~~~~^^^^^^^^^^
FileNotFoundError: [Errno 2] No such file or directory: '/home/pd0rk1n/.config/variety/Downloaded/wallhaven_simple/wallhaven-13oq3v.jpg.metadata.json'
ERROR: 2025-08-31 09:03:16,118: safe_unlink() 'Could not delete /home/pd0rk1n/.config/variety/Downloaded/wallhaven_simple/wallhaven-l3619l.jpg.metadata.json, ignoring'
Traceback (most recent call last):
  File "/usr/lib/python3.13/site-packages/variety/Util.py", line 910, in safe_unlink
    os.unlink(filepath)
    ~~~~~~~~~^^^^^^^^^^
FileNotFoundError: [Errno 2] No such file or directory: '/home/pd0rk1n/.config/variety/Downloaded/wallhaven_simple/wallhaven-l3619l.jpg.metadata.json'
ERROR: 2025-08-31 09:03:16,118: safe_unlink() 'Could not delete /home/pd0rk1n/.config/variety/Downloaded/wallhaven_simple/wallhaven-281d5y.png.metadata.json, ignoring'
Traceback (most recent call last):
  File "/usr/lib/python3.13/site-packages/variety/Util.py", line 910, in safe_unlink
    os.unlink(filepath)
    ~~~~~~~~~^^^^^^^^^^
FileNotFoundError: [Errno 2] No such file or directory: '/home/pd0rk1n/.config/variety/Downloaded/wallhaven_simple/wallhaven-281d5y.png.metadata.json'
ERROR: 2025-08-31 09:03:16,118: safe_unlink() 'Could not delete /home/pd0rk1n/.config/variety/Downloaded/wallhaven_simple/wallhaven-o56vom.jpg.metadata.json, ignoring'
Traceback (most recent call last):
  File "/usr/lib/python3.13/site-packages/variety/Util.py", line 910, in safe_unlink
    os.unlink(filepath)
    ~~~~~~~~~^^^^^^^^^^
FileNotFoundError: [Errno 2] No such file or directory: '/home/pd0rk1n/.config/variety/Downloaded/wallhaven_simple/wallhaven-o56vom.jpg.metadata.json'
ERROR: 2025-08-31 09:03:16,119: safe_unlink() 'Could not delete /home/pd0rk1n/.config/variety/Downloaded/wallhaven_simple/wallhaven-e7w68w.jpg.metadata.json, ignoring'
Traceback (most recent call last):
  File "/usr/lib/python3.13/site-packages/variety/Util.py", line 910, in safe_unlink
    os.unlink(filepath)
    ~~~~~~~~~^^^^^^^^^^
FileNotFoundError: [Errno 2] No such file or directory: '/home/pd0rk1n/.config/variety/Downloaded/wallhaven_simple/wallhaven-e7w68w.jpg.metadata.json'
ERROR: 2025-08-31 09:03:16,119: safe_unlink() 'Could not delete /home/pd0rk1n/.config/variety/Downloaded/wallhaven_simple/wallhaven-q213e5.png.metadata.json, ignoring'
Traceback (most recent call last):
  File "/usr/lib/python3.13/site-packages/variety/Util.py", line 910, in safe_unlink
    os.unlink(filepath)
    ~~~~~~~~~^^^^^^^^^^
FileNotFoundError: [Errno 2] No such file or directory: '/home/pd0rk1n/.config/variety/Downloaded/wallhaven_simple/wallhaven-q213e5.png.metadata.json'
ERROR: 2025-08-31 09:03:16,119: safe_unlink() 'Could not delete /home/pd0rk1n/.config/variety/Downloaded/wallhaven_simple/wallhaven-72jqve.jpg.metadata.json, ignoring'
Traceback (most recent call last):
  File "/usr/lib/python3.13/site-packages/variety/Util.py", line 910, in safe_unlink
    os.unlink(filepath)
    ~~~~~~~~~^^^^^^^^^^
FileNotFoundError: [Errno 2] No such file or directory: '/home/pd0rk1n/.config/variety/Downloaded/wallhaven_simple/wallhaven-72jqve.jpg.metadata.json'
ERROR: 2025-08-31 09:03:16,120: safe_unlink() 'Could not delete /home/pd0rk1n/.config/variety/Downloaded/wallhaven_simple/wallhaven-qz3d7l.jpg.metadata.json, ignoring'
Traceback (most recent call last):
  File "/usr/lib/python3.13/site-packages/variety/Util.py", line 910, in safe_unlink
    os.unlink(filepath)
    ~~~~~~~~~^^^^^^^^^^
FileNotFoundError: [Errno 2] No such file or directory: '/home/pd0rk1n/.config/variety/Downloaded/wallhaven_simple/wallhaven-qz3d7l.jpg.metadata.json'
ERROR: 2025-08-31 09:03:16,120: safe_unlink() 'Could not delete /home/pd0rk1n/.config/variety/Downloaded/wallhaven_simple/wallhaven-p9lzke.jpg.metadata.json, ignoring'
Traceback (most recent call last):
  File "/usr/lib/python3.13/site-packages/variety/Util.py", line 910, in safe_unlink
    os.unlink(filepath)
    ~~~~~~~~~^^^^^^^^^^
FileNotFoundError: [Errno 2] No such file or directory: '/home/pd0rk1n/.config/variety/Downloaded/wallhaven_simple/wallhaven-p9lzke.jpg.metadata.json'
ERROR: 2025-08-31 09:03:16,121: safe_unlink() 'Could not delete /home/pd0rk1n/.config/variety/Downloaded/wallhaven_simple/wallhaven-w8lxrq.jpg.metadata.json, ignoring'
Traceback (most recent call last):
  File "/usr/lib/python3.13/site-packages/variety/Util.py", line 910, in safe_unlink
    os.unlink(filepath)
    ~~~~~~~~~^^^^^^^^^^
FileNotFoundError: [Errno 2] No such file or directory: '/home/pd0rk1n/.config/variety/Downloaded/wallhaven_simple/wallhaven-w8lxrq.jpg.metadata.json'
ERROR: 2025-08-31 09:03:16,121: safe_unlink() 'Could not delete /home/pd0rk1n/.config/variety/Downloaded/wallhaven_simple/wallhaven-3l5m1d.png.metadata.json, ignoring'
Traceback (most recent call last):
  File "/usr/lib/python3.13/site-packages/variety/Util.py", line 910, in safe_unlink
    os.unlink(filepath)
    ~~~~~~~~~^^^^^^^^^^
FileNotFoundError: [Errno 2] No such file or directory: '/home/pd0rk1n/.config/variety/Downloaded/wallhaven_simple/wallhaven-3l5m1d.png.metadata.json'
ERROR: 2025-08-31 09:03:16,121: safe_unlink() 'Could not delete /home/pd0rk1n/.config/variety/Downloaded/wallhaven_simple/wallhaven-d63vzl.jpg.metadata.json, ignoring'
Traceback (most recent call last):
  File "/usr/lib/python3.13/site-packages/variety/Util.py", line 910, in safe_unlink
    os.unlink(filepath)
    ~~~~~~~~~^^^^^^^^^^
FileNotFoundError: [Errno 2] No such file or directory: '/home/pd0rk1n/.config/variety/Downloaded/wallhaven_simple/wallhaven-d63vzl.jpg.metadata.json'
ERROR: 2025-08-31 09:03:16,122: safe_unlink() 'Could not delete /home/pd0rk1n/.config/variety/Downloaded/wallhaven_simple/wallhaven-6lq3m7.jpg.metadata.json, ignoring'
Traceback (most recent call last):
  File "/usr/lib/python3.13/site-packages/variety/Util.py", line 910, in safe_unlink
    os.unlink(filepath)
    ~~~~~~~~~^^^^^^^^^^
FileNotFoundError: [Errno 2] No such file or directory: '/home/pd0rk1n/.config/variety/Downloaded/wallhaven_simple/wallhaven-6lq3m7.jpg.metadata.json'
WARNING: The convert command is deprecated in IMv7, use "magick" instead of "convert" or "magick convert"

WARNING: The convert command is deprecated in IMv7, use "magick" instead of "convert" or "magick convert"

WARNING: The convert command is deprecated in IMv7, use "magick" instead of "convert" or "magick convert"

WARNING: The convert command is deprecated in IMv7, use "magick" instead of "convert" or "magick convert"

WARNING: The convert command is deprecated in IMv7, use "magick" instead of "convert" or "magick convert"

WARNING: The convert command is deprecated in IMv7, use "magick" instead of "convert" or "magick convert"

WARNING: The convert command is deprecated in IMv7, use "magick" instead of "convert" or "magick convert"

WARNING: The convert command is deprecated in IMv7, use "magick" instead of "convert" or "magick convert"

WARNING: The convert command is deprecated in IMv7, use "magick" instead of "convert" or "magick convert"

WARNING: The convert command is deprecated in IMv7, use "magick" instead of "convert" or "magick convert"

WARNING: The convert command is deprecated in IMv7, use "magick" instead of "convert" or "magick convert"

WARNING: The convert command is deprecated in IMv7, use "magick" instead of "convert" or "magick convert"

WARNING: The convert command is deprecated in IMv7, use "magick" instead of "convert" or "magick convert"

WARNING: The convert command is deprecated in IMv7, use "magick" instead of "convert" or "magick convert"

WARNING: The convert command is deprecated in IMv7, use "magick" instead of "convert" or "magick convert"

WARNING: The convert command is deprecated in IMv7, use "magick" instead of "convert" or "magick convert"

WARNING: The convert command is deprecated in IMv7, use "magick" instead of "convert" or "magick convert"

WARNING: The convert command is deprecated in IMv7, use "magick" instead of "convert" or "magick convert"

WARNING: The convert command is deprecated in IMv7, use "magick" instead of "convert" or "magick convert"

WARNING: The convert command is deprecated in IMv7, use "magick" instead of "convert" or "magick convert"

WARNING: The convert command is deprecated in IMv7, use "magick" instead of "convert" or "magick convert"

WARNING: The convert command is deprecated in IMv7, use "magick" instead of "convert" or "magick convert"

WARNING: The convert command is deprecated in IMv7, use "magick" instead of "convert" or "magick convert"

WARNING: The convert command is deprecated in IMv7, use "magick" instead of "convert" or "magick convert"

WARNING: The convert command is deprecated in IMv7, use "magick" instead of "convert" or "magick convert"

WARNING: The convert command is deprecated in IMv7, use "magick" instead of "convert" or "magick convert"

WARNING: The convert command is deprecated in IMv7, use "magick" instead of "convert" or "magick convert"

WARNING: The convert command is deprecated in IMv7, use "magick" instead of "convert" or "magick convert"

WARNING: The convert command is deprecated in IMv7, use "magick" instead of "convert" or "magick convert"

WARNING: The convert command is deprecated in IMv7, use "magick" instead of "convert" or "magick convert"

WARNING: The convert command is deprecated in IMv7, use "magick" instead of "convert" or "magick convert"

WARNING: The convert command is deprecated in IMv7, use "magick" instead of "convert" or "magick convert"

WARNING: The convert command is deprecated in IMv7, use "magick" instead of "convert" or "magick convert"

WARNING: The convert command is deprecated in IMv7, use "magick" instead of "convert" or "magick convert"

** Message: 09:19:34.922: updates_checker.vala:59: check updates
WARNING: The convert command is deprecated in IMv7, use "magick" instead of "convert" or "magick convert"

WARNING: The convert command is deprecated in IMv7, use "magick" instead of "convert" or "magick convert"

WARNING: The convert command is deprecated in IMv7, use "magick" instead of "convert" or "magick convert"

WARNING: The convert command is deprecated in IMv7, use "magick" instead of "convert" or "magick convert"

WARNING: The convert command is deprecated in IMv7, use "magick" instead of "convert" or "magick convert"

WARNING: The convert command is deprecated in IMv7, use "magick" instead of "convert" or "magick convert"

WARNING: The convert command is deprecated in IMv7, use "magick" instead of "convert" or "magick convert"

WARNING: The convert command is deprecated in IMv7, use "magick" instead of "convert" or "magick convert"

WARNING: The convert command is deprecated in IMv7, use "magick" instead of "convert" or "magick convert"

WARNING: The convert command is deprecated in IMv7, use "magick" instead of "convert" or "magick convert"

WARNING: The convert command is deprecated in IMv7, use "magick" instead of "convert" or "magick convert"

WARNING: The convert command is deprecated in IMv7, use "magick" instead of "convert" or "magick convert"

WARNING: The convert command is deprecated in IMv7, use "magick" instead of "convert" or "magick convert"

WARNING: The convert command is deprecated in IMv7, use "magick" instead of "convert" or "magick convert"

WARNING: The convert command is deprecated in IMv7, use "magick" instead of "convert" or "magick convert"

WARNING: The convert command is deprecated in IMv7, use "magick" instead of "convert" or "magick convert"

WARNING: The convert command is deprecated in IMv7, use "magick" instead of "convert" or "magick convert"

WARNING: The convert command is deprecated in IMv7, use "magick" instead of "convert" or "magick convert"

WARNING: The convert command is deprecated in IMv7, use "magick" instead of "convert" or "magick convert"

WARNING: The convert command is deprecated in IMv7, use "magick" instead of "convert" or "magick convert"

WARNING: The convert command is deprecated in IMv7, use "magick" instead of "convert" or "magick convert"

WARNING: The convert command is deprecated in IMv7, use "magick" instead of "convert" or "magick convert"

WARNING: The convert command is deprecated in IMv7, use "magick" instead of "convert" or "magick convert"

WARNING: The convert command is deprecated in IMv7, use "magick" instead of "convert" or "magick convert"

WARNING: The convert command is deprecated in IMv7, use "magick" instead of "convert" or "magick convert"

WARNING: The convert command is deprecated in IMv7, use "magick" instead of "convert" or "magick convert"

WARNING: The convert command is deprecated in IMv7, use "magick" instead of "convert" or "magick convert"

WARNING: The convert command is deprecated in IMv7, use "magick" instead of "convert" or "magick convert"

WARNING: The convert command is deprecated in IMv7, use "magick" instead of "convert" or "magick convert"

WARNING: The convert command is deprecated in IMv7, use "magick" instead of "convert" or "magick convert"

WARNING: The convert command is deprecated in IMv7, use "magick" instead of "convert" or "magick convert"

WARNING: The convert command is deprecated in IMv7, use "magick" instead of "convert" or "magick convert"

WARNING: The convert command is deprecated in IMv7, use "magick" instead of "convert" or "magick convert"

WARNING: The convert command is deprecated in IMv7, use "magick" instead of "convert" or "magick convert"

WARNING: The convert command is deprecated in IMv7, use "magick" instead of "convert" or "magick convert"

WARNING: The convert command is deprecated in IMv7, use "magick" instead of "convert" or "magick convert"

WARNING: The convert command is deprecated in IMv7, use "magick" instead of "convert" or "magick convert"

WARNING: The convert command is deprecated in IMv7, use "magick" instead of "convert" or "magick convert"

WARNING: The convert command is deprecated in IMv7, use "magick" instead of "convert" or "magick convert"

WARNING: The convert command is deprecated in IMv7, use "magick" instead of "convert" or "magick convert"

WARNING: The convert command is deprecated in IMv7, use "magick" instead of "convert" or "magick convert"

WARNING: The convert command is deprecated in IMv7, use "magick" instead of "convert" or "magick convert"

WARNING: The convert command is deprecated in IMv7, use "magick" instead of "convert" or "magick convert"

WARNING: The convert command is deprecated in IMv7, use "magick" instead of "convert" or "magick convert"

WARNING: The convert command is deprecated in IMv7, use "magick" instead of "convert" or "magick convert"

WARNING: The convert command is deprecated in IMv7, use "magick" instead of "convert" or "magick convert"

WARNING: The convert command is deprecated in IMv7, use "magick" instead of "convert" or "magick convert"

WARNING: The convert command is deprecated in IMv7, use "magick" instead of "convert" or "magick convert"

WARNING: The convert command is deprecated in IMv7, use "magick" instead of "convert" or "magick convert"

WARNING: The convert command is deprecated in IMv7, use "magick" instead of "convert" or "magick convert"

WARNING: The convert command is deprecated in IMv7, use "magick" instead of "convert" or "magick convert"

WARNING: The convert command is deprecated in IMv7, use "magick" instead of "convert" or "magick convert"

WARNING: The convert command is deprecated in IMv7, use "magick" instead of "convert" or "magick convert"

WARNING: The convert command is deprecated in IMv7, use "magick" instead of "convert" or "magick convert"

WARNING: The convert command is deprecated in IMv7, use "magick" instead of "convert" or "magick convert"

WARNING: The convert command is deprecated in IMv7, use "magick" instead of "convert" or "magick convert"

WARNING: The convert command is deprecated in IMv7, use "magick" instead of "convert" or "magick convert"

WARNING: The convert command is deprecated in IMv7, use "magick" instead of "convert" or "magick convert"

WARNING: The convert command is deprecated in IMv7, use "magick" instead of "convert" or "magick convert"

WARNING: The convert command is deprecated in IMv7, use "magick" instead of "convert" or "magick convert"

WARNING: The convert command is deprecated in IMv7, use "magick" instead of "convert" or "magick convert"

WARNING: The convert command is deprecated in IMv7, use "magick" instead of "convert" or "magick convert"

WARNING: The convert command is deprecated in IMv7, use "magick" instead of "convert" or "magick convert"

WARNING: The convert command is deprecated in IMv7, use "magick" instead of "convert" or "magick convert"

WARNING: The convert command is deprecated in IMv7, use "magick" instead of "convert" or "magick convert"

WARNING: The convert command is deprecated in IMv7, use "magick" instead of "convert" or "magick convert"

WARNING: The convert command is deprecated in IMv7, use "magick" instead of "convert" or "magick convert"

WARNING: The convert command is deprecated in IMv7, use "magick" instead of "convert" or "magick convert"

WARNING: The convert command is deprecated in IMv7, use "magick" instead of "convert" or "magick convert"

WARNING: The convert command is deprecated in IMv7, use "magick" instead of "convert" or "magick convert"

WARNING: The convert command is deprecated in IMv7, use "magick" instead of "convert" or "magick convert"

WARNING: The convert command is deprecated in IMv7, use "magick" instead of "convert" or "magick convert"

WARNING: The convert command is deprecated in IMv7, use "magick" instead of "convert" or "magick convert"

WARNING: The convert command is deprecated in IMv7, use "magick" instead of "convert" or "magick convert"

WARNING: The convert command is deprecated in IMv7, use "magick" instead of "convert" or "magick convert"

WARNING: The convert command is deprecated in IMv7, use "magick" instead of "convert" or "magick convert"

WARNING: The convert command is deprecated in IMv7, use "magick" instead of "convert" or "magick convert"

WARNING: The convert command is deprecated in IMv7, use "magick" instead of "convert" or "magick convert"

WARNING: The convert command is deprecated in IMv7, use "magick" instead of "convert" or "magick convert"

WARNING: The convert command is deprecated in IMv7, use "magick" instead of "convert" or "magick convert"

WARNING: The convert command is deprecated in IMv7, use "magick" instead of "convert" or "magick convert"

WARNING: The convert command is deprecated in IMv7, use "magick" instead of "convert" or "magick convert"

WARNING: The convert command is deprecated in IMv7, use "magick" instead of "convert" or "magick convert"

WARNING: The convert command is deprecated in IMv7, use "magick" instead of "convert" or "magick convert"

WARNING: The convert command is deprecated in IMv7, use "magick" instead of "convert" or "magick convert"

WARNING: The convert command is deprecated in IMv7, use "magick" instead of "convert" or "magick convert"

WARNING: The convert command is deprecated in IMv7, use "magick" instead of "convert" or "magick convert"

WARNING: The convert command is deprecated in IMv7, use "magick" instead of "convert" or "magick convert"

WARNING: The convert command is deprecated in IMv7, use "magick" instead of "convert" or "magick convert"

WARNING: The convert command is deprecated in IMv7, use "magick" instead of "convert" or "magick convert"

WARNING: The convert command is deprecated in IMv7, use "magick" instead of "convert" or "magick convert"

WARNING: The convert command is deprecated in IMv7, use "magick" instead of "convert" or "magick convert"

WARNING: The convert command is deprecated in IMv7, use "magick" instead of "convert" or "magick convert"

WARNING: The convert command is deprecated in IMv7, use "magick" instead of "convert" or "magick convert"

WARNING: The convert command is deprecated in IMv7, use "magick" instead of "convert" or "magick convert"

WARNING: The convert command is deprecated in IMv7, use "magick" instead of "convert" or "magick convert"

WARNING: The convert command is deprecated in IMv7, use "magick" instead of "convert" or "magick convert"

WARNING: The convert command is deprecated in IMv7, use "magick" instead of "convert" or "magick convert"

WARNING: The convert command is deprecated in IMv7, use "magick" instead of "convert" or "magick convert"

WARNING: The convert command is deprecated in IMv7, use "magick" instead of "convert" or "magick convert"

WARNING: The convert command is deprecated in IMv7, use "magick" instead of "convert" or "magick convert"

WARNING: The convert command is deprecated in IMv7, use "magick" instead of "convert" or "magick convert"

WARNING: The convert command is deprecated in IMv7, use "magick" instead of "convert" or "magick convert"

WARNING: The convert command is deprecated in IMv7, use "magick" instead of "convert" or "magick convert"

WARNING: The convert command is deprecated in IMv7, use "magick" instead of "convert" or "magick convert"

WARNING: The convert command is deprecated in IMv7, use "magick" instead of "convert" or "magick convert"

WARNING: The convert command is deprecated in IMv7, use "magick" instead of "convert" or "magick convert"

WARNING: The convert command is deprecated in IMv7, use "magick" instead of "convert" or "magick convert"

WARNING: The convert command is deprecated in IMv7, use "magick" instead of "convert" or "magick convert"

WARNING: The convert command is deprecated in IMv7, use "magick" instead of "convert" or "magick convert"

WARNING: The convert command is deprecated in IMv7, use "magick" instead of "convert" or "magick convert"

WARNING: The convert command is deprecated in IMv7, use "magick" instead of "convert" or "magick convert"

WARNING: The convert command is deprecated in IMv7, use "magick" instead of "convert" or "magick convert"

WARNING: The convert command is deprecated in IMv7, use "magick" instead of "convert" or "magick convert"

WARNING: The convert command is deprecated in IMv7, use "magick" instead of "convert" or "magick convert"

WARNING: The convert command is deprecated in IMv7, use "magick" instead of "convert" or "magick convert"

WARNING: The convert command is deprecated in IMv7, use "magick" instead of "convert" or "magick convert"

WARNING: The convert command is deprecated in IMv7, use "magick" instead of "convert" or "magick convert"

WARNING: The convert command is deprecated in IMv7, use "magick" instead of "convert" or "magick convert"

WARNING: The convert command is deprecated in IMv7, use "magick" instead of "convert" or "magick convert"

WARNING: The convert command is deprecated in IMv7, use "magick" instead of "convert" or "magick convert"

WARNING: The convert command is deprecated in IMv7, use "magick" instead of "convert" or "magick convert"

WARNING: The convert command is deprecated in IMv7, use "magick" instead of "convert" or "magick convert"

WARNING: The convert command is deprecated in IMv7, use "magick" instead of "convert" or "magick convert"

WARNING: The convert command is deprecated in IMv7, use "magick" instead of "convert" or "magick convert"

WARNING: The convert command is deprecated in IMv7, use "magick" instead of "convert" or "magick convert"

WARNING: The convert command is deprecated in IMv7, use "magick" instead of "convert" or "magick convert"

WARNING: The convert command is deprecated in IMv7, use "magick" instead of "convert" or "magick convert"

WARNING: The convert command is deprecated in IMv7, use "magick" instead of "convert" or "magick convert"

WARNING: The convert command is deprecated in IMv7, use "magick" instead of "convert" or "magick convert"

WARNING: The convert command is deprecated in IMv7, use "magick" instead of "convert" or "magick convert"

WARNING: The convert command is deprecated in IMv7, use "magick" instead of "convert" or "magick convert"

** Message: 10:19:40.923: updates_checker.vala:59: check updates
WARNING: The convert command is deprecated in IMv7, use "magick" instead of "convert" or "magick convert"

WARNING: The convert command is deprecated in IMv7, use "magick" instead of "convert" or "magick convert"

WARNING: The convert command is deprecated in IMv7, use "magick" instead of "convert" or "magick convert"

WARNING: The convert command is deprecated in IMv7, use "magick" instead of "convert" or "magick convert"

WARNING: The convert command is deprecated in IMv7, use "magick" instead of "convert" or "magick convert"

WARNING: The convert command is deprecated in IMv7, use "magick" instead of "convert" or "magick convert"

WARNING: The convert command is deprecated in IMv7, use "magick" instead of "convert" or "magick convert"

WARNING: The convert command is deprecated in IMv7, use "magick" instead of "convert" or "magick convert"

WARNING: The convert command is deprecated in IMv7, use "magick" instead of "convert" or "magick convert"

WARNING: The convert command is deprecated in IMv7, use "magick" instead of "convert" or "magick convert"

WARNING: The convert command is deprecated in IMv7, use "magick" instead of "convert" or "magick convert"

WARNING: The convert command is deprecated in IMv7, use "magick" instead of "convert" or "magick convert"

WARNING: The convert command is deprecated in IMv7, use "magick" instead of "convert" or "magick convert"

WARNING: The convert command is deprecated in IMv7, use "magick" instead of "convert" or "magick convert"

WARNING: The convert command is deprecated in IMv7, use "magick" instead of "convert" or "magick convert"

WARNING: The convert command is deprecated in IMv7, use "magick" instead of "convert" or "magick convert"

WARNING: The convert command is deprecated in IMv7, use "magick" instead of "convert" or "magick convert"

WARNING: The convert command is deprecated in IMv7, use "magick" instead of "convert" or "magick convert"

WARNING: The convert command is deprecated in IMv7, use "magick" instead of "convert" or "magick convert"

WARNING: The convert command is deprecated in IMv7, use "magick" instead of "convert" or "magick convert"

WARNING: The convert command is deprecated in IMv7, use "magick" instead of "convert" or "magick convert"

WARNING: The convert command is deprecated in IMv7, use "magick" instead of "convert" or "magick convert"

WARNING: The convert command is deprecated in IMv7, use "magick" instead of "convert" or "magick convert"

WARNING: The convert command is deprecated in IMv7, use "magick" instead of "convert" or "magick convert"

WARNING: The convert command is deprecated in IMv7, use "magick" instead of "convert" or "magick convert"

WARNING: The convert command is deprecated in IMv7, use "magick" instead of "convert" or "magick convert"

WARNING: The convert command is deprecated in IMv7, use "magick" instead of "convert" or "magick convert"

WARNING: The convert command is deprecated in IMv7, use "magick" instead of "convert" or "magick convert"

WARNING: The convert command is deprecated in IMv7, use "magick" instead of "convert" or "magick convert"

WARNING: The convert command is deprecated in IMv7, use "magick" instead of "convert" or "magick convert"

WARNING: The convert command is deprecated in IMv7, use "magick" instead of "convert" or "magick convert"

WARNING: The convert command is deprecated in IMv7, use "magick" instead of "convert" or "magick convert"

WARNING: The convert command is deprecated in IMv7, use "magick" instead of "convert" or "magick convert"

WARNING: The convert command is deprecated in IMv7, use "magick" instead of "convert" or "magick convert"

WARNING: The convert command is deprecated in IMv7, use "magick" instead of "convert" or "magick convert"

WARNING: The convert command is deprecated in IMv7, use "magick" instead of "convert" or "magick convert"

WARNING: The convert command is deprecated in IMv7, use "magick" instead of "convert" or "magick convert"

WARNING: The convert command is deprecated in IMv7, use "magick" instead of "convert" or "magick convert"

WARNING: The convert command is deprecated in IMv7, use "magick" instead of "convert" or "magick convert"

WARNING: The convert command is deprecated in IMv7, use "magick" instead of "convert" or "magick convert"

WARNING: The convert command is deprecated in IMv7, use "magick" instead of "convert" or "magick convert"

WARNING: The convert command is deprecated in IMv7, use "magick" instead of "convert" or "magick convert"

WARNING: The convert command is deprecated in IMv7, use "magick" instead of "convert" or "magick convert"

WARNING: The convert command is deprecated in IMv7, use "magick" instead of "convert" or "magick convert"

WARNING: The convert command is deprecated in IMv7, use "magick" instead of "convert" or "magick convert"

WARNING: The convert command is deprecated in IMv7, use "magick" instead of "convert" or "magick convert"

WARNING: The convert command is deprecated in IMv7, use "magick" instead of "convert" or "magick convert"

WARNING: The convert command is deprecated in IMv7, use "magick" instead of "convert" or "magick convert"

WARNING: The convert command is deprecated in IMv7, use "magick" instead of "convert" or "magick convert"

WARNING: The convert command is deprecated in IMv7, use "magick" instead of "convert" or "magick convert"

WARNING: The convert command is deprecated in IMv7, use "magick" instead of "convert" or "magick convert"

WARNING: The convert command is deprecated in IMv7, use "magick" instead of "convert" or "magick convert"

WARNING: The convert command is deprecated in IMv7, use "magick" instead of "convert" or "magick convert"

WARNING: The convert command is deprecated in IMv7, use "magick" instead of "convert" or "magick convert"

WARNING: The convert command is deprecated in IMv7, use "magick" instead of "convert" or "magick convert"

WARNING: The convert command is deprecated in IMv7, use "magick" instead of "convert" or "magick convert"

WARNING: The convert command is deprecated in IMv7, use "magick" instead of "convert" or "magick convert"

WARNING: The convert command is deprecated in IMv7, use "magick" instead of "convert" or "magick convert"

WARNING: The convert command is deprecated in IMv7, use "magick" instead of "convert" or "magick convert"

WARNING: The convert command is deprecated in IMv7, use "magick" instead of "convert" or "magick convert"

WARNING: The convert command is deprecated in IMv7, use "magick" instead of "convert" or "magick convert"

WARNING: The convert command is deprecated in IMv7, use "magick" instead of "convert" or "magick convert"

WARNING: The convert command is deprecated in IMv7, use "magick" instead of "convert" or "magick convert"

WARNING: The convert command is deprecated in IMv7, use "magick" instead of "convert" or "magick convert"

WARNING: The convert command is deprecated in IMv7, use "magick" instead of "convert" or "magick convert"

WARNING: The convert command is deprecated in IMv7, use "magick" instead of "convert" or "magick convert"

WARNING: The convert command is deprecated in IMv7, use "magick" instead of "convert" or "magick convert"

WARNING: The convert command is deprecated in IMv7, use "magick" instead of "convert" or "magick convert"

WARNING: The convert command is deprecated in IMv7, use "magick" instead of "convert" or "magick convert"

WARNING: The convert command is deprecated in IMv7, use "magick" instead of "convert" or "magick convert"

WARNING: The convert command is deprecated in IMv7, use "magick" instead of "convert" or "magick convert"

WARNING: The convert command is deprecated in IMv7, use "magick" instead of "convert" or "magick convert"

WARNING: The convert command is deprecated in IMv7, use "magick" instead of "convert" or "magick convert"

WARNING: The convert command is deprecated in IMv7, use "magick" instead of "convert" or "magick convert"

WARNING: The convert command is deprecated in IMv7, use "magick" instead of "convert" or "magick convert"

WARNING: The convert command is deprecated in IMv7, use "magick" instead of "convert" or "magick convert"

WARNING: The convert command is deprecated in IMv7, use "magick" instead of "convert" or "magick convert"

WARNING: The convert command is deprecated in IMv7, use "magick" instead of "convert" or "magick convert"

WARNING: The convert command is deprecated in IMv7, use "magick" instead of "convert" or "magick convert"

WARNING: The convert command is deprecated in IMv7, use "magick" instead of "convert" or "magick convert"

WARNING: The convert command is deprecated in IMv7, use "magick" instead of "convert" or "magick convert"

WARNING: The convert command is deprecated in IMv7, use "magick" instead of "convert" or "magick convert"

WARNING: The convert command is deprecated in IMv7, use "magick" instead of "convert" or "magick convert"

WARNING: The convert command is deprecated in IMv7, use "magick" instead of "convert" or "magick convert"

WARNING: The convert command is deprecated in IMv7, use "magick" instead of "convert" or "magick convert"

WARNING: The convert command is deprecated in IMv7, use "magick" instead of "convert" or "magick convert"

WARNING: The convert command is deprecated in IMv7, use "magick" instead of "convert" or "magick convert"

WARNING: The convert command is deprecated in IMv7, use "magick" instead of "convert" or "magick convert"

WARNING: The convert command is deprecated in IMv7, use "magick" instead of "convert" or "magick convert"

WARNING: The convert command is deprecated in IMv7, use "magick" instead of "convert" or "magick convert"

WARNING: The convert command is deprecated in IMv7, use "magick" instead of "convert" or "magick convert"

WARNING: The convert command is deprecated in IMv7, use "magick" instead of "convert" or "magick convert"

WARNING: The convert command is deprecated in IMv7, use "magick" instead of "convert" or "magick convert"

WARNING: The convert command is deprecated in IMv7, use "magick" instead of "convert" or "magick convert"

WARNING: The convert command is deprecated in IMv7, use "magick" instead of "convert" or "magick convert"

WARNING: The convert command is deprecated in IMv7, use "magick" instead of "convert" or "magick convert"

WARNING: The convert command is deprecated in IMv7, use "magick" instead of "convert" or "magick convert"

WARNING: The convert command is deprecated in IMv7, use "magick" instead of "convert" or "magick convert"

WARNING: The convert command is deprecated in IMv7, use "magick" instead of "convert" or "magick convert"

WARNING: The convert command is deprecated in IMv7, use "magick" instead of "convert" or "magick convert"

WARNING: The convert command is deprecated in IMv7, use "magick" instead of "convert" or "magick convert"

WARNING: The convert command is deprecated in IMv7, use "magick" instead of "convert" or "magick convert"

WARNING: The convert command is deprecated in IMv7, use "magick" instead of "convert" or "magick convert"

WARNING: The convert command is deprecated in IMv7, use "magick" instead of "convert" or "magick convert"

WARNING: The convert command is deprecated in IMv7, use "magick" instead of "convert" or "magick convert"

WARNING: The convert command is deprecated in IMv7, use "magick" instead of "convert" or "magick convert"

WARNING: The convert command is deprecated in IMv7, use "magick" instead of "convert" or "magick convert"

WARNING: The convert command is deprecated in IMv7, use "magick" instead of "convert" or "magick convert"

WARNING: The convert command is deprecated in IMv7, use "magick" instead of "convert" or "magick convert"

WARNING: The convert command is deprecated in IMv7, use "magick" instead of "convert" or "magick convert"

WARNING: The convert command is deprecated in IMv7, use "magick" instead of "convert" or "magick convert"

WARNING: The convert command is deprecated in IMv7, use "magick" instead of "convert" or "magick convert"

WARNING: The convert command is deprecated in IMv7, use "magick" instead of "convert" or "magick convert"

WARNING: The convert command is deprecated in IMv7, use "magick" instead of "convert" or "magick convert"

WARNING: The convert command is deprecated in IMv7, use "magick" instead of "convert" or "magick convert"

WARNING: The convert command is deprecated in IMv7, use "magick" instead of "convert" or "magick convert"

WARNING: The convert command is deprecated in IMv7, use "magick" instead of "convert" or "magick convert"

WARNING: The convert command is deprecated in IMv7, use "magick" instead of "convert" or "magick convert"

WARNING: The convert command is deprecated in IMv7, use "magick" instead of "convert" or "magick convert"

WARNING: The convert command is deprecated in IMv7, use "magick" instead of "convert" or "magick convert"

WARNING: The convert command is deprecated in IMv7, use "magick" instead of "convert" or "magick convert"

WARNING: The convert command is deprecated in IMv7, use "magick" instead of "convert" or "magick convert"

WARNING: The convert command is deprecated in IMv7, use "magick" instead of "convert" or "magick convert"

WARNING: The convert command is deprecated in IMv7, use "magick" instead of "convert" or "magick convert"

WARNING: The convert command is deprecated in IMv7, use "magick" instead of "convert" or "magick convert"

WARNING: The convert command is deprecated in IMv7, use "magick" instead of "convert" or "magick convert"

WARNING: The convert command is deprecated in IMv7, use "magick" instead of "convert" or "magick convert"

WARNING: The convert command is deprecated in IMv7, use "magick" instead of "convert" or "magick convert"

WARNING: The convert command is deprecated in IMv7, use "magick" instead of "convert" or "magick convert"

WARNING: The convert command is deprecated in IMv7, use "magick" instead of "convert" or "magick convert"

WARNING: The convert command is deprecated in IMv7, use "magick" instead of "convert" or "magick convert"

WARNING: The convert command is deprecated in IMv7, use "magick" instead of "convert" or "magick convert"

** Message: 11:19:47.922: updates_checker.vala:59: check updates
WARNING: The convert command is deprecated in IMv7, use "magick" instead of "convert" or "magick convert"

WARNING: The convert command is deprecated in IMv7, use "magick" instead of "convert" or "magick convert"

WARNING: The convert command is deprecated in IMv7, use "magick" instead of "convert" or "magick convert"

WARNING: The convert command is deprecated in IMv7, use "magick" instead of "convert" or "magick convert"

WARNING: The convert command is deprecated in IMv7, use "magick" instead of "convert" or "magick convert"

WARNING: The convert command is deprecated in IMv7, use "magick" instead of "convert" or "magick convert"

WARNING: The convert command is deprecated in IMv7, use "magick" instead of "convert" or "magick convert"

WARNING: The convert command is deprecated in IMv7, use "magick" instead of "convert" or "magick convert"

WARNING: The convert command is deprecated in IMv7, use "magick" instead of "convert" or "magick convert"

WARNING: The convert command is deprecated in IMv7, use "magick" instead of "convert" or "magick convert"

WARNING: The convert command is deprecated in IMv7, use "magick" instead of "convert" or "magick convert"

WARNING: The convert command is deprecated in IMv7, use "magick" instead of "convert" or "magick convert"

WARNING: The convert command is deprecated in IMv7, use "magick" instead of "convert" or "magick convert"

WARNING: The convert command is deprecated in IMv7, use "magick" instead of "convert" or "magick convert"

WARNING: The convert command is deprecated in IMv7, use "magick" instead of "convert" or "magick convert"

WARNING: The convert command is deprecated in IMv7, use "magick" instead of "convert" or "magick convert"

WARNING: The convert command is deprecated in IMv7, use "magick" instead of "convert" or "magick convert"

WARNING: The convert command is deprecated in IMv7, use "magick" instead of "convert" or "magick convert"

WARNING: The convert command is deprecated in IMv7, use "magick" instead of "convert" or "magick convert"

WARNING: The convert command is deprecated in IMv7, use "magick" instead of "convert" or "magick convert"

WARNING: The convert command is deprecated in IMv7, use "magick" instead of "convert" or "magick convert"

WARNING: The convert command is deprecated in IMv7, use "magick" instead of "convert" or "magick convert"

WARNING: The convert command is deprecated in IMv7, use "magick" instead of "convert" or "magick convert"

WARNING: The convert command is deprecated in IMv7, use "magick" instead of "convert" or "magick convert"

WARNING: The convert command is deprecated in IMv7, use "magick" instead of "convert" or "magick convert"

WARNING: The convert command is deprecated in IMv7, use "magick" instead of "convert" or "magick convert"

WARNING: The convert command is deprecated in IMv7, use "magick" instead of "convert" or "magick convert"

WARNING: The convert command is deprecated in IMv7, use "magick" instead of "convert" or "magick convert"

WARNING: The convert command is deprecated in IMv7, use "magick" instead of "convert" or "magick convert"

WARNING: The convert command is deprecated in IMv7, use "magick" instead of "convert" or "magick convert"

WARNING: The convert command is deprecated in IMv7, use "magick" instead of "convert" or "magick convert"

WARNING: The convert command is deprecated in IMv7, use "magick" instead of "convert" or "magick convert"

WARNING: The convert command is deprecated in IMv7, use "magick" instead of "convert" or "magick convert"

WARNING: The convert command is deprecated in IMv7, use "magick" instead of "convert" or "magick convert"

WARNING: The convert command is deprecated in IMv7, use "magick" instead of "convert" or "magick convert"

WARNING: The convert command is deprecated in IMv7, use "magick" instead of "convert" or "magick convert"

WARNING: The convert command is deprecated in IMv7, use "magick" instead of "convert" or "magick convert"

WARNING: The convert command is deprecated in IMv7, use "magick" instead of "convert" or "magick convert"

WARNING: The convert command is deprecated in IMv7, use "magick" instead of "convert" or "magick convert"

WARNING: The convert command is deprecated in IMv7, use "magick" instead of "convert" or "magick convert"

WARNING: The convert command is deprecated in IMv7, use "magick" instead of "convert" or "magick convert"

WARNING: The convert command is deprecated in IMv7, use "magick" instead of "convert" or "magick convert"

WARNING: The convert command is deprecated in IMv7, use "magick" instead of "convert" or "magick convert"

WARNING: The convert command is deprecated in IMv7, use "magick" instead of "convert" or "magick convert"

WARNING: The convert command is deprecated in IMv7, use "magick" instead of "convert" or "magick convert"

WARNING: The convert command is deprecated in IMv7, use "magick" instead of "convert" or "magick convert"

WARNING: The convert command is deprecated in IMv7, use "magick" instead of "convert" or "magick convert"

WARNING: The convert command is deprecated in IMv7, use "magick" instead of "convert" or "magick convert"

WARNING: The convert command is deprecated in IMv7, use "magick" instead of "convert" or "magick convert"

WARNING: The convert command is deprecated in IMv7, use "magick" instead of "convert" or "magick convert"

WARNING: The convert command is deprecated in IMv7, use "magick" instead of "convert" or "magick convert"

WARNING: The convert command is deprecated in IMv7, use "magick" instead of "convert" or "magick convert"

WARNING: The convert command is deprecated in IMv7, use "magick" instead of "convert" or "magick convert"

WARNING: The convert command is deprecated in IMv7, use "magick" instead of "convert" or "magick convert"

WARNING: The convert command is deprecated in IMv7, use "magick" instead of "convert" or "magick convert"

WARNING: The convert command is deprecated in IMv7, use "magick" instead of "convert" or "magick convert"

WARNING: The convert command is deprecated in IMv7, use "magick" instead of "convert" or "magick convert"

WARNING: The convert command is deprecated in IMv7, use "magick" instead of "convert" or "magick convert"

WARNING: The convert command is deprecated in IMv7, use "magick" instead of "convert" or "magick convert"

WARNING: The convert command is deprecated in IMv7, use "magick" instead of "convert" or "magick convert"

WARNING: The convert command is deprecated in IMv7, use "magick" instead of "convert" or "magick convert"

WARNING: The convert command is deprecated in IMv7, use "magick" instead of "convert" or "magick convert"

WARNING: The convert command is deprecated in IMv7, use "magick" instead of "convert" or "magick convert"

WARNING: The convert command is deprecated in IMv7, use "magick" instead of "convert" or "magick convert"

WARNING: The convert command is deprecated in IMv7, use "magick" instead of "convert" or "magick convert"

WARNING: The convert command is deprecated in IMv7, use "magick" instead of "convert" or "magick convert"

WARNING: The convert command is deprecated in IMv7, use "magick" instead of "convert" or "magick convert"

WARNING: The convert command is deprecated in IMv7, use "magick" instead of "convert" or "magick convert"

WARNING: The convert command is deprecated in IMv7, use "magick" instead of "convert" or "magick convert"

WARNING: The convert command is deprecated in IMv7, use "magick" instead of "convert" or "magick convert"

WARNING: The convert command is deprecated in IMv7, use "magick" instead of "convert" or "magick convert"

WARNING: The convert command is deprecated in IMv7, use "magick" instead of "convert" or "magick convert"

WARNING: The convert command is deprecated in IMv7, use "magick" instead of "convert" or "magick convert"

WARNING: The convert command is deprecated in IMv7, use "magick" instead of "convert" or "magick convert"

WARNING: The convert command is deprecated in IMv7, use "magick" instead of "convert" or "magick convert"

WARNING: The convert command is deprecated in IMv7, use "magick" instead of "convert" or "magick convert"

WARNING: The convert command is deprecated in IMv7, use "magick" instead of "convert" or "magick convert"

WARNING: The convert command is deprecated in IMv7, use "magick" instead of "convert" or "magick convert"

WARNING: The convert command is deprecated in IMv7, use "magick" instead of "convert" or "magick convert"

WARNING: The convert command is deprecated in IMv7, use "magick" instead of "convert" or "magick convert"

WARNING: The convert command is deprecated in IMv7, use "magick" instead of "convert" or "magick convert"

WARNING: The convert command is deprecated in IMv7, use "magick" instead of "convert" or "magick convert"

WARNING: The convert command is deprecated in IMv7, use "magick" instead of "convert" or "magick convert"

WARNING: The convert command is deprecated in IMv7, use "magick" instead of "convert" or "magick convert"

WARNING: The convert command is deprecated in IMv7, use "magick" instead of "convert" or "magick convert"

WARNING: The convert command is deprecated in IMv7, use "magick" instead of "convert" or "magick convert"

WARNING: The convert command is deprecated in IMv7, use "magick" instead of "convert" or "magick convert"

WARNING: The convert command is deprecated in IMv7, use "magick" instead of "convert" or "magick convert"

WARNING: The convert command is deprecated in IMv7, use "magick" instead of "convert" or "magick convert"

WARNING: The convert command is deprecated in IMv7, use "magick" instead of "convert" or "magick convert"

WARNING: The convert command is deprecated in IMv7, use "magick" instead of "convert" or "magick convert"

WARNING: The convert command is deprecated in IMv7, use "magick" instead of "convert" or "magick convert"

WARNING: The convert command is deprecated in IMv7, use "magick" instead of "convert" or "magick convert"

WARNING: The convert command is deprecated in IMv7, use "magick" instead of "convert" or "magick convert"

WARNING: The convert command is deprecated in IMv7, use "magick" instead of "convert" or "magick convert"

WARNING: The convert command is deprecated in IMv7, use "magick" instead of "convert" or "magick convert"

WARNING: The convert command is deprecated in IMv7, use "magick" instead of "convert" or "magick convert"

WARNING: The convert command is deprecated in IMv7, use "magick" instead of "convert" or "magick convert"

WARNING: The convert command is deprecated in IMv7, use "magick" instead of "convert" or "magick convert"

WARNING: The convert command is deprecated in IMv7, use "magick" instead of "convert" or "magick convert"

WARNING: The convert command is deprecated in IMv7, use "magick" instead of "convert" or "magick convert"

WARNING: The convert command is deprecated in IMv7, use "magick" instead of "convert" or "magick convert"

WARNING: The convert command is deprecated in IMv7, use "magick" instead of "convert" or "magick convert"

WARNING: The convert command is deprecated in IMv7, use "magick" instead of "convert" or "magick convert"

WARNING: The convert command is deprecated in IMv7, use "magick" instead of "convert" or "magick convert"

WARNING: The convert command is deprecated in IMv7, use "magick" instead of "convert" or "magick convert"

WARNING: The convert command is deprecated in IMv7, use "magick" instead of "convert" or "magick convert"

WARNING: The convert command is deprecated in IMv7, use "magick" instead of "convert" or "magick convert"

WARNING: The convert command is deprecated in IMv7, use "magick" instead of "convert" or "magick convert"

WARNING: The convert command is deprecated in IMv7, use "magick" instead of "convert" or "magick convert"

WARNING: The convert command is deprecated in IMv7, use "magick" instead of "convert" or "magick convert"

WARNING: The convert command is deprecated in IMv7, use "magick" instead of "convert" or "magick convert"

WARNING: The convert command is deprecated in IMv7, use "magick" instead of "convert" or "magick convert"

WARNING: The convert command is deprecated in IMv7, use "magick" instead of "convert" or "magick convert"

WARNING: The convert command is deprecated in IMv7, use "magick" instead of "convert" or "magick convert"

WARNING: The convert command is deprecated in IMv7, use "magick" instead of "convert" or "magick convert"

WARNING: The convert command is deprecated in IMv7, use "magick" instead of "convert" or "magick convert"

WARNING: The convert command is deprecated in IMv7, use "magick" instead of "convert" or "magick convert"

WARNING: The convert command is deprecated in IMv7, use "magick" instead of "convert" or "magick convert"

WARNING: The convert command is deprecated in IMv7, use "magick" instead of "convert" or "magick convert"

WARNING: The convert command is deprecated in IMv7, use "magick" instead of "convert" or "magick convert"

WARNING: The convert command is deprecated in IMv7, use "magick" instead of "convert" or "magick convert"

WARNING: The convert command is deprecated in IMv7, use "magick" instead of "convert" or "magick convert"

WARNING: The convert command is deprecated in IMv7, use "magick" instead of "convert" or "magick convert"

WARNING: The convert command is deprecated in IMv7, use "magick" instead of "convert" or "magick convert"

WARNING: The convert command is deprecated in IMv7, use "magick" instead of "convert" or "magick convert"

WARNING: The convert command is deprecated in IMv7, use "magick" instead of "convert" or "magick convert"

WARNING: The convert command is deprecated in IMv7, use "magick" instead of "convert" or "magick convert"

WARNING: The convert command is deprecated in IMv7, use "magick" instead of "convert" or "magick convert"

WARNING: The convert command is deprecated in IMv7, use "magick" instead of "convert" or "magick convert"

WARNING: The convert command is deprecated in IMv7, use "magick" instead of "convert" or "magick convert"

WARNING: The convert command is deprecated in IMv7, use "magick" instead of "convert" or "magick convert"

** Message: 12:19:56.922: updates_checker.vala:59: check updates
WARNING: The convert command is deprecated in IMv7, use "magick" instead of "convert" or "magick convert"

WARNING: The convert command is deprecated in IMv7, use "magick" instead of "convert" or "magick convert"

WARNING: The convert command is deprecated in IMv7, use "magick" instead of "convert" or "magick convert"

WARNING: The convert command is deprecated in IMv7, use "magick" instead of "convert" or "magick convert"

WARNING: The convert command is deprecated in IMv7, use "magick" instead of "convert" or "magick convert"

WARNING: The convert command is deprecated in IMv7, use "magick" instead of "convert" or "magick convert"

WARNING: The convert command is deprecated in IMv7, use "magick" instead of "convert" or "magick convert"

WARNING: The convert command is deprecated in IMv7, use "magick" instead of "convert" or "magick convert"

WARNING: The convert command is deprecated in IMv7, use "magick" instead of "convert" or "magick convert"

WARNING: The convert command is deprecated in IMv7, use "magick" instead of "convert" or "magick convert"

WARNING: The convert command is deprecated in IMv7, use "magick" instead of "convert" or "magick convert"

WARNING: The convert command is deprecated in IMv7, use "magick" instead of "convert" or "magick convert"

WARNING: The convert command is deprecated in IMv7, use "magick" instead of "convert" or "magick convert"

WARNING: The convert command is deprecated in IMv7, use "magick" instead of "convert" or "magick convert"

WARNING: The convert command is deprecated in IMv7, use "magick" instead of "convert" or "magick convert"

WARNING: The convert command is deprecated in IMv7, use "magick" instead of "convert" or "magick convert"

WARNING: The convert command is deprecated in IMv7, use "magick" instead of "convert" or "magick convert"

WARNING: The convert command is deprecated in IMv7, use "magick" instead of "convert" or "magick convert"

WARNING: The convert command is deprecated in IMv7, use "magick" instead of "convert" or "magick convert"

WARNING: The convert command is deprecated in IMv7, use "magick" instead of "convert" or "magick convert"

WARNING: The convert command is deprecated in IMv7, use "magick" instead of "convert" or "magick convert"

WARNING: The convert command is deprecated in IMv7, use "magick" instead of "convert" or "magick convert"

WARNING: The convert command is deprecated in IMv7, use "magick" instead of "convert" or "magick convert"

WARNING: The convert command is deprecated in IMv7, use "magick" instead of "convert" or "magick convert"

WARNING: The convert command is deprecated in IMv7, use "magick" instead of "convert" or "magick convert"

WARNING: The convert command is deprecated in IMv7, use "magick" instead of "convert" or "magick convert"

WARNING: The convert command is deprecated in IMv7, use "magick" instead of "convert" or "magick convert"

WARNING: The convert command is deprecated in IMv7, use "magick" instead of "convert" or "magick convert"

WARNING: The convert command is deprecated in IMv7, use "magick" instead of "convert" or "magick convert"

WARNING: The convert command is deprecated in IMv7, use "magick" instead of "convert" or "magick convert"

WARNING: The convert command is deprecated in IMv7, use "magick" instead of "convert" or "magick convert"

WARNING: The convert command is deprecated in IMv7, use "magick" instead of "convert" or "magick convert"

WARNING: The convert command is deprecated in IMv7, use "magick" instead of "convert" or "magick convert"

WARNING: The convert command is deprecated in IMv7, use "magick" instead of "convert" or "magick convert"

WARNING: The convert command is deprecated in IMv7, use "magick" instead of "convert" or "magick convert"

WARNING: The convert command is deprecated in IMv7, use "magick" instead of "convert" or "magick convert"

WARNING: The convert command is deprecated in IMv7, use "magick" instead of "convert" or "magick convert"

WARNING: The convert command is deprecated in IMv7, use "magick" instead of "convert" or "magick convert"

WARNING: The convert command is deprecated in IMv7, use "magick" instead of "convert" or "magick convert"

WARNING: The convert command is deprecated in IMv7, use "magick" instead of "convert" or "magick convert"

WARNING: The convert command is deprecated in IMv7, use "magick" instead of "convert" or "magick convert"

WARNING: The convert command is deprecated in IMv7, use "magick" instead of "convert" or "magick convert"

WARNING: The convert command is deprecated in IMv7, use "magick" instead of "convert" or "magick convert"

WARNING: The convert command is deprecated in IMv7, use "magick" instead of "convert" or "magick convert"

WARNING: The convert command is deprecated in IMv7, use "magick" instead of "convert" or "magick convert"

WARNING: The convert command is deprecated in IMv7, use "magick" instead of "convert" or "magick convert"

WARNING: The convert command is deprecated in IMv7, use "magick" instead of "convert" or "magick convert"

WARNING: The convert command is deprecated in IMv7, use "magick" instead of "convert" or "magick convert"

WARNING: The convert command is deprecated in IMv7, use "magick" instead of "convert" or "magick convert"

WARNING: The convert command is deprecated in IMv7, use "magick" instead of "convert" or "magick convert"

WARNING: The convert command is deprecated in IMv7, use "magick" instead of "convert" or "magick convert"

WARNING: The convert command is deprecated in IMv7, use "magick" instead of "convert" or "magick convert"

WARNING: The convert command is deprecated in IMv7, use "magick" instead of "convert" or "magick convert"

WARNING: The convert command is deprecated in IMv7, use "magick" instead of "convert" or "magick convert"

WARNING: The convert command is deprecated in IMv7, use "magick" instead of "convert" or "magick convert"

WARNING: The convert command is deprecated in IMv7, use "magick" instead of "convert" or "magick convert"

WARNING: The convert command is deprecated in IMv7, use "magick" instead of "convert" or "magick convert"

WARNING: The convert command is deprecated in IMv7, use "magick" instead of "convert" or "magick convert"

WARNING: The convert command is deprecated in IMv7, use "magick" instead of "convert" or "magick convert"

WARNING: The convert command is deprecated in IMv7, use "magick" instead of "convert" or "magick convert"

WARNING: The convert command is deprecated in IMv7, use "magick" instead of "convert" or "magick convert"

WARNING: The convert command is deprecated in IMv7, use "magick" instead of "convert" or "magick convert"

WARNING: The convert command is deprecated in IMv7, use "magick" instead of "convert" or "magick convert"

WARNING: The convert command is deprecated in IMv7, use "magick" instead of "convert" or "magick convert"

WARNING: The convert command is deprecated in IMv7, use "magick" instead of "convert" or "magick convert"

WARNING: The convert command is deprecated in IMv7, use "magick" instead of "convert" or "magick convert"

WARNING: The convert command is deprecated in IMv7, use "magick" instead of "convert" or "magick convert"

WARNING: The convert command is deprecated in IMv7, use "magick" instead of "convert" or "magick convert"

WARNING: The convert command is deprecated in IMv7, use "magick" instead of "convert" or "magick convert"

WARNING: The convert command is deprecated in IMv7, use "magick" instead of "convert" or "magick convert"

WARNING: The convert command is deprecated in IMv7, use "magick" instead of "convert" or "magick convert"

WARNING: The convert command is deprecated in IMv7, use "magick" instead of "convert" or "magick convert"

WARNING: The convert command is deprecated in IMv7, use "magick" instead of "convert" or "magick convert"

WARNING: The convert command is deprecated in IMv7, use "magick" instead of "convert" or "magick convert"

WARNING: The convert command is deprecated in IMv7, use "magick" instead of "convert" or "magick convert"

WARNING: The convert command is deprecated in IMv7, use "magick" instead of "convert" or "magick convert"

WARNING: The convert command is deprecated in IMv7, use "magick" instead of "convert" or "magick convert"

WARNING: The convert command is deprecated in IMv7, use "magick" instead of "convert" or "magick convert"

WARNING: The convert command is deprecated in IMv7, use "magick" instead of "convert" or "magick convert"

WARNING: The convert command is deprecated in IMv7, use "magick" instead of "convert" or "magick convert"

WARNING: The convert command is deprecated in IMv7, use "magick" instead of "convert" or "magick convert"

WARNING: The convert command is deprecated in IMv7, use "magick" instead of "convert" or "magick convert"

WARNING: The convert command is deprecated in IMv7, use "magick" instead of "convert" or "magick convert"

WARNING: The convert command is deprecated in IMv7, use "magick" instead of "convert" or "magick convert"

WARNING: The convert command is deprecated in IMv7, use "magick" instead of "convert" or "magick convert"

WARNING: The convert command is deprecated in IMv7, use "magick" instead of "convert" or "magick convert"

WARNING: The convert command is deprecated in IMv7, use "magick" instead of "convert" or "magick convert"

WARNING: The convert command is deprecated in IMv7, use "magick" instead of "convert" or "magick convert"

WARNING: The convert command is deprecated in IMv7, use "magick" instead of "convert" or "magick convert"

WARNING: The convert command is deprecated in IMv7, use "magick" instead of "convert" or "magick convert"

WARNING: The convert command is deprecated in IMv7, use "magick" instead of "convert" or "magick convert"

WARNING: The convert command is deprecated in IMv7, use "magick" instead of "convert" or "magick convert"

WARNING: The convert command is deprecated in IMv7, use "magick" instead of "convert" or "magick convert"

WARNING: The convert command is deprecated in IMv7, use "magick" instead of "convert" or "magick convert"

WARNING: The convert command is deprecated in IMv7, use "magick" instead of "convert" or "magick convert"

WARNING: The convert command is deprecated in IMv7, use "magick" instead of "convert" or "magick convert"

WARNING: The convert command is deprecated in IMv7, use "magick" instead of "convert" or "magick convert"

WARNING: The convert command is deprecated in IMv7, use "magick" instead of "convert" or "magick convert"

WARNING: The convert command is deprecated in IMv7, use "magick" instead of "convert" or "magick convert"

WARNING: The convert command is deprecated in IMv7, use "magick" instead of "convert" or "magick convert"

WARNING: The convert command is deprecated in IMv7, use "magick" instead of "convert" or "magick convert"

WARNING: The convert command is deprecated in IMv7, use "magick" instead of "convert" or "magick convert"

WARNING: The convert command is deprecated in IMv7, use "magick" instead of "convert" or "magick convert"

WARNING: The convert command is deprecated in IMv7, use "magick" instead of "convert" or "magick convert"

WARNING: The convert command is deprecated in IMv7, use "magick" instead of "convert" or "magick convert"

WARNING: The convert command is deprecated in IMv7, use "magick" instead of "convert" or "magick convert"

WARNING: The convert command is deprecated in IMv7, use "magick" instead of "convert" or "magick convert"

WARNING: The convert command is deprecated in IMv7, use "magick" instead of "convert" or "magick convert"

WARNING: The convert command is deprecated in IMv7, use "magick" instead of "convert" or "magick convert"

WARNING: The convert command is deprecated in IMv7, use "magick" instead of "convert" or "magick convert"

WARNING: The convert command is deprecated in IMv7, use "magick" instead of "convert" or "magick convert"

WARNING: The convert command is deprecated in IMv7, use "magick" instead of "convert" or "magick convert"

WARNING: The convert command is deprecated in IMv7, use "magick" instead of "convert" or "magick convert"

WARNING: The convert command is deprecated in IMv7, use "magick" instead of "convert" or "magick convert"

WARNING: The convert command is deprecated in IMv7, use "magick" instead of "convert" or "magick convert"

WARNING: The convert command is deprecated in IMv7, use "magick" instead of "convert" or "magick convert"

WARNING: The convert command is deprecated in IMv7, use "magick" instead of "convert" or "magick convert"

WARNING: The convert command is deprecated in IMv7, use "magick" instead of "convert" or "magick convert"

WARNING: The convert command is deprecated in IMv7, use "magick" instead of "convert" or "magick convert"

WARNING: The convert command is deprecated in IMv7, use "magick" instead of "convert" or "magick convert"

WARNING: The convert command is deprecated in IMv7, use "magick" instead of "convert" or "magick convert"

WARNING: The convert command is deprecated in IMv7, use "magick" instead of "convert" or "magick convert"

WARNING: The convert command is deprecated in IMv7, use "magick" instead of "convert" or "magick convert"

WARNING: The convert command is deprecated in IMv7, use "magick" instead of "convert" or "magick convert"

WARNING: The convert command is deprecated in IMv7, use "magick" instead of "convert" or "magick convert"

WARNING: The convert command is deprecated in IMv7, use "magick" instead of "convert" or "magick convert"

WARNING: The convert command is deprecated in IMv7, use "magick" instead of "convert" or "magick convert"

WARNING: The convert command is deprecated in IMv7, use "magick" instead of "convert" or "magick convert"

WARNING: The convert command is deprecated in IMv7, use "magick" instead of "convert" or "magick convert"

WARNING: The convert command is deprecated in IMv7, use "magick" instead of "convert" or "magick convert"

WARNING: The convert command is deprecated in IMv7, use "magick" instead of "convert" or "magick convert"

WARNING: The convert command is deprecated in IMv7, use "magick" instead of "convert" or "magick convert"

WARNING: The convert command is deprecated in IMv7, use "magick" instead of "convert" or "magick convert"

WARNING: The convert command is deprecated in IMv7, use "magick" instead of "convert" or "magick convert"

** Message: 13:20:07.923: updates_checker.vala:59: check updates
WARNING: The convert command is deprecated in IMv7, use "magick" instead of "convert" or "magick convert"

WARNING: The convert command is deprecated in IMv7, use "magick" instead of "convert" or "magick convert"

WARNING: The convert command is deprecated in IMv7, use "magick" instead of "convert" or "magick convert"

WARNING: The convert command is deprecated in IMv7, use "magick" instead of "convert" or "magick convert"

WARNING: The convert command is deprecated in IMv7, use "magick" instead of "convert" or "magick convert"

WARNING: The convert command is deprecated in IMv7, use "magick" instead of "convert" or "magick convert"

WARNING: The convert command is deprecated in IMv7, use "magick" instead of "convert" or "magick convert"

WARNING: The convert command is deprecated in IMv7, use "magick" instead of "convert" or "magick convert"

WARNING: The convert command is deprecated in IMv7, use "magick" instead of "convert" or "magick convert"

WARNING: The convert command is deprecated in IMv7, use "magick" instead of "convert" or "magick convert"

WARNING: The convert command is deprecated in IMv7, use "magick" instead of "convert" or "magick convert"

WARNING: The convert command is deprecated in IMv7, use "magick" instead of "convert" or "magick convert"

WARNING: The convert command is deprecated in IMv7, use "magick" instead of "convert" or "magick convert"

WARNING: The convert command is deprecated in IMv7, use "magick" instead of "convert" or "magick convert"

WARNING: The convert command is deprecated in IMv7, use "magick" instead of "convert" or "magick convert"

WARNING: The convert command is deprecated in IMv7, use "magick" instead of "convert" or "magick convert"

WARNING: The convert command is deprecated in IMv7, use "magick" instead of "convert" or "magick convert"

WARNING: The convert command is deprecated in IMv7, use "magick" instead of "convert" or "magick convert"

WARNING: The convert command is deprecated in IMv7, use "magick" instead of "convert" or "magick convert"

WARNING: The convert command is deprecated in IMv7, use "magick" instead of "convert" or "magick convert"

WARNING: The convert command is deprecated in IMv7, use "magick" instead of "convert" or "magick convert"

WARNING: The convert command is deprecated in IMv7, use "magick" instead of "convert" or "magick convert"

WARNING: The convert command is deprecated in IMv7, use "magick" instead of "convert" or "magick convert"

WARNING: The convert command is deprecated in IMv7, use "magick" instead of "convert" or "magick convert"

WARNING: The convert command is deprecated in IMv7, use "magick" instead of "convert" or "magick convert"

WARNING: The convert command is deprecated in IMv7, use "magick" instead of "convert" or "magick convert"

WARNING: The convert command is deprecated in IMv7, use "magick" instead of "convert" or "magick convert"

WARNING: The convert command is deprecated in IMv7, use "magick" instead of "convert" or "magick convert"

WARNING: The convert command is deprecated in IMv7, use "magick" instead of "convert" or "magick convert"

WARNING: The convert command is deprecated in IMv7, use "magick" instead of "convert" or "magick convert"

WARNING: The convert command is deprecated in IMv7, use "magick" instead of "convert" or "magick convert"

WARNING: The convert command is deprecated in IMv7, use "magick" instead of "convert" or "magick convert"

WARNING: The convert command is deprecated in IMv7, use "magick" instead of "convert" or "magick convert"

WARNING: The convert command is deprecated in IMv7, use "magick" instead of "convert" or "magick convert"

WARNING: The convert command is deprecated in IMv7, use "magick" instead of "convert" or "magick convert"

WARNING: The convert command is deprecated in IMv7, use "magick" instead of "convert" or "magick convert"

WARNING: The convert command is deprecated in IMv7, use "magick" instead of "convert" or "magick convert"

WARNING: The convert command is deprecated in IMv7, use "magick" instead of "convert" or "magick convert"

WARNING: The convert command is deprecated in IMv7, use "magick" instead of "convert" or "magick convert"

WARNING: The convert command is deprecated in IMv7, use "magick" instead of "convert" or "magick convert"

WARNING: The convert command is deprecated in IMv7, use "magick" instead of "convert" or "magick convert"

WARNING: The convert command is deprecated in IMv7, use "magick" instead of "convert" or "magick convert"

WARNING: The convert command is deprecated in IMv7, use "magick" instead of "convert" or "magick convert"

WARNING: The convert command is deprecated in IMv7, use "magick" instead of "convert" or "magick convert"

WARNING: The convert command is deprecated in IMv7, use "magick" instead of "convert" or "magick convert"

WARNING: The convert command is deprecated in IMv7, use "magick" instead of "convert" or "magick convert"

WARNING: The convert command is deprecated in IMv7, use "magick" instead of "convert" or "magick convert"

WARNING: The convert command is deprecated in IMv7, use "magick" instead of "convert" or "magick convert"

WARNING: The convert command is deprecated in IMv7, use "magick" instead of "convert" or "magick convert"

WARNING: The convert command is deprecated in IMv7, use "magick" instead of "convert" or "magick convert"

WARNING: The convert command is deprecated in IMv7, use "magick" instead of "convert" or "magick convert"

WARNING: The convert command is deprecated in IMv7, use "magick" instead of "convert" or "magick convert"

WARNING: The convert command is deprecated in IMv7, use "magick" instead of "convert" or "magick convert"

WARNING: The convert command is deprecated in IMv7, use "magick" instead of "convert" or "magick convert"

WARNING: The convert command is deprecated in IMv7, use "magick" instead of "convert" or "magick convert"

WARNING: The convert command is deprecated in IMv7, use "magick" instead of "convert" or "magick convert"

WARNING: The convert command is deprecated in IMv7, use "magick" instead of "convert" or "magick convert"

WARNING: The convert command is deprecated in IMv7, use "magick" instead of "convert" or "magick convert"

WARNING: The convert command is deprecated in IMv7, use "magick" instead of "convert" or "magick convert"

WARNING: The convert command is deprecated in IMv7, use "magick" instead of "convert" or "magick convert"

WARNING: The convert command is deprecated in IMv7, use "magick" instead of "convert" or "magick convert"

WARNING: The convert command is deprecated in IMv7, use "magick" instead of "convert" or "magick convert"

WARNING: The convert command is deprecated in IMv7, use "magick" instead of "convert" or "magick convert"

WARNING: The convert command is deprecated in IMv7, use "magick" instead of "convert" or "magick convert"

WARNING: The convert command is deprecated in IMv7, use "magick" instead of "convert" or "magick convert"

WARNING: The convert command is deprecated in IMv7, use "magick" instead of "convert" or "magick convert"

WARNING: The convert command is deprecated in IMv7, use "magick" instead of "convert" or "magick convert"

WARNING: The convert command is deprecated in IMv7, use "magick" instead of "convert" or "magick convert"

WARNING: The convert command is deprecated in IMv7, use "magick" instead of "convert" or "magick convert"

WARNING: The convert command is deprecated in IMv7, use "magick" instead of "convert" or "magick convert"

WARNING: The convert command is deprecated in IMv7, use "magick" instead of "convert" or "magick convert"

WARNING: The convert command is deprecated in IMv7, use "magick" instead of "convert" or "magick convert"

WARNING: The convert command is deprecated in IMv7, use "magick" instead of "convert" or "magick convert"

WARNING: The convert command is deprecated in IMv7, use "magick" instead of "convert" or "magick convert"

WARNING: The convert command is deprecated in IMv7, use "magick" instead of "convert" or "magick convert"

WARNING: The convert command is deprecated in IMv7, use "magick" instead of "convert" or "magick convert"

WARNING: The convert command is deprecated in IMv7, use "magick" instead of "convert" or "magick convert"

WARNING: The convert command is deprecated in IMv7, use "magick" instead of "convert" or "magick convert"

WARNING: The convert command is deprecated in IMv7, use "magick" instead of "convert" or "magick convert"

WARNING: The convert command is deprecated in IMv7, use "magick" instead of "convert" or "magick convert"

WARNING: The convert command is deprecated in IMv7, use "magick" instead of "convert" or "magick convert"

WARNING: The convert command is deprecated in IMv7, use "magick" instead of "convert" or "magick convert"

WARNING: The convert command is deprecated in IMv7, use "magick" instead of "convert" or "magick convert"

WARNING: The convert command is deprecated in IMv7, use "magick" instead of "convert" or "magick convert"

WARNING: The convert command is deprecated in IMv7, use "magick" instead of "convert" or "magick convert"

WARNING: The convert command is deprecated in IMv7, use "magick" instead of "convert" or "magick convert"

WARNING: The convert command is deprecated in IMv7, use "magick" instead of "convert" or "magick convert"

WARNING: The convert command is deprecated in IMv7, use "magick" instead of "convert" or "magick convert"

WARNING: The convert command is deprecated in IMv7, use "magick" instead of "convert" or "magick convert"

WARNING: The convert command is deprecated in IMv7, use "magick" instead of "convert" or "magick convert"

WARNING: The convert command is deprecated in IMv7, use "magick" instead of "convert" or "magick convert"

WARNING: The convert command is deprecated in IMv7, use "magick" instead of "convert" or "magick convert"

WARNING: The convert command is deprecated in IMv7, use "magick" instead of "convert" or "magick convert"

WARNING: The convert command is deprecated in IMv7, use "magick" instead of "convert" or "magick convert"

WARNING: The convert command is deprecated in IMv7, use "magick" instead of "convert" or "magick convert"

WARNING: The convert command is deprecated in IMv7, use "magick" instead of "convert" or "magick convert"

WARNING: The convert command is deprecated in IMv7, use "magick" instead of "convert" or "magick convert"

WARNING: The convert command is deprecated in IMv7, use "magick" instead of "convert" or "magick convert"

WARNING: The convert command is deprecated in IMv7, use "magick" instead of "convert" or "magick convert"

WARNING: The convert command is deprecated in IMv7, use "magick" instead of "convert" or "magick convert"

WARNING: The convert command is deprecated in IMv7, use "magick" instead of "convert" or "magick convert"

WARNING: The convert command is deprecated in IMv7, use "magick" instead of "convert" or "magick convert"

WARNING: The convert command is deprecated in IMv7, use "magick" instead of "convert" or "magick convert"

WARNING: The convert command is deprecated in IMv7, use "magick" instead of "convert" or "magick convert"

WARNING: The convert command is deprecated in IMv7, use "magick" instead of "convert" or "magick convert"

WARNING: The convert command is deprecated in IMv7, use "magick" instead of "convert" or "magick convert"

WARNING: The convert command is deprecated in IMv7, use "magick" instead of "convert" or "magick convert"

WARNING: The convert command is deprecated in IMv7, use "magick" instead of "convert" or "magick convert"

WARNING: The convert command is deprecated in IMv7, use "magick" instead of "convert" or "magick convert"

WARNING: The convert command is deprecated in IMv7, use "magick" instead of "convert" or "magick convert"

WARNING: The convert command is deprecated in IMv7, use "magick" instead of "convert" or "magick convert"

WARNING: The convert command is deprecated in IMv7, use "magick" instead of "convert" or "magick convert"

WARNING: The convert command is deprecated in IMv7, use "magick" instead of "convert" or "magick convert"

WARNING: The convert command is deprecated in IMv7, use "magick" instead of "convert" or "magick convert"

WARNING: The convert command is deprecated in IMv7, use "magick" instead of "convert" or "magick convert"

WARNING: The convert command is deprecated in IMv7, use "magick" instead of "convert" or "magick convert"

WARNING: The convert command is deprecated in IMv7, use "magick" instead of "convert" or "magick convert"

WARNING: The convert command is deprecated in IMv7, use "magick" instead of "convert" or "magick convert"

WARNING: The convert command is deprecated in IMv7, use "magick" instead of "convert" or "magick convert"

WARNING: The convert command is deprecated in IMv7, use "magick" instead of "convert" or "magick convert"

WARNING: The convert command is deprecated in IMv7, use "magick" instead of "convert" or "magick convert"

WARNING: The convert command is deprecated in IMv7, use "magick" instead of "convert" or "magick convert"

WARNING: The convert command is deprecated in IMv7, use "magick" instead of "convert" or "magick convert"

WARNING: The convert command is deprecated in IMv7, use "magick" instead of "convert" or "magick convert"

WARNING: The convert command is deprecated in IMv7, use "magick" instead of "convert" or "magick convert"

WARNING: The convert command is deprecated in IMv7, use "magick" instead of "convert" or "magick convert"

WARNING: The convert command is deprecated in IMv7, use "magick" instead of "convert" or "magick convert"

WARNING: The convert command is deprecated in IMv7, use "magick" instead of "convert" or "magick convert"

WARNING: The convert command is deprecated in IMv7, use "magick" instead of "convert" or "magick convert"

WARNING: The convert command is deprecated in IMv7, use "magick" instead of "convert" or "magick convert"

WARNING: The convert command is deprecated in IMv7, use "magick" instead of "convert" or "magick convert"

WARNING: The convert command is deprecated in IMv7, use "magick" instead of "convert" or "magick convert"

** Message: 14:20:15.922: updates_checker.vala:59: check updates
** Message: 14:20:15.951: flatpak_plugin.vala:393: refreshing flathub appstream data
WARNING: The convert command is deprecated in IMv7, use "magick" instead of "convert" or "magick convert"

WARNING: The convert command is deprecated in IMv7, use "magick" instead of "convert" or "magick convert"

WARNING: The convert command is deprecated in IMv7, use "magick" instead of "convert" or "magick convert"

WARNING: The convert command is deprecated in IMv7, use "magick" instead of "convert" or "magick convert"

WARNING: The convert command is deprecated in IMv7, use "magick" instead of "convert" or "magick convert"

WARNING: The convert command is deprecated in IMv7, use "magick" instead of "convert" or "magick convert"

WARNING: The convert command is deprecated in IMv7, use "magick" instead of "convert" or "magick convert"

WARNING: The convert command is deprecated in IMv7, use "magick" instead of "convert" or "magick convert"

WARNING: The convert command is deprecated in IMv7, use "magick" instead of "convert" or "magick convert"

WARNING: The convert command is deprecated in IMv7, use "magick" instead of "convert" or "magick convert"

WARNING: The convert command is deprecated in IMv7, use "magick" instead of "convert" or "magick convert"

WARNING: The convert command is deprecated in IMv7, use "magick" instead of "convert" or "magick convert"

WARNING: The convert command is deprecated in IMv7, use "magick" instead of "convert" or "magick convert"

WARNING: The convert command is deprecated in IMv7, use "magick" instead of "convert" or "magick convert"

WARNING: The convert command is deprecated in IMv7, use "magick" instead of "convert" or "magick convert"

WARNING: The convert command is deprecated in IMv7, use "magick" instead of "convert" or "magick convert"

WARNING: The convert command is deprecated in IMv7, use "magick" instead of "convert" or "magick convert"

WARNING: The convert command is deprecated in IMv7, use "magick" instead of "convert" or "magick convert"

WARNING: The convert command is deprecated in IMv7, use "magick" instead of "convert" or "magick convert"

WARNING: The convert command is deprecated in IMv7, use "magick" instead of "convert" or "magick convert"

WARNING: The convert command is deprecated in IMv7, use "magick" instead of "convert" or "magick convert"

WARNING: The convert command is deprecated in IMv7, use "magick" instead of "convert" or "magick convert"

WARNING: The convert command is deprecated in IMv7, use "magick" instead of "convert" or "magick convert"

WARNING: The convert command is deprecated in IMv7, use "magick" instead of "convert" or "magick convert"

WARNING: The convert command is deprecated in IMv7, use "magick" instead of "convert" or "magick convert"

WARNING: The convert command is deprecated in IMv7, use "magick" instead of "convert" or "magick convert"

WARNING: The convert command is deprecated in IMv7, use "magick" instead of "convert" or "magick convert"

WARNING: The convert command is deprecated in IMv7, use "magick" instead of "convert" or "magick convert"

WARNING: The convert command is deprecated in IMv7, use "magick" instead of "convert" or "magick convert"

WARNING: The convert command is deprecated in IMv7, use "magick" instead of "convert" or "magick convert"

WARNING: The convert command is deprecated in IMv7, use "magick" instead of "convert" or "magick convert"

WARNING: The convert command is deprecated in IMv7, use "magick" instead of "convert" or "magick convert"

WARNING: The convert command is deprecated in IMv7, use "magick" instead of "convert" or "magick convert"

WARNING: The convert command is deprecated in IMv7, use "magick" instead of "convert" or "magick convert"

WARNING: The convert command is deprecated in IMv7, use "magick" instead of "convert" or "magick convert"

WARNING: The convert command is deprecated in IMv7, use "magick" instead of "convert" or "magick convert"

WARNING: The convert command is deprecated in IMv7, use "magick" instead of "convert" or "magick convert"

WARNING: The convert command is deprecated in IMv7, use "magick" instead of "convert" or "magick convert"

WARNING: The convert command is deprecated in IMv7, use "magick" instead of "convert" or "magick convert"

WARNING: The convert command is deprecated in IMv7, use "magick" instead of "convert" or "magick convert"

WARNING: The convert command is deprecated in IMv7, use "magick" instead of "convert" or "magick convert"

WARNING: The convert command is deprecated in IMv7, use "magick" instead of "convert" or "magick convert"

WARNING: The convert command is deprecated in IMv7, use "magick" instead of "convert" or "magick convert"

WARNING: The convert command is deprecated in IMv7, use "magick" instead of "convert" or "magick convert"

WARNING: The convert command is deprecated in IMv7, use "magick" instead of "convert" or "magick convert"

WARNING: The convert command is deprecated in IMv7, use "magick" instead of "convert" or "magick convert"

WARNING: The convert command is deprecated in IMv7, use "magick" instead of "convert" or "magick convert"

WARNING: The convert command is deprecated in IMv7, use "magick" instead of "convert" or "magick convert"

WARNING: The convert command is deprecated in IMv7, use "magick" instead of "convert" or "magick convert"

WARNING: The convert command is deprecated in IMv7, use "magick" instead of "convert" or "magick convert"

WARNING: The convert command is deprecated in IMv7, use "magick" instead of "convert" or "magick convert"

WARNING: The convert command is deprecated in IMv7, use "magick" instead of "convert" or "magick convert"

WARNING: The convert command is deprecated in IMv7, use "magick" instead of "convert" or "magick convert"

WARNING: The convert command is deprecated in IMv7, use "magick" instead of "convert" or "magick convert"

WARNING: The convert command is deprecated in IMv7, use "magick" instead of "convert" or "magick convert"

WARNING: The convert command is deprecated in IMv7, use "magick" instead of "convert" or "magick convert"

WARNING: The convert command is deprecated in IMv7, use "magick" instead of "convert" or "magick convert"

WARNING: The convert command is deprecated in IMv7, use "magick" instead of "convert" or "magick convert"

WARNING: The convert command is deprecated in IMv7, use "magick" instead of "convert" or "magick convert"

WARNING: The convert command is deprecated in IMv7, use "magick" instead of "convert" or "magick convert"

WARNING: The convert command is deprecated in IMv7, use "magick" instead of "convert" or "magick convert"

WARNING: The convert command is deprecated in IMv7, use "magick" instead of "convert" or "magick convert"

WARNING: The convert command is deprecated in IMv7, use "magick" instead of "convert" or "magick convert"

WARNING: The convert command is deprecated in IMv7, use "magick" instead of "convert" or "magick convert"

WARNING: The convert command is deprecated in IMv7, use "magick" instead of "convert" or "magick convert"

WARNING: The convert command is deprecated in IMv7, use "magick" instead of "convert" or "magick convert"

WARNING: The convert command is deprecated in IMv7, use "magick" instead of "convert" or "magick convert"

WARNING: The convert command is deprecated in IMv7, use "magick" instead of "convert" or "magick convert"

WARNING: The convert command is deprecated in IMv7, use "magick" instead of "convert" or "magick convert"

WARNING: The convert command is deprecated in IMv7, use "magick" instead of "convert" or "magick convert"

WARNING: The convert command is deprecated in IMv7, use "magick" instead of "convert" or "magick convert"

WARNING: The convert command is deprecated in IMv7, use "magick" instead of "convert" or "magick convert"

WARNING: The convert command is deprecated in IMv7, use "magick" instead of "convert" or "magick convert"

WARNING: The convert command is deprecated in IMv7, use "magick" instead of "convert" or "magick convert"

WARNING: The convert command is deprecated in IMv7, use "magick" instead of "convert" or "magick convert"

WARNING: The convert command is deprecated in IMv7, use "magick" instead of "convert" or "magick convert"

WARNING: The convert command is deprecated in IMv7, use "magick" instead of "convert" or "magick convert"

WARNING: The convert command is deprecated in IMv7, use "magick" instead of "convert" or "magick convert"

WARNING: The convert command is deprecated in IMv7, use "magick" instead of "convert" or "magick convert"

WARNING: The convert command is deprecated in IMv7, use "magick" instead of "convert" or "magick convert"

WARNING: The convert command is deprecated in IMv7, use "magick" instead of "convert" or "magick convert"

WARNING: The convert command is deprecated in IMv7, use "magick" instead of "convert" or "magick convert"

WARNING: The convert command is deprecated in IMv7, use "magick" instead of "convert" or "magick convert"

WARNING: The convert command is deprecated in IMv7, use "magick" instead of "convert" or "magick convert"

WARNING: The convert command is deprecated in IMv7, use "magick" instead of "convert" or "magick convert"

WARNING: The convert command is deprecated in IMv7, use "magick" instead of "convert" or "magick convert"

WARNING: The convert command is deprecated in IMv7, use "magick" instead of "convert" or "magick convert"

WARNING: The convert command is deprecated in IMv7, use "magick" instead of "convert" or "magick convert"

WARNING: The convert command is deprecated in IMv7, use "magick" instead of "convert" or "magick convert"

WARNING: The convert command is deprecated in IMv7, use "magick" instead of "convert" or "magick convert"

WARNING: The convert command is deprecated in IMv7, use "magick" instead of "convert" or "magick convert"

WARNING: The convert command is deprecated in IMv7, use "magick" instead of "convert" or "magick convert"

WARNING: The convert command is deprecated in IMv7, use "magick" instead of "convert" or "magick convert"

WARNING: The convert command is deprecated in IMv7, use "magick" instead of "convert" or "magick convert"

WARNING: The convert command is deprecated in IMv7, use "magick" instead of "convert" or "magick convert"

WARNING: The convert command is deprecated in IMv7, use "magick" instead of "convert" or "magick convert"

WARNING: The convert command is deprecated in IMv7, use "magick" instead of "convert" or "magick convert"

WARNING: The convert command is deprecated in IMv7, use "magick" instead of "convert" or "magick convert"

WARNING: The convert command is deprecated in IMv7, use "magick" instead of "convert" or "magick convert"

WARNING: The convert command is deprecated in IMv7, use "magick" instead of "convert" or "magick convert"

WARNING: The convert command is deprecated in IMv7, use "magick" instead of "convert" or "magick convert"

WARNING: The convert command is deprecated in IMv7, use "magick" instead of "convert" or "magick convert"

WARNING: The convert command is deprecated in IMv7, use "magick" instead of "convert" or "magick convert"

WARNING: The convert command is deprecated in IMv7, use "magick" instead of "convert" or "magick convert"

WARNING: The convert command is deprecated in IMv7, use "magick" instead of "convert" or "magick convert"

WARNING: The convert command is deprecated in IMv7, use "magick" instead of "convert" or "magick convert"

WARNING: The convert command is deprecated in IMv7, use "magick" instead of "convert" or "magick convert"

WARNING: The convert command is deprecated in IMv7, use "magick" instead of "convert" or "magick convert"

WARNING: The convert command is deprecated in IMv7, use "magick" instead of "convert" or "magick convert"

WARNING: The convert command is deprecated in IMv7, use "magick" instead of "convert" or "magick convert"

WARNING: The convert command is deprecated in IMv7, use "magick" instead of "convert" or "magick convert"

WARNING: The convert command is deprecated in IMv7, use "magick" instead of "convert" or "magick convert"

WARNING: The convert command is deprecated in IMv7, use "magick" instead of "convert" or "magick convert"

WARNING: The convert command is deprecated in IMv7, use "magick" instead of "convert" or "magick convert"

WARNING: The convert command is deprecated in IMv7, use "magick" instead of "convert" or "magick convert"

WARNING: The convert command is deprecated in IMv7, use "magick" instead of "convert" or "magick convert"

WARNING: The convert command is deprecated in IMv7, use "magick" instead of "convert" or "magick convert"

WARNING: The convert command is deprecated in IMv7, use "magick" instead of "convert" or "magick convert"

WARNING: The convert command is deprecated in IMv7, use "magick" instead of "convert" or "magick convert"

WARNING: The convert command is deprecated in IMv7, use "magick" instead of "convert" or "magick convert"

WARNING: The convert command is deprecated in IMv7, use "magick" instead of "convert" or "magick convert"

WARNING: The convert command is deprecated in IMv7, use "magick" instead of "convert" or "magick convert"

WARNING: The convert command is deprecated in IMv7, use "magick" instead of "convert" or "magick convert"

WARNING: The convert command is deprecated in IMv7, use "magick" instead of "convert" or "magick convert"

WARNING: The convert command is deprecated in IMv7, use "magick" instead of "convert" or "magick convert"

WARNING: The convert command is deprecated in IMv7, use "magick" instead of "convert" or "magick convert"

WARNING: The convert command is deprecated in IMv7, use "magick" instead of "convert" or "magick convert"

WARNING: The convert command is deprecated in IMv7, use "magick" instead of "convert" or "magick convert"

WARNING: The convert command is deprecated in IMv7, use "magick" instead of "convert" or "magick convert"

WARNING: The convert command is deprecated in IMv7, use "magick" instead of "convert" or "magick convert"

WARNING: The convert command is deprecated in IMv7, use "magick" instead of "convert" or "magick convert"

WARNING: The convert command is deprecated in IMv7, use "magick" instead of "convert" or "magick convert"

** Message: 15:20:24.922: updates_checker.vala:59: check updates
WARNING: The convert command is deprecated in IMv7, use "magick" instead of "convert" or "magick convert"

WARNING: The convert command is deprecated in IMv7, use "magick" instead of "convert" or "magick convert"

WARNING: The convert command is deprecated in IMv7, use "magick" instead of "convert" or "magick convert"

WARNING: The convert command is deprecated in IMv7, use "magick" instead of "convert" or "magick convert"

WARNING: The convert command is deprecated in IMv7, use "magick" instead of "convert" or "magick convert"

WARNING: The convert command is deprecated in IMv7, use "magick" instead of "convert" or "magick convert"

WARNING: The convert command is deprecated in IMv7, use "magick" instead of "convert" or "magick convert"

WARNING: The convert command is deprecated in IMv7, use "magick" instead of "convert" or "magick convert"

WARNING: The convert command is deprecated in IMv7, use "magick" instead of "convert" or "magick convert"

WARNING: The convert command is deprecated in IMv7, use "magick" instead of "convert" or "magick convert"

WARNING: The convert command is deprecated in IMv7, use "magick" instead of "convert" or "magick convert"

WARNING: The convert command is deprecated in IMv7, use "magick" instead of "convert" or "magick convert"

WARNING: The convert command is deprecated in IMv7, use "magick" instead of "convert" or "magick convert"

WARNING: The convert command is deprecated in IMv7, use "magick" instead of "convert" or "magick convert"

WARNING: The convert command is deprecated in IMv7, use "magick" instead of "convert" or "magick convert"

WARNING: The convert command is deprecated in IMv7, use "magick" instead of "convert" or "magick convert"

WARNING: The convert command is deprecated in IMv7, use "magick" instead of "convert" or "magick convert"

WARNING: The convert command is deprecated in IMv7, use "magick" instead of "convert" or "magick convert"

WARNING: The convert command is deprecated in IMv7, use "magick" instead of "convert" or "magick convert"

WARNING: The convert command is deprecated in IMv7, use "magick" instead of "convert" or "magick convert"

WARNING: The convert command is deprecated in IMv7, use "magick" instead of "convert" or "magick convert"

WARNING: The convert command is deprecated in IMv7, use "magick" instead of "convert" or "magick convert"

WARNING: The convert command is deprecated in IMv7, use "magick" instead of "convert" or "magick convert"

WARNING: The convert command is deprecated in IMv7, use "magick" instead of "convert" or "magick convert"

WARNING: The convert command is deprecated in IMv7, use "magick" instead of "convert" or "magick convert"

WARNING: The convert command is deprecated in IMv7, use "magick" instead of "convert" or "magick convert"

WARNING: The convert command is deprecated in IMv7, use "magick" instead of "convert" or "magick convert"

WARNING: The convert command is deprecated in IMv7, use "magick" instead of "convert" or "magick convert"

WARNING: The convert command is deprecated in IMv7, use "magick" instead of "convert" or "magick convert"

WARNING: The convert command is deprecated in IMv7, use "magick" instead of "convert" or "magick convert"

WARNING: The convert command is deprecated in IMv7, use "magick" instead of "convert" or "magick convert"

WARNING: The convert command is deprecated in IMv7, use "magick" instead of "convert" or "magick convert"

WARNING: The convert command is deprecated in IMv7, use "magick" instead of "convert" or "magick convert"

WARNING: The convert command is deprecated in IMv7, use "magick" instead of "convert" or "magick convert"

WARNING: The convert command is deprecated in IMv7, use "magick" instead of "convert" or "magick convert"

WARNING: The convert command is deprecated in IMv7, use "magick" instead of "convert" or "magick convert"

WARNING: The convert command is deprecated in IMv7, use "magick" instead of "convert" or "magick convert"

WARNING: The convert command is deprecated in IMv7, use "magick" instead of "convert" or "magick convert"

WARNING: The convert command is deprecated in IMv7, use "magick" instead of "convert" or "magick convert"

WARNING: The convert command is deprecated in IMv7, use "magick" instead of "convert" or "magick convert"

WARNING: The convert command is deprecated in IMv7, use "magick" instead of "convert" or "magick convert"

WARNING: The convert command is deprecated in IMv7, use "magick" instead of "convert" or "magick convert"

WARNING: The convert command is deprecated in IMv7, use "magick" instead of "convert" or "magick convert"

WARNING: The convert command is deprecated in IMv7, use "magick" instead of "convert" or "magick convert"

WARNING: The convert command is deprecated in IMv7, use "magick" instead of "convert" or "magick convert"

WARNING: The convert command is deprecated in IMv7, use "magick" instead of "convert" or "magick convert"

WARNING: The convert command is deprecated in IMv7, use "magick" instead of "convert" or "magick convert"

WARNING: The convert command is deprecated in IMv7, use "magick" instead of "convert" or "magick convert"

WARNING: The convert command is deprecated in IMv7, use "magick" instead of "convert" or "magick convert"

WARNING: The convert command is deprecated in IMv7, use "magick" instead of "convert" or "magick convert"

WARNING: The convert command is deprecated in IMv7, use "magick" instead of "convert" or "magick convert"

WARNING: The convert command is deprecated in IMv7, use "magick" instead of "convert" or "magick convert"

WARNING: The convert command is deprecated in IMv7, use "magick" instead of "convert" or "magick convert"

WARNING: The convert command is deprecated in IMv7, use "magick" instead of "convert" or "magick convert"

WARNING: The convert command is deprecated in IMv7, use "magick" instead of "convert" or "magick convert"

WARNING: The convert command is deprecated in IMv7, use "magick" instead of "convert" or "magick convert"

WARNING: The convert command is deprecated in IMv7, use "magick" instead of "convert" or "magick convert"

WARNING: The convert command is deprecated in IMv7, use "magick" instead of "convert" or "magick convert"

WARNING: The convert command is deprecated in IMv7, use "magick" instead of "convert" or "magick convert"

WARNING: The convert command is deprecated in IMv7, use "magick" instead of "convert" or "magick convert"

WARNING: The convert command is deprecated in IMv7, use "magick" instead of "convert" or "magick convert"

WARNING: The convert command is deprecated in IMv7, use "magick" instead of "convert" or "magick convert"

WARNING: The convert command is deprecated in IMv7, use "magick" instead of "convert" or "magick convert"

WARNING: The convert command is deprecated in IMv7, use "magick" instead of "convert" or "magick convert"

WARNING: The convert command is deprecated in IMv7, use "magick" instead of "convert" or "magick convert"

WARNING: The convert command is deprecated in IMv7, use "magick" instead of "convert" or "magick convert"

WARNING: The convert command is deprecated in IMv7, use "magick" instead of "convert" or "magick convert"

WARNING: The convert command is deprecated in IMv7, use "magick" instead of "convert" or "magick convert"

WARNING: The convert command is deprecated in IMv7, use "magick" instead of "convert" or "magick convert"

WARNING: The convert command is deprecated in IMv7, use "magick" instead of "convert" or "magick convert"

WARNING: The convert command is deprecated in IMv7, use "magick" instead of "convert" or "magick convert"

WARNING: The convert command is deprecated in IMv7, use "magick" instead of "convert" or "magick convert"

WARNING: The convert command is deprecated in IMv7, use "magick" instead of "convert" or "magick convert"

WARNING: The convert command is deprecated in IMv7, use "magick" instead of "convert" or "magick convert"

WARNING: The convert command is deprecated in IMv7, use "magick" instead of "convert" or "magick convert"

WARNING: The convert command is deprecated in IMv7, use "magick" instead of "convert" or "magick convert"

WARNING: The convert command is deprecated in IMv7, use "magick" instead of "convert" or "magick convert"

WARNING: The convert command is deprecated in IMv7, use "magick" instead of "convert" or "magick convert"

WARNING: The convert command is deprecated in IMv7, use "magick" instead of "convert" or "magick convert"

WARNING: The convert command is deprecated in IMv7, use "magick" instead of "convert" or "magick convert"

WARNING: The convert command is deprecated in IMv7, use "magick" instead of "convert" or "magick convert"

WARNING: The convert command is deprecated in IMv7, use "magick" instead of "convert" or "magick convert"

WARNING: The convert command is deprecated in IMv7, use "magick" instead of "convert" or "magick convert"

WARNING: The convert command is deprecated in IMv7, use "magick" instead of "convert" or "magick convert"

WARNING: The convert command is deprecated in IMv7, use "magick" instead of "convert" or "magick convert"

WARNING: The convert command is deprecated in IMv7, use "magick" instead of "convert" or "magick convert"

WARNING: The convert command is deprecated in IMv7, use "magick" instead of "convert" or "magick convert"

WARNING: The convert command is deprecated in IMv7, use "magick" instead of "convert" or "magick convert"

WARNING: The convert command is deprecated in IMv7, use "magick" instead of "convert" or "magick convert"

WARNING: The convert command is deprecated in IMv7, use "magick" instead of "convert" or "magick convert"

WARNING: The convert command is deprecated in IMv7, use "magick" instead of "convert" or "magick convert"

WARNING: The convert command is deprecated in IMv7, use "magick" instead of "convert" or "magick convert"

WARNING: The convert command is deprecated in IMv7, use "magick" instead of "convert" or "magick convert"

WARNING: The convert command is deprecated in IMv7, use "magick" instead of "convert" or "magick convert"

WARNING: The convert command is deprecated in IMv7, use "magick" instead of "convert" or "magick convert"

WARNING: The convert command is deprecated in IMv7, use "magick" instead of "convert" or "magick convert"

WARNING: The convert command is deprecated in IMv7, use "magick" instead of "convert" or "magick convert"

WARNING: The convert command is deprecated in IMv7, use "magick" instead of "convert" or "magick convert"

WARNING: The convert command is deprecated in IMv7, use "magick" instead of "convert" or "magick convert"

WARNING: The convert command is deprecated in IMv7, use "magick" instead of "convert" or "magick convert"

WARNING: The convert command is deprecated in IMv7, use "magick" instead of "convert" or "magick convert"

WARNING: The convert command is deprecated in IMv7, use "magick" instead of "convert" or "magick convert"

WARNING: The convert command is deprecated in IMv7, use "magick" instead of "convert" or "magick convert"

WARNING: The convert command is deprecated in IMv7, use "magick" instead of "convert" or "magick convert"

WARNING: The convert command is deprecated in IMv7, use "magick" instead of "convert" or "magick convert"

WARNING: The convert command is deprecated in IMv7, use "magick" instead of "convert" or "magick convert"

WARNING: The convert command is deprecated in IMv7, use "magick" instead of "convert" or "magick convert"

WARNING: The convert command is deprecated in IMv7, use "magick" instead of "convert" or "magick convert"

WARNING: The convert command is deprecated in IMv7, use "magick" instead of "convert" or "magick convert"

WARNING: The convert command is deprecated in IMv7, use "magick" instead of "convert" or "magick convert"

WARNING: The convert command is deprecated in IMv7, use "magick" instead of "convert" or "magick convert"

WARNING: The convert command is deprecated in IMv7, use "magick" instead of "convert" or "magick convert"

WARNING: The convert command is deprecated in IMv7, use "magick" instead of "convert" or "magick convert"

WARNING: The convert command is deprecated in IMv7, use "magick" instead of "convert" or "magick convert"

WARNING: The convert command is deprecated in IMv7, use "magick" instead of "convert" or "magick convert"

WARNING: The convert command is deprecated in IMv7, use "magick" instead of "convert" or "magick convert"

WARNING: The convert command is deprecated in IMv7, use "magick" instead of "convert" or "magick convert"

WARNING: The convert command is deprecated in IMv7, use "magick" instead of "convert" or "magick convert"

WARNING: The convert command is deprecated in IMv7, use "magick" instead of "convert" or "magick convert"

WARNING: The convert command is deprecated in IMv7, use "magick" instead of "convert" or "magick convert"

WARNING: The convert command is deprecated in IMv7, use "magick" instead of "convert" or "magick convert"

WARNING: The convert command is deprecated in IMv7, use "magick" instead of "convert" or "magick convert"

WARNING: The convert command is deprecated in IMv7, use "magick" instead of "convert" or "magick convert"

WARNING: The convert command is deprecated in IMv7, use "magick" instead of "convert" or "magick convert"

WARNING: The convert command is deprecated in IMv7, use "magick" instead of "convert" or "magick convert"

WARNING: The convert command is deprecated in IMv7, use "magick" instead of "convert" or "magick convert"

WARNING: The convert command is deprecated in IMv7, use "magick" instead of "convert" or "magick convert"

WARNING: The convert command is deprecated in IMv7, use "magick" instead of "convert" or "magick convert"

WARNING: The convert command is deprecated in IMv7, use "magick" instead of "convert" or "magick convert"

WARNING: The convert command is deprecated in IMv7, use "magick" instead of "convert" or "magick convert"

WARNING: The convert command is deprecated in IMv7, use "magick" instead of "convert" or "magick convert"

WARNING: The convert command is deprecated in IMv7, use "magick" instead of "convert" or "magick convert"

** Message: 16:20:31.922: updates_checker.vala:59: check updates
WARNING: The convert command is deprecated in IMv7, use "magick" instead of "convert" or "magick convert"

WARNING: The convert command is deprecated in IMv7, use "magick" instead of "convert" or "magick convert"

WARNING: The convert command is deprecated in IMv7, use "magick" instead of "convert" or "magick convert"

WARNING: The convert command is deprecated in IMv7, use "magick" instead of "convert" or "magick convert"

WARNING: The convert command is deprecated in IMv7, use "magick" instead of "convert" or "magick convert"

WARNING: The convert command is deprecated in IMv7, use "magick" instead of "convert" or "magick convert"

WARNING: The convert command is deprecated in IMv7, use "magick" instead of "convert" or "magick convert"

WARNING: The convert command is deprecated in IMv7, use "magick" instead of "convert" or "magick convert"

WARNING: The convert command is deprecated in IMv7, use "magick" instead of "convert" or "magick convert"

WARNING: The convert command is deprecated in IMv7, use "magick" instead of "convert" or "magick convert"

WARNING: The convert command is deprecated in IMv7, use "magick" instead of "convert" or "magick convert"

WARNING: The convert command is deprecated in IMv7, use "magick" instead of "convert" or "magick convert"

WARNING: The convert command is deprecated in IMv7, use "magick" instead of "convert" or "magick convert"

WARNING: The convert command is deprecated in IMv7, use "magick" instead of "convert" or "magick convert"

WARNING: The convert command is deprecated in IMv7, use "magick" instead of "convert" or "magick convert"

WARNING: The convert command is deprecated in IMv7, use "magick" instead of "convert" or "magick convert"

WARNING: The convert command is deprecated in IMv7, use "magick" instead of "convert" or "magick convert"

WARNING: The convert command is deprecated in IMv7, use "magick" instead of "convert" or "magick convert"

WARNING: The convert command is deprecated in IMv7, use "magick" instead of "convert" or "magick convert"

WARNING: The convert command is deprecated in IMv7, use "magick" instead of "convert" or "magick convert"

WARNING: The convert command is deprecated in IMv7, use "magick" instead of "convert" or "magick convert"

WARNING: The convert command is deprecated in IMv7, use "magick" instead of "convert" or "magick convert"

WARNING: The convert command is deprecated in IMv7, use "magick" instead of "convert" or "magick convert"

WARNING: The convert command is deprecated in IMv7, use "magick" instead of "convert" or "magick convert"

WARNING: The convert command is deprecated in IMv7, use "magick" instead of "convert" or "magick convert"

WARNING: The convert command is deprecated in IMv7, use "magick" instead of "convert" or "magick convert"

WARNING: The convert command is deprecated in IMv7, use "magick" instead of "convert" or "magick convert"

WARNING: The convert command is deprecated in IMv7, use "magick" instead of "convert" or "magick convert"

WARNING: The convert command is deprecated in IMv7, use "magick" instead of "convert" or "magick convert"

WARNING: The convert command is deprecated in IMv7, use "magick" instead of "convert" or "magick convert"

WARNING: The convert command is deprecated in IMv7, use "magick" instead of "convert" or "magick convert"

WARNING: The convert command is deprecated in IMv7, use "magick" instead of "convert" or "magick convert"

WARNING: The convert command is deprecated in IMv7, use "magick" instead of "convert" or "magick convert"

WARNING: The convert command is deprecated in IMv7, use "magick" instead of "convert" or "magick convert"

WARNING: The convert command is deprecated in IMv7, use "magick" instead of "convert" or "magick convert"

WARNING: The convert command is deprecated in IMv7, use "magick" instead of "convert" or "magick convert"

WARNING: The convert command is deprecated in IMv7, use "magick" instead of "convert" or "magick convert"

WARNING: The convert command is deprecated in IMv7, use "magick" instead of "convert" or "magick convert"

WARNING: The convert command is deprecated in IMv7, use "magick" instead of "convert" or "magick convert"

WARNING: The convert command is deprecated in IMv7, use "magick" instead of "convert" or "magick convert"

WARNING: The convert command is deprecated in IMv7, use "magick" instead of "convert" or "magick convert"

WARNING: The convert command is deprecated in IMv7, use "magick" instead of "convert" or "magick convert"

WARNING: The convert command is deprecated in IMv7, use "magick" instead of "convert" or "magick convert"

WARNING: The convert command is deprecated in IMv7, use "magick" instead of "convert" or "magick convert"

WARNING: The convert command is deprecated in IMv7, use "magick" instead of "convert" or "magick convert"

WARNING: The convert command is deprecated in IMv7, use "magick" instead of "convert" or "magick convert"

WARNING: The convert command is deprecated in IMv7, use "magick" instead of "convert" or "magick convert"

WARNING: The convert command is deprecated in IMv7, use "magick" instead of "convert" or "magick convert"

WARNING: The convert command is deprecated in IMv7, use "magick" instead of "convert" or "magick convert"

WARNING: The convert command is deprecated in IMv7, use "magick" instead of "convert" or "magick convert"

WARNING: The convert command is deprecated in IMv7, use "magick" instead of "convert" or "magick convert"

WARNING: The convert command is deprecated in IMv7, use "magick" instead of "convert" or "magick convert"

WARNING: The convert command is deprecated in IMv7, use "magick" instead of "convert" or "magick convert"

WARNING: The convert command is deprecated in IMv7, use "magick" instead of "convert" or "magick convert"

WARNING: The convert command is deprecated in IMv7, use "magick" instead of "convert" or "magick convert"

WARNING: The convert command is deprecated in IMv7, use "magick" instead of "convert" or "magick convert"

WARNING: The convert command is deprecated in IMv7, use "magick" instead of "convert" or "magick convert"

WARNING: The convert command is deprecated in IMv7, use "magick" instead of "convert" or "magick convert"

WARNING: The convert command is deprecated in IMv7, use "magick" instead of "convert" or "magick convert"

WARNING: The convert command is deprecated in IMv7, use "magick" instead of "convert" or "magick convert"

WARNING: The convert command is deprecated in IMv7, use "magick" instead of "convert" or "magick convert"

WARNING: The convert command is deprecated in IMv7, use "magick" instead of "convert" or "magick convert"

WARNING: The convert command is deprecated in IMv7, use "magick" instead of "convert" or "magick convert"

WARNING: The convert command is deprecated in IMv7, use "magick" instead of "convert" or "magick convert"

WARNING: The convert command is deprecated in IMv7, use "magick" instead of "convert" or "magick convert"

WARNING: The convert command is deprecated in IMv7, use "magick" instead of "convert" or "magick convert"

WARNING: The convert command is deprecated in IMv7, use "magick" instead of "convert" or "magick convert"

WARNING: The convert command is deprecated in IMv7, use "magick" instead of "convert" or "magick convert"

WARNING: The convert command is deprecated in IMv7, use "magick" instead of "convert" or "magick convert"

WARNING: The convert command is deprecated in IMv7, use "magick" instead of "convert" or "magick convert"

WARNING: The convert command is deprecated in IMv7, use "magick" instead of "convert" or "magick convert"

WARNING: The convert command is deprecated in IMv7, use "magick" instead of "convert" or "magick convert"

WARNING: The convert command is deprecated in IMv7, use "magick" instead of "convert" or "magick convert"

WARNING: The convert command is deprecated in IMv7, use "magick" instead of "convert" or "magick convert"

WARNING: The convert command is deprecated in IMv7, use "magick" instead of "convert" or "magick convert"

WARNING: The convert command is deprecated in IMv7, use "magick" instead of "convert" or "magick convert"

WARNING: The convert command is deprecated in IMv7, use "magick" instead of "convert" or "magick convert"

WARNING: The convert command is deprecated in IMv7, use "magick" instead of "convert" or "magick convert"

WARNING: The convert command is deprecated in IMv7, use "magick" instead of "convert" or "magick convert"

WARNING: The convert command is deprecated in IMv7, use "magick" instead of "convert" or "magick convert"

WARNING: The convert command is deprecated in IMv7, use "magick" instead of "convert" or "magick convert"

WARNING: The convert command is deprecated in IMv7, use "magick" instead of "convert" or "magick convert"

WARNING: The convert command is deprecated in IMv7, use "magick" instead of "convert" or "magick convert"

WARNING: The convert command is deprecated in IMv7, use "magick" instead of "convert" or "magick convert"

WARNING: The convert command is deprecated in IMv7, use "magick" instead of "convert" or "magick convert"

WARNING: The convert command is deprecated in IMv7, use "magick" instead of "convert" or "magick convert"

WARNING: The convert command is deprecated in IMv7, use "magick" instead of "convert" or "magick convert"

WARNING: The convert command is deprecated in IMv7, use "magick" instead of "convert" or "magick convert"

WARNING: The convert command is deprecated in IMv7, use "magick" instead of "convert" or "magick convert"

WARNING: The convert command is deprecated in IMv7, use "magick" instead of "convert" or "magick convert"

WARNING: The convert command is deprecated in IMv7, use "magick" instead of "convert" or "magick convert"

WARNING: The convert command is deprecated in IMv7, use "magick" instead of "convert" or "magick convert"

WARNING: The convert command is deprecated in IMv7, use "magick" instead of "convert" or "magick convert"

WARNING: The convert command is deprecated in IMv7, use "magick" instead of "convert" or "magick convert"

WARNING: The convert command is deprecated in IMv7, use "magick" instead of "convert" or "magick convert"

WARNING: The convert command is deprecated in IMv7, use "magick" instead of "convert" or "magick convert"

WARNING: The convert command is deprecated in IMv7, use "magick" instead of "convert" or "magick convert"

WARNING: The convert command is deprecated in IMv7, use "magick" instead of "convert" or "magick convert"

WARNING: The convert command is deprecated in IMv7, use "magick" instead of "convert" or "magick convert"

WARNING: The convert command is deprecated in IMv7, use "magick" instead of "convert" or "magick convert"

WARNING: The convert command is deprecated in IMv7, use "magick" instead of "convert" or "magick convert"

WARNING: The convert command is deprecated in IMv7, use "magick" instead of "convert" or "magick convert"

WARNING: The convert command is deprecated in IMv7, use "magick" instead of "convert" or "magick convert"

WARNING: The convert command is deprecated in IMv7, use "magick" instead of "convert" or "magick convert"

WARNING: The convert command is deprecated in IMv7, use "magick" instead of "convert" or "magick convert"

WARNING: The convert command is deprecated in IMv7, use "magick" instead of "convert" or "magick convert"

WARNING: The convert command is deprecated in IMv7, use "magick" instead of "convert" or "magick convert"

WARNING: The convert command is deprecated in IMv7, use "magick" instead of "convert" or "magick convert"

WARNING: The convert command is deprecated in IMv7, use "magick" instead of "convert" or "magick convert"

WARNING: The convert command is deprecated in IMv7, use "magick" instead of "convert" or "magick convert"

WARNING: The convert command is deprecated in IMv7, use "magick" instead of "convert" or "magick convert"

WARNING: The convert command is deprecated in IMv7, use "magick" instead of "convert" or "magick convert"

WARNING: The convert command is deprecated in IMv7, use "magick" instead of "convert" or "magick convert"

WARNING: The convert command is deprecated in IMv7, use "magick" instead of "convert" or "magick convert"

WARNING: The convert command is deprecated in IMv7, use "magick" instead of "convert" or "magick convert"

WARNING: The convert command is deprecated in IMv7, use "magick" instead of "convert" or "magick convert"

WARNING: The convert command is deprecated in IMv7, use "magick" instead of "convert" or "magick convert"

WARNING: The convert command is deprecated in IMv7, use "magick" instead of "convert" or "magick convert"

WARNING: The convert command is deprecated in IMv7, use "magick" instead of "convert" or "magick convert"

WARNING: The convert command is deprecated in IMv7, use "magick" instead of "convert" or "magick convert"

WARNING: The convert command is deprecated in IMv7, use "magick" instead of "convert" or "magick convert"

WARNING: The convert command is deprecated in IMv7, use "magick" instead of "convert" or "magick convert"

WARNING: The convert command is deprecated in IMv7, use "magick" instead of "convert" or "magick convert"

WARNING: The convert command is deprecated in IMv7, use "magick" instead of "convert" or "magick convert"

WARNING: The convert command is deprecated in IMv7, use "magick" instead of "convert" or "magick convert"

WARNING: The convert command is deprecated in IMv7, use "magick" instead of "convert" or "magick convert"

WARNING: The convert command is deprecated in IMv7, use "magick" instead of "convert" or "magick convert"

WARNING: The convert command is deprecated in IMv7, use "magick" instead of "convert" or "magick convert"

WARNING: The convert command is deprecated in IMv7, use "magick" instead of "convert" or "magick convert"

WARNING: The convert command is deprecated in IMv7, use "magick" instead of "convert" or "magick convert"

WARNING: The convert command is deprecated in IMv7, use "magick" instead of "convert" or "magick convert"

WARNING: The convert command is deprecated in IMv7, use "magick" instead of "convert" or "magick convert"

** Message: 17:20:38.922: updates_checker.vala:59: check updates
WARNING: The convert command is deprecated in IMv7, use "magick" instead of "convert" or "magick convert"

WARNING: The convert command is deprecated in IMv7, use "magick" instead of "convert" or "magick convert"

WARNING: The convert command is deprecated in IMv7, use "magick" instead of "convert" or "magick convert"

WARNING: The convert command is deprecated in IMv7, use "magick" instead of "convert" or "magick convert"

WARNING: The convert command is deprecated in IMv7, use "magick" instead of "convert" or "magick convert"

WARNING: The convert command is deprecated in IMv7, use "magick" instead of "convert" or "magick convert"

WARNING: The convert command is deprecated in IMv7, use "magick" instead of "convert" or "magick convert"

WARNING: The convert command is deprecated in IMv7, use "magick" instead of "convert" or "magick convert"

WARNING: The convert command is deprecated in IMv7, use "magick" instead of "convert" or "magick convert"

WARNING: The convert command is deprecated in IMv7, use "magick" instead of "convert" or "magick convert"

WARNING: The convert command is deprecated in IMv7, use "magick" instead of "convert" or "magick convert"

WARNING: The convert command is deprecated in IMv7, use "magick" instead of "convert" or "magick convert"

WARNING: The convert command is deprecated in IMv7, use "magick" instead of "convert" or "magick convert"

WARNING: The convert command is deprecated in IMv7, use "magick" instead of "convert" or "magick convert"

WARNING: The convert command is deprecated in IMv7, use "magick" instead of "convert" or "magick convert"

WARNING: The convert command is deprecated in IMv7, use "magick" instead of "convert" or "magick convert"

WARNING: The convert command is deprecated in IMv7, use "magick" instead of "convert" or "magick convert"

WARNING: The convert command is deprecated in IMv7, use "magick" instead of "convert" or "magick convert"

WARNING: The convert command is deprecated in IMv7, use "magick" instead of "convert" or "magick convert"

WARNING: The convert command is deprecated in IMv7, use "magick" instead of "convert" or "magick convert"

WARNING: The convert command is deprecated in IMv7, use "magick" instead of "convert" or "magick convert"

WARNING: The convert command is deprecated in IMv7, use "magick" instead of "convert" or "magick convert"

WARNING: The convert command is deprecated in IMv7, use "magick" instead of "convert" or "magick convert"

WARNING: The convert command is deprecated in IMv7, use "magick" instead of "convert" or "magick convert"

WARNING: The convert command is deprecated in IMv7, use "magick" instead of "convert" or "magick convert"

WARNING: The convert command is deprecated in IMv7, use "magick" instead of "convert" or "magick convert"

WARNING: The convert command is deprecated in IMv7, use "magick" instead of "convert" or "magick convert"

WARNING: The convert command is deprecated in IMv7, use "magick" instead of "convert" or "magick convert"

WARNING: The convert command is deprecated in IMv7, use "magick" instead of "convert" or "magick convert"

WARNING: The convert command is deprecated in IMv7, use "magick" instead of "convert" or "magick convert"

WARNING: The convert command is deprecated in IMv7, use "magick" instead of "convert" or "magick convert"

WARNING: The convert command is deprecated in IMv7, use "magick" instead of "convert" or "magick convert"

WARNING: The convert command is deprecated in IMv7, use "magick" instead of "convert" or "magick convert"

WARNING: The convert command is deprecated in IMv7, use "magick" instead of "convert" or "magick convert"

WARNING: The convert command is deprecated in IMv7, use "magick" instead of "convert" or "magick convert"

WARNING: The convert command is deprecated in IMv7, use "magick" instead of "convert" or "magick convert"

WARNING: The convert command is deprecated in IMv7, use "magick" instead of "convert" or "magick convert"

WARNING: The convert command is deprecated in IMv7, use "magick" instead of "convert" or "magick convert"

WARNING: The convert command is deprecated in IMv7, use "magick" instead of "convert" or "magick convert"

WARNING: The convert command is deprecated in IMv7, use "magick" instead of "convert" or "magick convert"

WARNING: The convert command is deprecated in IMv7, use "magick" instead of "convert" or "magick convert"

WARNING: The convert command is deprecated in IMv7, use "magick" instead of "convert" or "magick convert"

WARNING: The convert command is deprecated in IMv7, use "magick" instead of "convert" or "magick convert"

WARNING: The convert command is deprecated in IMv7, use "magick" instead of "convert" or "magick convert"

WARNING: The convert command is deprecated in IMv7, use "magick" instead of "convert" or "magick convert"

WARNING: The convert command is deprecated in IMv7, use "magick" instead of "convert" or "magick convert"

WARNING: The convert command is deprecated in IMv7, use "magick" instead of "convert" or "magick convert"

WARNING: The convert command is deprecated in IMv7, use "magick" instead of "convert" or "magick convert"

WARNING: The convert command is deprecated in IMv7, use "magick" instead of "convert" or "magick convert"

WARNING: The convert command is deprecated in IMv7, use "magick" instead of "convert" or "magick convert"

WARNING: The convert command is deprecated in IMv7, use "magick" instead of "convert" or "magick convert"

WARNING: The convert command is deprecated in IMv7, use "magick" instead of "convert" or "magick convert"

WARNING: The convert command is deprecated in IMv7, use "magick" instead of "convert" or "magick convert"

WARNING: The convert command is deprecated in IMv7, use "magick" instead of "convert" or "magick convert"

WARNING: The convert command is deprecated in IMv7, use "magick" instead of "convert" or "magick convert"

WARNING: The convert command is deprecated in IMv7, use "magick" instead of "convert" or "magick convert"

WARNING: The convert command is deprecated in IMv7, use "magick" instead of "convert" or "magick convert"

WARNING: The convert command is deprecated in IMv7, use "magick" instead of "convert" or "magick convert"

WARNING: The convert command is deprecated in IMv7, use "magick" instead of "convert" or "magick convert"

WARNING: The convert command is deprecated in IMv7, use "magick" instead of "convert" or "magick convert"

WARNING: The convert command is deprecated in IMv7, use "magick" instead of "convert" or "magick convert"

WARNING: The convert command is deprecated in IMv7, use "magick" instead of "convert" or "magick convert"

WARNING: The convert command is deprecated in IMv7, use "magick" instead of "convert" or "magick convert"

WARNING: The convert command is deprecated in IMv7, use "magick" instead of "convert" or "magick convert"

WARNING: The convert command is deprecated in IMv7, use "magick" instead of "convert" or "magick convert"

WARNING: The convert command is deprecated in IMv7, use "magick" instead of "convert" or "magick convert"

WARNING: The convert command is deprecated in IMv7, use "magick" instead of "convert" or "magick convert"

WARNING: The convert command is deprecated in IMv7, use "magick" instead of "convert" or "magick convert"

WARNING: The convert command is deprecated in IMv7, use "magick" instead of "convert" or "magick convert"

WARNING: The convert command is deprecated in IMv7, use "magick" instead of "convert" or "magick convert"

WARNING: The convert command is deprecated in IMv7, use "magick" instead of "convert" or "magick convert"

WARNING: The convert command is deprecated in IMv7, use "magick" instead of "convert" or "magick convert"

WARNING: The convert command is deprecated in IMv7, use "magick" instead of "convert" or "magick convert"

WARNING: The convert command is deprecated in IMv7, use "magick" instead of "convert" or "magick convert"

WARNING: The convert command is deprecated in IMv7, use "magick" instead of "convert" or "magick convert"

WARNING: The convert command is deprecated in IMv7, use "magick" instead of "convert" or "magick convert"

WARNING: The convert command is deprecated in IMv7, use "magick" instead of "convert" or "magick convert"

WARNING: The convert command is deprecated in IMv7, use "magick" instead of "convert" or "magick convert"

WARNING: The convert command is deprecated in IMv7, use "magick" instead of "convert" or "magick convert"

WARNING: The convert command is deprecated in IMv7, use "magick" instead of "convert" or "magick convert"

WARNING: The convert command is deprecated in IMv7, use "magick" instead of "convert" or "magick convert"

WARNING: The convert command is deprecated in IMv7, use "magick" instead of "convert" or "magick convert"

WARNING: The convert command is deprecated in IMv7, use "magick" instead of "convert" or "magick convert"

WARNING: The convert command is deprecated in IMv7, use "magick" instead of "convert" or "magick convert"

WARNING: The convert command is deprecated in IMv7, use "magick" instead of "convert" or "magick convert"

WARNING: The convert command is deprecated in IMv7, use "magick" instead of "convert" or "magick convert"

WARNING: The convert command is deprecated in IMv7, use "magick" instead of "convert" or "magick convert"

WARNING: The convert command is deprecated in IMv7, use "magick" instead of "convert" or "magick convert"

WARNING: The convert command is deprecated in IMv7, use "magick" instead of "convert" or "magick convert"

WARNING: The convert command is deprecated in IMv7, use "magick" instead of "convert" or "magick convert"

WARNING: The convert command is deprecated in IMv7, use "magick" instead of "convert" or "magick convert"

WARNING: The convert command is deprecated in IMv7, use "magick" instead of "convert" or "magick convert"

WARNING: The convert command is deprecated in IMv7, use "magick" instead of "convert" or "magick convert"

WARNING: The convert command is deprecated in IMv7, use "magick" instead of "convert" or "magick convert"

WARNING: The convert command is deprecated in IMv7, use "magick" instead of "convert" or "magick convert"

WARNING: The convert command is deprecated in IMv7, use "magick" instead of "convert" or "magick convert"

WARNING: The convert command is deprecated in IMv7, use "magick" instead of "convert" or "magick convert"

WARNING: The convert command is deprecated in IMv7, use "magick" instead of "convert" or "magick convert"

WARNING: The convert command is deprecated in IMv7, use "magick" instead of "convert" or "magick convert"

WARNING: The convert command is deprecated in IMv7, use "magick" instead of "convert" or "magick convert"

WARNING: The convert command is deprecated in IMv7, use "magick" instead of "convert" or "magick convert"

WARNING: The convert command is deprecated in IMv7, use "magick" instead of "convert" or "magick convert"

WARNING: The convert command is deprecated in IMv7, use "magick" instead of "convert" or "magick convert"

WARNING: The convert command is deprecated in IMv7, use "magick" instead of "convert" or "magick convert"

WARNING: The convert command is deprecated in IMv7, use "magick" instead of "convert" or "magick convert"

WARNING: The convert command is deprecated in IMv7, use "magick" instead of "convert" or "magick convert"

WARNING: The convert command is deprecated in IMv7, use "magick" instead of "convert" or "magick convert"

WARNING: The convert command is deprecated in IMv7, use "magick" instead of "convert" or "magick convert"

WARNING: The convert command is deprecated in IMv7, use "magick" instead of "convert" or "magick convert"

WARNING: The convert command is deprecated in IMv7, use "magick" instead of "convert" or "magick convert"

WARNING: The convert command is deprecated in IMv7, use "magick" instead of "convert" or "magick convert"

WARNING: The convert command is deprecated in IMv7, use "magick" instead of "convert" or "magick convert"

WARNING: The convert command is deprecated in IMv7, use "magick" instead of "convert" or "magick convert"

WARNING: The convert command is deprecated in IMv7, use "magick" instead of "convert" or "magick convert"

WARNING: The convert command is deprecated in IMv7, use "magick" instead of "convert" or "magick convert"

WARNING: The convert command is deprecated in IMv7, use "magick" instead of "convert" or "magick convert"

WARNING: The convert command is deprecated in IMv7, use "magick" instead of "convert" or "magick convert"

WARNING: The convert command is deprecated in IMv7, use "magick" instead of "convert" or "magick convert"

WARNING: The convert command is deprecated in IMv7, use "magick" instead of "convert" or "magick convert"

WARNING: The convert command is deprecated in IMv7, use "magick" instead of "convert" or "magick convert"

WARNING: The convert command is deprecated in IMv7, use "magick" instead of "convert" or "magick convert"

WARNING: The convert command is deprecated in IMv7, use "magick" instead of "convert" or "magick convert"

WARNING: The convert command is deprecated in IMv7, use "magick" instead of "convert" or "magick convert"

WARNING: The convert command is deprecated in IMv7, use "magick" instead of "convert" or "magick convert"

WARNING: The convert command is deprecated in IMv7, use "magick" instead of "convert" or "magick convert"

WARNING: The convert command is deprecated in IMv7, use "magick" instead of "convert" or "magick convert"

WARNING: The convert command is deprecated in IMv7, use "magick" instead of "convert" or "magick convert"

WARNING: The convert command is deprecated in IMv7, use "magick" instead of "convert" or "magick convert"

WARNING: The convert command is deprecated in IMv7, use "magick" instead of "convert" or "magick convert"

WARNING: The convert command is deprecated in IMv7, use "magick" instead of "convert" or "magick convert"

WARNING: The convert command is deprecated in IMv7, use "magick" instead of "convert" or "magick convert"

WARNING: The convert command is deprecated in IMv7, use "magick" instead of "convert" or "magick convert"

** Message: 18:20:45.922: updates_checker.vala:59: check updates
WARNING: The convert command is deprecated in IMv7, use "magick" instead of "convert" or "magick convert"

WARNING: The convert command is deprecated in IMv7, use "magick" instead of "convert" or "magick convert"

WARNING: The convert command is deprecated in IMv7, use "magick" instead of "convert" or "magick convert"

WARNING: The convert command is deprecated in IMv7, use "magick" instead of "convert" or "magick convert"

WARNING: The convert command is deprecated in IMv7, use "magick" instead of "convert" or "magick convert"

WARNING: The convert command is deprecated in IMv7, use "magick" instead of "convert" or "magick convert"

WARNING: The convert command is deprecated in IMv7, use "magick" instead of "convert" or "magick convert"

WARNING: The convert command is deprecated in IMv7, use "magick" instead of "convert" or "magick convert"

WARNING: The convert command is deprecated in IMv7, use "magick" instead of "convert" or "magick convert"

WARNING: The convert command is deprecated in IMv7, use "magick" instead of "convert" or "magick convert"

WARNING: The convert command is deprecated in IMv7, use "magick" instead of "convert" or "magick convert"

WARNING: The convert command is deprecated in IMv7, use "magick" instead of "convert" or "magick convert"

WARNING: The convert command is deprecated in IMv7, use "magick" instead of "convert" or "magick convert"

WARNING: The convert command is deprecated in IMv7, use "magick" instead of "convert" or "magick convert"

WARNING: The convert command is deprecated in IMv7, use "magick" instead of "convert" or "magick convert"

WARNING: The convert command is deprecated in IMv7, use "magick" instead of "convert" or "magick convert"

WARNING: The convert command is deprecated in IMv7, use "magick" instead of "convert" or "magick convert"

WARNING: The convert command is deprecated in IMv7, use "magick" instead of "convert" or "magick convert"

WARNING: The convert command is deprecated in IMv7, use "magick" instead of "convert" or "magick convert"

WARNING: The convert command is deprecated in IMv7, use "magick" instead of "convert" or "magick convert"

WARNING: The convert command is deprecated in IMv7, use "magick" instead of "convert" or "magick convert"

WARNING: The convert command is deprecated in IMv7, use "magick" instead of "convert" or "magick convert"

WARNING: The convert command is deprecated in IMv7, use "magick" instead of "convert" or "magick convert"

WARNING: The convert command is deprecated in IMv7, use "magick" instead of "convert" or "magick convert"

WARNING: The convert command is deprecated in IMv7, use "magick" instead of "convert" or "magick convert"

WARNING: The convert command is deprecated in IMv7, use "magick" instead of "convert" or "magick convert"

WARNING: The convert command is deprecated in IMv7, use "magick" instead of "convert" or "magick convert"

WARNING: The convert command is deprecated in IMv7, use "magick" instead of "convert" or "magick convert"

WARNING: The convert command is deprecated in IMv7, use "magick" instead of "convert" or "magick convert"

WARNING: The convert command is deprecated in IMv7, use "magick" instead of "convert" or "magick convert"

WARNING: The convert command is deprecated in IMv7, use "magick" instead of "convert" or "magick convert"

WARNING: The convert command is deprecated in IMv7, use "magick" instead of "convert" or "magick convert"

WARNING: The convert command is deprecated in IMv7, use "magick" instead of "convert" or "magick convert"

WARNING: The convert command is deprecated in IMv7, use "magick" instead of "convert" or "magick convert"

WARNING: The convert command is deprecated in IMv7, use "magick" instead of "convert" or "magick convert"

WARNING: The convert command is deprecated in IMv7, use "magick" instead of "convert" or "magick convert"

WARNING: The convert command is deprecated in IMv7, use "magick" instead of "convert" or "magick convert"

WARNING: The convert command is deprecated in IMv7, use "magick" instead of "convert" or "magick convert"

WARNING: The convert command is deprecated in IMv7, use "magick" instead of "convert" or "magick convert"

WARNING: The convert command is deprecated in IMv7, use "magick" instead of "convert" or "magick convert"

WARNING: The convert command is deprecated in IMv7, use "magick" instead of "convert" or "magick convert"

WARNING: The convert command is deprecated in IMv7, use "magick" instead of "convert" or "magick convert"

WARNING: The convert command is deprecated in IMv7, use "magick" instead of "convert" or "magick convert"

WARNING: The convert command is deprecated in IMv7, use "magick" instead of "convert" or "magick convert"

WARNING: The convert command is deprecated in IMv7, use "magick" instead of "convert" or "magick convert"

WARNING: The convert command is deprecated in IMv7, use "magick" instead of "convert" or "magick convert"

WARNING: The convert command is deprecated in IMv7, use "magick" instead of "convert" or "magick convert"

WARNING: The convert command is deprecated in IMv7, use "magick" instead of "convert" or "magick convert"

WARNING: The convert command is deprecated in IMv7, use "magick" instead of "convert" or "magick convert"

WARNING: The convert command is deprecated in IMv7, use "magick" instead of "convert" or "magick convert"

WARNING: The convert command is deprecated in IMv7, use "magick" instead of "convert" or "magick convert"

WARNING: The convert command is deprecated in IMv7, use "magick" instead of "convert" or "magick convert"

WARNING: The convert command is deprecated in IMv7, use "magick" instead of "convert" or "magick convert"

WARNING: The convert command is deprecated in IMv7, use "magick" instead of "convert" or "magick convert"

WARNING: The convert command is deprecated in IMv7, use "magick" instead of "convert" or "magick convert"

WARNING: The convert command is deprecated in IMv7, use "magick" instead of "convert" or "magick convert"

WARNING: The convert command is deprecated in IMv7, use "magick" instead of "convert" or "magick convert"

WARNING: The convert command is deprecated in IMv7, use "magick" instead of "convert" or "magick convert"

WARNING: The convert command is deprecated in IMv7, use "magick" instead of "convert" or "magick convert"

WARNING: The convert command is deprecated in IMv7, use "magick" instead of "convert" or "magick convert"

WARNING: The convert command is deprecated in IMv7, use "magick" instead of "convert" or "magick convert"

WARNING: The convert command is deprecated in IMv7, use "magick" instead of "convert" or "magick convert"

WARNING: The convert command is deprecated in IMv7, use "magick" instead of "convert" or "magick convert"

WARNING: The convert command is deprecated in IMv7, use "magick" instead of "convert" or "magick convert"

WARNING: The convert command is deprecated in IMv7, use "magick" instead of "convert" or "magick convert"

WARNING: The convert command is deprecated in IMv7, use "magick" instead of "convert" or "magick convert"

WARNING: The convert command is deprecated in IMv7, use "magick" instead of "convert" or "magick convert"

WARNING: The convert command is deprecated in IMv7, use "magick" instead of "convert" or "magick convert"

WARNING: The convert command is deprecated in IMv7, use "magick" instead of "convert" or "magick convert"

WARNING: The convert command is deprecated in IMv7, use "magick" instead of "convert" or "magick convert"

WARNING: The convert command is deprecated in IMv7, use "magick" instead of "convert" or "magick convert"

WARNING: The convert command is deprecated in IMv7, use "magick" instead of "convert" or "magick convert"

WARNING: The convert command is deprecated in IMv7, use "magick" instead of "convert" or "magick convert"

WARNING: The convert command is deprecated in IMv7, use "magick" instead of "convert" or "magick convert"

WARNING: The convert command is deprecated in IMv7, use "magick" instead of "convert" or "magick convert"

WARNING: The convert command is deprecated in IMv7, use "magick" instead of "convert" or "magick convert"

WARNING: The convert command is deprecated in IMv7, use "magick" instead of "convert" or "magick convert"

WARNING: The convert command is deprecated in IMv7, use "magick" instead of "convert" or "magick convert"

WARNING: The convert command is deprecated in IMv7, use "magick" instead of "convert" or "magick convert"

WARNING: The convert command is deprecated in IMv7, use "magick" instead of "convert" or "magick convert"

WARNING: The convert command is deprecated in IMv7, use "magick" instead of "convert" or "magick convert"

WARNING: The convert command is deprecated in IMv7, use "magick" instead of "convert" or "magick convert"

WARNING: The convert command is deprecated in IMv7, use "magick" instead of "convert" or "magick convert"

WARNING: The convert command is deprecated in IMv7, use "magick" instead of "convert" or "magick convert"

WARNING: The convert command is deprecated in IMv7, use "magick" instead of "convert" or "magick convert"

WARNING: The convert command is deprecated in IMv7, use "magick" instead of "convert" or "magick convert"

WARNING: The convert command is deprecated in IMv7, use "magick" instead of "convert" or "magick convert"

WARNING: The convert command is deprecated in IMv7, use "magick" instead of "convert" or "magick convert"

WARNING: The convert command is deprecated in IMv7, use "magick" instead of "convert" or "magick convert"

WARNING: The convert command is deprecated in IMv7, use "magick" instead of "convert" or "magick convert"

WARNING: The convert command is deprecated in IMv7, use "magick" instead of "convert" or "magick convert"

WARNING: The convert command is deprecated in IMv7, use "magick" instead of "convert" or "magick convert"

WARNING: The convert command is deprecated in IMv7, use "magick" instead of "convert" or "magick convert"

WARNING: The convert command is deprecated in IMv7, use "magick" instead of "convert" or "magick convert"

WARNING: The convert command is deprecated in IMv7, use "magick" instead of "convert" or "magick convert"

WARNING: The convert command is deprecated in IMv7, use "magick" instead of "convert" or "magick convert"

WARNING: The convert command is deprecated in IMv7, use "magick" instead of "convert" or "magick convert"

WARNING: The convert command is deprecated in IMv7, use "magick" instead of "convert" or "magick convert"

WARNING: The convert command is deprecated in IMv7, use "magick" instead of "convert" or "magick convert"

WARNING: The convert command is deprecated in IMv7, use "magick" instead of "convert" or "magick convert"

WARNING: The convert command is deprecated in IMv7, use "magick" instead of "convert" or "magick convert"

WARNING: The convert command is deprecated in IMv7, use "magick" instead of "convert" or "magick convert"

WARNING: The convert command is deprecated in IMv7, use "magick" instead of "convert" or "magick convert"

WARNING: The convert command is deprecated in IMv7, use "magick" instead of "convert" or "magick convert"

WARNING: The convert command is deprecated in IMv7, use "magick" instead of "convert" or "magick convert"

WARNING: The convert command is deprecated in IMv7, use "magick" instead of "convert" or "magick convert"

WARNING: The convert command is deprecated in IMv7, use "magick" instead of "convert" or "magick convert"

WARNING: The convert command is deprecated in IMv7, use "magick" instead of "convert" or "magick convert"

WARNING: The convert command is deprecated in IMv7, use "magick" instead of "convert" or "magick convert"

WARNING: The convert command is deprecated in IMv7, use "magick" instead of "convert" or "magick convert"

WARNING: The convert command is deprecated in IMv7, use "magick" instead of "convert" or "magick convert"

WARNING: The convert command is deprecated in IMv7, use "magick" instead of "convert" or "magick convert"

WARNING: The convert command is deprecated in IMv7, use "magick" instead of "convert" or "magick convert"

WARNING: The convert command is deprecated in IMv7, use "magick" instead of "convert" or "magick convert"

WARNING: The convert command is deprecated in IMv7, use "magick" instead of "convert" or "magick convert"

WARNING: The convert command is deprecated in IMv7, use "magick" instead of "convert" or "magick convert"

WARNING: The convert command is deprecated in IMv7, use "magick" instead of "convert" or "magick convert"

WARNING: The convert command is deprecated in IMv7, use "magick" instead of "convert" or "magick convert"

WARNING: The convert command is deprecated in IMv7, use "magick" instead of "convert" or "magick convert"

WARNING: The convert command is deprecated in IMv7, use "magick" instead of "convert" or "magick convert"

WARNING: The convert command is deprecated in IMv7, use "magick" instead of "convert" or "magick convert"

WARNING: The convert command is deprecated in IMv7, use "magick" instead of "convert" or "magick convert"

WARNING: The convert command is deprecated in IMv7, use "magick" instead of "convert" or "magick convert"

WARNING: The convert command is deprecated in IMv7, use "magick" instead of "convert" or "magick convert"

WARNING: The convert command is deprecated in IMv7, use "magick" instead of "convert" or "magick convert"

WARNING: The convert command is deprecated in IMv7, use "magick" instead of "convert" or "magick convert"

WARNING: The convert command is deprecated in IMv7, use "magick" instead of "convert" or "magick convert"

WARNING: The convert command is deprecated in IMv7, use "magick" instead of "convert" or "magick convert"

WARNING: The convert command is deprecated in IMv7, use "magick" instead of "convert" or "magick convert"

WARNING: The convert command is deprecated in IMv7, use "magick" instead of "convert" or "magick convert"

WARNING: The convert command is deprecated in IMv7, use "magick" instead of "convert" or "magick convert"

WARNING: The convert command is deprecated in IMv7, use "magick" instead of "convert" or "magick convert"

** Message: 19:20:55.923: updates_checker.vala:59: check updates
WARNING: The convert command is deprecated in IMv7, use "magick" instead of "convert" or "magick convert"

WARNING: The convert command is deprecated in IMv7, use "magick" instead of "convert" or "magick convert"

WARNING: The convert command is deprecated in IMv7, use "magick" instead of "convert" or "magick convert"

WARNING: The convert command is deprecated in IMv7, use "magick" instead of "convert" or "magick convert"

WARNING: The convert command is deprecated in IMv7, use "magick" instead of "convert" or "magick convert"

WARNING: The convert command is deprecated in IMv7, use "magick" instead of "convert" or "magick convert"

WARNING: The convert command is deprecated in IMv7, use "magick" instead of "convert" or "magick convert"

WARNING: The convert command is deprecated in IMv7, use "magick" instead of "convert" or "magick convert"

WARNING: The convert command is deprecated in IMv7, use "magick" instead of "convert" or "magick convert"

WARNING: The convert command is deprecated in IMv7, use "magick" instead of "convert" or "magick convert"

WARNING: The convert command is deprecated in IMv7, use "magick" instead of "convert" or "magick convert"

WARNING: The convert command is deprecated in IMv7, use "magick" instead of "convert" or "magick convert"

WARNING: The convert command is deprecated in IMv7, use "magick" instead of "convert" or "magick convert"

WARNING: The convert command is deprecated in IMv7, use "magick" instead of "convert" or "magick convert"

WARNING: The convert command is deprecated in IMv7, use "magick" instead of "convert" or "magick convert"

WARNING: The convert command is deprecated in IMv7, use "magick" instead of "convert" or "magick convert"

WARNING: The convert command is deprecated in IMv7, use "magick" instead of "convert" or "magick convert"

WARNING: The convert command is deprecated in IMv7, use "magick" instead of "convert" or "magick convert"

WARNING: The convert command is deprecated in IMv7, use "magick" instead of "convert" or "magick convert"

WARNING: The convert command is deprecated in IMv7, use "magick" instead of "convert" or "magick convert"

WARNING: The convert command is deprecated in IMv7, use "magick" instead of "convert" or "magick convert"

WARNING: The convert command is deprecated in IMv7, use "magick" instead of "convert" or "magick convert"

WARNING: The convert command is deprecated in IMv7, use "magick" instead of "convert" or "magick convert"

WARNING: The convert command is deprecated in IMv7, use "magick" instead of "convert" or "magick convert"

WARNING: The convert command is deprecated in IMv7, use "magick" instead of "convert" or "magick convert"

WARNING: The convert command is deprecated in IMv7, use "magick" instead of "convert" or "magick convert"

WARNING: The convert command is deprecated in IMv7, use "magick" instead of "convert" or "magick convert"

WARNING: The convert command is deprecated in IMv7, use "magick" instead of "convert" or "magick convert"

WARNING: The convert command is deprecated in IMv7, use "magick" instead of "convert" or "magick convert"

WARNING: The convert command is deprecated in IMv7, use "magick" instead of "convert" or "magick convert"

WARNING: The convert command is deprecated in IMv7, use "magick" instead of "convert" or "magick convert"

WARNING: The convert command is deprecated in IMv7, use "magick" instead of "convert" or "magick convert"

WARNING: The convert command is deprecated in IMv7, use "magick" instead of "convert" or "magick convert"

WARNING: The convert command is deprecated in IMv7, use "magick" instead of "convert" or "magick convert"

WARNING: The convert command is deprecated in IMv7, use "magick" instead of "convert" or "magick convert"

WARNING: The convert command is deprecated in IMv7, use "magick" instead of "convert" or "magick convert"

WARNING: The convert command is deprecated in IMv7, use "magick" instead of "convert" or "magick convert"

WARNING: The convert command is deprecated in IMv7, use "magick" instead of "convert" or "magick convert"

WARNING: The convert command is deprecated in IMv7, use "magick" instead of "convert" or "magick convert"

WARNING: The convert command is deprecated in IMv7, use "magick" instead of "convert" or "magick convert"

WARNING: The convert command is deprecated in IMv7, use "magick" instead of "convert" or "magick convert"

WARNING: The convert command is deprecated in IMv7, use "magick" instead of "convert" or "magick convert"

WARNING: The convert command is deprecated in IMv7, use "magick" instead of "convert" or "magick convert"

WARNING: The convert command is deprecated in IMv7, use "magick" instead of "convert" or "magick convert"

WARNING: The convert command is deprecated in IMv7, use "magick" instead of "convert" or "magick convert"

WARNING: The convert command is deprecated in IMv7, use "magick" instead of "convert" or "magick convert"

WARNING: The convert command is deprecated in IMv7, use "magick" instead of "convert" or "magick convert"

WARNING: The convert command is deprecated in IMv7, use "magick" instead of "convert" or "magick convert"

WARNING: The convert command is deprecated in IMv7, use "magick" instead of "convert" or "magick convert"

WARNING: The convert command is deprecated in IMv7, use "magick" instead of "convert" or "magick convert"

WARNING: The convert command is deprecated in IMv7, use "magick" instead of "convert" or "magick convert"

WARNING: The convert command is deprecated in IMv7, use "magick" instead of "convert" or "magick convert"

WARNING: The convert command is deprecated in IMv7, use "magick" instead of "convert" or "magick convert"

WARNING: The convert command is deprecated in IMv7, use "magick" instead of "convert" or "magick convert"

WARNING: The convert command is deprecated in IMv7, use "magick" instead of "convert" or "magick convert"

WARNING: The convert command is deprecated in IMv7, use "magick" instead of "convert" or "magick convert"

WARNING: The convert command is deprecated in IMv7, use "magick" instead of "convert" or "magick convert"

WARNING: The convert command is deprecated in IMv7, use "magick" instead of "convert" or "magick convert"

WARNING: The convert command is deprecated in IMv7, use "magick" instead of "convert" or "magick convert"

WARNING: The convert command is deprecated in IMv7, use "magick" instead of "convert" or "magick convert"

WARNING: The convert command is deprecated in IMv7, use "magick" instead of "convert" or "magick convert"

WARNING: The convert command is deprecated in IMv7, use "magick" instead of "convert" or "magick convert"

WARNING: The convert command is deprecated in IMv7, use "magick" instead of "convert" or "magick convert"

WARNING: The convert command is deprecated in IMv7, use "magick" instead of "convert" or "magick convert"

WARNING: The convert command is deprecated in IMv7, use "magick" instead of "convert" or "magick convert"

WARNING: The convert command is deprecated in IMv7, use "magick" instead of "convert" or "magick convert"

WARNING: The convert command is deprecated in IMv7, use "magick" instead of "convert" or "magick convert"

WARNING: The convert command is deprecated in IMv7, use "magick" instead of "convert" or "magick convert"

WARNING: The convert command is deprecated in IMv7, use "magick" instead of "convert" or "magick convert"

WARNING: The convert command is deprecated in IMv7, use "magick" instead of "convert" or "magick convert"

WARNING: The convert command is deprecated in IMv7, use "magick" instead of "convert" or "magick convert"

WARNING: The convert command is deprecated in IMv7, use "magick" instead of "convert" or "magick convert"

WARNING: The convert command is deprecated in IMv7, use "magick" instead of "convert" or "magick convert"

WARNING: The convert command is deprecated in IMv7, use "magick" instead of "convert" or "magick convert"

WARNING: The convert command is deprecated in IMv7, use "magick" instead of "convert" or "magick convert"

WARNING: The convert command is deprecated in IMv7, use "magick" instead of "convert" or "magick convert"

WARNING: The convert command is deprecated in IMv7, use "magick" instead of "convert" or "magick convert"

WARNING: The convert command is deprecated in IMv7, use "magick" instead of "convert" or "magick convert"

WARNING: The convert command is deprecated in IMv7, use "magick" instead of "convert" or "magick convert"

WARNING: The convert command is deprecated in IMv7, use "magick" instead of "convert" or "magick convert"

WARNING: The convert command is deprecated in IMv7, use "magick" instead of "convert" or "magick convert"

WARNING: The convert command is deprecated in IMv7, use "magick" instead of "convert" or "magick convert"

WARNING: The convert command is deprecated in IMv7, use "magick" instead of "convert" or "magick convert"

WARNING: The convert command is deprecated in IMv7, use "magick" instead of "convert" or "magick convert"

WARNING: The convert command is deprecated in IMv7, use "magick" instead of "convert" or "magick convert"

WARNING: The convert command is deprecated in IMv7, use "magick" instead of "convert" or "magick convert"

WARNING: The convert command is deprecated in IMv7, use "magick" instead of "convert" or "magick convert"

WARNING: The convert command is deprecated in IMv7, use "magick" instead of "convert" or "magick convert"

WARNING: The convert command is deprecated in IMv7, use "magick" instead of "convert" or "magick convert"

WARNING: The convert command is deprecated in IMv7, use "magick" instead of "convert" or "magick convert"

WARNING: The convert command is deprecated in IMv7, use "magick" instead of "convert" or "magick convert"

WARNING: The convert command is deprecated in IMv7, use "magick" instead of "convert" or "magick convert"

WARNING: The convert command is deprecated in IMv7, use "magick" instead of "convert" or "magick convert"

WARNING: The convert command is deprecated in IMv7, use "magick" instead of "convert" or "magick convert"

WARNING: The convert command is deprecated in IMv7, use "magick" instead of "convert" or "magick convert"

WARNING: The convert command is deprecated in IMv7, use "magick" instead of "convert" or "magick convert"

WARNING: The convert command is deprecated in IMv7, use "magick" instead of "convert" or "magick convert"

WARNING: The convert command is deprecated in IMv7, use "magick" instead of "convert" or "magick convert"

WARNING: The convert command is deprecated in IMv7, use "magick" instead of "convert" or "magick convert"

WARNING: The convert command is deprecated in IMv7, use "magick" instead of "convert" or "magick convert"

WARNING: The convert command is deprecated in IMv7, use "magick" instead of "convert" or "magick convert"

WARNING: The convert command is deprecated in IMv7, use "magick" instead of "convert" or "magick convert"

WARNING: The convert command is deprecated in IMv7, use "magick" instead of "convert" or "magick convert"

WARNING: The convert command is deprecated in IMv7, use "magick" instead of "convert" or "magick convert"

WARNING: The convert command is deprecated in IMv7, use "magick" instead of "convert" or "magick convert"

WARNING: The convert command is deprecated in IMv7, use "magick" instead of "convert" or "magick convert"

WARNING: The convert command is deprecated in IMv7, use "magick" instead of "convert" or "magick convert"

WARNING: The convert command is deprecated in IMv7, use "magick" instead of "convert" or "magick convert"

WARNING: The convert command is deprecated in IMv7, use "magick" instead of "convert" or "magick convert"

WARNING: The convert command is deprecated in IMv7, use "magick" instead of "convert" or "magick convert"

WARNING: The convert command is deprecated in IMv7, use "magick" instead of "convert" or "magick convert"

WARNING: The convert command is deprecated in IMv7, use "magick" instead of "convert" or "magick convert"

WARNING: The convert command is deprecated in IMv7, use "magick" instead of "convert" or "magick convert"

WARNING: The convert command is deprecated in IMv7, use "magick" instead of "convert" or "magick convert"

WARNING: The convert command is deprecated in IMv7, use "magick" instead of "convert" or "magick convert"

WARNING: The convert command is deprecated in IMv7, use "magick" instead of "convert" or "magick convert"

WARNING: The convert command is deprecated in IMv7, use "magick" instead of "convert" or "magick convert"

WARNING: The convert command is deprecated in IMv7, use "magick" instead of "convert" or "magick convert"

WARNING: The convert command is deprecated in IMv7, use "magick" instead of "convert" or "magick convert"

WARNING: The convert command is deprecated in IMv7, use "magick" instead of "convert" or "magick convert"

WARNING: The convert command is deprecated in IMv7, use "magick" instead of "convert" or "magick convert"

WARNING: The convert command is deprecated in IMv7, use "magick" instead of "convert" or "magick convert"

WARNING: The convert command is deprecated in IMv7, use "magick" instead of "convert" or "magick convert"

WARNING: The convert command is deprecated in IMv7, use "magick" instead of "convert" or "magick convert"

WARNING: The convert command is deprecated in IMv7, use "magick" instead of "convert" or "magick convert"

WARNING: The convert command is deprecated in IMv7, use "magick" instead of "convert" or "magick convert"

WARNING: The convert command is deprecated in IMv7, use "magick" instead of "convert" or "magick convert"

WARNING: The convert command is deprecated in IMv7, use "magick" instead of "convert" or "magick convert"

WARNING: The convert command is deprecated in IMv7, use "magick" instead of "convert" or "magick convert"

WARNING: The convert command is deprecated in IMv7, use "magick" instead of "convert" or "magick convert"

WARNING: The convert command is deprecated in IMv7, use "magick" instead of "convert" or "magick convert"

WARNING: The convert command is deprecated in IMv7, use "magick" instead of "convert" or "magick convert"

WARNING: The convert command is deprecated in IMv7, use "magick" instead of "convert" or "magick convert"

WARNING: The convert command is deprecated in IMv7, use "magick" instead of "convert" or "magick convert"

** Message: 20:21:01.922: updates_checker.vala:59: check updates
WARNING: The convert command is deprecated in IMv7, use "magick" instead of "convert" or "magick convert"

WARNING: The convert command is deprecated in IMv7, use "magick" instead of "convert" or "magick convert"

WARNING: The convert command is deprecated in IMv7, use "magick" instead of "convert" or "magick convert"

WARNING: The convert command is deprecated in IMv7, use "magick" instead of "convert" or "magick convert"

WARNING: The convert command is deprecated in IMv7, use "magick" instead of "convert" or "magick convert"

WARNING: The convert command is deprecated in IMv7, use "magick" instead of "convert" or "magick convert"

WARNING: The convert command is deprecated in IMv7, use "magick" instead of "convert" or "magick convert"

WARNING: The convert command is deprecated in IMv7, use "magick" instead of "convert" or "magick convert"

WARNING: The convert command is deprecated in IMv7, use "magick" instead of "convert" or "magick convert"

WARNING: The convert command is deprecated in IMv7, use "magick" instead of "convert" or "magick convert"

WARNING: The convert command is deprecated in IMv7, use "magick" instead of "convert" or "magick convert"

WARNING: The convert command is deprecated in IMv7, use "magick" instead of "convert" or "magick convert"

WARNING: The convert command is deprecated in IMv7, use "magick" instead of "convert" or "magick convert"

WARNING: The convert command is deprecated in IMv7, use "magick" instead of "convert" or "magick convert"

WARNING: The convert command is deprecated in IMv7, use "magick" instead of "convert" or "magick convert"

WARNING: The convert command is deprecated in IMv7, use "magick" instead of "convert" or "magick convert"

WARNING: The convert command is deprecated in IMv7, use "magick" instead of "convert" or "magick convert"

WARNING: The convert command is deprecated in IMv7, use "magick" instead of "convert" or "magick convert"

WARNING: The convert command is deprecated in IMv7, use "magick" instead of "convert" or "magick convert"

WARNING: The convert command is deprecated in IMv7, use "magick" instead of "convert" or "magick convert"

WARNING: The convert command is deprecated in IMv7, use "magick" instead of "convert" or "magick convert"

WARNING: The convert command is deprecated in IMv7, use "magick" instead of "convert" or "magick convert"

WARNING: The convert command is deprecated in IMv7, use "magick" instead of "convert" or "magick convert"

WARNING: The convert command is deprecated in IMv7, use "magick" instead of "convert" or "magick convert"

WARNING: The convert command is deprecated in IMv7, use "magick" instead of "convert" or "magick convert"

WARNING: The convert command is deprecated in IMv7, use "magick" instead of "convert" or "magick convert"

WARNING: The convert command is deprecated in IMv7, use "magick" instead of "convert" or "magick convert"

WARNING: The convert command is deprecated in IMv7, use "magick" instead of "convert" or "magick convert"

WARNING: The convert command is deprecated in IMv7, use "magick" instead of "convert" or "magick convert"

WARNING: The convert command is deprecated in IMv7, use "magick" instead of "convert" or "magick convert"

WARNING: The convert command is deprecated in IMv7, use "magick" instead of "convert" or "magick convert"

WARNING: The convert command is deprecated in IMv7, use "magick" instead of "convert" or "magick convert"

WARNING: The convert command is deprecated in IMv7, use "magick" instead of "convert" or "magick convert"

WARNING: The convert command is deprecated in IMv7, use "magick" instead of "convert" or "magick convert"

WARNING: The convert command is deprecated in IMv7, use "magick" instead of "convert" or "magick convert"

WARNING: The convert command is deprecated in IMv7, use "magick" instead of "convert" or "magick convert"

WARNING: The convert command is deprecated in IMv7, use "magick" instead of "convert" or "magick convert"

WARNING: The convert command is deprecated in IMv7, use "magick" instead of "convert" or "magick convert"


** (variety:99976): WARNING **: 20:38:33.825: Directory Photo has an unexpected next pointer; ignored.

** (variety:99976): WARNING **: 20:38:33.825: Directory Photo has an unexpected next pointer; ignored.

** (variety:99976): WARNING **: 20:38:33.825: Directory Photo has an unexpected next pointer; ignored.
ERROR: 2025-08-31 20:38:33,835: safe_unlink() 'Could not delete /home/pd0rk1n/.config/variety/Downloaded/wallhaven_simple/wallhaven-g7l393.jpg.metadata.json, ignoring'
Traceback (most recent call last):
  File "/usr/lib/python3.13/site-packages/variety/Util.py", line 910, in safe_unlink
    os.unlink(filepath)
    ~~~~~~~~~^^^^^^^^^^
FileNotFoundError: [Errno 2] No such file or directory: '/home/pd0rk1n/.config/variety/Downloaded/wallhaven_simple/wallhaven-g7l393.jpg.metadata.json'
ERROR: 2025-08-31 20:38:33,835: safe_unlink() 'Could not delete /home/pd0rk1n/.config/variety/Downloaded/wallhaven_simple/wallhaven-n6qzmx.png.metadata.json, ignoring'
Traceback (most recent call last):
  File "/usr/lib/python3.13/site-packages/variety/Util.py", line 910, in safe_unlink
    os.unlink(filepath)
    ~~~~~~~~~^^^^^^^^^^
FileNotFoundError: [Errno 2] No such file or directory: '/home/pd0rk1n/.config/variety/Downloaded/wallhaven_simple/wallhaven-n6qzmx.png.metadata.json'
ERROR: 2025-08-31 20:38:33,836: safe_unlink() 'Could not delete /home/pd0rk1n/.config/variety/Downloaded/wallhaven_simple/wallhaven-dpqjqg.jpg.metadata.json, ignoring'
Traceback (most recent call last):
  File "/usr/lib/python3.13/site-packages/variety/Util.py", line 910, in safe_unlink
    os.unlink(filepath)
    ~~~~~~~~~^^^^^^^^^^
FileNotFoundError: [Errno 2] No such file or directory: '/home/pd0rk1n/.config/variety/Downloaded/wallhaven_simple/wallhaven-dpqjqg.jpg.metadata.json'
ERROR: 2025-08-31 20:38:33,836: safe_unlink() 'Could not delete /home/pd0rk1n/.config/variety/Downloaded/wallhaven_simple/wallhaven-7p792o.jpg.metadata.json, ignoring'
Traceback (most recent call last):
  File "/usr/lib/python3.13/site-packages/variety/Util.py", line 910, in safe_unlink
    os.unlink(filepath)
    ~~~~~~~~~^^^^^^^^^^
FileNotFoundError: [Errno 2] No such file or directory: '/home/pd0rk1n/.config/variety/Downloaded/wallhaven_simple/wallhaven-7p792o.jpg.metadata.json'
ERROR: 2025-08-31 20:38:33,836: safe_unlink() 'Could not delete /home/pd0rk1n/.config/variety/Downloaded/wallhaven_simple/wallhaven-zyz5qv.jpg.metadata.json, ignoring'
Traceback (most recent call last):
  File "/usr/lib/python3.13/site-packages/variety/Util.py", line 910, in safe_unlink
    os.unlink(filepath)
    ~~~~~~~~~^^^^^^^^^^
FileNotFoundError: [Errno 2] No such file or directory: '/home/pd0rk1n/.config/variety/Downloaded/wallhaven_simple/wallhaven-zyz5qv.jpg.metadata.json'
ERROR: 2025-08-31 20:38:33,837: safe_unlink() 'Could not delete /home/pd0rk1n/.config/variety/Downloaded/wallhaven_simple/wallhaven-5762p1.jpg.metadata.json, ignoring'
Traceback (most recent call last):
  File "/usr/lib/python3.13/site-packages/variety/Util.py", line 910, in safe_unlink
    os.unlink(filepath)
    ~~~~~~~~~^^^^^^^^^^
FileNotFoundError: [Errno 2] No such file or directory: '/home/pd0rk1n/.config/variety/Downloaded/wallhaven_simple/wallhaven-5762p1.jpg.metadata.json'
ERROR: 2025-08-31 20:38:33,837: safe_unlink() 'Could not delete /home/pd0rk1n/.config/variety/Downloaded/wallhaven_simple/wallhaven-7p89go.jpg.metadata.json, ignoring'
Traceback (most recent call last):
  File "/usr/lib/python3.13/site-packages/variety/Util.py", line 910, in safe_unlink
    os.unlink(filepath)
    ~~~~~~~~~^^^^^^^^^^
FileNotFoundError: [Errno 2] No such file or directory: '/home/pd0rk1n/.config/variety/Downloaded/wallhaven_simple/wallhaven-7p89go.jpg.metadata.json'
ERROR: 2025-08-31 20:38:33,837: safe_unlink() 'Could not delete /home/pd0rk1n/.config/variety/Downloaded/wallhaven_simple/wallhaven-m9odj1.jpg.metadata.json, ignoring'
Traceback (most recent call last):
  File "/usr/lib/python3.13/site-packages/variety/Util.py", line 910, in safe_unlink
    os.unlink(filepath)
    ~~~~~~~~~^^^^^^^^^^
FileNotFoundError: [Errno 2] No such file or directory: '/home/pd0rk1n/.config/variety/Downloaded/wallhaven_simple/wallhaven-m9odj1.jpg.metadata.json'
ERROR: 2025-08-31 20:38:33,838: safe_unlink() 'Could not delete /home/pd0rk1n/.config/variety/Downloaded/wallhaven_simple/wallhaven-2eo5xy.jpg.metadata.json, ignoring'
Traceback (most recent call last):
  File "/usr/lib/python3.13/site-packages/variety/Util.py", line 910, in safe_unlink
    os.unlink(filepath)
    ~~~~~~~~~^^^^^^^^^^
FileNotFoundError: [Errno 2] No such file or directory: '/home/pd0rk1n/.config/variety/Downloaded/wallhaven_simple/wallhaven-2eo5xy.jpg.metadata.json'
ERROR: 2025-08-31 20:38:33,838: safe_unlink() 'Could not delete /home/pd0rk1n/.config/variety/Downloaded/wallhaven_simple/wallhaven-85vm3k.png.metadata.json, ignoring'
Traceback (most recent call last):
  File "/usr/lib/python3.13/site-packages/variety/Util.py", line 910, in safe_unlink
    os.unlink(filepath)
    ~~~~~~~~~^^^^^^^^^^
FileNotFoundError: [Errno 2] No such file or directory: '/home/pd0rk1n/.config/variety/Downloaded/wallhaven_simple/wallhaven-85vm3k.png.metadata.json'
ERROR: 2025-08-31 20:38:33,838: safe_unlink() 'Could not delete /home/pd0rk1n/.config/variety/Downloaded/wallhaven_simple/wallhaven-1pd22w.png.metadata.json, ignoring'
Traceback (most recent call last):
  File "/usr/lib/python3.13/site-packages/variety/Util.py", line 910, in safe_unlink
    os.unlink(filepath)
    ~~~~~~~~~^^^^^^^^^^
FileNotFoundError: [Errno 2] No such file or directory: '/home/pd0rk1n/.config/variety/Downloaded/wallhaven_simple/wallhaven-1pd22w.png.metadata.json'
ERROR: 2025-08-31 20:38:33,839: safe_unlink() 'Could not delete /home/pd0rk1n/.config/variety/Downloaded/wallhaven_simple/wallhaven-p87j69.jpg.metadata.json, ignoring'
Traceback (most recent call last):
  File "/usr/lib/python3.13/site-packages/variety/Util.py", line 910, in safe_unlink
    os.unlink(filepath)
    ~~~~~~~~~^^^^^^^^^^
FileNotFoundError: [Errno 2] No such file or directory: '/home/pd0rk1n/.config/variety/Downloaded/wallhaven_simple/wallhaven-p87j69.jpg.metadata.json'
ERROR: 2025-08-31 20:38:33,839: safe_unlink() 'Could not delete /home/pd0rk1n/.config/variety/Downloaded/wallhaven_simple/wallhaven-gpm2xd.png.metadata.json, ignoring'
Traceback (most recent call last):
  File "/usr/lib/python3.13/site-packages/variety/Util.py", line 910, in safe_unlink
    os.unlink(filepath)
    ~~~~~~~~~^^^^^^^^^^
FileNotFoundError: [Errno 2] No such file or directory: '/home/pd0rk1n/.config/variety/Downloaded/wallhaven_simple/wallhaven-gpm2xd.png.metadata.json'
ERROR: 2025-08-31 20:38:33,839: safe_unlink() 'Could not delete /home/pd0rk1n/.config/variety/Downloaded/wallhaven_simple/wallhaven-1jjo99.jpg.metadata.json, ignoring'
Traceback (most recent call last):
  File "/usr/lib/python3.13/site-packages/variety/Util.py", line 910, in safe_unlink
    os.unlink(filepath)
    ~~~~~~~~~^^^^^^^^^^
FileNotFoundError: [Errno 2] No such file or directory: '/home/pd0rk1n/.config/variety/Downloaded/wallhaven_simple/wallhaven-1jjo99.jpg.metadata.json'
ERROR: 2025-08-31 20:38:33,840: safe_unlink() 'Could not delete /home/pd0rk1n/.config/variety/Downloaded/wallhaven_simple/wallhaven-7213pe.png.metadata.json, ignoring'
Traceback (most recent call last):
  File "/usr/lib/python3.13/site-packages/variety/Util.py", line 910, in safe_unlink
    os.unlink(filepath)
    ~~~~~~~~~^^^^^^^^^^
FileNotFoundError: [Errno 2] No such file or directory: '/home/pd0rk1n/.config/variety/Downloaded/wallhaven_simple/wallhaven-7213pe.png.metadata.json'
ERROR: 2025-08-31 20:38:33,841: safe_unlink() 'Could not delete /home/pd0rk1n/.config/variety/Downloaded/wallhaven_simple/wallhaven-6kvrkl.png.metadata.json, ignoring'
Traceback (most recent call last):
  File "/usr/lib/python3.13/site-packages/variety/Util.py", line 910, in safe_unlink
    os.unlink(filepath)
    ~~~~~~~~~^^^^^^^^^^
FileNotFoundError: [Errno 2] No such file or directory: '/home/pd0rk1n/.config/variety/Downloaded/wallhaven_simple/wallhaven-6kvrkl.png.metadata.json'
ERROR: 2025-08-31 20:38:33,841: safe_unlink() 'Could not delete /home/pd0rk1n/.config/variety/Downloaded/wallhaven_simple/wallhaven-dp6g8l.png.metadata.json, ignoring'
Traceback (most recent call last):
  File "/usr/lib/python3.13/site-packages/variety/Util.py", line 910, in safe_unlink
    os.unlink(filepath)
    ~~~~~~~~~^^^^^^^^^^
FileNotFoundError: [Errno 2] No such file or directory: '/home/pd0rk1n/.config/variety/Downloaded/wallhaven_simple/wallhaven-dp6g8l.png.metadata.json'
ERROR: 2025-08-31 20:38:33,841: safe_unlink() 'Could not delete /home/pd0rk1n/.config/variety/Downloaded/wallhaven_simple/wallhaven-5gm153.jpg.metadata.json, ignoring'
Traceback (most recent call last):
  File "/usr/lib/python3.13/site-packages/variety/Util.py", line 910, in safe_unlink
    os.unlink(filepath)
    ~~~~~~~~~^^^^^^^^^^
FileNotFoundError: [Errno 2] No such file or directory: '/home/pd0rk1n/.config/variety/Downloaded/wallhaven_simple/wallhaven-5gm153.jpg.metadata.json'
ERROR: 2025-08-31 20:38:33,842: safe_unlink() 'Could not delete /home/pd0rk1n/.config/variety/Downloaded/wallhaven_simple/wallhaven-j8dzkm.jpg.metadata.json, ignoring'
Traceback (most recent call last):
  File "/usr/lib/python3.13/site-packages/variety/Util.py", line 910, in safe_unlink
    os.unlink(filepath)
    ~~~~~~~~~^^^^^^^^^^
FileNotFoundError: [Errno 2] No such file or directory: '/home/pd0rk1n/.config/variety/Downloaded/wallhaven_simple/wallhaven-j8dzkm.jpg.metadata.json'
ERROR: 2025-08-31 20:38:33,842: safe_unlink() 'Could not delete /home/pd0rk1n/.config/variety/Downloaded/wallhaven_simple/wallhaven-3l8lgv.png.metadata.json, ignoring'
Traceback (most recent call last):
  File "/usr/lib/python3.13/site-packages/variety/Util.py", line 910, in safe_unlink
    os.unlink(filepath)
    ~~~~~~~~~^^^^^^^^^^
FileNotFoundError: [Errno 2] No such file or directory: '/home/pd0rk1n/.config/variety/Downloaded/wallhaven_simple/wallhaven-3l8lgv.png.metadata.json'
ERROR: 2025-08-31 20:38:33,842: safe_unlink() 'Could not delete /home/pd0rk1n/.config/variety/Downloaded/wallhaven_simple/wallhaven-6d6zll.jpg.metadata.json, ignoring'
Traceback (most recent call last):
  File "/usr/lib/python3.13/site-packages/variety/Util.py", line 910, in safe_unlink
    os.unlink(filepath)
    ~~~~~~~~~^^^^^^^^^^
FileNotFoundError: [Errno 2] No such file or directory: '/home/pd0rk1n/.config/variety/Downloaded/wallhaven_simple/wallhaven-6d6zll.jpg.metadata.json'
ERROR: 2025-08-31 20:38:33,843: safe_unlink() 'Could not delete /home/pd0rk1n/.config/variety/Downloaded/wallhaven_simple/wallhaven-y85xx7.png.metadata.json, ignoring'
Traceback (most recent call last):
  File "/usr/lib/python3.13/site-packages/variety/Util.py", line 910, in safe_unlink
    os.unlink(filepath)
    ~~~~~~~~~^^^^^^^^^^
FileNotFoundError: [Errno 2] No such file or directory: '/home/pd0rk1n/.config/variety/Downloaded/wallhaven_simple/wallhaven-y85xx7.png.metadata.json'
ERROR: 2025-08-31 20:38:33,843: safe_unlink() 'Could not delete /home/pd0rk1n/.config/variety/Downloaded/wallhaven_simple/wallhaven-g79y8d.jpg.metadata.json, ignoring'
Traceback (most recent call last):
  File "/usr/lib/python3.13/site-packages/variety/Util.py", line 910, in safe_unlink
    os.unlink(filepath)
    ~~~~~~~~~^^^^^^^^^^
FileNotFoundError: [Errno 2] No such file or directory: '/home/pd0rk1n/.config/variety/Downloaded/wallhaven_simple/wallhaven-g79y8d.jpg.metadata.json'
ERROR: 2025-08-31 20:38:33,843: safe_unlink() 'Could not delete /home/pd0rk1n/.config/variety/Downloaded/wallhaven_simple/wallhaven-4yj19l.jpg.metadata.json, ignoring'
Traceback (most recent call last):
  File "/usr/lib/python3.13/site-packages/variety/Util.py", line 910, in safe_unlink
    os.unlink(filepath)
    ~~~~~~~~~^^^^^^^^^^
FileNotFoundError: [Errno 2] No such file or directory: '/home/pd0rk1n/.config/variety/Downloaded/wallhaven_simple/wallhaven-4yj19l.jpg.metadata.json'
ERROR: 2025-08-31 20:38:33,844: safe_unlink() 'Could not delete /home/pd0rk1n/.config/variety/Downloaded/wallhaven_simple/wallhaven-k899o7.png.metadata.json, ignoring'
Traceback (most recent call last):
  File "/usr/lib/python3.13/site-packages/variety/Util.py", line 910, in safe_unlink
    os.unlink(filepath)
    ~~~~~~~~~^^^^^^^^^^
FileNotFoundError: [Errno 2] No such file or directory: '/home/pd0rk1n/.config/variety/Downloaded/wallhaven_simple/wallhaven-k899o7.png.metadata.json'
ERROR: 2025-08-31 20:38:33,844: safe_unlink() 'Could not delete /home/pd0rk1n/.config/variety/Downloaded/wallhaven_simple/wallhaven-47oxxv.jpg.metadata.json, ignoring'
Traceback (most recent call last):
  File "/usr/lib/python3.13/site-packages/variety/Util.py", line 910, in safe_unlink
    os.unlink(filepath)
    ~~~~~~~~~^^^^^^^^^^
FileNotFoundError: [Errno 2] No such file or directory: '/home/pd0rk1n/.config/variety/Downloaded/wallhaven_simple/wallhaven-47oxxv.jpg.metadata.json'
ERROR: 2025-08-31 20:38:33,844: safe_unlink() 'Could not delete /home/pd0rk1n/.config/variety/Downloaded/wallhaven_simple/wallhaven-kwq3k6.png.metadata.json, ignoring'
Traceback (most recent call last):
  File "/usr/lib/python3.13/site-packages/variety/Util.py", line 910, in safe_unlink
    os.unlink(filepath)
    ~~~~~~~~~^^^^^^^^^^
FileNotFoundError: [Errno 2] No such file or directory: '/home/pd0rk1n/.config/variety/Downloaded/wallhaven_simple/wallhaven-kwq3k6.png.metadata.json'
ERROR: 2025-08-31 20:38:33,845: safe_unlink() 'Could not delete /home/pd0rk1n/.config/variety/Downloaded/wallhaven_simple/wallhaven-4d5xq3.png.metadata.json, ignoring'
Traceback (most recent call last):
  File "/usr/lib/python3.13/site-packages/variety/Util.py", line 910, in safe_unlink
    os.unlink(filepath)
    ~~~~~~~~~^^^^^^^^^^
FileNotFoundError: [Errno 2] No such file or directory: '/home/pd0rk1n/.config/variety/Downloaded/wallhaven_simple/wallhaven-4d5xq3.png.metadata.json'
ERROR: 2025-08-31 20:38:33,845: safe_unlink() 'Could not delete /home/pd0rk1n/.config/variety/Downloaded/wallhaven_simple/wallhaven-49zok0.jpg.metadata.json, ignoring'
Traceback (most recent call last):
  File "/usr/lib/python3.13/site-packages/variety/Util.py", line 910, in safe_unlink
    os.unlink(filepath)
    ~~~~~~~~~^^^^^^^^^^
FileNotFoundError: [Errno 2] No such file or directory: '/home/pd0rk1n/.config/variety/Downloaded/wallhaven_simple/wallhaven-49zok0.jpg.metadata.json'
ERROR: 2025-08-31 20:38:33,846: safe_unlink() 'Could not delete /home/pd0rk1n/.config/variety/Downloaded/wallhaven_simple/wallhaven-9mk6rd.jpg.metadata.json, ignoring'
Traceback (most recent call last):
  File "/usr/lib/python3.13/site-packages/variety/Util.py", line 910, in safe_unlink
    os.unlink(filepath)
    ~~~~~~~~~^^^^^^^^^^
FileNotFoundError: [Errno 2] No such file or directory: '/home/pd0rk1n/.config/variety/Downloaded/wallhaven_simple/wallhaven-9mk6rd.jpg.metadata.json'
ERROR: 2025-08-31 20:38:33,846: safe_unlink() 'Could not delete /home/pd0rk1n/.config/variety/Downloaded/wallhaven_simple/wallhaven-exwjlw.jpg.metadata.json, ignoring'
Traceback (most recent call last):
  File "/usr/lib/python3.13/site-packages/variety/Util.py", line 910, in safe_unlink
    os.unlink(filepath)
    ~~~~~~~~~^^^^^^^^^^
FileNotFoundError: [Errno 2] No such file or directory: '/home/pd0rk1n/.config/variety/Downloaded/wallhaven_simple/wallhaven-exwjlw.jpg.metadata.json'
ERROR: 2025-08-31 20:38:33,847: safe_unlink() 'Could not delete /home/pd0rk1n/.config/variety/Downloaded/wallhaven_simple/wallhaven-exoo8w.jpg.metadata.json, ignoring'
Traceback (most recent call last):
  File "/usr/lib/python3.13/site-packages/variety/Util.py", line 910, in safe_unlink
    os.unlink(filepath)
    ~~~~~~~~~^^^^^^^^^^
FileNotFoundError: [Errno 2] No such file or directory: '/home/pd0rk1n/.config/variety/Downloaded/wallhaven_simple/wallhaven-exoo8w.jpg.metadata.json'
ERROR: 2025-08-31 20:38:33,847: safe_unlink() 'Could not delete /home/pd0rk1n/.config/variety/Downloaded/wallhaven_simple/wallhaven-85gl1o.jpg.metadata.json, ignoring'
Traceback (most recent call last):
  File "/usr/lib/python3.13/site-packages/variety/Util.py", line 910, in safe_unlink
    os.unlink(filepath)
    ~~~~~~~~~^^^^^^^^^^
FileNotFoundError: [Errno 2] No such file or directory: '/home/pd0rk1n/.config/variety/Downloaded/wallhaven_simple/wallhaven-85gl1o.jpg.metadata.json'
ERROR: 2025-08-31 20:38:33,848: safe_unlink() 'Could not delete /home/pd0rk1n/.config/variety/Downloaded/wallhaven_simple/wallhaven-pkd9w3.jpg.metadata.json, ignoring'
Traceback (most recent call last):
  File "/usr/lib/python3.13/site-packages/variety/Util.py", line 910, in safe_unlink
    os.unlink(filepath)
    ~~~~~~~~~^^^^^^^^^^
FileNotFoundError: [Errno 2] No such file or directory: '/home/pd0rk1n/.config/variety/Downloaded/wallhaven_simple/wallhaven-pkd9w3.jpg.metadata.json'
ERROR: 2025-08-31 20:38:33,848: safe_unlink() 'Could not delete /home/pd0rk1n/.config/variety/Downloaded/wallhaven_simple/wallhaven-odkjol.png.metadata.json, ignoring'
Traceback (most recent call last):
  File "/usr/lib/python3.13/site-packages/variety/Util.py", line 910, in safe_unlink
    os.unlink(filepath)
    ~~~~~~~~~^^^^^^^^^^
FileNotFoundError: [Errno 2] No such file or directory: '/home/pd0rk1n/.config/variety/Downloaded/wallhaven_simple/wallhaven-odkjol.png.metadata.json'
ERROR: 2025-08-31 20:38:33,848: safe_unlink() 'Could not delete /home/pd0rk1n/.config/variety/Downloaded/wallhaven_scifi/wallhaven-zmo2vj.jpg.metadata.json, ignoring'
Traceback (most recent call last):
  File "/usr/lib/python3.13/site-packages/variety/Util.py", line 910, in safe_unlink
    os.unlink(filepath)
    ~~~~~~~~~^^^^^^^^^^
FileNotFoundError: [Errno 2] No such file or directory: '/home/pd0rk1n/.config/variety/Downloaded/wallhaven_scifi/wallhaven-zmo2vj.jpg.metadata.json'
ERROR: 2025-08-31 20:38:33,849: safe_unlink() 'Could not delete /home/pd0rk1n/.config/variety/Downloaded/wallhaven_scifi/wallhaven-95mo21.jpg.metadata.json, ignoring'
Traceback (most recent call last):
  File "/usr/lib/python3.13/site-packages/variety/Util.py", line 910, in safe_unlink
    os.unlink(filepath)
    ~~~~~~~~~^^^^^^^^^^
FileNotFoundError: [Errno 2] No such file or directory: '/home/pd0rk1n/.config/variety/Downloaded/wallhaven_scifi/wallhaven-95mo21.jpg.metadata.json'
ERROR: 2025-08-31 20:38:33,849: safe_unlink() 'Could not delete /home/pd0rk1n/.config/variety/Downloaded/wallhaven_scifi/wallhaven-3lo8q3.png.metadata.json, ignoring'
Traceback (most recent call last):
  File "/usr/lib/python3.13/site-packages/variety/Util.py", line 910, in safe_unlink
    os.unlink(filepath)
    ~~~~~~~~~^^^^^^^^^^
FileNotFoundError: [Errno 2] No such file or directory: '/home/pd0rk1n/.config/variety/Downloaded/wallhaven_scifi/wallhaven-3lo8q3.png.metadata.json'
ERROR: 2025-08-31 20:38:33,850: safe_unlink() 'Could not delete /home/pd0rk1n/.config/variety/Downloaded/wallhaven_scifi/wallhaven-1pr8k9.jpg.metadata.json, ignoring'
Traceback (most recent call last):
  File "/usr/lib/python3.13/site-packages/variety/Util.py", line 910, in safe_unlink
    os.unlink(filepath)
    ~~~~~~~~~^^^^^^^^^^
FileNotFoundError: [Errno 2] No such file or directory: '/home/pd0rk1n/.config/variety/Downloaded/wallhaven_scifi/wallhaven-1pr8k9.jpg.metadata.json'
ERROR: 2025-08-31 20:38:33,850: safe_unlink() 'Could not delete /home/pd0rk1n/.config/variety/Downloaded/wallhaven_scifi/wallhaven-lmmypr.jpg.metadata.json, ignoring'
Traceback (most recent call last):
  File "/usr/lib/python3.13/site-packages/variety/Util.py", line 910, in safe_unlink
    os.unlink(filepath)
    ~~~~~~~~~^^^^^^^^^^
FileNotFoundError: [Errno 2] No such file or directory: '/home/pd0rk1n/.config/variety/Downloaded/wallhaven_scifi/wallhaven-lmmypr.jpg.metadata.json'
ERROR: 2025-08-31 20:38:33,850: safe_unlink() 'Could not delete /home/pd0rk1n/.config/variety/Downloaded/wallhaven_scifi/wallhaven-p8j29p.jpg.metadata.json, ignoring'
Traceback (most recent call last):
  File "/usr/lib/python3.13/site-packages/variety/Util.py", line 910, in safe_unlink
    os.unlink(filepath)
    ~~~~~~~~~^^^^^^^^^^
FileNotFoundError: [Errno 2] No such file or directory: '/home/pd0rk1n/.config/variety/Downloaded/wallhaven_scifi/wallhaven-p8j29p.jpg.metadata.json'
ERROR: 2025-08-31 20:38:33,851: safe_unlink() 'Could not delete /home/pd0rk1n/.config/variety/Downloaded/wallhaven_scifi/wallhaven-g7vo7l.jpg.metadata.json, ignoring'
Traceback (most recent call last):
  File "/usr/lib/python3.13/site-packages/variety/Util.py", line 910, in safe_unlink
    os.unlink(filepath)
    ~~~~~~~~~^^^^^^^^^^
FileNotFoundError: [Errno 2] No such file or directory: '/home/pd0rk1n/.config/variety/Downloaded/wallhaven_scifi/wallhaven-g7vo7l.jpg.metadata.json'
ERROR: 2025-08-31 20:38:33,851: safe_unlink() 'Could not delete /home/pd0rk1n/.config/variety/Downloaded/wallhaven_scifi/wallhaven-n6kjq4.jpg.metadata.json, ignoring'
Traceback (most recent call last):
  File "/usr/lib/python3.13/site-packages/variety/Util.py", line 910, in safe_unlink
    os.unlink(filepath)
    ~~~~~~~~~^^^^^^^^^^
FileNotFoundError: [Errno 2] No such file or directory: '/home/pd0rk1n/.config/variety/Downloaded/wallhaven_scifi/wallhaven-n6kjq4.jpg.metadata.json'
ERROR: 2025-08-31 20:38:33,852: safe_unlink() 'Could not delete /home/pd0rk1n/.config/variety/Downloaded/wallhaven_scifi/wallhaven-dp1dll.png.metadata.json, ignoring'
Traceback (most recent call last):
  File "/usr/lib/python3.13/site-packages/variety/Util.py", line 910, in safe_unlink
    os.unlink(filepath)
    ~~~~~~~~~^^^^^^^^^^
FileNotFoundError: [Errno 2] No such file or directory: '/home/pd0rk1n/.config/variety/Downloaded/wallhaven_scifi/wallhaven-dp1dll.png.metadata.json'
ERROR: 2025-08-31 20:38:33,852: safe_unlink() 'Could not delete /home/pd0rk1n/.config/variety/Downloaded/wallhaven_scifi/wallhaven-4dl2rl.png.metadata.json, ignoring'
Traceback (most recent call last):
  File "/usr/lib/python3.13/site-packages/variety/Util.py", line 910, in safe_unlink
    os.unlink(filepath)
    ~~~~~~~~~^^^^^^^^^^
FileNotFoundError: [Errno 2] No such file or directory: '/home/pd0rk1n/.config/variety/Downloaded/wallhaven_scifi/wallhaven-4dl2rl.png.metadata.json'
ERROR: 2025-08-31 20:38:33,852: safe_unlink() 'Could not delete /home/pd0rk1n/.config/variety/Downloaded/wallhaven_scifi/wallhaven-5glvr5.jpg.metadata.json, ignoring'
Traceback (most recent call last):
  File "/usr/lib/python3.13/site-packages/variety/Util.py", line 910, in safe_unlink
    os.unlink(filepath)
    ~~~~~~~~~^^^^^^^^^^
FileNotFoundError: [Errno 2] No such file or directory: '/home/pd0rk1n/.config/variety/Downloaded/wallhaven_scifi/wallhaven-5glvr5.jpg.metadata.json'
ERROR: 2025-08-31 20:38:33,853: safe_unlink() 'Could not delete /home/pd0rk1n/.config/variety/Downloaded/wallhaven_scifi/wallhaven-q2x7j5.jpg.metadata.json, ignoring'
Traceback (most recent call last):
  File "/usr/lib/python3.13/site-packages/variety/Util.py", line 910, in safe_unlink
    os.unlink(filepath)
    ~~~~~~~~~^^^^^^^^^^
FileNotFoundError: [Errno 2] No such file or directory: '/home/pd0rk1n/.config/variety/Downloaded/wallhaven_scifi/wallhaven-q2x7j5.jpg.metadata.json'
ERROR: 2025-08-31 20:38:33,853: safe_unlink() 'Could not delete /home/pd0rk1n/.config/variety/Downloaded/wallhaven_scifi/wallhaven-rdp7k1.jpg.metadata.json, ignoring'
Traceback (most recent call last):
  File "/usr/lib/python3.13/site-packages/variety/Util.py", line 910, in safe_unlink
    os.unlink(filepath)
    ~~~~~~~~~^^^^^^^^^^
FileNotFoundError: [Errno 2] No such file or directory: '/home/pd0rk1n/.config/variety/Downloaded/wallhaven_scifi/wallhaven-rdp7k1.jpg.metadata.json'
ERROR: 2025-08-31 20:38:33,854: safe_unlink() 'Could not delete /home/pd0rk1n/.config/variety/Downloaded/wallhaven_scifi/wallhaven-dg6pel.jpg.metadata.json, ignoring'
Traceback (most recent call last):
  File "/usr/lib/python3.13/site-packages/variety/Util.py", line 910, in safe_unlink
    os.unlink(filepath)
    ~~~~~~~~~^^^^^^^^^^
FileNotFoundError: [Errno 2] No such file or directory: '/home/pd0rk1n/.config/variety/Downloaded/wallhaven_scifi/wallhaven-dg6pel.jpg.metadata.json'
ERROR: 2025-08-31 20:38:33,854: safe_unlink() 'Could not delete /home/pd0rk1n/.config/variety/Downloaded/wallhaven_scifi/wallhaven-j57kyp.jpg.metadata.json, ignoring'
Traceback (most recent call last):
  File "/usr/lib/python3.13/site-packages/variety/Util.py", line 910, in safe_unlink
    os.unlink(filepath)
    ~~~~~~~~~^^^^^^^^^^
FileNotFoundError: [Errno 2] No such file or directory: '/home/pd0rk1n/.config/variety/Downloaded/wallhaven_scifi/wallhaven-j57kyp.jpg.metadata.json'
ERROR: 2025-08-31 20:38:33,854: safe_unlink() 'Could not delete /home/pd0rk1n/.config/variety/Downloaded/wallhaven_scifi/wallhaven-ymrjxk.jpg.metadata.json, ignoring'
Traceback (most recent call last):
  File "/usr/lib/python3.13/site-packages/variety/Util.py", line 910, in safe_unlink
    os.unlink(filepath)
    ~~~~~~~~~^^^^^^^^^^
FileNotFoundError: [Errno 2] No such file or directory: '/home/pd0rk1n/.config/variety/Downloaded/wallhaven_scifi/wallhaven-ymrjxk.jpg.metadata.json'
ERROR: 2025-08-31 20:38:33,855: safe_unlink() 'Could not delete /home/pd0rk1n/.config/variety/Downloaded/wallhaven_scifi/wallhaven-g8olwd.jpg.metadata.json, ignoring'
Traceback (most recent call last):
  File "/usr/lib/python3.13/site-packages/variety/Util.py", line 910, in safe_unlink
    os.unlink(filepath)
    ~~~~~~~~~^^^^^^^^^^
FileNotFoundError: [Errno 2] No such file or directory: '/home/pd0rk1n/.config/variety/Downloaded/wallhaven_scifi/wallhaven-g8olwd.jpg.metadata.json'
ERROR: 2025-08-31 20:38:33,855: safe_unlink() 'Could not delete /home/pd0rk1n/.config/variety/Downloaded/wallhaven_scifi/wallhaven-q21pwq.jpg.metadata.json, ignoring'
Traceback (most recent call last):
  File "/usr/lib/python3.13/site-packages/variety/Util.py", line 910, in safe_unlink
    os.unlink(filepath)
    ~~~~~~~~~^^^^^^^^^^
FileNotFoundError: [Errno 2] No such file or directory: '/home/pd0rk1n/.config/variety/Downloaded/wallhaven_scifi/wallhaven-q21pwq.jpg.metadata.json'
ERROR: 2025-08-31 20:38:33,856: safe_unlink() 'Could not delete /home/pd0rk1n/.config/variety/Downloaded/wallhaven_scifi/wallhaven-28el1y.jpg.metadata.json, ignoring'
Traceback (most recent call last):
  File "/usr/lib/python3.13/site-packages/variety/Util.py", line 910, in safe_unlink
    os.unlink(filepath)
    ~~~~~~~~~^^^^^^^^^^
FileNotFoundError: [Errno 2] No such file or directory: '/home/pd0rk1n/.config/variety/Downloaded/wallhaven_scifi/wallhaven-28el1y.jpg.metadata.json'
ERROR: 2025-08-31 20:38:33,856: safe_unlink() 'Could not delete /home/pd0rk1n/.config/variety/Downloaded/wallhaven_scifi/wallhaven-70p2j4.jpg.metadata.json, ignoring'
Traceback (most recent call last):
  File "/usr/lib/python3.13/site-packages/variety/Util.py", line 910, in safe_unlink
    os.unlink(filepath)
    ~~~~~~~~~^^^^^^^^^^
FileNotFoundError: [Errno 2] No such file or directory: '/home/pd0rk1n/.config/variety/Downloaded/wallhaven_scifi/wallhaven-70p2j4.jpg.metadata.json'
ERROR: 2025-08-31 20:38:33,856: safe_unlink() 'Could not delete /home/pd0rk1n/.config/variety/Downloaded/wallhaven_scifi/wallhaven-nmzer1.jpg.metadata.json, ignoring'
Traceback (most recent call last):
  File "/usr/lib/python3.13/site-packages/variety/Util.py", line 910, in safe_unlink
    os.unlink(filepath)
    ~~~~~~~~~^^^^^^^^^^
FileNotFoundError: [Errno 2] No such file or directory: '/home/pd0rk1n/.config/variety/Downloaded/wallhaven_scifi/wallhaven-nmzer1.jpg.metadata.json'
ERROR: 2025-08-31 20:38:33,857: safe_unlink() 'Could not delete /home/pd0rk1n/.config/variety/Downloaded/wallhaven_scifi/wallhaven-g8eqm3.jpg.metadata.json, ignoring'
Traceback (most recent call last):
  File "/usr/lib/python3.13/site-packages/variety/Util.py", line 910, in safe_unlink
    os.unlink(filepath)
    ~~~~~~~~~^^^^^^^^^^
FileNotFoundError: [Errno 2] No such file or directory: '/home/pd0rk1n/.config/variety/Downloaded/wallhaven_scifi/wallhaven-g8eqm3.jpg.metadata.json'
ERROR: 2025-08-31 20:38:33,857: safe_unlink() 'Could not delete /home/pd0rk1n/.config/variety/Downloaded/wallhaven_scifi/wallhaven-wy1lyr.jpg.metadata.json, ignoring'
Traceback (most recent call last):
  File "/usr/lib/python3.13/site-packages/variety/Util.py", line 910, in safe_unlink
    os.unlink(filepath)
    ~~~~~~~~~^^^^^^^^^^
FileNotFoundError: [Errno 2] No such file or directory: '/home/pd0rk1n/.config/variety/Downloaded/wallhaven_scifi/wallhaven-wy1lyr.jpg.metadata.json'
ERROR: 2025-08-31 20:38:33,858: safe_unlink() 'Could not delete /home/pd0rk1n/.config/variety/Downloaded/wallhaven_scifi/wallhaven-5wq739.jpg.metadata.json, ignoring'
Traceback (most recent call last):
  File "/usr/lib/python3.13/site-packages/variety/Util.py", line 910, in safe_unlink
    os.unlink(filepath)
    ~~~~~~~~~^^^^^^^^^^
FileNotFoundError: [Errno 2] No such file or directory: '/home/pd0rk1n/.config/variety/Downloaded/wallhaven_scifi/wallhaven-5wq739.jpg.metadata.json'
ERROR: 2025-08-31 20:38:33,858: safe_unlink() 'Could not delete /home/pd0rk1n/.config/variety/Downloaded/wallhaven_scifi/wallhaven-k7zoz7.jpg.metadata.json, ignoring'
Traceback (most recent call last):
  File "/usr/lib/python3.13/site-packages/variety/Util.py", line 910, in safe_unlink
    os.unlink(filepath)
    ~~~~~~~~~^^^^^^^^^^
FileNotFoundError: [Errno 2] No such file or directory: '/home/pd0rk1n/.config/variety/Downloaded/wallhaven_scifi/wallhaven-k7zoz7.jpg.metadata.json'
ERROR: 2025-08-31 20:38:33,858: safe_unlink() 'Could not delete /home/pd0rk1n/.config/variety/Downloaded/wallhaven_scifi/wallhaven-oxxj69.jpg.metadata.json, ignoring'
Traceback (most recent call last):
  File "/usr/lib/python3.13/site-packages/variety/Util.py", line 910, in safe_unlink
    os.unlink(filepath)
    ~~~~~~~~~^^^^^^^^^^
FileNotFoundError: [Errno 2] No such file or directory: '/home/pd0rk1n/.config/variety/Downloaded/wallhaven_scifi/wallhaven-oxxj69.jpg.metadata.json'
ERROR: 2025-08-31 20:38:33,859: safe_unlink() 'Could not delete /home/pd0rk1n/.config/variety/Downloaded/wallhaven_scifi/wallhaven-0pzoe4.jpg.metadata.json, ignoring'
Traceback (most recent call last):
  File "/usr/lib/python3.13/site-packages/variety/Util.py", line 910, in safe_unlink
    os.unlink(filepath)
    ~~~~~~~~~^^^^^^^^^^
FileNotFoundError: [Errno 2] No such file or directory: '/home/pd0rk1n/.config/variety/Downloaded/wallhaven_scifi/wallhaven-0pzoe4.jpg.metadata.json'
ERROR: 2025-08-31 20:38:33,859: safe_unlink() 'Could not delete /home/pd0rk1n/.config/variety/Downloaded/wallhaven_scifi/wallhaven-dgmrkm.jpg.metadata.json, ignoring'
Traceback (most recent call last):
  File "/usr/lib/python3.13/site-packages/variety/Util.py", line 910, in safe_unlink
    os.unlink(filepath)
    ~~~~~~~~~^^^^^^^^^^
FileNotFoundError: [Errno 2] No such file or directory: '/home/pd0rk1n/.config/variety/Downloaded/wallhaven_scifi/wallhaven-dgmrkm.jpg.metadata.json'
ERROR: 2025-08-31 20:38:33,859: safe_unlink() 'Could not delete /home/pd0rk1n/.config/variety/Downloaded/wallhaven_scifi/wallhaven-8xe25y.jpg.metadata.json, ignoring'
Traceback (most recent call last):
  File "/usr/lib/python3.13/site-packages/variety/Util.py", line 910, in safe_unlink
    os.unlink(filepath)
    ~~~~~~~~~^^^^^^^^^^
FileNotFoundError: [Errno 2] No such file or directory: '/home/pd0rk1n/.config/variety/Downloaded/wallhaven_scifi/wallhaven-8xe25y.jpg.metadata.json'
ERROR: 2025-08-31 20:38:33,860: safe_unlink() 'Could not delete /home/pd0rk1n/.config/variety/Downloaded/wallhaven_scifi/wallhaven-nm1oyn.jpg.metadata.json, ignoring'
Traceback (most recent call last):
  File "/usr/lib/python3.13/site-packages/variety/Util.py", line 910, in safe_unlink
    os.unlink(filepath)
    ~~~~~~~~~^^^^^^^^^^
FileNotFoundError: [Errno 2] No such file or directory: '/home/pd0rk1n/.config/variety/Downloaded/wallhaven_scifi/wallhaven-nm1oyn.jpg.metadata.json'
ERROR: 2025-08-31 20:38:33,860: safe_unlink() 'Could not delete /home/pd0rk1n/.config/variety/Downloaded/wallhaven_scifi/wallhaven-2816k9.jpg.metadata.json, ignoring'
Traceback (most recent call last):
  File "/usr/lib/python3.13/site-packages/variety/Util.py", line 910, in safe_unlink
    os.unlink(filepath)
    ~~~~~~~~~^^^^^^^^^^
FileNotFoundError: [Errno 2] No such file or directory: '/home/pd0rk1n/.config/variety/Downloaded/wallhaven_scifi/wallhaven-2816k9.jpg.metadata.json'
ERROR: 2025-08-31 20:38:33,861: safe_unlink() 'Could not delete /home/pd0rk1n/.config/variety/Downloaded/wallhaven_scifi/wallhaven-r2kmd1.jpg.metadata.json, ignoring'
Traceback (most recent call last):
  File "/usr/lib/python3.13/site-packages/variety/Util.py", line 910, in safe_unlink
    os.unlink(filepath)
    ~~~~~~~~~^^^^^^^^^^
FileNotFoundError: [Errno 2] No such file or directory: '/home/pd0rk1n/.config/variety/Downloaded/wallhaven_scifi/wallhaven-r2kmd1.jpg.metadata.json'
ERROR: 2025-08-31 20:38:33,861: safe_unlink() 'Could not delete /home/pd0rk1n/.config/variety/Downloaded/wallhaven_scifi/wallhaven-6omrl6.jpg.metadata.json, ignoring'
Traceback (most recent call last):
  File "/usr/lib/python3.13/site-packages/variety/Util.py", line 910, in safe_unlink
    os.unlink(filepath)
    ~~~~~~~~~^^^^^^^^^^
FileNotFoundError: [Errno 2] No such file or directory: '/home/pd0rk1n/.config/variety/Downloaded/wallhaven_scifi/wallhaven-6omrl6.jpg.metadata.json'
ERROR: 2025-08-31 20:38:33,862: safe_unlink() 'Could not delete /home/pd0rk1n/.config/variety/Downloaded/wallhaven_scifi/wallhaven-ymvrjl.jpg.metadata.json, ignoring'
Traceback (most recent call last):
  File "/usr/lib/python3.13/site-packages/variety/Util.py", line 910, in safe_unlink
    os.unlink(filepath)
    ~~~~~~~~~^^^^^^^^^^
FileNotFoundError: [Errno 2] No such file or directory: '/home/pd0rk1n/.config/variety/Downloaded/wallhaven_scifi/wallhaven-ymvrjl.jpg.metadata.json'
WARNING: The convert command is deprecated in IMv7, use "magick" instead of "convert" or "magick convert"

WARNING: The convert command is deprecated in IMv7, use "magick" instead of "convert" or "magick convert"

WARNING: The convert command is deprecated in IMv7, use "magick" instead of "convert" or "magick convert"

WARNING: The convert command is deprecated in IMv7, use "magick" instead of "convert" or "magick convert"

WARNING: The convert command is deprecated in IMv7, use "magick" instead of "convert" or "magick convert"

WARNING: The convert command is deprecated in IMv7, use "magick" instead of "convert" or "magick convert"

WARNING: The convert command is deprecated in IMv7, use "magick" instead of "convert" or "magick convert"

WARNING: The convert command is deprecated in IMv7, use "magick" instead of "convert" or "magick convert"

WARNING: The convert command is deprecated in IMv7, use "magick" instead of "convert" or "magick convert"

WARNING: The convert command is deprecated in IMv7, use "magick" instead of "convert" or "magick convert"

WARNING: The convert command is deprecated in IMv7, use "magick" instead of "convert" or "magick convert"

WARNING: The convert command is deprecated in IMv7, use "magick" instead of "convert" or "magick convert"

WARNING: The convert command is deprecated in IMv7, use "magick" instead of "convert" or "magick convert"

WARNING: The convert command is deprecated in IMv7, use "magick" instead of "convert" or "magick convert"

WARNING: The convert command is deprecated in IMv7, use "magick" instead of "convert" or "magick convert"

WARNING: The convert command is deprecated in IMv7, use "magick" instead of "convert" or "magick convert"

WARNING: The convert command is deprecated in IMv7, use "magick" instead of "convert" or "magick convert"

WARNING: The convert command is deprecated in IMv7, use "magick" instead of "convert" or "magick convert"

WARNING: The convert command is deprecated in IMv7, use "magick" instead of "convert" or "magick convert"

WARNING: The convert command is deprecated in IMv7, use "magick" instead of "convert" or "magick convert"

WARNING: The convert command is deprecated in IMv7, use "magick" instead of "convert" or "magick convert"

WARNING: The convert command is deprecated in IMv7, use "magick" instead of "convert" or "magick convert"

WARNING: The convert command is deprecated in IMv7, use "magick" instead of "convert" or "magick convert"

WARNING: The convert command is deprecated in IMv7, use "magick" instead of "convert" or "magick convert"

WARNING: The convert command is deprecated in IMv7, use "magick" instead of "convert" or "magick convert"

WARNING: The convert command is deprecated in IMv7, use "magick" instead of "convert" or "magick convert"

WARNING: The convert command is deprecated in IMv7, use "magick" instead of "convert" or "magick convert"

WARNING: The convert command is deprecated in IMv7, use "magick" instead of "convert" or "magick convert"

WARNING: The convert command is deprecated in IMv7, use "magick" instead of "convert" or "magick convert"

WARNING: The convert command is deprecated in IMv7, use "magick" instead of "convert" or "magick convert"

WARNING: The convert command is deprecated in IMv7, use "magick" instead of "convert" or "magick convert"

WARNING: The convert command is deprecated in IMv7, use "magick" instead of "convert" or "magick convert"

WARNING: The convert command is deprecated in IMv7, use "magick" instead of "convert" or "magick convert"

WARNING: The convert command is deprecated in IMv7, use "magick" instead of "convert" or "magick convert"

WARNING: The convert command is deprecated in IMv7, use "magick" instead of "convert" or "magick convert"

WARNING: The convert command is deprecated in IMv7, use "magick" instead of "convert" or "magick convert"

WARNING: The convert command is deprecated in IMv7, use "magick" instead of "convert" or "magick convert"

WARNING: The convert command is deprecated in IMv7, use "magick" instead of "convert" or "magick convert"

WARNING: The convert command is deprecated in IMv7, use "magick" instead of "convert" or "magick convert"

WARNING: The convert command is deprecated in IMv7, use "magick" instead of "convert" or "magick convert"

WARNING: The convert command is deprecated in IMv7, use "magick" instead of "convert" or "magick convert"

WARNING: The convert command is deprecated in IMv7, use "magick" instead of "convert" or "magick convert"

WARNING: The convert command is deprecated in IMv7, use "magick" instead of "convert" or "magick convert"

WARNING: The convert command is deprecated in IMv7, use "magick" instead of "convert" or "magick convert"

WARNING: The convert command is deprecated in IMv7, use "magick" instead of "convert" or "magick convert"

WARNING: The convert command is deprecated in IMv7, use "magick" instead of "convert" or "magick convert"

WARNING: The convert command is deprecated in IMv7, use "magick" instead of "convert" or "magick convert"

WARNING: The convert command is deprecated in IMv7, use "magick" instead of "convert" or "magick convert"

WARNING: The convert command is deprecated in IMv7, use "magick" instead of "convert" or "magick convert"

WARNING: The convert command is deprecated in IMv7, use "magick" instead of "convert" or "magick convert"

WARNING: The convert command is deprecated in IMv7, use "magick" instead of "convert" or "magick convert"

WARNING: The convert command is deprecated in IMv7, use "magick" instead of "convert" or "magick convert"

WARNING: The convert command is deprecated in IMv7, use "magick" instead of "convert" or "magick convert"

WARNING: The convert command is deprecated in IMv7, use "magick" instead of "convert" or "magick convert"

WARNING: The convert command is deprecated in IMv7, use "magick" instead of "convert" or "magick convert"

WARNING: The convert command is deprecated in IMv7, use "magick" instead of "convert" or "magick convert"

WARNING: The convert command is deprecated in IMv7, use "magick" instead of "convert" or "magick convert"

WARNING: The convert command is deprecated in IMv7, use "magick" instead of "convert" or "magick convert"

WARNING: The convert command is deprecated in IMv7, use "magick" instead of "convert" or "magick convert"

WARNING: The convert command is deprecated in IMv7, use "magick" instead of "convert" or "magick convert"

WARNING: The convert command is deprecated in IMv7, use "magick" instead of "convert" or "magick convert"

WARNING: The convert command is deprecated in IMv7, use "magick" instead of "convert" or "magick convert"

WARNING: The convert command is deprecated in IMv7, use "magick" instead of "convert" or "magick convert"

WARNING: The convert command is deprecated in IMv7, use "magick" instead of "convert" or "magick convert"

WARNING: The convert command is deprecated in IMv7, use "magick" instead of "convert" or "magick convert"

WARNING: The convert command is deprecated in IMv7, use "magick" instead of "convert" or "magick convert"

WARNING: The convert command is deprecated in IMv7, use "magick" instead of "convert" or "magick convert"

WARNING: The convert command is deprecated in IMv7, use "magick" instead of "convert" or "magick convert"

WARNING: The convert command is deprecated in IMv7, use "magick" instead of "convert" or "magick convert"

WARNING: The convert command is deprecated in IMv7, use "magick" instead of "convert" or "magick convert"

WARNING: The convert command is deprecated in IMv7, use "magick" instead of "convert" or "magick convert"

WARNING: The convert command is deprecated in IMv7, use "magick" instead of "convert" or "magick convert"

WARNING: The convert command is deprecated in IMv7, use "magick" instead of "convert" or "magick convert"

WARNING: The convert command is deprecated in IMv7, use "magick" instead of "convert" or "magick convert"

WARNING: The convert command is deprecated in IMv7, use "magick" instead of "convert" or "magick convert"

WARNING: The convert command is deprecated in IMv7, use "magick" instead of "convert" or "magick convert"

WARNING: The convert command is deprecated in IMv7, use "magick" instead of "convert" or "magick convert"

WARNING: The convert command is deprecated in IMv7, use "magick" instead of "convert" or "magick convert"

WARNING: The convert command is deprecated in IMv7, use "magick" instead of "convert" or "magick convert"

WARNING: The convert command is deprecated in IMv7, use "magick" instead of "convert" or "magick convert"

WARNING: The convert command is deprecated in IMv7, use "magick" instead of "convert" or "magick convert"

WARNING: The convert command is deprecated in IMv7, use "magick" instead of "convert" or "magick convert"

WARNING: The convert command is deprecated in IMv7, use "magick" instead of "convert" or "magick convert"

WARNING: The convert command is deprecated in IMv7, use "magick" instead of "convert" or "magick convert"

WARNING: The convert command is deprecated in IMv7, use "magick" instead of "convert" or "magick convert"

WARNING: The convert command is deprecated in IMv7, use "magick" instead of "convert" or "magick convert"

WARNING: The convert command is deprecated in IMv7, use "magick" instead of "convert" or "magick convert"

WARNING: The convert command is deprecated in IMv7, use "magick" instead of "convert" or "magick convert"

WARNING: The convert command is deprecated in IMv7, use "magick" instead of "convert" or "magick convert"

WARNING: The convert command is deprecated in IMv7, use "magick" instead of "convert" or "magick convert"

WARNING: The convert command is deprecated in IMv7, use "magick" instead of "convert" or "magick convert"

WARNING: The convert command is deprecated in IMv7, use "magick" instead of "convert" or "magick convert"

WARNING: The convert command is deprecated in IMv7, use "magick" instead of "convert" or "magick convert"

WARNING: The convert command is deprecated in IMv7, use "magick" instead of "convert" or "magick convert"

** Message: 21:21:06.922: updates_checker.vala:59: check updates
** Message: 21:21:06.951: flatpak_plugin.vala:393: refreshing flathub appstream data
WARNING: The convert command is deprecated in IMv7, use "magick" instead of "convert" or "magick convert"

WARNING: The convert command is deprecated in IMv7, use "magick" instead of "convert" or "magick convert"

WARNING: The convert command is deprecated in IMv7, use "magick" instead of "convert" or "magick convert"

WARNING: The convert command is deprecated in IMv7, use "magick" instead of "convert" or "magick convert"

WARNING: The convert command is deprecated in IMv7, use "magick" instead of "convert" or "magick convert"

WARNING: The convert command is deprecated in IMv7, use "magick" instead of "convert" or "magick convert"

WARNING: The convert command is deprecated in IMv7, use "magick" instead of "convert" or "magick convert"

WARNING: The convert command is deprecated in IMv7, use "magick" instead of "convert" or "magick convert"

WARNING: The convert command is deprecated in IMv7, use "magick" instead of "convert" or "magick convert"

WARNING: The convert command is deprecated in IMv7, use "magick" instead of "convert" or "magick convert"

WARNING: The convert command is deprecated in IMv7, use "magick" instead of "convert" or "magick convert"

WARNING: The convert command is deprecated in IMv7, use "magick" instead of "convert" or "magick convert"

WARNING: The convert command is deprecated in IMv7, use "magick" instead of "convert" or "magick convert"

WARNING: The convert command is deprecated in IMv7, use "magick" instead of "convert" or "magick convert"

WARNING: The convert command is deprecated in IMv7, use "magick" instead of "convert" or "magick convert"

WARNING: The convert command is deprecated in IMv7, use "magick" instead of "convert" or "magick convert"

WARNING: The convert command is deprecated in IMv7, use "magick" instead of "convert" or "magick convert"

WARNING: The convert command is deprecated in IMv7, use "magick" instead of "convert" or "magick convert"

WARNING: The convert command is deprecated in IMv7, use "magick" instead of "convert" or "magick convert"

WARNING: The convert command is deprecated in IMv7, use "magick" instead of "convert" or "magick convert"

WARNING: The convert command is deprecated in IMv7, use "magick" instead of "convert" or "magick convert"

WARNING: The convert command is deprecated in IMv7, use "magick" instead of "convert" or "magick convert"

WARNING: The convert command is deprecated in IMv7, use "magick" instead of "convert" or "magick convert"

WARNING: The convert command is deprecated in IMv7, use "magick" instead of "convert" or "magick convert"

WARNING: The convert command is deprecated in IMv7, use "magick" instead of "convert" or "magick convert"

WARNING: The convert command is deprecated in IMv7, use "magick" instead of "convert" or "magick convert"

WARNING: The convert command is deprecated in IMv7, use "magick" instead of "convert" or "magick convert"

WARNING: The convert command is deprecated in IMv7, use "magick" instead of "convert" or "magick convert"

WARNING: The convert command is deprecated in IMv7, use "magick" instead of "convert" or "magick convert"

WARNING: The convert command is deprecated in IMv7, use "magick" instead of "convert" or "magick convert"

WARNING: The convert command is deprecated in IMv7, use "magick" instead of "convert" or "magick convert"

WARNING: The convert command is deprecated in IMv7, use "magick" instead of "convert" or "magick convert"

WARNING: The convert command is deprecated in IMv7, use "magick" instead of "convert" or "magick convert"

WARNING: The convert command is deprecated in IMv7, use "magick" instead of "convert" or "magick convert"

WARNING: The convert command is deprecated in IMv7, use "magick" instead of "convert" or "magick convert"

WARNING: The convert command is deprecated in IMv7, use "magick" instead of "convert" or "magick convert"

WARNING: The convert command is deprecated in IMv7, use "magick" instead of "convert" or "magick convert"

WARNING: The convert command is deprecated in IMv7, use "magick" instead of "convert" or "magick convert"

WARNING: The convert command is deprecated in IMv7, use "magick" instead of "convert" or "magick convert"

WARNING: The convert command is deprecated in IMv7, use "magick" instead of "convert" or "magick convert"

WARNING: The convert command is deprecated in IMv7, use "magick" instead of "convert" or "magick convert"

WARNING: The convert command is deprecated in IMv7, use "magick" instead of "convert" or "magick convert"

WARNING: The convert command is deprecated in IMv7, use "magick" instead of "convert" or "magick convert"

WARNING: The convert command is deprecated in IMv7, use "magick" instead of "convert" or "magick convert"

WARNING: The convert command is deprecated in IMv7, use "magick" instead of "convert" or "magick convert"

WARNING: The convert command is deprecated in IMv7, use "magick" instead of "convert" or "magick convert"

WARNING: The convert command is deprecated in IMv7, use "magick" instead of "convert" or "magick convert"

WARNING: The convert command is deprecated in IMv7, use "magick" instead of "convert" or "magick convert"

WARNING: The convert command is deprecated in IMv7, use "magick" instead of "convert" or "magick convert"

WARNING: The convert command is deprecated in IMv7, use "magick" instead of "convert" or "magick convert"

WARNING: The convert command is deprecated in IMv7, use "magick" instead of "convert" or "magick convert"

WARNING: The convert command is deprecated in IMv7, use "magick" instead of "convert" or "magick convert"

WARNING: The convert command is deprecated in IMv7, use "magick" instead of "convert" or "magick convert"

WARNING: The convert command is deprecated in IMv7, use "magick" instead of "convert" or "magick convert"

WARNING: The convert command is deprecated in IMv7, use "magick" instead of "convert" or "magick convert"

WARNING: The convert command is deprecated in IMv7, use "magick" instead of "convert" or "magick convert"

WARNING: The convert command is deprecated in IMv7, use "magick" instead of "convert" or "magick convert"

WARNING: The convert command is deprecated in IMv7, use "magick" instead of "convert" or "magick convert"

WARNING: The convert command is deprecated in IMv7, use "magick" instead of "convert" or "magick convert"

WARNING: The convert command is deprecated in IMv7, use "magick" instead of "convert" or "magick convert"

WARNING: The convert command is deprecated in IMv7, use "magick" instead of "convert" or "magick convert"

WARNING: The convert command is deprecated in IMv7, use "magick" instead of "convert" or "magick convert"

WARNING: The convert command is deprecated in IMv7, use "magick" instead of "convert" or "magick convert"

WARNING: The convert command is deprecated in IMv7, use "magick" instead of "convert" or "magick convert"

WARNING: The convert command is deprecated in IMv7, use "magick" instead of "convert" or "magick convert"

WARNING: The convert command is deprecated in IMv7, use "magick" instead of "convert" or "magick convert"

WARNING: The convert command is deprecated in IMv7, use "magick" instead of "convert" or "magick convert"

WARNING: The convert command is deprecated in IMv7, use "magick" instead of "convert" or "magick convert"

WARNING: The convert command is deprecated in IMv7, use "magick" instead of "convert" or "magick convert"

WARNING: The convert command is deprecated in IMv7, use "magick" instead of "convert" or "magick convert"

WARNING: The convert command is deprecated in IMv7, use "magick" instead of "convert" or "magick convert"

WARNING: The convert command is deprecated in IMv7, use "magick" instead of "convert" or "magick convert"

WARNING: The convert command is deprecated in IMv7, use "magick" instead of "convert" or "magick convert"

WARNING: The convert command is deprecated in IMv7, use "magick" instead of "convert" or "magick convert"

WARNING: The convert command is deprecated in IMv7, use "magick" instead of "convert" or "magick convert"

WARNING: The convert command is deprecated in IMv7, use "magick" instead of "convert" or "magick convert"

WARNING: The convert command is deprecated in IMv7, use "magick" instead of "convert" or "magick convert"

WARNING: The convert command is deprecated in IMv7, use "magick" instead of "convert" or "magick convert"

WARNING: The convert command is deprecated in IMv7, use "magick" instead of "convert" or "magick convert"

WARNING: The convert command is deprecated in IMv7, use "magick" instead of "convert" or "magick convert"

WARNING: The convert command is deprecated in IMv7, use "magick" instead of "convert" or "magick convert"

WARNING: The convert command is deprecated in IMv7, use "magick" instead of "convert" or "magick convert"

WARNING: The convert command is deprecated in IMv7, use "magick" instead of "convert" or "magick convert"

WARNING: The convert command is deprecated in IMv7, use "magick" instead of "convert" or "magick convert"

WARNING: The convert command is deprecated in IMv7, use "magick" instead of "convert" or "magick convert"

WARNING: The convert command is deprecated in IMv7, use "magick" instead of "convert" or "magick convert"

WARNING: The convert command is deprecated in IMv7, use "magick" instead of "convert" or "magick convert"

WARNING: The convert command is deprecated in IMv7, use "magick" instead of "convert" or "magick convert"

WARNING: The convert command is deprecated in IMv7, use "magick" instead of "convert" or "magick convert"

WARNING: The convert command is deprecated in IMv7, use "magick" instead of "convert" or "magick convert"

WARNING: The convert command is deprecated in IMv7, use "magick" instead of "convert" or "magick convert"

WARNING: The convert command is deprecated in IMv7, use "magick" instead of "convert" or "magick convert"

WARNING: The convert command is deprecated in IMv7, use "magick" instead of "convert" or "magick convert"

WARNING: The convert command is deprecated in IMv7, use "magick" instead of "convert" or "magick convert"

WARNING: The convert command is deprecated in IMv7, use "magick" instead of "convert" or "magick convert"

WARNING: The convert command is deprecated in IMv7, use "magick" instead of "convert" or "magick convert"

WARNING: The convert command is deprecated in IMv7, use "magick" instead of "convert" or "magick convert"

WARNING: The convert command is deprecated in IMv7, use "magick" instead of "convert" or "magick convert"

WARNING: The convert command is deprecated in IMv7, use "magick" instead of "convert" or "magick convert"

WARNING: The convert command is deprecated in IMv7, use "magick" instead of "convert" or "magick convert"

WARNING: The convert command is deprecated in IMv7, use "magick" instead of "convert" or "magick convert"

WARNING: The convert command is deprecated in IMv7, use "magick" instead of "convert" or "magick convert"

WARNING: The convert command is deprecated in IMv7, use "magick" instead of "convert" or "magick convert"

WARNING: The convert command is deprecated in IMv7, use "magick" instead of "convert" or "magick convert"

WARNING: The convert command is deprecated in IMv7, use "magick" instead of "convert" or "magick convert"

WARNING: The convert command is deprecated in IMv7, use "magick" instead of "convert" or "magick convert"

WARNING: The convert command is deprecated in IMv7, use "magick" instead of "convert" or "magick convert"

WARNING: The convert command is deprecated in IMv7, use "magick" instead of "convert" or "magick convert"

WARNING: The convert command is deprecated in IMv7, use "magick" instead of "convert" or "magick convert"

WARNING: The convert command is deprecated in IMv7, use "magick" instead of "convert" or "magick convert"

WARNING: The convert command is deprecated in IMv7, use "magick" instead of "convert" or "magick convert"

WARNING: The convert command is deprecated in IMv7, use "magick" instead of "convert" or "magick convert"

WARNING: The convert command is deprecated in IMv7, use "magick" instead of "convert" or "magick convert"

WARNING: The convert command is deprecated in IMv7, use "magick" instead of "convert" or "magick convert"

WARNING: The convert command is deprecated in IMv7, use "magick" instead of "convert" or "magick convert"

WARNING: The convert command is deprecated in IMv7, use "magick" instead of "convert" or "magick convert"

WARNING: The convert command is deprecated in IMv7, use "magick" instead of "convert" or "magick convert"

WARNING: The convert command is deprecated in IMv7, use "magick" instead of "convert" or "magick convert"

WARNING: The convert command is deprecated in IMv7, use "magick" instead of "convert" or "magick convert"

WARNING: The convert command is deprecated in IMv7, use "magick" instead of "convert" or "magick convert"

WARNING: The convert command is deprecated in IMv7, use "magick" instead of "convert" or "magick convert"

WARNING: The convert command is deprecated in IMv7, use "magick" instead of "convert" or "magick convert"

WARNING: The convert command is deprecated in IMv7, use "magick" instead of "convert" or "magick convert"

WARNING: The convert command is deprecated in IMv7, use "magick" instead of "convert" or "magick convert"

WARNING: The convert command is deprecated in IMv7, use "magick" instead of "convert" or "magick convert"

WARNING: The convert command is deprecated in IMv7, use "magick" instead of "convert" or "magick convert"

WARNING: The convert command is deprecated in IMv7, use "magick" instead of "convert" or "magick convert"

WARNING: The convert command is deprecated in IMv7, use "magick" instead of "convert" or "magick convert"

WARNING: The convert command is deprecated in IMv7, use "magick" instead of "convert" or "magick convert"

WARNING: The convert command is deprecated in IMv7, use "magick" instead of "convert" or "magick convert"

WARNING: The convert command is deprecated in IMv7, use "magick" instead of "convert" or "magick convert"

WARNING: The convert command is deprecated in IMv7, use "magick" instead of "convert" or "magick convert"

** Message: 22:21:15.922: updates_checker.vala:59: check updates
WARNING: The convert command is deprecated in IMv7, use "magick" instead of "convert" or "magick convert"

WARNING: The convert command is deprecated in IMv7, use "magick" instead of "convert" or "magick convert"

WARNING: The convert command is deprecated in IMv7, use "magick" instead of "convert" or "magick convert"

WARNING: The convert command is deprecated in IMv7, use "magick" instead of "convert" or "magick convert"

WARNING: The convert command is deprecated in IMv7, use "magick" instead of "convert" or "magick convert"

WARNING: The convert command is deprecated in IMv7, use "magick" instead of "convert" or "magick convert"

WARNING: The convert command is deprecated in IMv7, use "magick" instead of "convert" or "magick convert"

WARNING: The convert command is deprecated in IMv7, use "magick" instead of "convert" or "magick convert"

WARNING: The convert command is deprecated in IMv7, use "magick" instead of "convert" or "magick convert"

WARNING: The convert command is deprecated in IMv7, use "magick" instead of "convert" or "magick convert"

WARNING: The convert command is deprecated in IMv7, use "magick" instead of "convert" or "magick convert"

WARNING: The convert command is deprecated in IMv7, use "magick" instead of "convert" or "magick convert"

WARNING: The convert command is deprecated in IMv7, use "magick" instead of "convert" or "magick convert"

WARNING: The convert command is deprecated in IMv7, use "magick" instead of "convert" or "magick convert"

WARNING: The convert command is deprecated in IMv7, use "magick" instead of "convert" or "magick convert"

WARNING: The convert command is deprecated in IMv7, use "magick" instead of "convert" or "magick convert"

WARNING: The convert command is deprecated in IMv7, use "magick" instead of "convert" or "magick convert"

WARNING: The convert command is deprecated in IMv7, use "magick" instead of "convert" or "magick convert"

WARNING: The convert command is deprecated in IMv7, use "magick" instead of "convert" or "magick convert"

WARNING: The convert command is deprecated in IMv7, use "magick" instead of "convert" or "magick convert"


(xfce4-terminal:2943328): xfce4-terminal-WARNING **: 22:30:31.915: Failed to connect to session manager: Failed to connect to the session manager: SESSION_MANAGER environment variable not defined

(pamac-tray:99980): GLib-CRITICAL **: 22:30:47.690: Source ID 100 was not found when attempting to remove it

(pamac-tray:99980): GLib-CRITICAL **: 22:30:52.841: Source ID 101 was not found when attempting to remove it

(pamac-tray:99980): GLib-CRITICAL **: 22:30:53.899: Source ID 102 was not found when attempting to remove it
** Message: 22:30:58.900: updates_checker.vala:59: check updates
WARNING: The convert command is deprecated in IMv7, use "magick" instead of "convert" or "magick convert"

WARNING: The convert command is deprecated in IMv7, use "magick" instead of "convert" or "magick convert"

** Message: 22:31:13.104: updates_checker.vala:59: check updates
WARNING: The convert command is deprecated in IMv7, use "magick" instead of "convert" or "magick convert"

WARNING: The convert command is deprecated in IMv7, use "magick" instead of "convert" or "magick convert"

WARNING: The convert command is deprecated in IMv7, use "magick" instead of "convert" or "magick convert"

WARNING: The convert command is deprecated in IMv7, use "magick" instead of "convert" or "magick convert"

WARNING: The convert command is deprecated in IMv7, use "magick" instead of "convert" or "magick convert"

WARNING: The convert command is deprecated in IMv7, use "magick" instead of "convert" or "magick convert"

WARNING: The convert command is deprecated in IMv7, use "magick" instead of "convert" or "magick convert"

WARNING: The convert command is deprecated in IMv7, use "magick" instead of "convert" or "magick convert"

WARNING: The convert command is deprecated in IMv7, use "magick" instead of "convert" or "magick convert"

WARNING: The convert command is deprecated in IMv7, use "magick" instead of "convert" or "magick convert"

