--------------------------------------------------------------------------------
[May 26, 2025 3:51:19.5 AM GMT:ERROR:creative_new_tab_page_ads_database_table.cc(183)] Failed to get creative new tab page ad
--------------------------------------------------------------------------------
[May 31, 2025 12:47:40.3 AM GMT:ERROR:creative_new_tab_page_ads_util.cc(114)] Successfully saved creative new tab page ads
[May 31, 2025 12:47:40.3 AM GMT:ERROR:creative_new_tab_page_ads_util.cc(101)] Successfully saved creative set conversions
[May 31, 2025 12:47:40.3 AM GMT:ERROR:creative_new_tab_page_ads_util.cc(114)] Successfully saved creative new tab page ads
[May 31, 2025 12:47:40.3 AM GMT:ERROR:creative_new_tab_page_ads_util.cc(101)] Successfully saved creative set conversions
--------------------------------------------------------------------------------
[May 31, 2025 4:20:46.3 AM GMT:ERROR:creative_new_tab_page_ads_util.cc(114)] Successfully saved creative new tab page ads
[May 31, 2025 4:20:46.3 AM GMT:ERROR:creative_new_tab_page_ads_util.cc(101)] Successfully saved creative set conversions
[May 31, 2025 4:20:46.3 AM GMT:ERROR:creative_new_tab_page_ads_util.cc(114)] Successfully saved creative new tab page ads
[May 31, 2025 4:20:46.3 AM GMT:ERROR:creative_new_tab_page_ads_util.cc(101)] Successfully saved creative set conversions
--------------------------------------------------------------------------------
[May 31, 2025 4:28:58.6 AM GMT:ERROR:creative_new_tab_page_ads_util.cc(114)] Successfully saved creative new tab page ads
[May 31, 2025 4:28:58.6 AM GMT:ERROR:creative_new_tab_page_ads_util.cc(101)] Successfully saved creative set conversions
--------------------------------------------------------------------------------
[May 31, 2025 1:57:37.2 PM GMT:ERROR:creative_new_tab_page_ads_util.cc(114)] Successfully saved creative new tab page ads
[May 31, 2025 1:57:37.2 PM GMT:ERROR:creative_new_tab_page_ads_util.cc(101)] Successfully saved creative set conversions
--------------------------------------------------------------------------------
[May 31, 2025 2:05:59.5 PM GMT:ERROR:creative_new_tab_page_ads_util.cc(114)] Successfully saved creative new tab page ads
[May 31, 2025 2:05:59.5 PM GMT:ERROR:creative_new_tab_page_ads_util.cc(101)] Successfully saved creative set conversions
--------------------------------------------------------------------------------
[Jun 01, 2025 5:33:27.3 AM GMT:ERROR:creative_new_tab_page_ads_util.cc(114)] Successfully saved creative new tab page ads
[Jun 01, 2025 5:33:27.3 AM GMT:ERROR:creative_new_tab_page_ads_util.cc(101)] Successfully saved creative set conversions
[Jun 01, 2025 5:33:27.3 AM GMT:ERROR:creative_new_tab_page_ads_util.cc(114)] Successfully saved creative new tab page ads
[Jun 01, 2025 5:33:27.3 AM GMT:ERROR:creative_new_tab_page_ads_util.cc(101)] Successfully saved creative set conversions
--------------------------------------------------------------------------------
[Jun 01, 2025 5:46:41.0 AM GMT:ERROR:creative_new_tab_page_ads_util.cc(114)] Successfully saved creative new tab page ads
[Jun 01, 2025 5:46:41.0 AM GMT:ERROR:creative_new_tab_page_ads_util.cc(101)] Successfully saved creative set conversions
--------------------------------------------------------------------------------
[Jun 01, 2025 1:02:13.7 PM GMT:ERROR:creative_new_tab_page_ads_util.cc(114)] Successfully saved creative new tab page ads
[Jun 01, 2025 1:02:13.7 PM GMT:ERROR:creative_new_tab_page_ads_util.cc(101)] Successfully saved creative set conversions
--------------------------------------------------------------------------------
[Jun 01, 2025 9:52:58.1 PM GMT:ERROR:creative_new_tab_page_ads_util.cc(114)] Successfully saved creative new tab page ads
[Jun 01, 2025 9:52:58.1 PM GMT:ERROR:creative_new_tab_page_ads_util.cc(101)] Successfully saved creative set conversions
--------------------------------------------------------------------------------
[Jun 02, 2025 5:31:52.5 AM GMT:ERROR:creative_new_tab_page_ads_util.cc(114)] Successfully saved creative new tab page ads
[Jun 02, 2025 5:31:52.5 AM GMT:ERROR:creative_new_tab_page_ads_util.cc(101)] Successfully saved creative set conversions
[Jun 02, 2025 5:31:52.6 AM GMT:ERROR:creative_new_tab_page_ads_util.cc(114)] Successfully saved creative new tab page ads
[Jun 02, 2025 5:31:52.6 AM GMT:ERROR:creative_new_tab_page_ads_util.cc(101)] Successfully saved creative set conversions
--------------------------------------------------------------------------------
[Jun 02, 2025 10:55:57.4 AM GMT:ERROR:creative_new_tab_page_ads_util.cc(114)] Successfully saved creative new tab page ads
[Jun 02, 2025 10:55:57.4 AM GMT:ERROR:creative_new_tab_page_ads_util.cc(101)] Successfully saved creative set conversions
--------------------------------------------------------------------------------
[Jun 02, 2025 1:54:40.3 PM GMT:ERROR:creative_new_tab_page_ads_util.cc(114)] Successfully saved creative new tab page ads
[Jun 02, 2025 1:54:40.3 PM GMT:ERROR:creative_new_tab_page_ads_util.cc(101)] Successfully saved creative set conversions
--------------------------------------------------------------------------------
[Jun 02, 2025 2:02:45.9 PM GMT:ERROR:creative_new_tab_page_ads_util.cc(114)] Successfully saved creative new tab page ads
[Jun 02, 2025 2:02:45.9 PM GMT:ERROR:creative_new_tab_page_ads_util.cc(101)] Successfully saved creative set conversions
--------------------------------------------------------------------------------
[Jun 02, 2025 5:20:03.7 PM GMT:ERROR:creative_new_tab_page_ads_util.cc(114)] Successfully saved creative new tab page ads
[Jun 02, 2025 5:20:03.7 PM GMT:ERROR:creative_new_tab_page_ads_util.cc(101)] Successfully saved creative set conversions
--------------------------------------------------------------------------------
[Jun 02, 2025 5:51:57.8 PM GMT:ERROR:creative_new_tab_page_ads_util.cc(114)] Successfully saved creative new tab page ads
[Jun 02, 2025 5:51:57.8 PM GMT:ERROR:creative_new_tab_page_ads_util.cc(101)] Successfully saved creative set conversions
--------------------------------------------------------------------------------
[Jun 02, 2025 10:21:40.8 PM GMT:ERROR:creative_new_tab_page_ads_util.cc(114)] Successfully saved creative new tab page ads
[Jun 02, 2025 10:21:40.8 PM GMT:ERROR:creative_new_tab_page_ads_util.cc(101)] Successfully saved creative set conversions
--------------------------------------------------------------------------------
[Jun 02, 2025 10:28:36.3 PM GMT:ERROR:creative_new_tab_page_ads_util.cc(114)] Successfully saved creative new tab page ads
[Jun 02, 2025 10:28:36.3 PM GMT:ERROR:creative_new_tab_page_ads_util.cc(101)] Successfully saved creative set conversions
--------------------------------------------------------------------------------
[Jun 02, 2025 10:56:20.8 PM GMT:ERROR:creative_new_tab_page_ads_util.cc(114)] Successfully saved creative new tab page ads
[Jun 02, 2025 10:56:20.8 PM GMT:ERROR:creative_new_tab_page_ads_util.cc(101)] Successfully saved creative set conversions
--------------------------------------------------------------------------------
[Jun 02, 2025 11:53:35.1 PM GMT:ERROR:creative_new_tab_page_ads_util.cc(114)] Successfully saved creative new tab page ads
[Jun 02, 2025 11:53:35.1 PM GMT:ERROR:creative_new_tab_page_ads_util.cc(101)] Successfully saved creative set conversions
--------------------------------------------------------------------------------
[Jun 03, 2025 1:09:30.3 AM GMT:ERROR:creative_new_tab_page_ads_util.cc(114)] Successfully saved creative new tab page ads
[Jun 03, 2025 1:09:30.3 AM GMT:ERROR:creative_new_tab_page_ads_util.cc(101)] Successfully saved creative set conversions
--------------------------------------------------------------------------------
[Jun 03, 2025 1:17:45.9 AM GMT:ERROR:creative_new_tab_page_ads_util.cc(114)] Successfully saved creative new tab page ads
[Jun 03, 2025 1:17:45.9 AM GMT:ERROR:creative_new_tab_page_ads_util.cc(101)] Successfully saved creative set conversions
[Jun 03, 2025 1:17:45.9 AM GMT:ERROR:creative_new_tab_page_ads_util.cc(114)] Successfully saved creative new tab page ads
[Jun 03, 2025 1:17:45.9 AM GMT:ERROR:creative_new_tab_page_ads_util.cc(101)] Successfully saved creative set conversions
--------------------------------------------------------------------------------
[Jun 03, 2025 1:27:04.7 AM GMT:ERROR:creative_new_tab_page_ads_util.cc(114)] Successfully saved creative new tab page ads
[Jun 03, 2025 1:27:04.7 AM GMT:ERROR:creative_new_tab_page_ads_util.cc(101)] Successfully saved creative set conversions
--------------------------------------------------------------------------------
[Jun 03, 2025 10:22:33.0 AM GMT:ERROR:creative_new_tab_page_ads_util.cc(114)] Successfully saved creative new tab page ads
[Jun 03, 2025 10:22:33.0 AM GMT:ERROR:creative_new_tab_page_ads_util.cc(101)] Successfully saved creative set conversions
[Jun 03, 2025 10:22:33.1 AM GMT:ERROR:creative_new_tab_page_ads_util.cc(114)] Successfully saved creative new tab page ads
[Jun 03, 2025 10:22:33.1 AM GMT:ERROR:creative_new_tab_page_ads_util.cc(101)] Successfully saved creative set conversions
--------------------------------------------------------------------------------
[Jun 04, 2025 5:23:50.0 AM GMT:ERROR:creative_new_tab_page_ads_util.cc(114)] Successfully saved creative new tab page ads
[Jun 04, 2025 5:23:50.1 AM GMT:ERROR:creative_new_tab_page_ads_util.cc(101)] Successfully saved creative set conversions
[Jun 04, 2025 5:23:50.1 AM GMT:ERROR:creative_new_tab_page_ads_util.cc(114)] Successfully saved creative new tab page ads
[Jun 04, 2025 5:23:50.1 AM GMT:ERROR:creative_new_tab_page_ads_util.cc(101)] Successfully saved creative set conversions
--------------------------------------------------------------------------------
[Jun 04, 2025 5:30:38.9 AM GMT:ERROR:creative_new_tab_page_ads_util.cc(114)] Successfully saved creative new tab page ads
[Jun 04, 2025 5:30:38.9 AM GMT:ERROR:creative_new_tab_page_ads_util.cc(101)] Successfully saved creative set conversions
--------------------------------------------------------------------------------
[Jun 04, 2025 5:51:38.7 AM GMT:ERROR:creative_new_tab_page_ads_util.cc(114)] Successfully saved creative new tab page ads
[Jun 04, 2025 5:51:38.7 AM GMT:ERROR:creative_new_tab_page_ads_util.cc(101)] Successfully saved creative set conversions
--------------------------------------------------------------------------------
[Jun 04, 2025 6:02:46.4 AM GMT:ERROR:creative_new_tab_page_ads_util.cc(114)] Successfully saved creative new tab page ads
[Jun 04, 2025 6:02:46.4 AM GMT:ERROR:creative_new_tab_page_ads_util.cc(101)] Successfully saved creative set conversions
--------------------------------------------------------------------------------
[Jun 04, 2025 3:02:47.6 PM GMT:ERROR:creative_new_tab_page_ads_util.cc(114)] Successfully saved creative new tab page ads
[Jun 04, 2025 3:02:47.6 PM GMT:ERROR:creative_new_tab_page_ads_util.cc(101)] Successfully saved creative set conversions
[Jun 04, 2025 3:02:47.6 PM GMT:ERROR:creative_new_tab_page_ads_util.cc(114)] Successfully saved creative new tab page ads
[Jun 04, 2025 3:02:47.6 PM GMT:ERROR:creative_new_tab_page_ads_util.cc(101)] Successfully saved creative set conversions
--------------------------------------------------------------------------------
[Jun 04, 2025 6:25:01.2 PM GMT:ERROR:creative_new_tab_page_ads_util.cc(114)] Successfully saved creative new tab page ads
[Jun 04, 2025 6:25:01.2 PM GMT:ERROR:creative_new_tab_page_ads_util.cc(101)] Successfully saved creative set conversions
--------------------------------------------------------------------------------
[Jun 04, 2025 6:46:09.7 PM GMT:ERROR:creative_new_tab_page_ads_util.cc(114)] Successfully saved creative new tab page ads
[Jun 04, 2025 6:46:09.7 PM GMT:ERROR:creative_new_tab_page_ads_util.cc(101)] Successfully saved creative set conversions
--------------------------------------------------------------------------------
[Jun 04, 2025 10:27:57.2 PM GMT:ERROR:creative_new_tab_page_ads_util.cc(114)] Successfully saved creative new tab page ads
[Jun 04, 2025 10:27:57.2 PM GMT:ERROR:creative_new_tab_page_ads_util.cc(101)] Successfully saved creative set conversions
--------------------------------------------------------------------------------
[Jun 04, 2025 11:36:45.1 PM GMT:ERROR:creative_new_tab_page_ads_util.cc(114)] Successfully saved creative new tab page ads
[Jun 04, 2025 11:36:45.1 PM GMT:ERROR:creative_new_tab_page_ads_util.cc(101)] Successfully saved creative set conversions
--------------------------------------------------------------------------------
[Jun 05, 2025 1:52:09.8 AM GMT:ERROR:creative_new_tab_page_ads_util.cc(114)] Successfully saved creative new tab page ads
[Jun 05, 2025 1:52:09.8 AM GMT:ERROR:creative_new_tab_page_ads_util.cc(101)] Successfully saved creative set conversions
--------------------------------------------------------------------------------
[Jun 05, 2025 1:58:27.2 AM GMT:ERROR:creative_new_tab_page_ads_util.cc(114)] Successfully saved creative new tab page ads
[Jun 05, 2025 1:58:27.2 AM GMT:ERROR:creative_new_tab_page_ads_util.cc(101)] Successfully saved creative set conversions
--------------------------------------------------------------------------------
[Jun 05, 2025 2:05:42.9 AM GMT:ERROR:creative_new_tab_page_ads_util.cc(114)] Successfully saved creative new tab page ads
[Jun 05, 2025 2:05:42.9 AM GMT:ERROR:creative_new_tab_page_ads_util.cc(101)] Successfully saved creative set conversions
--------------------------------------------------------------------------------
[Jun 05, 2025 11:29:10.8 PM GMT:ERROR:creative_new_tab_page_ads_util.cc(114)] Successfully saved creative new tab page ads
[Jun 05, 2025 11:29:10.8 PM GMT:ERROR:creative_new_tab_page_ads_util.cc(101)] Successfully saved creative set conversions
[Jun 05, 2025 11:29:10.9 PM GMT:ERROR:creative_new_tab_page_ads_util.cc(114)] Successfully saved creative new tab page ads
[Jun 05, 2025 11:29:10.9 PM GMT:ERROR:creative_new_tab_page_ads_util.cc(101)] Successfully saved creative set conversions
--------------------------------------------------------------------------------
[Jun 05, 2025 11:47:50.2 PM GMT:ERROR:creative_new_tab_page_ads_util.cc(114)] Successfully saved creative new tab page ads
[Jun 05, 2025 11:47:50.2 PM GMT:ERROR:creative_new_tab_page_ads_util.cc(101)] Successfully saved creative set conversions
--------------------------------------------------------------------------------
[Jun 06, 2025 12:49:33.5 AM GMT:ERROR:creative_new_tab_page_ads_util.cc(114)] Successfully saved creative new tab page ads
[Jun 06, 2025 12:49:33.5 AM GMT:ERROR:creative_new_tab_page_ads_util.cc(101)] Successfully saved creative set conversions
--------------------------------------------------------------------------------
[Jun 06, 2025 12:57:16.8 AM GMT:ERROR:creative_new_tab_page_ads_util.cc(114)] Successfully saved creative new tab page ads
[Jun 06, 2025 12:57:16.8 AM GMT:ERROR:creative_new_tab_page_ads_util.cc(101)] Successfully saved creative set conversions
--------------------------------------------------------------------------------
[Jun 06, 2025 11:35:45.6 AM GMT:ERROR:creative_new_tab_page_ads_util.cc(114)] Successfully saved creative new tab page ads
[Jun 06, 2025 11:35:45.6 AM GMT:ERROR:creative_new_tab_page_ads_util.cc(101)] Successfully saved creative set conversions
[Jun 06, 2025 11:35:45.6 AM GMT:ERROR:creative_new_tab_page_ads_util.cc(114)] Successfully saved creative new tab page ads
[Jun 06, 2025 11:35:45.6 AM GMT:ERROR:creative_new_tab_page_ads_util.cc(101)] Successfully saved creative set conversions
--------------------------------------------------------------------------------
[Jun 06, 2025 12:09:37.0 PM GMT:ERROR:creative_new_tab_page_ads_util.cc(114)] Successfully saved creative new tab page ads
[Jun 06, 2025 12:09:37.0 PM GMT:ERROR:creative_new_tab_page_ads_util.cc(101)] Successfully saved creative set conversions
--------------------------------------------------------------------------------
[Jun 06, 2025 12:39:14.9 PM GMT:ERROR:creative_new_tab_page_ads_util.cc(114)] Successfully saved creative new tab page ads
[Jun 06, 2025 12:39:14.9 PM GMT:ERROR:creative_new_tab_page_ads_util.cc(101)] Successfully saved creative set conversions
--------------------------------------------------------------------------------
[Jun 06, 2025 12:50:31.8 PM GMT:ERROR:creative_new_tab_page_ads_util.cc(114)] Successfully saved creative new tab page ads
[Jun 06, 2025 12:50:31.8 PM GMT:ERROR:creative_new_tab_page_ads_util.cc(101)] Successfully saved creative set conversions
--------------------------------------------------------------------------------
[Jun 06, 2025 12:53:45.8 PM GMT:ERROR:creative_new_tab_page_ads_util.cc(114)] Successfully saved creative new tab page ads
[Jun 06, 2025 12:53:45.8 PM GMT:ERROR:creative_new_tab_page_ads_util.cc(101)] Successfully saved creative set conversions
--------------------------------------------------------------------------------
[Jun 06, 2025 3:11:42.8 PM GMT:ERROR:creative_new_tab_page_ads_util.cc(114)] Successfully saved creative new tab page ads
[Jun 06, 2025 3:11:42.8 PM GMT:ERROR:creative_new_tab_page_ads_util.cc(101)] Successfully saved creative set conversions
--------------------------------------------------------------------------------
[Jun 06, 2025 8:06:30.9 PM GMT:ERROR:creative_new_tab_page_ads_util.cc(114)] Successfully saved creative new tab page ads
[Jun 06, 2025 8:06:30.9 PM GMT:ERROR:creative_new_tab_page_ads_util.cc(101)] Successfully saved creative set conversions
--------------------------------------------------------------------------------
[Jun 06, 2025 8:40:04.9 PM GMT:ERROR:creative_new_tab_page_ads_util.cc(114)] Successfully saved creative new tab page ads
[Jun 06, 2025 8:40:04.9 PM GMT:ERROR:creative_new_tab_page_ads_util.cc(101)] Successfully saved creative set conversions
--------------------------------------------------------------------------------
[Jun 06, 2025 10:36:46.6 PM GMT:ERROR:creative_new_tab_page_ads_util.cc(114)] Successfully saved creative new tab page ads
[Jun 06, 2025 10:36:46.6 PM GMT:ERROR:creative_new_tab_page_ads_util.cc(101)] Successfully saved creative set conversions
--------------------------------------------------------------------------------
[Jun 06, 2025 10:55:14.7 PM GMT:ERROR:creative_new_tab_page_ads_util.cc(114)] Successfully saved creative new tab page ads
[Jun 06, 2025 10:55:14.7 PM GMT:ERROR:creative_new_tab_page_ads_util.cc(101)] Successfully saved creative set conversions
--------------------------------------------------------------------------------
[Jun 06, 2025 11:58:35.8 PM GMT:ERROR:creative_new_tab_page_ads_util.cc(114)] Successfully saved creative new tab page ads
[Jun 06, 2025 11:58:35.8 PM GMT:ERROR:creative_new_tab_page_ads_util.cc(101)] Successfully saved creative set conversions
--------------------------------------------------------------------------------
[Jun 07, 2025 12:25:41.4 AM GMT:ERROR:creative_new_tab_page_ads_util.cc(114)] Successfully saved creative new tab page ads
[Jun 07, 2025 12:25:41.4 AM GMT:ERROR:creative_new_tab_page_ads_util.cc(101)] Successfully saved creative set conversions
--------------------------------------------------------------------------------
[Jun 07, 2025 12:35:20.7 AM GMT:ERROR:creative_new_tab_page_ads_util.cc(114)] Successfully saved creative new tab page ads
[Jun 07, 2025 12:35:20.7 AM GMT:ERROR:creative_new_tab_page_ads_util.cc(101)] Successfully saved creative set conversions
--------------------------------------------------------------------------------
[Jun 07, 2025 12:41:00.4 AM GMT:ERROR:creative_new_tab_page_ads_util.cc(114)] Successfully saved creative new tab page ads
[Jun 07, 2025 12:41:00.4 AM GMT:ERROR:creative_new_tab_page_ads_util.cc(101)] Successfully saved creative set conversions
--------------------------------------------------------------------------------
[Jun 07, 2025 12:50:06.1 AM GMT:ERROR:creative_new_tab_page_ads_util.cc(114)] Successfully saved creative new tab page ads
[Jun 07, 2025 12:50:06.1 AM GMT:ERROR:creative_new_tab_page_ads_util.cc(101)] Successfully saved creative set conversions
--------------------------------------------------------------------------------
[Jun 07, 2025 1:04:01.1 AM GMT:ERROR:creative_new_tab_page_ads_util.cc(114)] Successfully saved creative new tab page ads
[Jun 07, 2025 1:04:01.1 AM GMT:ERROR:creative_new_tab_page_ads_util.cc(101)] Successfully saved creative set conversions
--------------------------------------------------------------------------------
[Jun 07, 2025 1:48:43.6 AM GMT:ERROR:creative_new_tab_page_ads_util.cc(114)] Successfully saved creative new tab page ads
[Jun 07, 2025 1:48:43.6 AM GMT:ERROR:creative_new_tab_page_ads_util.cc(101)] Successfully saved creative set conversions
--------------------------------------------------------------------------------
[Jun 07, 2025 2:16:46.9 AM GMT:ERROR:creative_new_tab_page_ads_util.cc(114)] Successfully saved creative new tab page ads
[Jun 07, 2025 2:16:46.9 AM GMT:ERROR:creative_new_tab_page_ads_util.cc(101)] Successfully saved creative set conversions
--------------------------------------------------------------------------------
[Jun 07, 2025 2:39:51.7 AM GMT:ERROR:creative_new_tab_page_ads_util.cc(114)] Successfully saved creative new tab page ads
[Jun 07, 2025 2:39:51.7 AM GMT:ERROR:creative_new_tab_page_ads_util.cc(101)] Successfully saved creative set conversions
--------------------------------------------------------------------------------
[Jun 07, 2025 5:32:05.1 AM GMT:ERROR:creative_new_tab_page_ads_util.cc(114)] Successfully saved creative new tab page ads
[Jun 07, 2025 5:32:05.1 AM GMT:ERROR:creative_new_tab_page_ads_util.cc(101)] Successfully saved creative set conversions
[Jun 07, 2025 5:32:05.2 AM GMT:ERROR:creative_new_tab_page_ads_util.cc(114)] Successfully saved creative new tab page ads
[Jun 07, 2025 5:32:05.2 AM GMT:ERROR:creative_new_tab_page_ads_util.cc(101)] Successfully saved creative set conversions
--------------------------------------------------------------------------------
[Jun 07, 2025 5:54:22.5 AM GMT:ERROR:creative_new_tab_page_ads_util.cc(114)] Successfully saved creative new tab page ads
[Jun 07, 2025 5:54:22.5 AM GMT:ERROR:creative_new_tab_page_ads_util.cc(101)] Successfully saved creative set conversions
--------------------------------------------------------------------------------
[Jun 07, 2025 5:59:53.3 AM GMT:ERROR:creative_new_tab_page_ads_util.cc(114)] Successfully saved creative new tab page ads
[Jun 07, 2025 5:59:53.3 AM GMT:ERROR:creative_new_tab_page_ads_util.cc(101)] Successfully saved creative set conversions
--------------------------------------------------------------------------------
[Jun 07, 2025 1:29:32.2 PM GMT:ERROR:creative_new_tab_page_ads_util.cc(114)] Successfully saved creative new tab page ads
[Jun 07, 2025 1:29:32.2 PM GMT:ERROR:creative_new_tab_page_ads_util.cc(101)] Successfully saved creative set conversions
--------------------------------------------------------------------------------
[Jun 07, 2025 2:10:44.3 PM GMT:ERROR:creative_new_tab_page_ads_util.cc(114)] Successfully saved creative new tab page ads
[Jun 07, 2025 2:10:44.3 PM GMT:ERROR:creative_new_tab_page_ads_util.cc(101)] Successfully saved creative set conversions
--------------------------------------------------------------------------------
[Jun 07, 2025 3:49:42.3 PM GMT:ERROR:creative_new_tab_page_ads_util.cc(114)] Successfully saved creative new tab page ads
[Jun 07, 2025 3:49:42.3 PM GMT:ERROR:creative_new_tab_page_ads_util.cc(101)] Successfully saved creative set conversions
--------------------------------------------------------------------------------
[Jun 07, 2025 9:27:40.8 PM GMT:ERROR:creative_new_tab_page_ads_util.cc(114)] Successfully saved creative new tab page ads
[Jun 07, 2025 9:27:40.8 PM GMT:ERROR:creative_new_tab_page_ads_util.cc(101)] Successfully saved creative set conversions
--------------------------------------------------------------------------------
[Jun 07, 2025 11:48:47.4 PM GMT:ERROR:creative_new_tab_page_ads_util.cc(114)] Successfully saved creative new tab page ads
[Jun 07, 2025 11:48:47.4 PM GMT:ERROR:creative_new_tab_page_ads_util.cc(101)] Successfully saved creative set conversions
[Jun 08, 2025 3:18:43.7 AM GMT:ERROR:creative_new_tab_page_ads_util.cc(114)] Successfully saved creative new tab page ads
[Jun 08, 2025 3:18:43.7 AM GMT:ERROR:creative_new_tab_page_ads_util.cc(101)] Successfully saved creative set conversions
--------------------------------------------------------------------------------
[Jun 08, 2025 7:27:02.4 AM GMT:ERROR:creative_new_tab_page_ads_util.cc(114)] Successfully saved creative new tab page ads
[Jun 08, 2025 7:27:02.4 AM GMT:ERROR:creative_new_tab_page_ads_util.cc(101)] Successfully saved creative set conversions
--------------------------------------------------------------------------------
[Jun 08, 2025 10:06:08.7 PM GMT:ERROR:creative_new_tab_page_ads_util.cc(114)] Successfully saved creative new tab page ads
[Jun 08, 2025 10:06:08.7 PM GMT:ERROR:creative_new_tab_page_ads_util.cc(101)] Successfully saved creative set conversions
--------------------------------------------------------------------------------
[Jun 08, 2025 11:52:43.6 PM GMT:ERROR:creative_new_tab_page_ads_util.cc(114)] Successfully saved creative new tab page ads
[Jun 08, 2025 11:52:43.6 PM GMT:ERROR:creative_new_tab_page_ads_util.cc(101)] Successfully saved creative set conversions
--------------------------------------------------------------------------------
[Jun 14, 2025 1:26:20.6 AM GMT:ERROR:creative_new_tab_page_ads_util.cc(114)] Successfully saved creative new tab page ads
[Jun 14, 2025 1:26:20.6 AM GMT:ERROR:creative_new_tab_page_ads_util.cc(101)] Successfully saved creative set conversions
[Jun 14, 2025 1:26:20.7 AM GMT:ERROR:creative_new_tab_page_ads_util.cc(114)] Successfully saved creative new tab page ads
[Jun 14, 2025 1:26:20.7 AM GMT:ERROR:creative_new_tab_page_ads_util.cc(101)] Successfully saved creative set conversions
--------------------------------------------------------------------------------
[Jun 14, 2025 1:36:50.2 AM GMT:ERROR:creative_new_tab_page_ads_util.cc(114)] Successfully saved creative new tab page ads
[Jun 14, 2025 1:36:50.2 AM GMT:ERROR:creative_new_tab_page_ads_util.cc(101)] Successfully saved creative set conversions
--------------------------------------------------------------------------------
[Jun 14, 2025 1:50:27.0 AM GMT:ERROR:creative_new_tab_page_ads_util.cc(114)] Successfully saved creative new tab page ads
[Jun 14, 2025 1:50:27.0 AM GMT:ERROR:creative_new_tab_page_ads_util.cc(101)] Successfully saved creative set conversions
--------------------------------------------------------------------------------
[Jun 14, 2025 2:20:59.4 AM GMT:ERROR:creative_new_tab_page_ads_util.cc(114)] Successfully saved creative new tab page ads
[Jun 14, 2025 2:20:59.4 AM GMT:ERROR:creative_new_tab_page_ads_util.cc(101)] Successfully saved creative set conversions
--------------------------------------------------------------------------------
[Jun 14, 2025 2:28:39.9 AM GMT:ERROR:creative_new_tab_page_ads_util.cc(114)] Successfully saved creative new tab page ads
[Jun 14, 2025 2:28:39.9 AM GMT:ERROR:creative_new_tab_page_ads_util.cc(101)] Successfully saved creative set conversions
--------------------------------------------------------------------------------
[Jun 16, 2025 2:47:49.5 AM GMT:ERROR:creative_new_tab_page_ads_util.cc(114)] Successfully saved creative new tab page ads
[Jun 16, 2025 2:47:49.5 AM GMT:ERROR:creative_new_tab_page_ads_util.cc(101)] Successfully saved creative set conversions
[Jun 16, 2025 2:47:49.6 AM GMT:ERROR:creative_new_tab_page_ads_util.cc(114)] Successfully saved creative new tab page ads
[Jun 16, 2025 2:47:49.6 AM GMT:ERROR:creative_new_tab_page_ads_util.cc(101)] Successfully saved creative set conversions
--------------------------------------------------------------------------------
[Jun 16, 2025 6:37:47.1 PM GMT:ERROR:creative_new_tab_page_ads_util.cc(114)] Successfully saved creative new tab page ads
[Jun 16, 2025 6:37:47.1 PM GMT:ERROR:creative_new_tab_page_ads_util.cc(101)] Successfully saved creative set conversions
[Jun 16, 2025 6:37:47.1 PM GMT:ERROR:creative_new_tab_page_ads_util.cc(114)] Successfully saved creative new tab page ads
[Jun 16, 2025 6:37:47.1 PM GMT:ERROR:creative_new_tab_page_ads_util.cc(101)] Successfully saved creative set conversions
--------------------------------------------------------------------------------
[Jun 16, 2025 9:04:30.8 PM GMT:ERROR:creative_new_tab_page_ads_util.cc(114)] Successfully saved creative new tab page ads
[Jun 16, 2025 9:04:30.8 PM GMT:ERROR:creative_new_tab_page_ads_util.cc(101)] Successfully saved creative set conversions
--------------------------------------------------------------------------------
[Jun 17, 2025 1:57:51.1 AM GMT:ERROR:creative_new_tab_page_ads_util.cc(114)] Successfully saved creative new tab page ads
[Jun 17, 2025 1:57:51.2 AM GMT:ERROR:creative_new_tab_page_ads_util.cc(101)] Successfully saved creative set conversions
--------------------------------------------------------------------------------
[Jun 17, 2025 2:22:24.3 AM GMT:ERROR:creative_new_tab_page_ads_util.cc(114)] Successfully saved creative new tab page ads
[Jun 17, 2025 2:22:24.3 AM GMT:ERROR:creative_new_tab_page_ads_util.cc(101)] Successfully saved creative set conversions
--------------------------------------------------------------------------------
[Jun 17, 2025 2:50:44.8 AM GMT:ERROR:creative_new_tab_page_ads_util.cc(114)] Successfully saved creative new tab page ads
[Jun 17, 2025 2:50:44.8 AM GMT:ERROR:creative_new_tab_page_ads_util.cc(101)] Successfully saved creative set conversions
--------------------------------------------------------------------------------
[Jun 17, 2025 4:56:47.6 AM GMT:ERROR:creative_new_tab_page_ads_util.cc(114)] Successfully saved creative new tab page ads
[Jun 17, 2025 4:56:47.6 AM GMT:ERROR:creative_new_tab_page_ads_util.cc(101)] Successfully saved creative set conversions
[Jun 17, 2025 4:56:47.6 AM GMT:ERROR:creative_new_tab_page_ads_util.cc(114)] Successfully saved creative new tab page ads
[Jun 17, 2025 4:56:47.6 AM GMT:ERROR:creative_new_tab_page_ads_util.cc(101)] Successfully saved creative set conversions
--------------------------------------------------------------------------------
[Jun 17, 2025 10:06:00.1 PM GMT:ERROR:creative_new_tab_page_ads_util.cc(114)] Successfully saved creative new tab page ads
[Jun 17, 2025 10:06:00.1 PM GMT:ERROR:creative_new_tab_page_ads_util.cc(101)] Successfully saved creative set conversions
--------------------------------------------------------------------------------
[Jun 18, 2025 1:52:26.6 PM GMT:ERROR:creative_new_tab_page_ads_util.cc(114)] Successfully saved creative new tab page ads
[Jun 18, 2025 1:52:26.6 PM GMT:ERROR:creative_new_tab_page_ads_util.cc(101)] Successfully saved creative set conversions
[Jun 18, 2025 1:52:26.7 PM GMT:ERROR:creative_new_tab_page_ads_util.cc(114)] Successfully saved creative new tab page ads
[Jun 18, 2025 1:52:26.7 PM GMT:ERROR:creative_new_tab_page_ads_util.cc(101)] Successfully saved creative set conversions
--------------------------------------------------------------------------------
[Jun 19, 2025 2:17:19.1 PM GMT:ERROR:creative_new_tab_page_ads_util.cc(114)] Successfully saved creative new tab page ads
[Jun 19, 2025 2:17:19.1 PM GMT:ERROR:creative_new_tab_page_ads_util.cc(101)] Successfully saved creative set conversions
[Jun 19, 2025 2:17:19.1 PM GMT:ERROR:creative_new_tab_page_ads_util.cc(114)] Successfully saved creative new tab page ads
[Jun 19, 2025 2:17:19.1 PM GMT:ERROR:creative_new_tab_page_ads_util.cc(101)] Successfully saved creative set conversions
--------------------------------------------------------------------------------
[Jun 19, 2025 5:46:39.2 PM GMT:ERROR:creative_new_tab_page_ads_util.cc(114)] Successfully saved creative new tab page ads
[Jun 19, 2025 5:46:39.2 PM GMT:ERROR:creative_new_tab_page_ads_util.cc(101)] Successfully saved creative set conversions
--------------------------------------------------------------------------------
[Jun 20, 2025 12:01:25.6 AM GMT:ERROR:creative_new_tab_page_ads_util.cc(114)] Successfully saved creative new tab page ads
[Jun 20, 2025 12:01:25.6 AM GMT:ERROR:creative_new_tab_page_ads_util.cc(101)] Successfully saved creative set conversions
--------------------------------------------------------------------------------
[Jun 20, 2025 12:45:10.7 AM GMT:ERROR:creative_new_tab_page_ads_util.cc(114)] Successfully saved creative new tab page ads
[Jun 20, 2025 12:45:10.7 AM GMT:ERROR:creative_new_tab_page_ads_util.cc(101)] Successfully saved creative set conversions
--------------------------------------------------------------------------------
[Jun 20, 2025 1:49:47.0 PM GMT:ERROR:creative_new_tab_page_ads_util.cc(114)] Successfully saved creative new tab page ads
[Jun 20, 2025 1:49:47.0 PM GMT:ERROR:creative_new_tab_page_ads_util.cc(101)] Successfully saved creative set conversions
[Jun 20, 2025 1:49:47.1 PM GMT:ERROR:creative_new_tab_page_ads_util.cc(114)] Successfully saved creative new tab page ads
[Jun 20, 2025 1:49:47.1 PM GMT:ERROR:creative_new_tab_page_ads_util.cc(101)] Successfully saved creative set conversions
--------------------------------------------------------------------------------
[Jun 20, 2025 5:20:03.8 PM GMT:ERROR:creative_new_tab_page_ads_util.cc(114)] Successfully saved creative new tab page ads
[Jun 20, 2025 5:20:03.8 PM GMT:ERROR:creative_new_tab_page_ads_util.cc(101)] Successfully saved creative set conversions
--------------------------------------------------------------------------------
[Jun 20, 2025 8:30:10.8 PM GMT:ERROR:creative_new_tab_page_ads_util.cc(114)] Successfully saved creative new tab page ads
[Jun 20, 2025 8:30:10.8 PM GMT:ERROR:creative_new_tab_page_ads_util.cc(101)] Successfully saved creative set conversions
--------------------------------------------------------------------------------
[Jun 20, 2025 9:44:50.5 PM GMT:ERROR:creative_new_tab_page_ads_util.cc(114)] Successfully saved creative new tab page ads
[Jun 20, 2025 9:44:50.5 PM GMT:ERROR:creative_new_tab_page_ads_util.cc(101)] Successfully saved creative set conversions
--------------------------------------------------------------------------------
[Jun 21, 2025 12:46:47.1 AM GMT:ERROR:creative_new_tab_page_ads_util.cc(114)] Successfully saved creative new tab page ads
[Jun 21, 2025 12:46:47.1 AM GMT:ERROR:creative_new_tab_page_ads_util.cc(101)] Successfully saved creative set conversions
--------------------------------------------------------------------------------
[Jun 21, 2025 1:40:13.0 AM GMT:ERROR:creative_new_tab_page_ads_util.cc(114)] Successfully saved creative new tab page ads
[Jun 21, 2025 1:40:13.0 AM GMT:ERROR:creative_new_tab_page_ads_util.cc(101)] Successfully saved creative set conversions
--------------------------------------------------------------------------------
[Jun 21, 2025 2:24:58.5 AM GMT:ERROR:creative_new_tab_page_ads_util.cc(114)] Successfully saved creative new tab page ads
[Jun 21, 2025 2:24:58.5 AM GMT:ERROR:creative_new_tab_page_ads_util.cc(101)] Successfully saved creative set conversions
--------------------------------------------------------------------------------
[Jun 21, 2025 3:13:51.9 AM GMT:ERROR:creative_new_tab_page_ads_util.cc(114)] Successfully saved creative new tab page ads
[Jun 21, 2025 3:13:51.9 AM GMT:ERROR:creative_new_tab_page_ads_util.cc(101)] Successfully saved creative set conversions
--------------------------------------------------------------------------------
[Jun 21, 2025 3:23:50.1 AM GMT:ERROR:creative_new_tab_page_ads_util.cc(114)] Successfully saved creative new tab page ads
[Jun 21, 2025 3:23:50.1 AM GMT:ERROR:creative_new_tab_page_ads_util.cc(101)] Successfully saved creative set conversions
[Jun 21, 2025 3:23:50.1 AM GMT:ERROR:creative_new_tab_page_ads_util.cc(114)] Successfully saved creative new tab page ads
[Jun 21, 2025 3:23:50.1 AM GMT:ERROR:creative_new_tab_page_ads_util.cc(101)] Successfully saved creative set conversions
--------------------------------------------------------------------------------
[Jun 21, 2025 4:39:29.1 AM GMT:ERROR:creative_new_tab_page_ads_util.cc(114)] Successfully saved creative new tab page ads
[Jun 21, 2025 4:39:29.1 AM GMT:ERROR:creative_new_tab_page_ads_util.cc(101)] Successfully saved creative set conversions
--------------------------------------------------------------------------------
[Jun 21, 2025 2:00:07.6 PM GMT:ERROR:creative_new_tab_page_ads_util.cc(114)] Successfully saved creative new tab page ads
[Jun 21, 2025 2:00:07.6 PM GMT:ERROR:creative_new_tab_page_ads_util.cc(101)] Successfully saved creative set conversions
--------------------------------------------------------------------------------
[Jun 21, 2025 2:32:41.4 PM GMT:ERROR:creative_new_tab_page_ads_util.cc(114)] Successfully saved creative new tab page ads
[Jun 21, 2025 2:32:41.4 PM GMT:ERROR:creative_new_tab_page_ads_util.cc(101)] Successfully saved creative set conversions
--------------------------------------------------------------------------------
[Jun 21, 2025 4:49:35.2 PM GMT:ERROR:creative_new_tab_page_ads_util.cc(114)] Successfully saved creative new tab page ads
[Jun 21, 2025 4:49:35.2 PM GMT:ERROR:creative_new_tab_page_ads_util.cc(101)] Successfully saved creative set conversions
--------------------------------------------------------------------------------
[Jun 21, 2025 4:50:39.9 PM GMT:ERROR:creative_new_tab_page_ads_util.cc(114)] Successfully saved creative new tab page ads
[Jun 21, 2025 4:50:39.9 PM GMT:ERROR:creative_new_tab_page_ads_util.cc(101)] Successfully saved creative set conversions
--------------------------------------------------------------------------------
[Jun 21, 2025 7:40:54.6 PM GMT:ERROR:creative_new_tab_page_ads_util.cc(114)] Successfully saved creative new tab page ads
[Jun 21, 2025 7:40:54.6 PM GMT:ERROR:creative_new_tab_page_ads_util.cc(101)] Successfully saved creative set conversions
--------------------------------------------------------------------------------
[Jun 21, 2025 7:46:09.4 PM GMT:ERROR:creative_new_tab_page_ads_util.cc(114)] Successfully saved creative new tab page ads
[Jun 21, 2025 7:46:09.4 PM GMT:ERROR:creative_new_tab_page_ads_util.cc(101)] Successfully saved creative set conversions
--------------------------------------------------------------------------------
[Jun 27, 2025 3:04:57.1 AM GMT:ERROR:creative_new_tab_page_ads_util.cc(123)] Successfully saved creative new tab page ads
[Jun 27, 2025 3:04:57.1 AM GMT:ERROR:creative_new_tab_page_ads_util.cc(108)] Successfully saved creative set conversions
[Jun 27, 2025 3:19:54.5 AM GMT:ERROR:creative_new_tab_page_ads_util.cc(123)] Successfully saved creative new tab page ads
[Jun 27, 2025 3:19:54.5 AM GMT:ERROR:creative_new_tab_page_ads_util.cc(108)] Successfully saved creative set conversions
--------------------------------------------------------------------------------
[Jun 28, 2025 10:17:42.4 PM GMT:ERROR:creative_new_tab_page_ads_util.cc(123)] Successfully saved creative new tab page ads
[Jun 28, 2025 10:17:42.4 PM GMT:ERROR:creative_new_tab_page_ads_util.cc(108)] Successfully saved creative set conversions
[Jun 28, 2025 10:17:43.3 PM GMT:ERROR:creative_new_tab_page_ads_util.cc(123)] Successfully saved creative new tab page ads
[Jun 28, 2025 10:17:43.3 PM GMT:ERROR:creative_new_tab_page_ads_util.cc(108)] Successfully saved creative set conversions
--------------------------------------------------------------------------------
[Jun 28, 2025 11:58:04.4 PM GMT:ERROR:creative_new_tab_page_ads_util.cc(123)] Successfully saved creative new tab page ads
[Jun 28, 2025 11:58:04.4 PM GMT:ERROR:creative_new_tab_page_ads_util.cc(108)] Successfully saved creative set conversions
--------------------------------------------------------------------------------
[Jun 29, 2025 12:12:53.4 AM GMT:ERROR:creative_new_tab_page_ads_util.cc(123)] Successfully saved creative new tab page ads
[Jun 29, 2025 12:12:53.4 AM GMT:ERROR:creative_new_tab_page_ads_util.cc(108)] Successfully saved creative set conversions
--------------------------------------------------------------------------------
[Jun 29, 2025 12:29:39.1 AM GMT:ERROR:creative_new_tab_page_ads_util.cc(123)] Successfully saved creative new tab page ads
[Jun 29, 2025 12:29:39.1 AM GMT:ERROR:creative_new_tab_page_ads_util.cc(108)] Successfully saved creative set conversions
--------------------------------------------------------------------------------
[Jun 29, 2025 12:41:08.5 PM GMT:ERROR:creative_new_tab_page_ads_util.cc(123)] Successfully saved creative new tab page ads
[Jun 29, 2025 12:41:08.5 PM GMT:ERROR:creative_new_tab_page_ads_util.cc(108)] Successfully saved creative set conversions
[Jun 29, 2025 12:41:08.9 PM GMT:ERROR:creative_new_tab_page_ads_util.cc(123)] Successfully saved creative new tab page ads
[Jun 29, 2025 12:41:08.9 PM GMT:ERROR:creative_new_tab_page_ads_util.cc(108)] Successfully saved creative set conversions
--------------------------------------------------------------------------------
[Jun 29, 2025 10:45:38.9 PM GMT:ERROR:creative_new_tab_page_ads_util.cc(123)] Successfully saved creative new tab page ads
[Jun 29, 2025 10:45:38.9 PM GMT:ERROR:creative_new_tab_page_ads_util.cc(108)] Successfully saved creative set conversions
[Jun 29, 2025 10:45:39.4 PM GMT:ERROR:creative_new_tab_page_ads_util.cc(123)] Successfully saved creative new tab page ads
[Jun 29, 2025 10:45:39.4 PM GMT:ERROR:creative_new_tab_page_ads_util.cc(108)] Successfully saved creative set conversions
--------------------------------------------------------------------------------
[Jun 29, 2025 10:54:16.5 PM GMT:ERROR:creative_new_tab_page_ads_util.cc(123)] Successfully saved creative new tab page ads
[Jun 29, 2025 10:54:16.5 PM GMT:ERROR:creative_new_tab_page_ads_util.cc(108)] Successfully saved creative set conversions
--------------------------------------------------------------------------------
[Jun 29, 2025 11:05:07.2 PM GMT:ERROR:creative_new_tab_page_ads_util.cc(123)] Successfully saved creative new tab page ads
[Jun 29, 2025 11:05:07.2 PM GMT:ERROR:creative_new_tab_page_ads_util.cc(108)] Successfully saved creative set conversions
--------------------------------------------------------------------------------
[Jun 29, 2025 11:38:54.6 PM GMT:ERROR:creative_new_tab_page_ads_util.cc(123)] Successfully saved creative new tab page ads
[Jun 29, 2025 11:38:54.6 PM GMT:ERROR:creative_new_tab_page_ads_util.cc(108)] Successfully saved creative set conversions
--------------------------------------------------------------------------------
[Jun 30, 2025 2:16:04.8 AM GMT:ERROR:creative_new_tab_page_ads_util.cc(123)] Successfully saved creative new tab page ads
[Jun 30, 2025 2:16:04.8 AM GMT:ERROR:creative_new_tab_page_ads_util.cc(108)] Successfully saved creative set conversions
[Jun 30, 2025 3:16:01.5 AM GMT:ERROR:creative_new_tab_page_ads_util.cc(123)] Successfully saved creative new tab page ads
[Jun 30, 2025 3:16:01.5 AM GMT:ERROR:creative_new_tab_page_ads_util.cc(108)] Successfully saved creative set conversions
--------------------------------------------------------------------------------
[Jun 30, 2025 8:04:55.6 AM GMT:ERROR:creative_new_tab_page_ads_util.cc(123)] Successfully saved creative new tab page ads
[Jun 30, 2025 8:04:55.6 AM GMT:ERROR:creative_new_tab_page_ads_util.cc(108)] Successfully saved creative set conversions
--------------------------------------------------------------------------------
[Jun 30, 2025 8:31:03.0 AM GMT:ERROR:creative_new_tab_page_ads_util.cc(123)] Successfully saved creative new tab page ads
[Jun 30, 2025 8:31:03.0 AM GMT:ERROR:creative_new_tab_page_ads_util.cc(108)] Successfully saved creative set conversions
--------------------------------------------------------------------------------
[Jun 30, 2025 9:00:21.8 AM GMT:ERROR:creative_new_tab_page_ads_util.cc(123)] Successfully saved creative new tab page ads
[Jun 30, 2025 9:00:21.8 AM GMT:ERROR:creative_new_tab_page_ads_util.cc(108)] Successfully saved creative set conversions
--------------------------------------------------------------------------------
[Jul 06, 2025 6:07:13.9 PM GMT:ERROR:creative_new_tab_page_ads_util.cc(123)] Successfully saved creative new tab page ads
[Jul 06, 2025 6:07:13.9 PM GMT:ERROR:creative_new_tab_page_ads_util.cc(108)] Successfully saved creative set conversions
--------------------------------------------------------------------------------
[Jul 06, 2025 7:02:13.0 PM GMT:ERROR:creative_new_tab_page_ads_util.cc(123)] Successfully saved creative new tab page ads
[Jul 06, 2025 7:02:13.0 PM GMT:ERROR:creative_new_tab_page_ads_util.cc(108)] Successfully saved creative set conversions
--------------------------------------------------------------------------------
[Jul 07, 2025 11:54:38.4 AM GMT:ERROR:creative_new_tab_page_ads_util.cc(123)] Successfully saved creative new tab page ads
[Jul 07, 2025 11:54:38.4 AM GMT:ERROR:creative_new_tab_page_ads_util.cc(108)] Successfully saved creative set conversions
[Jul 07, 2025 11:54:38.7 AM GMT:ERROR:creative_new_tab_page_ads_util.cc(123)] Successfully saved creative new tab page ads
[Jul 07, 2025 11:54:38.7 AM GMT:ERROR:creative_new_tab_page_ads_util.cc(108)] Successfully saved creative set conversions
--------------------------------------------------------------------------------
[Jul 07, 2025 7:25:48.6 PM GMT:ERROR:creative_new_tab_page_ads_util.cc(123)] Successfully saved creative new tab page ads
[Jul 07, 2025 7:25:48.6 PM GMT:ERROR:creative_new_tab_page_ads_util.cc(108)] Successfully saved creative set conversions
--------------------------------------------------------------------------------
[Jul 07, 2025 7:28:35.1 PM GMT:ERROR:creative_new_tab_page_ads_util.cc(123)] Successfully saved creative new tab page ads
[Jul 07, 2025 7:28:35.1 PM GMT:ERROR:creative_new_tab_page_ads_util.cc(108)] Successfully saved creative set conversions
--------------------------------------------------------------------------------
[Jul 07, 2025 7:31:59.5 PM GMT:ERROR:creative_new_tab_page_ads_util.cc(123)] Successfully saved creative new tab page ads
[Jul 07, 2025 7:31:59.5 PM GMT:ERROR:creative_new_tab_page_ads_util.cc(108)] Successfully saved creative set conversions
--------------------------------------------------------------------------------
[Jul 07, 2025 7:35:05.2 PM GMT:ERROR:creative_new_tab_page_ads_util.cc(123)] Successfully saved creative new tab page ads
[Jul 07, 2025 7:35:05.2 PM GMT:ERROR:creative_new_tab_page_ads_util.cc(108)] Successfully saved creative set conversions
--------------------------------------------------------------------------------
[Jul 07, 2025 7:44:51.0 PM GMT:ERROR:creative_new_tab_page_ads_util.cc(123)] Successfully saved creative new tab page ads
[Jul 07, 2025 7:44:51.0 PM GMT:ERROR:creative_new_tab_page_ads_util.cc(108)] Successfully saved creative set conversions
--------------------------------------------------------------------------------
[Jul 07, 2025 7:45:26.7 PM GMT:ERROR:creative_new_tab_page_ads_util.cc(123)] Successfully saved creative new tab page ads
[Jul 07, 2025 7:45:26.7 PM GMT:ERROR:creative_new_tab_page_ads_util.cc(108)] Successfully saved creative set conversions
--------------------------------------------------------------------------------
[Jul 07, 2025 7:53:12.1 PM GMT:ERROR:creative_new_tab_page_ads_util.cc(123)] Successfully saved creative new tab page ads
[Jul 07, 2025 7:53:12.1 PM GMT:ERROR:creative_new_tab_page_ads_util.cc(108)] Successfully saved creative set conversions
--------------------------------------------------------------------------------
[Jul 07, 2025 7:56:46.1 PM GMT:ERROR:creative_new_tab_page_ads_util.cc(123)] Successfully saved creative new tab page ads
[Jul 07, 2025 7:56:46.1 PM GMT:ERROR:creative_new_tab_page_ads_util.cc(108)] Successfully saved creative set conversions
--------------------------------------------------------------------------------
[Jul 07, 2025 8:00:55.1 PM GMT:ERROR:creative_new_tab_page_ads_util.cc(123)] Successfully saved creative new tab page ads
[Jul 07, 2025 8:00:55.1 PM GMT:ERROR:creative_new_tab_page_ads_util.cc(108)] Successfully saved creative set conversions
--------------------------------------------------------------------------------
[Jul 08, 2025 1:46:30.4 AM GMT:ERROR:creative_new_tab_page_ads_util.cc(123)] Successfully saved creative new tab page ads
[Jul 08, 2025 1:46:30.4 AM GMT:ERROR:creative_new_tab_page_ads_util.cc(108)] Successfully saved creative set conversions
--------------------------------------------------------------------------------
[Jul 08, 2025 1:51:06.8 AM GMT:ERROR:creative_new_tab_page_ads_util.cc(123)] Successfully saved creative new tab page ads
[Jul 08, 2025 1:51:06.8 AM GMT:ERROR:creative_new_tab_page_ads_util.cc(108)] Successfully saved creative set conversions
--------------------------------------------------------------------------------
[Jul 08, 2025 11:23:16.7 AM GMT:ERROR:creative_new_tab_page_ads_util.cc(123)] Successfully saved creative new tab page ads
[Jul 08, 2025 11:23:16.7 AM GMT:ERROR:creative_new_tab_page_ads_util.cc(108)] Successfully saved creative set conversions
[Jul 08, 2025 11:23:17.0 AM GMT:ERROR:creative_new_tab_page_ads_util.cc(123)] Successfully saved creative new tab page ads
[Jul 08, 2025 11:23:17.0 AM GMT:ERROR:creative_new_tab_page_ads_util.cc(108)] Successfully saved creative set conversions
--------------------------------------------------------------------------------
[Jul 08, 2025 3:31:34.7 PM GMT:ERROR:creative_new_tab_page_ads_util.cc(123)] Successfully saved creative new tab page ads
[Jul 08, 2025 3:31:34.7 PM GMT:ERROR:creative_new_tab_page_ads_util.cc(108)] Successfully saved creative set conversions
--------------------------------------------------------------------------------
[Jul 08, 2025 3:32:57.2 PM GMT:ERROR:creative_new_tab_page_ads_util.cc(123)] Successfully saved creative new tab page ads
[Jul 08, 2025 3:32:57.2 PM GMT:ERROR:creative_new_tab_page_ads_util.cc(108)] Successfully saved creative set conversions
--------------------------------------------------------------------------------
[Jul 08, 2025 8:50:13.3 PM GMT:ERROR:creative_new_tab_page_ads_util.cc(123)] Successfully saved creative new tab page ads
[Jul 08, 2025 8:50:13.3 PM GMT:ERROR:creative_new_tab_page_ads_util.cc(108)] Successfully saved creative set conversions
--------------------------------------------------------------------------------
[Jul 09, 2025 12:18:56.9 AM GMT:ERROR:creative_new_tab_page_ads_util.cc(123)] Successfully saved creative new tab page ads
[Jul 09, 2025 12:18:56.9 AM GMT:ERROR:creative_new_tab_page_ads_util.cc(108)] Successfully saved creative set conversions
--------------------------------------------------------------------------------
[Jul 09, 2025 12:45:32.7 AM GMT:ERROR:creative_new_tab_page_ads_util.cc(123)] Successfully saved creative new tab page ads
[Jul 09, 2025 12:45:32.7 AM GMT:ERROR:creative_new_tab_page_ads_util.cc(108)] Successfully saved creative set conversions
[Jul 09, 2025 3:15:29.6 AM GMT:ERROR:creative_new_tab_page_ads_util.cc(123)] Successfully saved creative new tab page ads
[Jul 09, 2025 3:15:29.6 AM GMT:ERROR:creative_new_tab_page_ads_util.cc(108)] Successfully saved creative set conversions
--------------------------------------------------------------------------------
[Jul 09, 2025 2:46:36.7 PM GMT:ERROR:creative_new_tab_page_ads_util.cc(123)] Successfully saved creative new tab page ads
[Jul 09, 2025 2:46:36.7 PM GMT:ERROR:creative_new_tab_page_ads_util.cc(108)] Successfully saved creative set conversions
[Jul 09, 2025 8:16:33.8 PM GMT:ERROR:creative_new_tab_page_ads_util.cc(123)] Successfully saved creative new tab page ads
[Jul 09, 2025 8:16:33.8 PM GMT:ERROR:creative_new_tab_page_ads_util.cc(108)] Successfully saved creative set conversions
[Jul 09, 2025 9:31:33.8 PM GMT:ERROR:creative_new_tab_page_ads_util.cc(123)] Successfully saved creative new tab page ads
[Jul 09, 2025 9:31:33.8 PM GMT:ERROR:creative_new_tab_page_ads_util.cc(108)] Successfully saved creative set conversions
--------------------------------------------------------------------------------
[Jul 09, 2025 11:04:25.5 PM GMT:ERROR:creative_new_tab_page_ads_util.cc(123)] Successfully saved creative new tab page ads
[Jul 09, 2025 11:04:25.5 PM GMT:ERROR:creative_new_tab_page_ads_util.cc(108)] Successfully saved creative set conversions
--------------------------------------------------------------------------------
[Jul 09, 2025 11:18:56.7 PM GMT:ERROR:creative_new_tab_page_ads_util.cc(123)] Successfully saved creative new tab page ads
[Jul 09, 2025 11:18:56.7 PM GMT:ERROR:creative_new_tab_page_ads_util.cc(108)] Successfully saved creative set conversions
--------------------------------------------------------------------------------
[Jul 09, 2025 11:23:50.1 PM GMT:ERROR:creative_new_tab_page_ads_util.cc(123)] Successfully saved creative new tab page ads
[Jul 09, 2025 11:23:50.1 PM GMT:ERROR:creative_new_tab_page_ads_util.cc(108)] Successfully saved creative set conversions
--------------------------------------------------------------------------------
[Jul 10, 2025 4:06:55.9 AM GMT:ERROR:creative_new_tab_page_ads_util.cc(123)] Successfully saved creative new tab page ads
[Jul 10, 2025 4:06:55.9 AM GMT:ERROR:creative_new_tab_page_ads_util.cc(108)] Successfully saved creative set conversions
[Jul 10, 2025 4:06:56.7 AM GMT:ERROR:creative_new_tab_page_ads_util.cc(123)] Successfully saved creative new tab page ads
[Jul 10, 2025 4:06:56.7 AM GMT:ERROR:creative_new_tab_page_ads_util.cc(108)] Successfully saved creative set conversions
--------------------------------------------------------------------------------
[Jul 10, 2025 10:42:53.9 AM GMT:ERROR:creative_new_tab_page_ads_util.cc(123)] Successfully saved creative new tab page ads
[Jul 10, 2025 10:42:53.9 AM GMT:ERROR:creative_new_tab_page_ads_util.cc(108)] Successfully saved creative set conversions
--------------------------------------------------------------------------------
[Jul 10, 2025 10:15:18.8 PM GMT:ERROR:creative_new_tab_page_ads_util.cc(123)] Successfully saved creative new tab page ads
[Jul 10, 2025 10:15:18.8 PM GMT:ERROR:creative_new_tab_page_ads_util.cc(108)] Successfully saved creative set conversions
--------------------------------------------------------------------------------
[Jul 10, 2025 10:22:44.4 PM GMT:ERROR:creative_new_tab_page_ads_util.cc(123)] Successfully saved creative new tab page ads
[Jul 10, 2025 10:22:44.4 PM GMT:ERROR:creative_new_tab_page_ads_util.cc(108)] Successfully saved creative set conversions
--------------------------------------------------------------------------------
[Jul 10, 2025 10:31:04.2 PM GMT:ERROR:creative_new_tab_page_ads_util.cc(123)] Successfully saved creative new tab page ads
[Jul 10, 2025 10:31:04.2 PM GMT:ERROR:creative_new_tab_page_ads_util.cc(108)] Successfully saved creative set conversions
--------------------------------------------------------------------------------
[Jul 11, 2025 9:24:02.3 AM GMT:ERROR:creative_new_tab_page_ads_util.cc(123)] Successfully saved creative new tab page ads
[Jul 11, 2025 9:24:02.3 AM GMT:ERROR:creative_new_tab_page_ads_util.cc(108)] Successfully saved creative set conversions
[Jul 11, 2025 9:24:02.7 AM GMT:ERROR:creative_new_tab_page_ads_util.cc(123)] Successfully saved creative new tab page ads
[Jul 11, 2025 9:24:02.7 AM GMT:ERROR:creative_new_tab_page_ads_util.cc(108)] Successfully saved creative set conversions
--------------------------------------------------------------------------------
[Jul 11, 2025 10:10:54.0 AM GMT:ERROR:creative_new_tab_page_ads_util.cc(123)] Successfully saved creative new tab page ads
[Jul 11, 2025 10:10:54.0 AM GMT:ERROR:creative_new_tab_page_ads_util.cc(108)] Successfully saved creative set conversions
--------------------------------------------------------------------------------
[Jul 11, 2025 4:04:55.1 PM GMT:ERROR:creative_new_tab_page_ads_util.cc(123)] Successfully saved creative new tab page ads
[Jul 11, 2025 4:04:55.1 PM GMT:ERROR:creative_new_tab_page_ads_util.cc(108)] Successfully saved creative set conversions
--------------------------------------------------------------------------------
[Jul 12, 2025 1:17:16.7 AM GMT:ERROR:creative_new_tab_page_ads_util.cc(123)] Successfully saved creative new tab page ads
[Jul 12, 2025 1:17:16.7 AM GMT:ERROR:creative_new_tab_page_ads_util.cc(108)] Successfully saved creative set conversions
--------------------------------------------------------------------------------
[Jul 12, 2025 9:42:09.4 AM GMT:ERROR:creative_new_tab_page_ads_util.cc(123)] Successfully saved creative new tab page ads
[Jul 12, 2025 9:42:09.4 AM GMT:ERROR:creative_new_tab_page_ads_util.cc(108)] Successfully saved creative set conversions
[Jul 12, 2025 9:42:09.7 AM GMT:ERROR:creative_new_tab_page_ads_util.cc(123)] Successfully saved creative new tab page ads
[Jul 12, 2025 9:42:09.7 AM GMT:ERROR:creative_new_tab_page_ads_util.cc(108)] Successfully saved creative set conversions
--------------------------------------------------------------------------------
[Jul 12, 2025 9:59:44.9 AM GMT:ERROR:creative_new_tab_page_ads_util.cc(123)] Successfully saved creative new tab page ads
[Jul 12, 2025 9:59:44.9 AM GMT:ERROR:creative_new_tab_page_ads_util.cc(108)] Successfully saved creative set conversions
--------------------------------------------------------------------------------
[Jul 12, 2025 10:37:47.0 AM GMT:ERROR:creative_new_tab_page_ads_util.cc(123)] Successfully saved creative new tab page ads
[Jul 12, 2025 10:37:47.0 AM GMT:ERROR:creative_new_tab_page_ads_util.cc(108)] Successfully saved creative set conversions
--------------------------------------------------------------------------------
[Jul 12, 2025 11:09:38.4 AM GMT:ERROR:creative_new_tab_page_ads_util.cc(123)] Successfully saved creative new tab page ads
[Jul 12, 2025 11:09:38.4 AM GMT:ERROR:creative_new_tab_page_ads_util.cc(108)] Successfully saved creative set conversions
--------------------------------------------------------------------------------
[Jul 12, 2025 5:12:49.6 PM GMT:ERROR:creative_new_tab_page_ads_util.cc(123)] Successfully saved creative new tab page ads
[Jul 12, 2025 5:12:49.6 PM GMT:ERROR:creative_new_tab_page_ads_util.cc(108)] Successfully saved creative set conversions
--------------------------------------------------------------------------------
[Jul 12, 2025 7:52:59.1 PM GMT:ERROR:creative_new_tab_page_ads_util.cc(123)] Successfully saved creative new tab page ads
[Jul 12, 2025 7:52:59.1 PM GMT:ERROR:creative_new_tab_page_ads_util.cc(108)] Successfully saved creative set conversions
--------------------------------------------------------------------------------
[Jul 13, 2025 12:16:00.6 AM GMT:ERROR:creative_new_tab_page_ads_util.cc(123)] Successfully saved creative new tab page ads
[Jul 13, 2025 12:16:00.6 AM GMT:ERROR:creative_new_tab_page_ads_util.cc(108)] Successfully saved creative set conversions
--------------------------------------------------------------------------------
[Jul 13, 2025 12:24:47.5 AM GMT:ERROR:creative_new_tab_page_ads_util.cc(123)] Successfully saved creative new tab page ads
[Jul 13, 2025 12:24:47.5 AM GMT:ERROR:creative_new_tab_page_ads_util.cc(108)] Successfully saved creative set conversions
--------------------------------------------------------------------------------
[Jul 13, 2025 2:13:02.5 AM GMT:ERROR:creative_new_tab_page_ads_util.cc(123)] Successfully saved creative new tab page ads
[Jul 13, 2025 2:13:02.5 AM GMT:ERROR:creative_new_tab_page_ads_util.cc(108)] Successfully saved creative set conversions
--------------------------------------------------------------------------------
[Jul 13, 2025 8:01:15.7 AM GMT:ERROR:creative_new_tab_page_ads_util.cc(123)] Successfully saved creative new tab page ads
[Jul 13, 2025 8:01:15.7 AM GMT:ERROR:creative_new_tab_page_ads_util.cc(108)] Successfully saved creative set conversions
[Jul 13, 2025 8:01:16.0 AM GMT:ERROR:creative_new_tab_page_ads_util.cc(123)] Successfully saved creative new tab page ads
[Jul 13, 2025 8:01:16.0 AM GMT:ERROR:creative_new_tab_page_ads_util.cc(108)] Successfully saved creative set conversions
--------------------------------------------------------------------------------
[Jul 13, 2025 6:59:19.7 PM GMT:ERROR:creative_new_tab_page_ads_util.cc(123)] Successfully saved creative new tab page ads
[Jul 13, 2025 6:59:19.7 PM GMT:ERROR:creative_new_tab_page_ads_util.cc(108)] Successfully saved creative set conversions
--------------------------------------------------------------------------------
[Jul 13, 2025 7:24:14.1 PM GMT:ERROR:creative_new_tab_page_ads_util.cc(123)] Successfully saved creative new tab page ads
[Jul 13, 2025 7:24:14.1 PM GMT:ERROR:creative_new_tab_page_ads_util.cc(108)] Successfully saved creative set conversions
--------------------------------------------------------------------------------
[Jul 13, 2025 7:43:24.8 PM GMT:ERROR:creative_new_tab_page_ads_util.cc(123)] Successfully saved creative new tab page ads
[Jul 13, 2025 7:43:24.8 PM GMT:ERROR:creative_new_tab_page_ads_util.cc(108)] Successfully saved creative set conversions
--------------------------------------------------------------------------------
[Jul 13, 2025 10:38:28.2 PM GMT:ERROR:creative_new_tab_page_ads_util.cc(123)] Successfully saved creative new tab page ads
[Jul 13, 2025 10:38:28.2 PM GMT:ERROR:creative_new_tab_page_ads_util.cc(108)] Successfully saved creative set conversions
--------------------------------------------------------------------------------
[Jul 14, 2025 1:24:06.1 AM GMT:ERROR:creative_new_tab_page_ads_util.cc(123)] Successfully saved creative new tab page ads
[Jul 14, 2025 1:24:06.1 AM GMT:ERROR:creative_new_tab_page_ads_util.cc(108)] Successfully saved creative set conversions
--------------------------------------------------------------------------------
[Jul 14, 2025 2:19:36.3 AM GMT:ERROR:creative_new_tab_page_ads_util.cc(123)] Successfully saved creative new tab page ads
[Jul 14, 2025 2:19:36.3 AM GMT:ERROR:creative_new_tab_page_ads_util.cc(108)] Successfully saved creative set conversions
--------------------------------------------------------------------------------
[Jul 22, 2025 12:52:49.6 AM GMT:ERROR:creative_new_tab_page_ads_util.cc(123)] Successfully saved creative new tab page ads
[Jul 22, 2025 12:52:49.6 AM GMT:ERROR:creative_new_tab_page_ads_util.cc(108)] Successfully saved creative set conversions
--------------------------------------------------------------------------------
[Jul 22, 2025 1:16:32.7 AM GMT:ERROR:creative_new_tab_page_ads_util.cc(123)] Successfully saved creative new tab page ads
[Jul 22, 2025 1:16:32.7 AM GMT:ERROR:creative_new_tab_page_ads_util.cc(108)] Successfully saved creative set conversions
[Jul 22, 2025 1:16:33.1 AM GMT:ERROR:creative_new_tab_page_ads_util.cc(123)] Successfully saved creative new tab page ads
[Jul 22, 2025 1:16:33.1 AM GMT:ERROR:creative_new_tab_page_ads_util.cc(108)] Successfully saved creative set conversions
--------------------------------------------------------------------------------
[Jul 22, 2025 7:40:47.2 AM GMT:ERROR:creative_new_tab_page_ads_util.cc(123)] Successfully saved creative new tab page ads
[Jul 22, 2025 7:40:47.2 AM GMT:ERROR:creative_new_tab_page_ads_util.cc(108)] Successfully saved creative set conversions
[Jul 22, 2025 7:40:47.5 AM GMT:ERROR:creative_new_tab_page_ads_util.cc(123)] Successfully saved creative new tab page ads
[Jul 22, 2025 7:40:47.5 AM GMT:ERROR:creative_new_tab_page_ads_util.cc(108)] Successfully saved creative set conversions
--------------------------------------------------------------------------------
[Jul 22, 2025 7:48:46.1 AM GMT:ERROR:creative_new_tab_page_ads_util.cc(123)] Successfully saved creative new tab page ads
[Jul 22, 2025 7:48:46.1 AM GMT:ERROR:creative_new_tab_page_ads_util.cc(108)] Successfully saved creative set conversions
--------------------------------------------------------------------------------
[Jul 22, 2025 7:57:31.2 AM GMT:ERROR:creative_new_tab_page_ads_util.cc(123)] Successfully saved creative new tab page ads
[Jul 22, 2025 7:57:31.2 AM GMT:ERROR:creative_new_tab_page_ads_util.cc(108)] Successfully saved creative set conversions
--------------------------------------------------------------------------------
[Jul 22, 2025 9:05:21.2 AM GMT:ERROR:creative_new_tab_page_ads_util.cc(123)] Successfully saved creative new tab page ads
[Jul 22, 2025 9:05:21.2 AM GMT:ERROR:creative_new_tab_page_ads_util.cc(108)] Successfully saved creative set conversions
--------------------------------------------------------------------------------
[Jul 22, 2025 9:40:44.3 AM GMT:ERROR:creative_new_tab_page_ads_util.cc(123)] Successfully saved creative new tab page ads
[Jul 22, 2025 9:40:44.3 AM GMT:ERROR:creative_new_tab_page_ads_util.cc(108)] Successfully saved creative set conversions
--------------------------------------------------------------------------------
[Jul 22, 2025 9:52:32.9 AM GMT:ERROR:creative_new_tab_page_ads_util.cc(123)] Successfully saved creative new tab page ads
[Jul 22, 2025 9:52:32.9 AM GMT:ERROR:creative_new_tab_page_ads_util.cc(108)] Successfully saved creative set conversions
--------------------------------------------------------------------------------
[Jul 23, 2025 9:54:05.5 PM GMT:ERROR:creative_new_tab_page_ads_util.cc(123)] Successfully saved creative new tab page ads
[Jul 23, 2025 9:54:05.5 PM GMT:ERROR:creative_new_tab_page_ads_util.cc(108)] Successfully saved creative set conversions
[Jul 23, 2025 9:54:05.8 PM GMT:ERROR:creative_new_tab_page_ads_util.cc(123)] Successfully saved creative new tab page ads
[Jul 23, 2025 9:54:05.8 PM GMT:ERROR:creative_new_tab_page_ads_util.cc(108)] Successfully saved creative set conversions
--------------------------------------------------------------------------------
[Jul 23, 2025 11:40:22.6 PM GMT:ERROR:creative_new_tab_page_ads_util.cc(123)] Successfully saved creative new tab page ads
[Jul 23, 2025 11:40:22.6 PM GMT:ERROR:creative_new_tab_page_ads_util.cc(108)] Successfully saved creative set conversions
--------------------------------------------------------------------------------
[Jul 24, 2025 1:50:03.4 PM GMT:ERROR:creative_new_tab_page_ads_util.cc(123)] Successfully saved creative new tab page ads
[Jul 24, 2025 1:50:03.4 PM GMT:ERROR:creative_new_tab_page_ads_util.cc(108)] Successfully saved creative set conversions
[Jul 24, 2025 1:50:03.8 PM GMT:ERROR:creative_new_tab_page_ads_util.cc(123)] Successfully saved creative new tab page ads
[Jul 24, 2025 1:50:03.8 PM GMT:ERROR:creative_new_tab_page_ads_util.cc(108)] Successfully saved creative set conversions
--------------------------------------------------------------------------------
[Jul 24, 2025 9:44:00.9 PM GMT:ERROR:creative_new_tab_page_ads_util.cc(123)] Successfully saved creative new tab page ads
[Jul 24, 2025 9:44:00.9 PM GMT:ERROR:creative_new_tab_page_ads_util.cc(108)] Successfully saved creative set conversions
[Jul 24, 2025 9:44:01.8 PM GMT:ERROR:creative_new_tab_page_ads_util.cc(123)] Successfully saved creative new tab page ads
[Jul 24, 2025 9:44:01.8 PM GMT:ERROR:creative_new_tab_page_ads_util.cc(108)] Successfully saved creative set conversions
[Jul 25, 2025 3:28:57.9 AM GMT:ERROR:creative_new_tab_page_ads_util.cc(123)] Successfully saved creative new tab page ads
[Jul 25, 2025 3:28:57.9 AM GMT:ERROR:creative_new_tab_page_ads_util.cc(108)] Successfully saved creative set conversions
--------------------------------------------------------------------------------
[Jul 25, 2025 2:51:39.1 PM GMT:ERROR:creative_new_tab_page_ads_util.cc(123)] Successfully saved creative new tab page ads
[Jul 25, 2025 2:51:39.1 PM GMT:ERROR:creative_new_tab_page_ads_util.cc(108)] Successfully saved creative set conversions
[Jul 26, 2025 3:21:36.2 AM GMT:ERROR:creative_new_tab_page_ads_util.cc(123)] Successfully saved creative new tab page ads
[Jul 26, 2025 3:21:36.2 AM GMT:ERROR:creative_new_tab_page_ads_util.cc(108)] Successfully saved creative set conversions
--------------------------------------------------------------------------------
[Jul 26, 2025 10:31:14.2 AM GMT:ERROR:creative_new_tab_page_ads_util.cc(123)] Successfully saved creative new tab page ads
[Jul 26, 2025 10:31:14.2 AM GMT:ERROR:creative_new_tab_page_ads_util.cc(108)] Successfully saved creative set conversions
--------------------------------------------------------------------------------
[Jul 26, 2025 10:40:07.8 AM GMT:ERROR:creative_new_tab_page_ads_util.cc(123)] Successfully saved creative new tab page ads
[Jul 26, 2025 10:40:07.8 AM GMT:ERROR:creative_new_tab_page_ads_util.cc(108)] Successfully saved creative set conversions
--------------------------------------------------------------------------------
[Jul 26, 2025 1:54:20.7 PM GMT:ERROR:creative_new_tab_page_ads_util.cc(123)] Successfully saved creative new tab page ads
[Jul 26, 2025 1:54:20.7 PM GMT:ERROR:creative_new_tab_page_ads_util.cc(108)] Successfully saved creative set conversions
--------------------------------------------------------------------------------
[Jul 26, 2025 2:01:41.2 PM GMT:ERROR:creative_new_tab_page_ads_util.cc(123)] Successfully saved creative new tab page ads
[Jul 26, 2025 2:01:41.2 PM GMT:ERROR:creative_new_tab_page_ads_util.cc(108)] Successfully saved creative set conversions
--------------------------------------------------------------------------------
[Jul 26, 2025 4:16:56.8 PM GMT:ERROR:creative_new_tab_page_ads_util.cc(123)] Successfully saved creative new tab page ads
[Jul 26, 2025 4:16:56.8 PM GMT:ERROR:creative_new_tab_page_ads_util.cc(108)] Successfully saved creative set conversions
--------------------------------------------------------------------------------
[Jul 27, 2025 4:37:49.8 PM GMT:ERROR:creative_new_tab_page_ads_util.cc(123)] Successfully saved creative new tab page ads
[Jul 27, 2025 4:37:49.8 PM GMT:ERROR:creative_new_tab_page_ads_util.cc(108)] Successfully saved creative set conversions
[Jul 27, 2025 4:37:50.2 PM GMT:ERROR:creative_new_tab_page_ads_util.cc(123)] Successfully saved creative new tab page ads
[Jul 27, 2025 4:37:50.2 PM GMT:ERROR:creative_new_tab_page_ads_util.cc(108)] Successfully saved creative set conversions
[Jul 28, 2025 3:22:46.8 AM GMT:ERROR:creative_new_tab_page_ads_util.cc(123)] Successfully saved creative new tab page ads
[Jul 28, 2025 3:22:46.8 AM GMT:ERROR:creative_new_tab_page_ads_util.cc(108)] Successfully saved creative set conversions
--------------------------------------------------------------------------------
[Jul 31, 2025 1:02:48.4 PM GMT:ERROR:creative_new_tab_page_ads_util.cc(123)] Successfully saved creative new tab page ads
[Jul 31, 2025 1:02:48.4 PM GMT:ERROR:creative_new_tab_page_ads_util.cc(108)] Successfully saved creative set conversions
[Jul 31, 2025 1:02:48.8 PM GMT:ERROR:creative_new_tab_page_ads_util.cc(123)] Successfully saved creative new tab page ads
[Jul 31, 2025 1:02:48.8 PM GMT:ERROR:creative_new_tab_page_ads_util.cc(108)] Successfully saved creative set conversions
--------------------------------------------------------------------------------
[Jul 31, 2025 1:06:44.5 PM GMT:ERROR:creative_new_tab_page_ads_util.cc(123)] Successfully saved creative new tab page ads
[Jul 31, 2025 1:06:44.5 PM GMT:ERROR:creative_new_tab_page_ads_util.cc(108)] Successfully saved creative set conversions
--------------------------------------------------------------------------------
[Jul 31, 2025 1:11:21.9 PM GMT:ERROR:creative_new_tab_page_ads_util.cc(123)] Successfully saved creative new tab page ads
[Jul 31, 2025 1:11:21.9 PM GMT:ERROR:creative_new_tab_page_ads_util.cc(108)] Successfully saved creative set conversions
--------------------------------------------------------------------------------
[Jul 31, 2025 1:21:58.7 PM GMT:ERROR:creative_new_tab_page_ads_util.cc(123)] Successfully saved creative new tab page ads
[Jul 31, 2025 1:21:58.7 PM GMT:ERROR:creative_new_tab_page_ads_util.cc(108)] Successfully saved creative set conversions
--------------------------------------------------------------------------------
[Aug 03, 2025 1:17:20.1 PM GMT:ERROR:creative_new_tab_page_ads_util.cc(123)] Successfully saved creative new tab page ads
[Aug 03, 2025 1:17:20.1 PM GMT:ERROR:creative_new_tab_page_ads_util.cc(108)] Successfully saved creative set conversions
[Aug 03, 2025 1:17:20.5 PM GMT:ERROR:creative_new_tab_page_ads_util.cc(123)] Successfully saved creative new tab page ads
[Aug 03, 2025 1:17:20.5 PM GMT:ERROR:creative_new_tab_page_ads_util.cc(108)] Successfully saved creative set conversions
--------------------------------------------------------------------------------
[Aug 08, 2025 12:21:19.2 AM GMT:ERROR:creative_new_tab_page_ads_util.cc(123)] Successfully saved creative new tab page ads
[Aug 08, 2025 12:21:19.2 AM GMT:ERROR:creative_new_tab_page_ads_util.cc(108)] Successfully saved creative set conversions
[Aug 08, 2025 12:21:19.7 AM GMT:ERROR:creative_new_tab_page_ads_util.cc(123)] Successfully saved creative new tab page ads
[Aug 08, 2025 12:21:19.7 AM GMT:ERROR:creative_new_tab_page_ads_util.cc(108)] Successfully saved creative set conversions
--------------------------------------------------------------------------------
[Aug 08, 2025 1:01:51.6 AM GMT:ERROR:creative_new_tab_page_ads_util.cc(123)] Successfully saved creative new tab page ads
[Aug 08, 2025 1:01:51.6 AM GMT:ERROR:creative_new_tab_page_ads_util.cc(108)] Successfully saved creative set conversions
--------------------------------------------------------------------------------
[Aug 09, 2025 9:57:07.9 PM GMT:ERROR:creative_new_tab_page_ads_util.cc(123)] Successfully saved creative new tab page ads
[Aug 09, 2025 9:57:07.9 PM GMT:ERROR:creative_new_tab_page_ads_util.cc(108)] Successfully saved creative set conversions
[Aug 09, 2025 9:57:08.2 PM GMT:ERROR:creative_new_tab_page_ads_util.cc(123)] Successfully saved creative new tab page ads
[Aug 09, 2025 9:57:08.2 PM GMT:ERROR:creative_new_tab_page_ads_util.cc(108)] Successfully saved creative set conversions
--------------------------------------------------------------------------------
[Aug 11, 2025 12:24:22.8 PM GMT:ERROR:creative_new_tab_page_ads_util.cc(123)] Successfully saved creative new tab page ads
[Aug 11, 2025 12:24:22.8 PM GMT:ERROR:creative_new_tab_page_ads_util.cc(108)] Successfully saved creative set conversions
[Aug 11, 2025 12:24:23.4 PM GMT:ERROR:creative_new_tab_page_ads_util.cc(123)] Successfully saved creative new tab page ads
[Aug 11, 2025 12:24:23.4 PM GMT:ERROR:creative_new_tab_page_ads_util.cc(108)] Successfully saved creative set conversions
--------------------------------------------------------------------------------
[Aug 12, 2025 1:58:54.2 AM GMT:ERROR:creative_new_tab_page_ads_util.cc(123)] Successfully saved creative new tab page ads
[Aug 12, 2025 1:58:54.2 AM GMT:ERROR:creative_new_tab_page_ads_util.cc(108)] Successfully saved creative set conversions
--------------------------------------------------------------------------------
[Aug 12, 2025 8:38:34.6 PM GMT:ERROR:creative_new_tab_page_ads_util.cc(123)] Successfully saved creative new tab page ads
[Aug 12, 2025 8:38:34.6 PM GMT:ERROR:creative_new_tab_page_ads_util.cc(108)] Successfully saved creative set conversions
[Aug 12, 2025 8:38:35.1 PM GMT:ERROR:creative_new_tab_page_ads_util.cc(123)] Successfully saved creative new tab page ads
[Aug 12, 2025 8:38:35.1 PM GMT:ERROR:creative_new_tab_page_ads_util.cc(108)] Successfully saved creative set conversions
--------------------------------------------------------------------------------
[Aug 14, 2025 11:39:22.8 PM GMT:ERROR:creative_new_tab_page_ads_util.cc(123)] Successfully saved creative new tab page ads
[Aug 14, 2025 11:39:22.8 PM GMT:ERROR:creative_new_tab_page_ads_util.cc(108)] Successfully saved creative set conversions
[Aug 14, 2025 11:39:23.0 PM GMT:ERROR:creative_new_tab_page_ads_util.cc(123)] Successfully saved creative new tab page ads
[Aug 14, 2025 11:39:23.0 PM GMT:ERROR:creative_new_tab_page_ads_util.cc(108)] Successfully saved creative set conversions
--------------------------------------------------------------------------------
[Aug 31, 2025 3:18:51.5 AM GMT:ERROR:creative_new_tab_page_ads_util.cc(123)] Successfully saved creative new tab page ads
[Aug 31, 2025 3:18:51.5 AM GMT:ERROR:creative_new_tab_page_ads_util.cc(108)] Successfully saved creative set conversions
[Aug 31, 2025 3:18:51.7 AM GMT:ERROR:creative_new_tab_page_ads_util.cc(123)] Successfully saved creative new tab page ads
[Aug 31, 2025 3:18:51.7 AM GMT:ERROR:creative_new_tab_page_ads_util.cc(108)] Successfully saved creative set conversions
--------------------------------------------------------------------------------
[Nov 13, 2025 9:41:02.6 PM GMT:ERROR:creative_new_tab_page_ads_util.cc(123)] Successfully saved creative new tab page ads
[Nov 13, 2025 9:41:02.6 PM GMT:ERROR:creative_new_tab_page_ads_util.cc(108)] Successfully saved creative set conversions
[Nov 13, 2025 9:41:03.0 PM GMT:ERROR:creative_new_tab_page_ads_util.cc(123)] Successfully saved creative new tab page ads
[Nov 13, 2025 9:41:03.0 PM GMT:ERROR:creative_new_tab_page_ads_util.cc(108)] Successfully saved creative set conversions
--------------------------------------------------------------------------------
[Nov 13, 2025 9:49:13.4 PM GMT:ERROR:creative_new_tab_page_ads_util.cc(123)] Successfully saved creative new tab page ads
[Nov 13, 2025 9:49:13.4 PM GMT:ERROR:creative_new_tab_page_ads_util.cc(108)] Successfully saved creative set conversions
--------------------------------------------------------------------------------
[Nov 13, 2025 10:06:03.8 PM GMT:ERROR:creative_new_tab_page_ads_util.cc(123)] Successfully saved creative new tab page ads
[Nov 13, 2025 10:06:03.8 PM GMT:ERROR:creative_new_tab_page_ads_util.cc(108)] Successfully saved creative set conversions
--------------------------------------------------------------------------------
[Nov 13, 2025 10:08:11.0 PM GMT:ERROR:creative_new_tab_page_ads_util.cc(123)] Successfully saved creative new tab page ads
[Nov 13, 2025 10:08:11.0 PM GMT:ERROR:creative_new_tab_page_ads_util.cc(108)] Successfully saved creative set conversions
--------------------------------------------------------------------------------
[Nov 13, 2025 10:18:10.1 PM GMT:ERROR:creative_new_tab_page_ads_util.cc(123)] Successfully saved creative new tab page ads
[Nov 13, 2025 10:18:10.1 PM GMT:ERROR:creative_new_tab_page_ads_util.cc(108)] Successfully saved creative set conversions
--------------------------------------------------------------------------------
[Nov 14, 2025 12:44:21.9 AM GMT:ERROR:creative_new_tab_page_ads_util.cc(123)] Successfully saved creative new tab page ads
[Nov 14, 2025 12:44:21.9 AM GMT:ERROR:creative_new_tab_page_ads_util.cc(108)] Successfully saved creative set conversions
--------------------------------------------------------------------------------
[Nov 14, 2025 1:01:13.4 AM GMT:ERROR:creative_new_tab_page_ads_util.cc(123)] Successfully saved creative new tab page ads
[Nov 14, 2025 1:01:13.4 AM GMT:ERROR:creative_new_tab_page_ads_util.cc(108)] Successfully saved creative set conversions
--------------------------------------------------------------------------------
[Nov 14, 2025 1:23:44.6 AM GMT:ERROR:creative_new_tab_page_ads_util.cc(123)] Successfully saved creative new tab page ads
[Nov 14, 2025 1:23:44.6 AM GMT:ERROR:creative_new_tab_page_ads_util.cc(108)] Successfully saved creative set conversions
--------------------------------------------------------------------------------
[Nov 14, 2025 1:47:46.5 AM GMT:ERROR:creative_new_tab_page_ads_util.cc(123)] Successfully saved creative new tab page ads
[Nov 14, 2025 1:47:46.5 AM GMT:ERROR:creative_new_tab_page_ads_util.cc(108)] Successfully saved creative set conversions
--------------------------------------------------------------------------------
[Nov 14, 2025 2:12:41.2 AM GMT:ERROR:creative_new_tab_page_ads_util.cc(123)] Successfully saved creative new tab page ads
[Nov 14, 2025 2:12:41.2 AM GMT:ERROR:creative_new_tab_page_ads_util.cc(108)] Successfully saved creative set conversions
--------------------------------------------------------------------------------
[Nov 14, 2025 2:36:19.2 AM GMT:ERROR:creative_new_tab_page_ads_util.cc(123)] Successfully saved creative new tab page ads
[Nov 14, 2025 2:36:19.2 AM GMT:ERROR:creative_new_tab_page_ads_util.cc(108)] Successfully saved creative set conversions
--------------------------------------------------------------------------------
[Nov 14, 2025 2:41:53.2 AM GMT:ERROR:creative_new_tab_page_ads_util.cc(123)] Successfully saved creative new tab page ads
[Nov 14, 2025 2:41:53.2 AM GMT:ERROR:creative_new_tab_page_ads_util.cc(108)] Successfully saved creative set conversions
--------------------------------------------------------------------------------
[Nov 14, 2025 2:59:59.3 AM GMT:ERROR:creative_new_tab_page_ads_util.cc(123)] Successfully saved creative new tab page ads
[Nov 14, 2025 2:59:59.3 AM GMT:ERROR:creative_new_tab_page_ads_util.cc(108)] Successfully saved creative set conversions
--------------------------------------------------------------------------------
[Nov 14, 2025 3:07:30.4 AM GMT:ERROR:creative_new_tab_page_ads_util.cc(123)] Successfully saved creative new tab page ads
[Nov 14, 2025 3:07:30.4 AM GMT:ERROR:creative_new_tab_page_ads_util.cc(108)] Successfully saved creative set conversions
--------------------------------------------------------------------------------
[Nov 14, 2025 10:57:02.1 AM GMT:ERROR:creative_new_tab_page_ads_util.cc(123)] Successfully saved creative new tab page ads
[Nov 14, 2025 10:57:02.1 AM GMT:ERROR:creative_new_tab_page_ads_util.cc(108)] Successfully saved creative set conversions
[Nov 14, 2025 10:57:05.0 AM GMT:ERROR:creative_new_tab_page_ads_util.cc(123)] Successfully saved creative new tab page ads
[Nov 14, 2025 10:57:05.0 AM GMT:ERROR:creative_new_tab_page_ads_util.cc(108)] Successfully saved creative set conversions
--------------------------------------------------------------------------------
[Nov 14, 2025 1:11:38.0 PM GMT:ERROR:creative_new_tab_page_ads_util.cc(123)] Successfully saved creative new tab page ads
[Nov 14, 2025 1:11:38.0 PM GMT:ERROR:creative_new_tab_page_ads_util.cc(108)] Successfully saved creative set conversions
--------------------------------------------------------------------------------
[Nov 15, 2025 10:17:00.7 AM GMT:ERROR:creative_new_tab_page_ads_util.cc(123)] Successfully saved creative new tab page ads
[Nov 15, 2025 10:17:00.7 AM GMT:ERROR:creative_new_tab_page_ads_util.cc(108)] Successfully saved creative set conversions
[Nov 15, 2025 10:17:03.6 AM GMT:ERROR:creative_new_tab_page_ads_util.cc(123)] Successfully saved creative new tab page ads
[Nov 15, 2025 10:17:03.6 AM GMT:ERROR:creative_new_tab_page_ads_util.cc(108)] Successfully saved creative set conversions
--------------------------------------------------------------------------------
[Nov 16, 2025 12:56:57.2 PM GMT:ERROR:creative_new_tab_page_ads_util.cc(123)] Successfully saved creative new tab page ads
[Nov 16, 2025 12:56:57.2 PM GMT:ERROR:creative_new_tab_page_ads_util.cc(108)] Successfully saved creative set conversions
[Nov 16, 2025 12:56:59.8 PM GMT:ERROR:creative_new_tab_page_ads_util.cc(123)] Successfully saved creative new tab page ads
[Nov 16, 2025 12:56:59.8 PM GMT:ERROR:creative_new_tab_page_ads_util.cc(108)] Successfully saved creative set conversions
--------------------------------------------------------------------------------
[Nov 16, 2025 6:34:36.1 PM GMT:ERROR:creative_new_tab_page_ads_util.cc(123)] Successfully saved creative new tab page ads
[Nov 16, 2025 6:34:36.1 PM GMT:ERROR:creative_new_tab_page_ads_util.cc(108)] Successfully saved creative set conversions
--------------------------------------------------------------------------------
[Nov 17, 2025 1:02:49.4 AM GMT:ERROR:creative_new_tab_page_ads_util.cc(123)] Successfully saved creative new tab page ads
[Nov 17, 2025 1:02:49.4 AM GMT:ERROR:creative_new_tab_page_ads_util.cc(108)] Successfully saved creative set conversions
--------------------------------------------------------------------------------
[Nov 17, 2025 2:04:36.6 AM GMT:ERROR:creative_new_tab_page_ads_util.cc(123)] Successfully saved creative new tab page ads
[Nov 17, 2025 2:04:36.6 AM GMT:ERROR:creative_new_tab_page_ads_util.cc(108)] Successfully saved creative set conversions
--------------------------------------------------------------------------------
[Nov 17, 2025 11:17:56.5 PM GMT:ERROR:creative_new_tab_page_ads_util.cc(123)] Successfully saved creative new tab page ads
[Nov 17, 2025 11:17:56.5 PM GMT:ERROR:creative_new_tab_page_ads_util.cc(108)] Successfully saved creative set conversions
[Nov 17, 2025 11:17:59.1 PM GMT:ERROR:creative_new_tab_page_ads_util.cc(123)] Successfully saved creative new tab page ads
[Nov 17, 2025 11:17:59.1 PM GMT:ERROR:creative_new_tab_page_ads_util.cc(108)] Successfully saved creative set conversions
--------------------------------------------------------------------------------
[Nov 17, 2025 11:45:00.4 PM GMT:ERROR:creative_new_tab_page_ads_util.cc(123)] Successfully saved creative new tab page ads
[Nov 17, 2025 11:45:00.4 PM GMT:ERROR:creative_new_tab_page_ads_util.cc(108)] Successfully saved creative set conversions
--------------------------------------------------------------------------------
[Nov 29, 2025 4:57:46.5 AM GMT:ERROR:creative_new_tab_page_ads_util.cc(123)] Successfully saved creative new tab page ads
[Nov 29, 2025 4:57:46.5 AM GMT:ERROR:creative_new_tab_page_ads_util.cc(108)] Successfully saved creative set conversions
[Nov 29, 2025 4:57:46.6 AM GMT:ERROR:creative_new_tab_page_ads_util.cc(123)] Successfully saved creative new tab page ads
[Nov 29, 2025 4:57:46.6 AM GMT:ERROR:creative_new_tab_page_ads_util.cc(108)] Successfully saved creative set conversions
--------------------------------------------------------------------------------
[Nov 29, 2025 12:17:40.9 PM GMT:ERROR:creative_new_tab_page_ads_util.cc(123)] Successfully saved creative new tab page ads
[Nov 29, 2025 12:17:40.9 PM GMT:ERROR:creative_new_tab_page_ads_util.cc(108)] Successfully saved creative set conversions
--------------------------------------------------------------------------------
[Nov 29, 2025 1:13:13.8 PM GMT:ERROR:creative_new_tab_page_ads_util.cc(123)] Successfully saved creative new tab page ads
[Nov 29, 2025 1:13:13.8 PM GMT:ERROR:creative_new_tab_page_ads_util.cc(108)] Successfully saved creative set conversions
--------------------------------------------------------------------------------
[Nov 29, 2025 7:30:53.2 PM GMT:ERROR:creative_new_tab_page_ads_util.cc(123)] Successfully saved creative new tab page ads
[Nov 29, 2025 7:30:53.2 PM GMT:ERROR:creative_new_tab_page_ads_util.cc(108)] Successfully saved creative set conversions
--------------------------------------------------------------------------------
[Dec 01, 2025 9:52:20.6 AM GMT:ERROR:creative_new_tab_page_ads_util.cc(123)] Successfully saved creative new tab page ads
[Dec 01, 2025 9:52:20.6 AM GMT:ERROR:creative_new_tab_page_ads_util.cc(108)] Successfully saved creative set conversions
[Dec 01, 2025 9:52:23.8 AM GMT:ERROR:creative_new_tab_page_ads_util.cc(123)] Successfully saved creative new tab page ads
[Dec 01, 2025 9:52:23.8 AM GMT:ERROR:creative_new_tab_page_ads_util.cc(108)] Successfully saved creative set conversions
--------------------------------------------------------------------------------
[Dec 02, 2025 2:16:06.2 AM GMT:ERROR:creative_new_tab_page_ads_util.cc(123)] Successfully saved creative new tab page ads
[Dec 02, 2025 2:16:06.2 AM GMT:ERROR:creative_new_tab_page_ads_util.cc(108)] Successfully saved creative set conversions
--------------------------------------------------------------------------------
[Dec 02, 2025 2:25:17.6 AM GMT:ERROR:creative_new_tab_page_ads_util.cc(123)] Successfully saved creative new tab page ads
[Dec 02, 2025 2:25:17.6 AM GMT:ERROR:creative_new_tab_page_ads_util.cc(108)] Successfully saved creative set conversions
--------------------------------------------------------------------------------
[Dec 02, 2025 2:42:53.1 AM GMT:ERROR:creative_new_tab_page_ads_util.cc(123)] Successfully saved creative new tab page ads
[Dec 02, 2025 2:42:53.1 AM GMT:ERROR:creative_new_tab_page_ads_util.cc(108)] Successfully saved creative set conversions
--------------------------------------------------------------------------------
[Dec 02, 2025 3:07:54.8 AM GMT:ERROR:creative_new_tab_page_ads_util.cc(123)] Successfully saved creative new tab page ads
[Dec 02, 2025 3:07:54.8 AM GMT:ERROR:creative_new_tab_page_ads_util.cc(108)] Successfully saved creative set conversions
--------------------------------------------------------------------------------
[Dec 02, 2025 4:12:31.8 AM GMT:ERROR:creative_new_tab_page_ads_util.cc(123)] Successfully saved creative new tab page ads
[Dec 02, 2025 4:12:31.8 AM GMT:ERROR:creative_new_tab_page_ads_util.cc(108)] Successfully saved creative set conversions
--------------------------------------------------------------------------------
[Dec 02, 2025 12:05:09.8 PM GMT:ERROR:creative_new_tab_page_ads_util.cc(123)] Successfully saved creative new tab page ads
[Dec 02, 2025 12:05:09.8 PM GMT:ERROR:creative_new_tab_page_ads_util.cc(108)] Successfully saved creative set conversions
[Dec 02, 2025 12:05:12.9 PM GMT:ERROR:creative_new_tab_page_ads_util.cc(123)] Successfully saved creative new tab page ads
[Dec 02, 2025 12:05:12.9 PM GMT:ERROR:creative_new_tab_page_ads_util.cc(108)] Successfully saved creative set conversions
--------------------------------------------------------------------------------
[Dec 02, 2025 3:16:39.9 PM GMT:ERROR:creative_new_tab_page_ads_util.cc(123)] Successfully saved creative new tab page ads
[Dec 02, 2025 3:16:39.9 PM GMT:ERROR:creative_new_tab_page_ads_util.cc(108)] Successfully saved creative set conversions
--------------------------------------------------------------------------------
[May 15, 2026 1:05:30.1 AM GMT:ERROR:creative_new_tab_page_ads_util.cc(153)] Successfully saved creative new tab page ads
[May 15, 2026 1:05:30.1 AM GMT:ERROR:creative_new_tab_page_ads_util.cc(138)] Successfully saved creative set conversions
--------------------------------------------------------------------------------
[May 15, 2026 1:10:41.2 AM GMT:ERROR:creative_new_tab_page_ads_util.cc(153)] Successfully saved creative new tab page ads
[May 15, 2026 1:10:41.2 AM GMT:ERROR:creative_new_tab_page_ads_util.cc(138)] Successfully saved creative set conversions
--------------------------------------------------------------------------------
[May 15, 2026 1:14:37.9 AM GMT:ERROR:creative_new_tab_page_ads_util.cc(153)] Successfully saved creative new tab page ads
[May 15, 2026 1:14:37.9 AM GMT:ERROR:creative_new_tab_page_ads_util.cc(138)] Successfully saved creative set conversions
--------------------------------------------------------------------------------
[May 15, 2026 1:17:12.8 AM GMT:ERROR:creative_new_tab_page_ads_util.cc(153)] Successfully saved creative new tab page ads
[May 15, 2026 1:17:12.8 AM GMT:ERROR:creative_new_tab_page_ads_util.cc(138)] Successfully saved creative set conversions
--------------------------------------------------------------------------------
[May 15, 2026 1:21:07.0 AM GMT:ERROR:creative_new_tab_page_ads_util.cc(153)] Successfully saved creative new tab page ads
[May 15, 2026 1:21:07.0 AM GMT:ERROR:creative_new_tab_page_ads_util.cc(138)] Successfully saved creative set conversions
--------------------------------------------------------------------------------
[May 15, 2026 2:45:09.9 AM GMT:ERROR:creative_new_tab_page_ads_util.cc(153)] Successfully saved creative new tab page ads
[May 15, 2026 2:45:09.9 AM GMT:ERROR:creative_new_tab_page_ads_util.cc(138)] Successfully saved creative set conversions
--------------------------------------------------------------------------------
[May 15, 2026 2:47:51.8 AM GMT:ERROR:creative_new_tab_page_ads_util.cc(153)] Successfully saved creative new tab page ads
[May 15, 2026 2:47:51.8 AM GMT:ERROR:creative_new_tab_page_ads_util.cc(138)] Successfully saved creative set conversions
[May 15, 2026 3:32:52.3 AM GMT:ERROR:creative_new_tab_page_ads_util.cc(153)] Successfully saved creative new tab page ads
[May 15, 2026 3:32:52.3 AM GMT:ERROR:creative_new_tab_page_ads_util.cc(138)] Successfully saved creative set conversions
[May 15, 2026 3:17:52.3 PM GMT:ERROR:creative_new_tab_page_ads_util.cc(153)] Successfully saved creative new tab page ads
[May 15, 2026 3:17:52.3 PM GMT:ERROR:creative_new_tab_page_ads_util.cc(138)] Successfully saved creative set conversions
[May 16, 2026 3:32:52.5 AM GMT:ERROR:creative_new_tab_page_ads_util.cc(153)] Successfully saved creative new tab page ads
[May 16, 2026 3:32:52.5 AM GMT:ERROR:creative_new_tab_page_ads_util.cc(138)] Successfully saved creative set conversions
--------------------------------------------------------------------------------
[May 16, 2026 10:44:44.1 AM GMT:ERROR:creative_new_tab_page_ads_util.cc(153)] Successfully saved creative new tab page ads
[May 16, 2026 10:44:44.1 AM GMT:ERROR:creative_new_tab_page_ads_util.cc(138)] Successfully saved creative set conversions
--------------------------------------------------------------------------------
[May 16, 2026 11:19:11.5 AM GMT:ERROR:creative_new_tab_page_ads_util.cc(153)] Successfully saved creative new tab page ads
[May 16, 2026 11:19:11.5 AM GMT:ERROR:creative_new_tab_page_ads_util.cc(138)] Successfully saved creative set conversions
[May 17, 2026 3:19:12.2 AM GMT:ERROR:creative_new_tab_page_ads_util.cc(153)] Successfully saved creative new tab page ads
[May 17, 2026 3:19:12.2 AM GMT:ERROR:creative_new_tab_page_ads_util.cc(138)] Successfully saved creative set conversions
[May 18, 2026 5:19:12.2 AM GMT:ERROR:creative_new_tab_page_ads_util.cc(153)] Successfully saved creative new tab page ads
[May 18, 2026 5:19:12.2 AM GMT:ERROR:creative_new_tab_page_ads_util.cc(138)] Successfully saved creative set conversions
[May 18, 2026 5:34:12.1 AM GMT:ERROR:creative_new_tab_page_ads_util.cc(153)] Successfully saved creative new tab page ads
[May 18, 2026 5:34:12.1 AM GMT:ERROR:creative_new_tab_page_ads_util.cc(138)] Successfully saved creative set conversions
[May 19, 2026 3:34:12.2 AM GMT:ERROR:creative_new_tab_page_ads_util.cc(153)] Successfully saved creative new tab page ads
[May 19, 2026 3:34:12.2 AM GMT:ERROR:creative_new_tab_page_ads_util.cc(138)] Successfully saved creative set conversions
[May 19, 2026 12:19:12.2 PM GMT:ERROR:creative_new_tab_page_ads_util.cc(153)] Successfully saved creative new tab page ads
[May 19, 2026 12:19:12.2 PM GMT:ERROR:creative_new_tab_page_ads_util.cc(138)] Successfully saved creative set conversions
[May 20, 2026 3:19:12.3 AM GMT:ERROR:creative_new_tab_page_ads_util.cc(153)] Successfully saved creative new tab page ads
[May 20, 2026 3:19:12.3 AM GMT:ERROR:creative_new_tab_page_ads_util.cc(138)] Successfully saved creative set conversions
[May 21, 2026 3:19:12.4 AM GMT:ERROR:creative_new_tab_page_ads_util.cc(153)] Successfully saved creative new tab page ads
[May 21, 2026 3:19:12.4 AM GMT:ERROR:creative_new_tab_page_ads_util.cc(138)] Successfully saved creative set conversions
--------------------------------------------------------------------------------
[May 21, 2026 9:05:09.1 AM GMT:ERROR:creative_new_tab_page_ads_util.cc(153)] Successfully saved creative new tab page ads
[May 21, 2026 9:05:09.1 AM GMT:ERROR:creative_new_tab_page_ads_util.cc(138)] Successfully saved creative set conversions
[May 22, 2026 3:20:09.6 AM GMT:ERROR:creative_new_tab_page_ads_util.cc(153)] Successfully saved creative new tab page ads
[May 22, 2026 3:20:09.6 AM GMT:ERROR:creative_new_tab_page_ads_util.cc(138)] Successfully saved creative set conversions
[May 23, 2026 3:20:09.8 AM GMT:ERROR:creative_new_tab_page_ads_util.cc(153)] Successfully saved creative new tab page ads
[May 23, 2026 3:20:09.8 AM GMT:ERROR:creative_new_tab_page_ads_util.cc(138)] Successfully saved creative set conversions
[May 24, 2026 3:20:09.8 AM GMT:ERROR:creative_new_tab_page_ads_util.cc(153)] Successfully saved creative new tab page ads
[May 24, 2026 3:20:09.8 AM GMT:ERROR:creative_new_tab_page_ads_util.cc(138)] Successfully saved creative set conversions
[May 25, 2026 3:35:09.9 AM GMT:ERROR:creative_new_tab_page_ads_util.cc(153)] Successfully saved creative new tab page ads
[May 25, 2026 3:35:09.9 AM GMT:ERROR:creative_new_tab_page_ads_util.cc(138)] Successfully saved creative set conversions
[May 26, 2026 3:35:09.9 AM GMT:ERROR:creative_new_tab_page_ads_util.cc(153)] Successfully saved creative new tab page ads
[May 26, 2026 3:35:09.9 AM GMT:ERROR:creative_new_tab_page_ads_util.cc(138)] Successfully saved creative set conversions
--------------------------------------------------------------------------------
[May 26, 2026 9:29:31.0 AM GMT:ERROR:creative_new_tab_page_ads_util.cc(153)] Successfully saved creative new tab page ads
[May 26, 2026 9:29:31.0 AM GMT:ERROR:creative_new_tab_page_ads_util.cc(138)] Successfully saved creative set conversions
[May 27, 2026 3:29:31.4 AM GMT:ERROR:creative_new_tab_page_ads_util.cc(153)] Successfully saved creative new tab page ads
[May 27, 2026 3:29:31.4 AM GMT:ERROR:creative_new_tab_page_ads_util.cc(138)] Successfully saved creative set conversions
[May 28, 2026 3:29:31.6 AM GMT:ERROR:creative_new_tab_page_ads_util.cc(153)] Successfully saved creative new tab page ads
[May 28, 2026 3:29:31.6 AM GMT:ERROR:creative_new_tab_page_ads_util.cc(138)] Successfully saved creative set conversions
--------------------------------------------------------------------------------
[May 29, 2026 1:22:30.2 AM GMT:ERROR:creative_new_tab_page_ads_util.cc(153)] Successfully saved creative new tab page ads
[May 29, 2026 1:22:30.2 AM GMT:ERROR:creative_new_tab_page_ads_util.cc(138)] Successfully saved creative set conversions
--------------------------------------------------------------------------------
[May 29, 2026 1:29:19.2 AM GMT:ERROR:creative_new_tab_page_ads_util.cc(153)] Successfully saved creative new tab page ads
[May 29, 2026 1:29:19.2 AM GMT:ERROR:creative_new_tab_page_ads_util.cc(138)] Successfully saved creative set conversions
--------------------------------------------------------------------------------
[May 29, 2026 1:54:13.4 AM GMT:ERROR:creative_new_tab_page_ads_util.cc(153)] Successfully saved creative new tab page ads
[May 29, 2026 1:54:13.4 AM GMT:ERROR:creative_new_tab_page_ads_util.cc(138)] Successfully saved creative set conversions
--------------------------------------------------------------------------------
[May 29, 2026 2:23:03.3 AM GMT:ERROR:creative_new_tab_page_ads_util.cc(153)] Successfully saved creative new tab page ads
[May 29, 2026 2:23:03.3 AM GMT:ERROR:creative_new_tab_page_ads_util.cc(138)] Successfully saved creative set conversions
--------------------------------------------------------------------------------
[May 29, 2026 2:57:08.8 AM GMT:ERROR:creative_new_tab_page_ads_util.cc(153)] Successfully saved creative new tab page ads
[May 29, 2026 2:57:08.8 AM GMT:ERROR:creative_new_tab_page_ads_util.cc(138)] Successfully saved creative set conversions
[May 29, 2026 3:27:09.4 AM GMT:ERROR:creative_new_tab_page_ads_util.cc(153)] Successfully saved creative new tab page ads
[May 29, 2026 3:27:09.4 AM GMT:ERROR:creative_new_tab_page_ads_util.cc(138)] Successfully saved creative set conversions
[May 30, 2026 3:27:09.4 AM GMT:ERROR:creative_new_tab_page_ads_util.cc(153)] Successfully saved creative new tab page ads
[May 30, 2026 3:27:09.4 AM GMT:ERROR:creative_new_tab_page_ads_util.cc(138)] Successfully saved creative set conversions
--------------------------------------------------------------------------------
[May 30, 2026 3:38:17.7 AM GMT:ERROR:creative_new_tab_page_ads_util.cc(153)] Successfully saved creative new tab page ads
[May 30, 2026 3:38:17.7 AM GMT:ERROR:creative_new_tab_page_ads_util.cc(138)] Successfully saved creative set conversions
--------------------------------------------------------------------------------
[May 30, 2026 11:54:51.5 PM GMT:ERROR:creative_new_tab_page_ads_util.cc(153)] Successfully saved creative new tab page ads
[May 30, 2026 11:54:51.5 PM GMT:ERROR:creative_new_tab_page_ads_util.cc(138)] Successfully saved creative set conversions
[May 31, 2026 3:24:52.0 AM GMT:ERROR:creative_new_tab_page_ads_util.cc(153)] Successfully saved creative new tab page ads
[May 31, 2026 3:24:52.0 AM GMT:ERROR:creative_new_tab_page_ads_util.cc(138)] Successfully saved creative set conversions
--------------------------------------------------------------------------------
[Jun 01, 2026 12:14:13.8 AM GMT:ERROR:creative_new_tab_page_ads_util.cc(153)] Successfully saved creative new tab page ads
[Jun 01, 2026 12:14:13.8 AM GMT:ERROR:creative_new_tab_page_ads_util.cc(138)] Successfully saved creative set conversions
--------------------------------------------------------------------------------
[Jun 01, 2026 1:32:09.6 AM GMT:ERROR:creative_new_tab_page_ads_util.cc(153)] Successfully saved creative new tab page ads
[Jun 01, 2026 1:32:09.6 AM GMT:ERROR:creative_new_tab_page_ads_util.cc(138)] Successfully saved creative set conversions
[Jun 01, 2026 3:17:10.2 AM GMT:ERROR:creative_new_tab_page_ads_util.cc(153)] Successfully saved creative new tab page ads
[Jun 01, 2026 3:17:10.2 AM GMT:ERROR:creative_new_tab_page_ads_util.cc(138)] Successfully saved creative set conversions
--------------------------------------------------------------------------------
[Jun 01, 2026 11:39:58.1 PM GMT:ERROR:creative_new_tab_page_ads_util.cc(153)] Successfully saved creative new tab page ads
[Jun 01, 2026 11:39:58.1 PM GMT:ERROR:creative_new_tab_page_ads_util.cc(138)] Successfully saved creative set conversions
--------------------------------------------------------------------------------
[Jun 02, 2026 1:55:05.7 PM GMT:ERROR:creative_new_tab_page_ads_util.cc(153)] Successfully saved creative new tab page ads
[Jun 02, 2026 1:55:05.7 PM GMT:ERROR:creative_new_tab_page_ads_util.cc(138)] Successfully saved creative set conversions
[Jun 02, 2026 1:55:08.9 PM GMT:ERROR:creative_new_tab_page_ads_util.cc(153)] Successfully saved creative new tab page ads
[Jun 02, 2026 1:55:08.9 PM GMT:ERROR:creative_new_tab_page_ads_util.cc(138)] Successfully saved creative set conversions
[Jun 03, 2026 3:25:06.4 AM GMT:ERROR:creative_new_tab_page_ads_util.cc(153)] Successfully saved creative new tab page ads
[Jun 03, 2026 3:25:06.4 AM GMT:ERROR:creative_new_tab_page_ads_util.cc(138)] Successfully saved creative set conversions
[Jun 03, 2026 3:25:06.5 PM GMT:ERROR:creative_new_tab_page_ads_util.cc(153)] Successfully saved creative new tab page ads
[Jun 03, 2026 3:25:06.5 PM GMT:ERROR:creative_new_tab_page_ads_util.cc(138)] Successfully saved creative set conversions
[Jun 04, 2026 3:25:06.7 AM GMT:ERROR:creative_new_tab_page_ads_util.cc(153)] Successfully saved creative new tab page ads
[Jun 04, 2026 3:25:06.7 AM GMT:ERROR:creative_new_tab_page_ads_util.cc(138)] Successfully saved creative set conversions
--------------------------------------------------------------------------------
[Jun 05, 2026 12:47:52.0 AM GMT:ERROR:creative_new_tab_page_ads_util.cc(153)] Successfully saved creative new tab page ads
[Jun 05, 2026 12:47:52.0 AM GMT:ERROR:creative_new_tab_page_ads_util.cc(138)] Successfully saved creative set conversions
[Jun 05, 2026 3:32:52.5 AM GMT:ERROR:creative_new_tab_page_ads_util.cc(153)] Successfully saved creative new tab page ads
[Jun 05, 2026 3:32:52.5 AM GMT:ERROR:creative_new_tab_page_ads_util.cc(138)] Successfully saved creative set conversions
--------------------------------------------------------------------------------
[Jun 05, 2026 12:58:47.5 PM GMT:ERROR:creative_new_tab_page_ads_util.cc(153)] Successfully saved creative new tab page ads
[Jun 05, 2026 12:58:47.5 PM GMT:ERROR:creative_new_tab_page_ads_util.cc(138)] Successfully saved creative set conversions
--------------------------------------------------------------------------------
[Jun 05, 2026 11:46:20.0 PM GMT:ERROR:creative_new_tab_page_ads_util.cc(153)] Successfully saved creative new tab page ads
[Jun 05, 2026 11:46:20.1 PM GMT:ERROR:creative_new_tab_page_ads_util.cc(138)] Successfully saved creative set conversions
--------------------------------------------------------------------------------
[Jun 06, 2026 12:26:44.7 AM GMT:ERROR:creative_new_tab_page_ads_util.cc(153)] Successfully saved creative new tab page ads
[Jun 06, 2026 12:26:44.7 AM GMT:ERROR:creative_new_tab_page_ads_util.cc(138)] Successfully saved creative set conversions
--------------------------------------------------------------------------------
[Jun 06, 2026 12:28:46.8 AM GMT:ERROR:creative_new_tab_page_ads_util.cc(153)] Successfully saved creative new tab page ads
[Jun 06, 2026 12:28:46.8 AM GMT:ERROR:creative_new_tab_page_ads_util.cc(138)] Successfully saved creative set conversions
--------------------------------------------------------------------------------
[Jun 06, 2026 12:32:03.4 AM GMT:ERROR:creative_new_tab_page_ads_util.cc(153)] Successfully saved creative new tab page ads
[Jun 06, 2026 12:32:03.4 AM GMT:ERROR:creative_new_tab_page_ads_util.cc(138)] Successfully saved creative set conversions
--------------------------------------------------------------------------------
[Jun 06, 2026 12:42:53.4 AM GMT:ERROR:creative_new_tab_page_ads_util.cc(153)] Successfully saved creative new tab page ads
[Jun 06, 2026 12:42:53.4 AM GMT:ERROR:creative_new_tab_page_ads_util.cc(138)] Successfully saved creative set conversions
[Jun 06, 2026 3:27:53.9 AM GMT:ERROR:creative_new_tab_page_ads_util.cc(153)] Successfully saved creative new tab page ads
[Jun 06, 2026 3:27:53.9 AM GMT:ERROR:creative_new_tab_page_ads_util.cc(138)] Successfully saved creative set conversions
[Jun 07, 2026 3:27:54.1 AM GMT:ERROR:creative_new_tab_page_ads_util.cc(153)] Successfully saved creative new tab page ads
[Jun 07, 2026 3:27:54.1 AM GMT:ERROR:creative_new_tab_page_ads_util.cc(138)] Successfully saved creative set conversions
[Jun 07, 2026 11:27:54.1 PM GMT:ERROR:creative_new_tab_page_ads_util.cc(153)] Successfully saved creative new tab page ads
[Jun 07, 2026 11:27:54.1 PM GMT:ERROR:creative_new_tab_page_ads_util.cc(138)] Successfully saved creative set conversions
[Jun 08, 2026 3:27:54.1 AM GMT:ERROR:creative_new_tab_page_ads_util.cc(153)] Successfully saved creative new tab page ads
[Jun 08, 2026 3:27:54.1 AM GMT:ERROR:creative_new_tab_page_ads_util.cc(138)] Successfully saved creative set conversions
--------------------------------------------------------------------------------
[Jun 08, 2026 11:29:18.6 PM GMT:ERROR:creative_new_tab_page_ads_util.cc(153)] Successfully saved creative new tab page ads
[Jun 08, 2026 11:29:18.6 PM GMT:ERROR:creative_new_tab_page_ads_util.cc(138)] Successfully saved creative set conversions
[Jun 09, 2026 3:29:19.1 AM GMT:ERROR:creative_new_tab_page_ads_util.cc(153)] Successfully saved creative new tab page ads
[Jun 09, 2026 3:29:19.1 AM GMT:ERROR:creative_new_tab_page_ads_util.cc(138)] Successfully saved creative set conversions
[Jun 09, 2026 3:29:19.3 PM GMT:ERROR:creative_new_tab_page_ads_util.cc(153)] Successfully saved creative new tab page ads
[Jun 09, 2026 3:29:19.3 PM GMT:ERROR:creative_new_tab_page_ads_util.cc(138)] Successfully saved creative set conversions
[Jun 10, 2026 3:29:19.5 AM GMT:ERROR:creative_new_tab_page_ads_util.cc(153)] Successfully saved creative new tab page ads
[Jun 10, 2026 3:29:19.5 AM GMT:ERROR:creative_new_tab_page_ads_util.cc(138)] Successfully saved creative set conversions
--------------------------------------------------------------------------------
[Jun 11, 2026 1:56:55.5 AM GMT:ERROR:creative_new_tab_page_ads_util.cc(153)] Successfully saved creative new tab page ads
[Jun 11, 2026 1:56:55.5 AM GMT:ERROR:creative_new_tab_page_ads_util.cc(138)] Successfully saved creative set conversions
[Jun 11, 2026 3:26:56.1 AM GMT:ERROR:creative_new_tab_page_ads_util.cc(153)] Successfully saved creative new tab page ads
[Jun 11, 2026 3:26:56.1 AM GMT:ERROR:creative_new_tab_page_ads_util.cc(138)] Successfully saved creative set conversions
[Jun 12, 2026 3:26:56.2 AM GMT:ERROR:creative_new_tab_page_ads_util.cc(153)] Successfully saved creative new tab page ads
[Jun 12, 2026 3:26:56.2 AM GMT:ERROR:creative_new_tab_page_ads_util.cc(138)] Successfully saved creative set conversions
[Jun 12, 2026 11:26:56.1 PM GMT:ERROR:creative_new_tab_page_ads_util.cc(153)] Successfully saved creative new tab page ads
[Jun 12, 2026 11:26:56.1 PM GMT:ERROR:creative_new_tab_page_ads_util.cc(138)] Successfully saved creative set conversions
--------------------------------------------------------------------------------
[Jun 13, 2026 3:26:27.9 AM GMT:ERROR:creative_new_tab_page_ads_util.cc(153)] Successfully saved creative new tab page ads
[Jun 13, 2026 3:26:27.9 AM GMT:ERROR:creative_new_tab_page_ads_util.cc(138)] Successfully saved creative set conversions
[Jun 13, 2026 3:26:30.9 AM GMT:ERROR:creative_new_tab_page_ads_util.cc(153)] Successfully saved creative new tab page ads
[Jun 13, 2026 3:26:30.9 AM GMT:ERROR:creative_new_tab_page_ads_util.cc(138)] Successfully saved creative set conversions
--------------------------------------------------------------------------------
[Jun 13, 2026 5:29:56.0 AM GMT:ERROR:creative_new_tab_page_ads_util.cc(153)] Successfully saved creative new tab page ads
[Jun 13, 2026 5:29:56.0 AM GMT:ERROR:creative_new_tab_page_ads_util.cc(138)] Successfully saved creative set conversions
--------------------------------------------------------------------------------
[Jun 13, 2026 5:59:54.1 AM GMT:ERROR:creative_new_tab_page_ads_util.cc(153)] Successfully saved creative new tab page ads
[Jun 13, 2026 5:59:54.1 AM GMT:ERROR:creative_new_tab_page_ads_util.cc(138)] Successfully saved creative set conversions
--------------------------------------------------------------------------------
[Jun 14, 2026 12:48:54.7 AM GMT:ERROR:creative_new_tab_page_ads_util.cc(153)] Successfully saved creative new tab page ads
[Jun 14, 2026 12:48:54.7 AM GMT:ERROR:creative_new_tab_page_ads_util.cc(138)] Successfully saved creative set conversions
--------------------------------------------------------------------------------
[Jun 14, 2026 3:10:15.1 AM GMT:ERROR:creative_new_tab_page_ads_util.cc(153)] Successfully saved creative new tab page ads
[Jun 14, 2026 3:10:15.1 AM GMT:ERROR:creative_new_tab_page_ads_util.cc(138)] Successfully saved creative set conversions
[Jun 14, 2026 3:25:15.6 AM GMT:ERROR:creative_new_tab_page_ads_util.cc(153)] Successfully saved creative new tab page ads
[Jun 14, 2026 3:25:15.6 AM GMT:ERROR:creative_new_tab_page_ads_util.cc(138)] Successfully saved creative set conversions
[Jun 14, 2026 11:25:15.7 AM GMT:ERROR:creative_new_tab_page_ads_util.cc(153)] Successfully saved creative new tab page ads
[Jun 14, 2026 11:25:15.7 AM GMT:ERROR:creative_new_tab_page_ads_util.cc(138)] Successfully saved creative set conversions
--------------------------------------------------------------------------------
[Jun 14, 2026 6:37:59.6 PM GMT:ERROR:creative_new_tab_page_ads_util.cc(153)] Successfully saved creative new tab page ads
[Jun 14, 2026 6:37:59.6 PM GMT:ERROR:creative_new_tab_page_ads_util.cc(138)] Successfully saved creative set conversions
[Jun 15, 2026 3:23:00.6 AM GMT:ERROR:creative_new_tab_page_ads_util.cc(153)] Successfully saved creative new tab page ads
[Jun 15, 2026 3:23:00.6 AM GMT:ERROR:creative_new_tab_page_ads_util.cc(138)] Successfully saved creative set conversions
[Jun 15, 2026 7:23:00.0 PM GMT:ERROR:creative_new_tab_page_ads_util.cc(153)] Successfully saved creative new tab page ads
[Jun 15, 2026 7:23:00.0 PM GMT:ERROR:creative_new_tab_page_ads_util.cc(138)] Successfully saved creative set conversions
[Jun 16, 2026 3:23:00.0 AM GMT:ERROR:creative_new_tab_page_ads_util.cc(153)] Successfully saved creative new tab page ads
[Jun 16, 2026 3:23:00.0 AM GMT:ERROR:creative_new_tab_page_ads_util.cc(138)] Successfully saved creative set conversions
[Jun 17, 2026 3:23:00.7 AM GMT:ERROR:creative_new_tab_page_ads_util.cc(153)] Successfully saved creative new tab page ads
[Jun 17, 2026 3:23:00.7 AM GMT:ERROR:creative_new_tab_page_ads_util.cc(138)] Successfully saved creative set conversions
--------------------------------------------------------------------------------
[Jun 18, 2026 12:49:56.8 AM GMT:ERROR:creative_new_tab_page_ads_util.cc(153)] Successfully saved creative new tab page ads
[Jun 18, 2026 12:49:56.8 AM GMT:ERROR:creative_new_tab_page_ads_util.cc(138)] Successfully saved creative set conversions
--------------------------------------------------------------------------------
[Jun 18, 2026 1:22:08.8 AM GMT:ERROR:creative_new_tab_page_ads_util.cc(153)] Successfully saved creative new tab page ads
[Jun 18, 2026 1:22:08.8 AM GMT:ERROR:creative_new_tab_page_ads_util.cc(138)] Successfully saved creative set conversions
--------------------------------------------------------------------------------
[Jun 19, 2026 10:43:21.1 AM GMT:ERROR:creative_new_tab_page_ads_util.cc(153)] Successfully saved creative new tab page ads
[Jun 19, 2026 10:43:21.1 AM GMT:ERROR:creative_new_tab_page_ads_util.cc(138)] Successfully saved creative set conversions
[Jun 19, 2026 10:43:24.4 AM GMT:ERROR:creative_new_tab_page_ads_util.cc(153)] Successfully saved creative new tab page ads
[Jun 19, 2026 10:43:24.4 AM GMT:ERROR:creative_new_tab_page_ads_util.cc(138)] Successfully saved creative set conversions
[Jun 19, 2026 2:13:21.5 PM GMT:ERROR:creative_new_tab_page_ads_util.cc(153)] Successfully saved creative new tab page ads
[Jun 19, 2026 2:13:21.5 PM GMT:ERROR:creative_new_tab_page_ads_util.cc(138)] Successfully saved creative set conversions
[Jun 20, 2026 3:28:21.6 AM GMT:ERROR:creative_new_tab_page_ads_util.cc(153)] Successfully saved creative new tab page ads
[Jun 20, 2026 3:28:21.6 AM GMT:ERROR:creative_new_tab_page_ads_util.cc(138)] Successfully saved creative set conversions
--------------------------------------------------------------------------------
[Jun 21, 2026 2:27:40.3 AM GMT:ERROR:creative_new_tab_page_ads_util.cc(153)] Successfully saved creative new tab page ads
[Jun 21, 2026 2:27:40.3 AM GMT:ERROR:creative_new_tab_page_ads_util.cc(138)] Successfully saved creative set conversions
--------------------------------------------------------------------------------
[Jun 21, 2026 2:33:45.1 AM GMT:ERROR:creative_new_tab_page_ads_util.cc(153)] Successfully saved creative new tab page ads
[Jun 21, 2026 2:33:45.2 AM GMT:ERROR:creative_new_tab_page_ads_util.cc(138)] Successfully saved creative set conversions
--------------------------------------------------------------------------------
[Jun 21, 2026 2:46:40.5 AM GMT:ERROR:creative_new_tab_page_ads_util.cc(153)] Successfully saved creative new tab page ads
[Jun 21, 2026 2:46:40.5 AM GMT:ERROR:creative_new_tab_page_ads_util.cc(138)] Successfully saved creative set conversions
--------------------------------------------------------------------------------
[Jun 21, 2026 4:46:59.6 AM GMT:ERROR:creative_new_tab_page_ads_util.cc(153)] Successfully saved creative new tab page ads
[Jun 21, 2026 4:46:59.6 AM GMT:ERROR:creative_new_tab_page_ads_util.cc(138)] Successfully saved creative set conversions
[Jun 21, 2026 4:47:01.0 AM GMT:ERROR:creative_new_tab_page_ads_util.cc(153)] Successfully saved creative new tab page ads
[Jun 21, 2026 4:47:01.0 AM GMT:ERROR:creative_new_tab_page_ads_util.cc(138)] Successfully saved creative set conversions
--------------------------------------------------------------------------------
[Jun 24, 2026 1:04:45.5 AM GMT:ERROR:creative_new_tab_page_ads_util.cc(153)] Successfully saved creative new tab page ads
[Jun 24, 2026 1:04:45.5 AM GMT:ERROR:creative_new_tab_page_ads_util.cc(138)] Successfully saved creative set conversions
[Jun 24, 2026 1:04:48.8 AM GMT:ERROR:creative_new_tab_page_ads_util.cc(153)] Successfully saved creative new tab page ads
[Jun 24, 2026 1:04:48.8 AM GMT:ERROR:creative_new_tab_page_ads_util.cc(138)] Successfully saved creative set conversions
[Jun 24, 2026 3:19:46.1 AM GMT:ERROR:creative_new_tab_page_ads_util.cc(153)] Successfully saved creative new tab page ads
[Jun 24, 2026 3:19:46.1 AM GMT:ERROR:creative_new_tab_page_ads_util.cc(138)] Successfully saved creative set conversions
[Jun 24, 2026 1:19:46.6 PM GMT:ERROR:creative_new_tab_page_ads_util.cc(153)] Successfully saved creative new tab page ads
[Jun 24, 2026 1:19:46.6 PM GMT:ERROR:creative_new_tab_page_ads_util.cc(138)] Successfully saved creative set conversions
--------------------------------------------------------------------------------
[Jun 26, 2026 1:35:37.8 AM GMT:ERROR:creative_new_tab_page_ads_util.cc(153)] Successfully saved creative new tab page ads
[Jun 26, 2026 1:35:37.8 AM GMT:ERROR:creative_new_tab_page_ads_util.cc(138)] Successfully saved creative set conversions
[Jun 26, 2026 1:35:40.4 AM GMT:ERROR:creative_new_tab_page_ads_util.cc(153)] Successfully saved creative new tab page ads
[Jun 26, 2026 1:35:40.4 AM GMT:ERROR:creative_new_tab_page_ads_util.cc(138)] Successfully saved creative set conversions
[Jun 26, 2026 3:20:38.5 AM GMT:ERROR:creative_new_tab_page_ads_util.cc(153)] Successfully saved creative new tab page ads
[Jun 26, 2026 3:20:38.5 AM GMT:ERROR:creative_new_tab_page_ads_util.cc(138)] Successfully saved creative set conversions
--------------------------------------------------------------------------------
[Jun 29, 2026 2:39:24.0 PM GMT:ERROR:creative_new_tab_page_ads_util.cc(153)] Successfully saved creative new tab page ads
[Jun 29, 2026 2:39:24.0 PM GMT:ERROR:creative_new_tab_page_ads_util.cc(138)] Successfully saved creative set conversions
[Jun 29, 2026 2:39:27.2 PM GMT:ERROR:creative_new_tab_page_ads_util.cc(153)] Successfully saved creative new tab page ads
[Jun 29, 2026 2:39:27.2 PM GMT:ERROR:creative_new_tab_page_ads_util.cc(138)] Successfully saved creative set conversions
--------------------------------------------------------------------------------
[Jun 29, 2026 2:51:07.7 PM GMT:ERROR:creative_new_tab_page_ads_util.cc(153)] Successfully saved creative new tab page ads
[Jun 29, 2026 2:51:07.7 PM GMT:ERROR:creative_new_tab_page_ads_util.cc(138)] Successfully saved creative set conversions
[Jun 30, 2026 3:21:08.4 AM GMT:ERROR:creative_new_tab_page_ads_util.cc(153)] Successfully saved creative new tab page ads
[Jun 30, 2026 3:21:08.4 AM GMT:ERROR:creative_new_tab_page_ads_util.cc(138)] Successfully saved creative set conversions
[Jun 30, 2026 5:21:08.2 AM GMT:ERROR:creative_new_tab_page_ads_util.cc(153)] Successfully saved creative new tab page ads
[Jun 30, 2026 5:21:08.2 AM GMT:ERROR:creative_new_tab_page_ads_util.cc(138)] Successfully saved creative set conversions
[Jun 30, 2026 9:21:08.2 AM GMT:ERROR:creative_new_tab_page_ads_util.cc(153)] Successfully saved creative new tab page ads
[Jun 30, 2026 9:21:08.2 AM GMT:ERROR:creative_new_tab_page_ads_util.cc(138)] Successfully saved creative set conversions
[Jun 30, 2026 10:21:08.3 AM GMT:ERROR:creative_new_tab_page_ads_util.cc(153)] Successfully saved creative new tab page ads
[Jun 30, 2026 10:21:08.3 AM GMT:ERROR:creative_new_tab_page_ads_util.cc(138)] Successfully saved creative set conversions
[Jun 30, 2026 1:21:08.8 PM GMT:ERROR:creative_new_tab_page_ads_util.cc(153)] Successfully saved creative new tab page ads
[Jun 30, 2026 1:21:08.8 PM GMT:ERROR:creative_new_tab_page_ads_util.cc(138)] Successfully saved creative set conversions
--------------------------------------------------------------------------------
[Jul 01, 2026 1:49:39.5 AM GMT:ERROR:creative_new_tab_page_ads_util.cc(153)] Successfully saved creative new tab page ads
[Jul 01, 2026 1:49:39.5 AM GMT:ERROR:creative_new_tab_page_ads_util.cc(138)] Successfully saved creative set conversions
[Jul 01, 2026 3:34:40.0 AM GMT:ERROR:creative_new_tab_page_ads_util.cc(153)] Successfully saved creative new tab page ads
[Jul 01, 2026 3:34:40.0 AM GMT:ERROR:creative_new_tab_page_ads_util.cc(138)] Successfully saved creative set conversions
[Jul 01, 2026 4:19:40.1 PM GMT:ERROR:creative_new_tab_page_ads_util.cc(153)] Successfully saved creative new tab page ads
[Jul 01, 2026 4:19:40.1 PM GMT:ERROR:creative_new_tab_page_ads_util.cc(138)] Successfully saved creative set conversions
[Jul 02, 2026 3:34:41.7 AM GMT:ERROR:creative_new_tab_page_ads_util.cc(153)] Successfully saved creative new tab page ads
[Jul 02, 2026 3:34:41.7 AM GMT:ERROR:creative_new_tab_page_ads_util.cc(138)] Successfully saved creative set conversions
--------------------------------------------------------------------------------
[Jul 02, 2026 2:32:17.0 PM GMT:ERROR:creative_new_tab_page_ads_util.cc(153)] Successfully saved creative new tab page ads
[Jul 02, 2026 2:32:17.0 PM GMT:ERROR:creative_new_tab_page_ads_util.cc(138)] Successfully saved creative set conversions
--------------------------------------------------------------------------------
[Jul 02, 2026 2:32:38.8 PM GMT:ERROR:creative_new_tab_page_ads_util.cc(153)] Successfully saved creative new tab page ads
[Jul 02, 2026 2:32:38.8 PM GMT:ERROR:creative_new_tab_page_ads_util.cc(138)] Successfully saved creative set conversions
--------------------------------------------------------------------------------
[Jul 02, 2026 2:53:31.3 PM GMT:ERROR:creative_new_tab_page_ads_util.cc(153)] Successfully saved creative new tab page ads
[Jul 02, 2026 2:53:31.3 PM GMT:ERROR:creative_new_tab_page_ads_util.cc(138)] Successfully saved creative set conversions
[Jul 02, 2026 4:23:32.0 PM GMT:ERROR:creative_new_tab_page_ads_util.cc(153)] Successfully saved creative new tab page ads
[Jul 02, 2026 4:23:32.0 PM GMT:ERROR:creative_new_tab_page_ads_util.cc(138)] Successfully saved creative set conversions
[Jul 02, 2026 5:23:32.0 PM GMT:ERROR:creative_new_tab_page_ads_util.cc(153)] Successfully saved creative new tab page ads
[Jul 02, 2026 5:23:32.0 PM GMT:ERROR:creative_new_tab_page_ads_util.cc(138)] Successfully saved creative set conversions
--------------------------------------------------------------------------------
[Jul 03, 2026 2:00:51.6 AM GMT:ERROR:creative_new_tab_page_ads_util.cc(153)] Successfully saved creative new tab page ads
[Jul 03, 2026 2:00:51.6 AM GMT:ERROR:creative_new_tab_page_ads_util.cc(138)] Successfully saved creative set conversions
--------------------------------------------------------------------------------
[Jul 03, 2026 2:08:40.3 AM GMT:ERROR:creative_new_tab_page_ads_util.cc(153)] Successfully saved creative new tab page ads
[Jul 03, 2026 2:08:40.3 AM GMT:ERROR:creative_new_tab_page_ads_util.cc(138)] Successfully saved creative set conversions
[Jul 03, 2026 3:23:41.0 AM GMT:ERROR:creative_new_tab_page_ads_util.cc(153)] Successfully saved creative new tab page ads
[Jul 03, 2026 3:23:41.0 AM GMT:ERROR:creative_new_tab_page_ads_util.cc(138)] Successfully saved creative set conversions
