2025-08-07 20:44:16,172 WARNING libqtile launchbar.py:setup_images():L169 No icon found for application "" (None) switch to text mode
2025-08-07 20:44:16,196 WARNING libqtile launchbar.py:setup_images():L169 No icon found for application " " (None) switch to text mode
2025-08-07 20:44:16,196 WARNING libqtile launchbar.py:setup_images():L169 No icon found for application "" (None) switch to text mode
2025-08-07 20:44:16,196 WARNING libqtile launchbar.py:setup_images():L169 No icon found for application "" (None) switch to text mode
2025-08-07 20:44:16,219 WARNING libqtile manager.py:grab_key():L521 Key spec duplicated, overriding previous: <Key (['mod4', 'shift'], Right)>
2025-08-07 20:44:16,219 WARNING libqtile manager.py:grab_key():L521 Key spec duplicated, overriding previous: <Key (['mod4', 'shift'], Left)>
2025-08-07 20:44:16,219 WARNING libqtile manager.py:grab_key():L521 Key spec duplicated, overriding previous: <Key (['mod4'], Tab)>
2025-08-07 20:44:16,219 WARNING libqtile manager.py:grab_key():L521 Key spec duplicated, overriding previous: <Key (['mod4', 'shift'], Tab)>
2025-08-07 20:44:16,219 WARNING libqtile manager.py:grab_key():L521 Key spec duplicated, overriding previous: <Key (['mod1'], Tab)>
2025-08-07 20:44:16,219 WARNING libqtile manager.py:grab_key():L521 Key spec duplicated, overriding previous: <Key (['mod1', 'shift'], Tab)>
2025-08-07 20:44:16,219 WARNING libqtile manager.py:grab_key():L521 Key spec duplicated, overriding previous: <Key (['mod4'], Tab)>
2025-08-07 20:44:16,219 WARNING libqtile manager.py:grab_key():L521 Key spec duplicated, overriding previous: <Key (['mod4', 'shift'], Tab)>
2025-08-07 20:44:16,219 WARNING libqtile manager.py:grab_key():L521 Key spec duplicated, overriding previous: <Key (['mod1'], Tab)>
2025-08-07 20:44:16,220 WARNING libqtile manager.py:grab_key():L521 Key spec duplicated, overriding previous: <Key (['mod1', 'shift'], Tab)>
2025-08-07 20:44:16,220 WARNING libqtile manager.py:grab_key():L521 Key spec duplicated, overriding previous: <Key (['mod4'], Tab)>
2025-08-07 20:44:16,220 WARNING libqtile manager.py:grab_key():L521 Key spec duplicated, overriding previous: <Key (['mod4', 'shift'], Tab)>
2025-08-07 20:44:16,220 WARNING libqtile manager.py:grab_key():L521 Key spec duplicated, overriding previous: <Key (['mod1'], Tab)>
2025-08-07 20:44:16,220 WARNING libqtile manager.py:grab_key():L521 Key spec duplicated, overriding previous: <Key (['mod1', 'shift'], Tab)>
2025-08-07 20:44:16,220 WARNING libqtile manager.py:grab_key():L521 Key spec duplicated, overriding previous: <Key (['mod4'], Tab)>
2025-08-07 20:44:16,220 WARNING libqtile manager.py:grab_key():L521 Key spec duplicated, overriding previous: <Key (['mod4', 'shift'], Tab)>
2025-08-07 20:44:16,220 WARNING libqtile manager.py:grab_key():L521 Key spec duplicated, overriding previous: <Key (['mod1'], Tab)>
2025-08-07 20:44:16,220 WARNING libqtile manager.py:grab_key():L521 Key spec duplicated, overriding previous: <Key (['mod1', 'shift'], Tab)>
2025-08-07 20:44:16,220 WARNING libqtile manager.py:grab_key():L521 Key spec duplicated, overriding previous: <Key (['mod4'], Tab)>
2025-08-07 20:44:16,220 WARNING libqtile manager.py:grab_key():L521 Key spec duplicated, overriding previous: <Key (['mod4', 'shift'], Tab)>
2025-08-07 20:44:16,221 WARNING libqtile manager.py:grab_key():L521 Key spec duplicated, overriding previous: <Key (['mod1'], Tab)>
2025-08-07 20:44:16,221 WARNING libqtile manager.py:grab_key():L521 Key spec duplicated, overriding previous: <Key (['mod1', 'shift'], Tab)>
2025-08-07 20:44:16,221 WARNING libqtile manager.py:grab_key():L521 Key spec duplicated, overriding previous: <Key (['mod4'], Tab)>
2025-08-07 20:44:16,221 WARNING libqtile manager.py:grab_key():L521 Key spec duplicated, overriding previous: <Key (['mod4', 'shift'], Tab)>
2025-08-07 20:44:16,221 WARNING libqtile manager.py:grab_key():L521 Key spec duplicated, overriding previous: <Key (['mod1'], Tab)>
2025-08-07 20:44:16,221 WARNING libqtile manager.py:grab_key():L521 Key spec duplicated, overriding previous: <Key (['mod1', 'shift'], Tab)>
2025-08-07 20:44:16,221 WARNING libqtile manager.py:grab_key():L521 Key spec duplicated, overriding previous: <Key (['mod4'], Tab)>
2025-08-07 20:44:16,221 WARNING libqtile manager.py:grab_key():L521 Key spec duplicated, overriding previous: <Key (['mod4', 'shift'], Tab)>
2025-08-07 20:44:16,221 WARNING libqtile manager.py:grab_key():L521 Key spec duplicated, overriding previous: <Key (['mod1'], Tab)>
2025-08-07 20:44:16,221 WARNING libqtile manager.py:grab_key():L521 Key spec duplicated, overriding previous: <Key (['mod1', 'shift'], Tab)>
2025-08-07 20:44:16,221 WARNING libqtile manager.py:grab_key():L521 Key spec duplicated, overriding previous: <Key (['mod4'], Tab)>
2025-08-07 20:44:16,222 WARNING libqtile manager.py:grab_key():L521 Key spec duplicated, overriding previous: <Key (['mod4', 'shift'], Tab)>
2025-08-07 20:44:16,222 WARNING libqtile manager.py:grab_key():L521 Key spec duplicated, overriding previous: <Key (['mod1'], Tab)>
2025-08-07 20:44:16,222 WARNING libqtile manager.py:grab_key():L521 Key spec duplicated, overriding previous: <Key (['mod1', 'shift'], Tab)>
2025-08-07 20:44:16,222 WARNING libqtile manager.py:grab_key():L521 Key spec duplicated, overriding previous: <Key (['mod4'], Tab)>
2025-08-07 20:44:16,222 WARNING libqtile manager.py:grab_key():L521 Key spec duplicated, overriding previous: <Key (['mod4', 'shift'], Tab)>
2025-08-07 20:44:16,222 WARNING libqtile manager.py:grab_key():L521 Key spec duplicated, overriding previous: <Key (['mod1'], Tab)>
2025-08-07 20:44:16,222 WARNING libqtile manager.py:grab_key():L521 Key spec duplicated, overriding previous: <Key (['mod1', 'shift'], Tab)>
2025-08-07 20:44:17,043 WARNING libqtile launchbar.py:setup_images():L169 No icon found for application "" (None) switch to text mode
2025-08-07 20:44:17,043 WARNING libqtile launchbar.py:setup_images():L169 No icon found for application " " (None) switch to text mode
2025-08-07 20:44:17,043 WARNING libqtile launchbar.py:setup_images():L169 No icon found for application "" (None) switch to text mode
2025-08-07 20:44:17,043 WARNING libqtile launchbar.py:setup_images():L169 No icon found for application "" (None) switch to text mode
2025-08-07 20:44:17,743 WARNING libqtile config.py:assign_app_group():L562 [Assign Hook] App started: ulauncher
2025-08-07 20:44:41,140 WARNING libqtile config.py:assign_app_group():L562 [Assign Hook] App started: thunar
2025-08-07 20:44:41,145 WARNING libqtile base.py:__getattr__():L273 Deprecation Warning: commands exposed via IPC no longer use the 'cmd_' prefix. Please replace 'cmd_toscreen' with 'toscreen' in your code.
2025-08-07 20:44:41,145 WARNING libqtile config.py:assign_app_group():L567 [Assign Hook] Moved thunar to group 1 and switched to it
2025-08-07 20:44:59,819 WARNING libqtile config.py:assign_app_group():L562 [Assign Hook] App started: sublime_text
2025-08-07 20:44:59,821 WARNING libqtile base.py:__getattr__():L273 Deprecation Warning: commands exposed via IPC no longer use the 'cmd_' prefix. Please replace 'cmd_toscreen' with 'toscreen' in your code.
2025-08-07 20:44:59,826 WARNING libqtile config.py:assign_app_group():L567 [Assign Hook] Moved sublime_text to group 2 and switched to it
2025-08-07 20:45:29,404 WARNING libqtile lifecycle.py:_atexit():L34 Restarting Qtile with os.execv(...)
2025-08-07 20:45:30,805 WARNING libqtile launchbar.py:setup_images():L169 No icon found for application "" (None) switch to text mode
2025-08-07 20:45:30,826 WARNING libqtile launchbar.py:setup_images():L169 No icon found for application " " (None) switch to text mode
2025-08-07 20:45:30,826 WARNING libqtile launchbar.py:setup_images():L169 No icon found for application "" (None) switch to text mode
2025-08-07 20:45:30,826 WARNING libqtile launchbar.py:setup_images():L169 No icon found for application "" (None) switch to text mode
2025-08-07 20:45:30,848 WARNING libqtile manager.py:grab_key():L521 Key spec duplicated, overriding previous: <Key (['mod4', 'shift'], Right)>
2025-08-07 20:45:30,848 WARNING libqtile manager.py:grab_key():L521 Key spec duplicated, overriding previous: <Key (['mod4', 'shift'], Left)>
2025-08-07 20:45:30,849 WARNING libqtile manager.py:grab_key():L521 Key spec duplicated, overriding previous: <Key (['mod4'], Tab)>
2025-08-07 20:45:30,849 WARNING libqtile manager.py:grab_key():L521 Key spec duplicated, overriding previous: <Key (['mod4', 'shift'], Tab)>
2025-08-07 20:45:30,849 WARNING libqtile manager.py:grab_key():L521 Key spec duplicated, overriding previous: <Key (['mod1'], Tab)>
2025-08-07 20:45:30,849 WARNING libqtile manager.py:grab_key():L521 Key spec duplicated, overriding previous: <Key (['mod1', 'shift'], Tab)>
2025-08-07 20:45:30,849 WARNING libqtile manager.py:grab_key():L521 Key spec duplicated, overriding previous: <Key (['mod4'], Tab)>
2025-08-07 20:45:30,849 WARNING libqtile manager.py:grab_key():L521 Key spec duplicated, overriding previous: <Key (['mod4', 'shift'], Tab)>
2025-08-07 20:45:30,849 WARNING libqtile manager.py:grab_key():L521 Key spec duplicated, overriding previous: <Key (['mod1'], Tab)>
2025-08-07 20:45:30,849 WARNING libqtile manager.py:grab_key():L521 Key spec duplicated, overriding previous: <Key (['mod1', 'shift'], Tab)>
2025-08-07 20:45:30,849 WARNING libqtile manager.py:grab_key():L521 Key spec duplicated, overriding previous: <Key (['mod4'], Tab)>
2025-08-07 20:45:30,849 WARNING libqtile manager.py:grab_key():L521 Key spec duplicated, overriding previous: <Key (['mod4', 'shift'], Tab)>
2025-08-07 20:45:30,849 WARNING libqtile manager.py:grab_key():L521 Key spec duplicated, overriding previous: <Key (['mod1'], Tab)>
2025-08-07 20:45:30,849 WARNING libqtile manager.py:grab_key():L521 Key spec duplicated, overriding previous: <Key (['mod1', 'shift'], Tab)>
2025-08-07 20:45:30,850 WARNING libqtile manager.py:grab_key():L521 Key spec duplicated, overriding previous: <Key (['mod4'], Tab)>
2025-08-07 20:45:30,850 WARNING libqtile manager.py:grab_key():L521 Key spec duplicated, overriding previous: <Key (['mod4', 'shift'], Tab)>
2025-08-07 20:45:30,850 WARNING libqtile manager.py:grab_key():L521 Key spec duplicated, overriding previous: <Key (['mod1'], Tab)>
2025-08-07 20:45:30,850 WARNING libqtile manager.py:grab_key():L521 Key spec duplicated, overriding previous: <Key (['mod1', 'shift'], Tab)>
2025-08-07 20:45:30,850 WARNING libqtile manager.py:grab_key():L521 Key spec duplicated, overriding previous: <Key (['mod4'], Tab)>
2025-08-07 20:45:30,850 WARNING libqtile manager.py:grab_key():L521 Key spec duplicated, overriding previous: <Key (['mod4', 'shift'], Tab)>
2025-08-07 20:45:30,850 WARNING libqtile manager.py:grab_key():L521 Key spec duplicated, overriding previous: <Key (['mod1'], Tab)>
2025-08-07 20:45:30,850 WARNING libqtile manager.py:grab_key():L521 Key spec duplicated, overriding previous: <Key (['mod1', 'shift'], Tab)>
2025-08-07 20:45:30,850 WARNING libqtile manager.py:grab_key():L521 Key spec duplicated, overriding previous: <Key (['mod4'], Tab)>
2025-08-07 20:45:30,850 WARNING libqtile manager.py:grab_key():L521 Key spec duplicated, overriding previous: <Key (['mod4', 'shift'], Tab)>
2025-08-07 20:45:30,850 WARNING libqtile manager.py:grab_key():L521 Key spec duplicated, overriding previous: <Key (['mod1'], Tab)>
2025-08-07 20:45:30,850 WARNING libqtile manager.py:grab_key():L521 Key spec duplicated, overriding previous: <Key (['mod1', 'shift'], Tab)>
2025-08-07 20:45:30,851 WARNING libqtile manager.py:grab_key():L521 Key spec duplicated, overriding previous: <Key (['mod4'], Tab)>
2025-08-07 20:45:30,851 WARNING libqtile manager.py:grab_key():L521 Key spec duplicated, overriding previous: <Key (['mod4', 'shift'], Tab)>
2025-08-07 20:45:30,851 WARNING libqtile manager.py:grab_key():L521 Key spec duplicated, overriding previous: <Key (['mod1'], Tab)>
2025-08-07 20:45:30,851 WARNING libqtile manager.py:grab_key():L521 Key spec duplicated, overriding previous: <Key (['mod1', 'shift'], Tab)>
2025-08-07 20:45:30,851 WARNING libqtile manager.py:grab_key():L521 Key spec duplicated, overriding previous: <Key (['mod4'], Tab)>
2025-08-07 20:45:30,851 WARNING libqtile manager.py:grab_key():L521 Key spec duplicated, overriding previous: <Key (['mod4', 'shift'], Tab)>
2025-08-07 20:45:30,851 WARNING libqtile manager.py:grab_key():L521 Key spec duplicated, overriding previous: <Key (['mod1'], Tab)>
2025-08-07 20:45:30,851 WARNING libqtile manager.py:grab_key():L521 Key spec duplicated, overriding previous: <Key (['mod1', 'shift'], Tab)>
2025-08-07 20:45:30,851 WARNING libqtile manager.py:grab_key():L521 Key spec duplicated, overriding previous: <Key (['mod4'], Tab)>
2025-08-07 20:45:30,851 WARNING libqtile manager.py:grab_key():L521 Key spec duplicated, overriding previous: <Key (['mod4', 'shift'], Tab)>
2025-08-07 20:45:30,851 WARNING libqtile manager.py:grab_key():L521 Key spec duplicated, overriding previous: <Key (['mod1'], Tab)>
2025-08-07 20:45:30,852 WARNING libqtile manager.py:grab_key():L521 Key spec duplicated, overriding previous: <Key (['mod1', 'shift'], Tab)>
2025-08-07 20:45:30,907 WARNING libqtile config.py:assign_app_group():L562 [Assign Hook] App started: thunar
2025-08-07 20:45:30,908 WARNING libqtile base.py:__getattr__():L273 Deprecation Warning: commands exposed via IPC no longer use the 'cmd_' prefix. Please replace 'cmd_toscreen' with 'toscreen' in your code.
2025-08-07 20:45:30,910 WARNING libqtile config.py:assign_app_group():L567 [Assign Hook] Moved thunar to group 1 and switched to it
2025-08-07 20:45:30,940 WARNING libqtile config.py:assign_app_group():L562 [Assign Hook] App started: sublime_text
2025-08-07 20:45:30,940 WARNING libqtile base.py:__getattr__():L273 Deprecation Warning: commands exposed via IPC no longer use the 'cmd_' prefix. Please replace 'cmd_toscreen' with 'toscreen' in your code.
2025-08-07 20:45:30,947 WARNING libqtile config.py:assign_app_group():L567 [Assign Hook] Moved sublime_text to group 2 and switched to it
2025-08-07 20:45:45,300 WARNING libqtile lifecycle.py:_atexit():L34 Restarting Qtile with os.execv(...)
2025-08-07 20:45:46,686 WARNING libqtile launchbar.py:setup_images():L169 No icon found for application "" (None) switch to text mode
2025-08-07 20:45:46,707 WARNING libqtile launchbar.py:setup_images():L169 No icon found for application " " (None) switch to text mode
2025-08-07 20:45:46,707 WARNING libqtile launchbar.py:setup_images():L169 No icon found for application "" (None) switch to text mode
2025-08-07 20:45:46,707 WARNING libqtile launchbar.py:setup_images():L169 No icon found for application "" (None) switch to text mode
2025-08-07 20:45:46,728 WARNING libqtile manager.py:grab_key():L521 Key spec duplicated, overriding previous: <Key (['mod4', 'shift'], Right)>
2025-08-07 20:45:46,728 WARNING libqtile manager.py:grab_key():L521 Key spec duplicated, overriding previous: <Key (['mod4', 'shift'], Left)>
2025-08-07 20:45:46,728 WARNING libqtile manager.py:grab_key():L521 Key spec duplicated, overriding previous: <Key (['mod4'], Tab)>
2025-08-07 20:45:46,728 WARNING libqtile manager.py:grab_key():L521 Key spec duplicated, overriding previous: <Key (['mod4', 'shift'], Tab)>
2025-08-07 20:45:46,728 WARNING libqtile manager.py:grab_key():L521 Key spec duplicated, overriding previous: <Key (['mod1'], Tab)>
2025-08-07 20:45:46,728 WARNING libqtile manager.py:grab_key():L521 Key spec duplicated, overriding previous: <Key (['mod1', 'shift'], Tab)>
2025-08-07 20:45:46,729 WARNING libqtile manager.py:grab_key():L521 Key spec duplicated, overriding previous: <Key (['mod4'], Tab)>
2025-08-07 20:45:46,729 WARNING libqtile manager.py:grab_key():L521 Key spec duplicated, overriding previous: <Key (['mod4', 'shift'], Tab)>
2025-08-07 20:45:46,729 WARNING libqtile manager.py:grab_key():L521 Key spec duplicated, overriding previous: <Key (['mod1'], Tab)>
2025-08-07 20:45:46,729 WARNING libqtile manager.py:grab_key():L521 Key spec duplicated, overriding previous: <Key (['mod1', 'shift'], Tab)>
2025-08-07 20:45:46,729 WARNING libqtile manager.py:grab_key():L521 Key spec duplicated, overriding previous: <Key (['mod4'], Tab)>
2025-08-07 20:45:46,729 WARNING libqtile manager.py:grab_key():L521 Key spec duplicated, overriding previous: <Key (['mod4', 'shift'], Tab)>
2025-08-07 20:45:46,729 WARNING libqtile manager.py:grab_key():L521 Key spec duplicated, overriding previous: <Key (['mod1'], Tab)>
2025-08-07 20:45:46,729 WARNING libqtile manager.py:grab_key():L521 Key spec duplicated, overriding previous: <Key (['mod1', 'shift'], Tab)>
2025-08-07 20:45:46,729 WARNING libqtile manager.py:grab_key():L521 Key spec duplicated, overriding previous: <Key (['mod4'], Tab)>
2025-08-07 20:45:46,729 WARNING libqtile manager.py:grab_key():L521 Key spec duplicated, overriding previous: <Key (['mod4', 'shift'], Tab)>
2025-08-07 20:45:46,729 WARNING libqtile manager.py:grab_key():L521 Key spec duplicated, overriding previous: <Key (['mod1'], Tab)>
2025-08-07 20:45:46,730 WARNING libqtile manager.py:grab_key():L521 Key spec duplicated, overriding previous: <Key (['mod1', 'shift'], Tab)>
2025-08-07 20:45:46,730 WARNING libqtile manager.py:grab_key():L521 Key spec duplicated, overriding previous: <Key (['mod4'], Tab)>
2025-08-07 20:45:46,730 WARNING libqtile manager.py:grab_key():L521 Key spec duplicated, overriding previous: <Key (['mod4', 'shift'], Tab)>
2025-08-07 20:45:46,730 WARNING libqtile manager.py:grab_key():L521 Key spec duplicated, overriding previous: <Key (['mod1'], Tab)>
2025-08-07 20:45:46,730 WARNING libqtile manager.py:grab_key():L521 Key spec duplicated, overriding previous: <Key (['mod1', 'shift'], Tab)>
2025-08-07 20:45:46,730 WARNING libqtile manager.py:grab_key():L521 Key spec duplicated, overriding previous: <Key (['mod4'], Tab)>
2025-08-07 20:45:46,730 WARNING libqtile manager.py:grab_key():L521 Key spec duplicated, overriding previous: <Key (['mod4', 'shift'], Tab)>
2025-08-07 20:45:46,730 WARNING libqtile manager.py:grab_key():L521 Key spec duplicated, overriding previous: <Key (['mod1'], Tab)>
2025-08-07 20:45:46,730 WARNING libqtile manager.py:grab_key():L521 Key spec duplicated, overriding previous: <Key (['mod1', 'shift'], Tab)>
2025-08-07 20:45:46,730 WARNING libqtile manager.py:grab_key():L521 Key spec duplicated, overriding previous: <Key (['mod4'], Tab)>
2025-08-07 20:45:46,730 WARNING libqtile manager.py:grab_key():L521 Key spec duplicated, overriding previous: <Key (['mod4', 'shift'], Tab)>
2025-08-07 20:45:46,731 WARNING libqtile manager.py:grab_key():L521 Key spec duplicated, overriding previous: <Key (['mod1'], Tab)>
2025-08-07 20:45:46,731 WARNING libqtile manager.py:grab_key():L521 Key spec duplicated, overriding previous: <Key (['mod1', 'shift'], Tab)>
2025-08-07 20:45:46,731 WARNING libqtile manager.py:grab_key():L521 Key spec duplicated, overriding previous: <Key (['mod4'], Tab)>
2025-08-07 20:45:46,731 WARNING libqtile manager.py:grab_key():L521 Key spec duplicated, overriding previous: <Key (['mod4', 'shift'], Tab)>
2025-08-07 20:45:46,731 WARNING libqtile manager.py:grab_key():L521 Key spec duplicated, overriding previous: <Key (['mod1'], Tab)>
2025-08-07 20:45:46,731 WARNING libqtile manager.py:grab_key():L521 Key spec duplicated, overriding previous: <Key (['mod1', 'shift'], Tab)>
2025-08-07 20:45:46,731 WARNING libqtile manager.py:grab_key():L521 Key spec duplicated, overriding previous: <Key (['mod4'], Tab)>
2025-08-07 20:45:46,731 WARNING libqtile manager.py:grab_key():L521 Key spec duplicated, overriding previous: <Key (['mod4', 'shift'], Tab)>
2025-08-07 20:45:46,731 WARNING libqtile manager.py:grab_key():L521 Key spec duplicated, overriding previous: <Key (['mod1'], Tab)>
2025-08-07 20:45:46,731 WARNING libqtile manager.py:grab_key():L521 Key spec duplicated, overriding previous: <Key (['mod1', 'shift'], Tab)>
2025-08-07 20:45:46,786 WARNING libqtile config.py:assign_app_group():L562 [Assign Hook] App started: thunar
2025-08-07 20:45:46,787 WARNING libqtile base.py:__getattr__():L273 Deprecation Warning: commands exposed via IPC no longer use the 'cmd_' prefix. Please replace 'cmd_toscreen' with 'toscreen' in your code.
2025-08-07 20:45:46,789 WARNING libqtile config.py:assign_app_group():L567 [Assign Hook] Moved thunar to group 1 and switched to it
2025-08-07 20:45:46,832 WARNING libqtile config.py:assign_app_group():L562 [Assign Hook] App started: sublime_text
2025-08-07 20:45:46,832 WARNING libqtile base.py:__getattr__():L273 Deprecation Warning: commands exposed via IPC no longer use the 'cmd_' prefix. Please replace 'cmd_toscreen' with 'toscreen' in your code.
2025-08-07 20:45:46,835 WARNING libqtile config.py:assign_app_group():L567 [Assign Hook] Moved sublime_text to group 2 and switched to it
2025-08-07 20:46:13,495 WARNING libqtile config.py:assign_app_group():L562 [Assign Hook] App started: thunar
2025-08-07 20:46:13,495 WARNING libqtile base.py:__getattr__():L273 Deprecation Warning: commands exposed via IPC no longer use the 'cmd_' prefix. Please replace 'cmd_toscreen' with 'toscreen' in your code.
2025-08-07 20:46:13,495 WARNING libqtile config.py:assign_app_group():L567 [Assign Hook] Moved thunar to group 1 and switched to it
2025-08-07 20:46:17,471 WARNING libqtile config.py:assign_app_group():L562 [Assign Hook] App started: thunar
2025-08-07 20:46:17,471 WARNING libqtile base.py:__getattr__():L273 Deprecation Warning: commands exposed via IPC no longer use the 'cmd_' prefix. Please replace 'cmd_toscreen' with 'toscreen' in your code.
2025-08-07 20:46:17,471 WARNING libqtile config.py:assign_app_group():L567 [Assign Hook] Moved thunar to group 1 and switched to it
2025-08-07 20:47:13,293 WARNING libqtile config.py:assign_app_group():L562 [Assign Hook] App started: sublime_text
2025-08-07 20:47:13,294 WARNING libqtile base.py:__getattr__():L273 Deprecation Warning: commands exposed via IPC no longer use the 'cmd_' prefix. Please replace 'cmd_toscreen' with 'toscreen' in your code.
2025-08-07 20:47:13,310 WARNING libqtile config.py:assign_app_group():L567 [Assign Hook] Moved sublime_text to group 2 and switched to it
2025-08-07 20:48:21,269 WARNING libqtile lifecycle.py:_atexit():L34 Restarting Qtile with os.execv(...)
2025-08-07 20:48:22,646 WARNING libqtile launchbar.py:setup_images():L169 No icon found for application "" (None) switch to text mode
2025-08-07 20:48:22,667 WARNING libqtile launchbar.py:setup_images():L169 No icon found for application " " (None) switch to text mode
2025-08-07 20:48:22,667 WARNING libqtile launchbar.py:setup_images():L169 No icon found for application "" (None) switch to text mode
2025-08-07 20:48:22,667 WARNING libqtile launchbar.py:setup_images():L169 No icon found for application "" (None) switch to text mode
2025-08-07 20:48:22,688 WARNING libqtile manager.py:grab_key():L521 Key spec duplicated, overriding previous: <Key (['mod4', 'shift'], Right)>
2025-08-07 20:48:22,688 WARNING libqtile manager.py:grab_key():L521 Key spec duplicated, overriding previous: <Key (['mod4', 'shift'], Left)>
2025-08-07 20:48:22,688 WARNING libqtile manager.py:grab_key():L521 Key spec duplicated, overriding previous: <Key (['mod4'], Tab)>
2025-08-07 20:48:22,688 WARNING libqtile manager.py:grab_key():L521 Key spec duplicated, overriding previous: <Key (['mod4', 'shift'], Tab)>
2025-08-07 20:48:22,688 WARNING libqtile manager.py:grab_key():L521 Key spec duplicated, overriding previous: <Key (['mod1'], Tab)>
2025-08-07 20:48:22,688 WARNING libqtile manager.py:grab_key():L521 Key spec duplicated, overriding previous: <Key (['mod1', 'shift'], Tab)>
2025-08-07 20:48:22,689 WARNING libqtile manager.py:grab_key():L521 Key spec duplicated, overriding previous: <Key (['mod4'], Tab)>
2025-08-07 20:48:22,689 WARNING libqtile manager.py:grab_key():L521 Key spec duplicated, overriding previous: <Key (['mod4', 'shift'], Tab)>
2025-08-07 20:48:22,689 WARNING libqtile manager.py:grab_key():L521 Key spec duplicated, overriding previous: <Key (['mod1'], Tab)>
2025-08-07 20:48:22,689 WARNING libqtile manager.py:grab_key():L521 Key spec duplicated, overriding previous: <Key (['mod1', 'shift'], Tab)>
2025-08-07 20:48:22,689 WARNING libqtile manager.py:grab_key():L521 Key spec duplicated, overriding previous: <Key (['mod4'], Tab)>
2025-08-07 20:48:22,689 WARNING libqtile manager.py:grab_key():L521 Key spec duplicated, overriding previous: <Key (['mod4', 'shift'], Tab)>
2025-08-07 20:48:22,689 WARNING libqtile manager.py:grab_key():L521 Key spec duplicated, overriding previous: <Key (['mod1'], Tab)>
2025-08-07 20:48:22,689 WARNING libqtile manager.py:grab_key():L521 Key spec duplicated, overriding previous: <Key (['mod1', 'shift'], Tab)>
2025-08-07 20:48:22,689 WARNING libqtile manager.py:grab_key():L521 Key spec duplicated, overriding previous: <Key (['mod4'], Tab)>
2025-08-07 20:48:22,689 WARNING libqtile manager.py:grab_key():L521 Key spec duplicated, overriding previous: <Key (['mod4', 'shift'], Tab)>
2025-08-07 20:48:22,689 WARNING libqtile manager.py:grab_key():L521 Key spec duplicated, overriding previous: <Key (['mod1'], Tab)>
2025-08-07 20:48:22,690 WARNING libqtile manager.py:grab_key():L521 Key spec duplicated, overriding previous: <Key (['mod1', 'shift'], Tab)>
2025-08-07 20:48:22,690 WARNING libqtile manager.py:grab_key():L521 Key spec duplicated, overriding previous: <Key (['mod4'], Tab)>
2025-08-07 20:48:22,690 WARNING libqtile manager.py:grab_key():L521 Key spec duplicated, overriding previous: <Key (['mod4', 'shift'], Tab)>
2025-08-07 20:48:22,690 WARNING libqtile manager.py:grab_key():L521 Key spec duplicated, overriding previous: <Key (['mod1'], Tab)>
2025-08-07 20:48:22,690 WARNING libqtile manager.py:grab_key():L521 Key spec duplicated, overriding previous: <Key (['mod1', 'shift'], Tab)>
2025-08-07 20:48:22,690 WARNING libqtile manager.py:grab_key():L521 Key spec duplicated, overriding previous: <Key (['mod4'], Tab)>
2025-08-07 20:48:22,690 WARNING libqtile manager.py:grab_key():L521 Key spec duplicated, overriding previous: <Key (['mod4', 'shift'], Tab)>
2025-08-07 20:48:22,690 WARNING libqtile manager.py:grab_key():L521 Key spec duplicated, overriding previous: <Key (['mod1'], Tab)>
2025-08-07 20:48:22,690 WARNING libqtile manager.py:grab_key():L521 Key spec duplicated, overriding previous: <Key (['mod1', 'shift'], Tab)>
2025-08-07 20:48:22,690 WARNING libqtile manager.py:grab_key():L521 Key spec duplicated, overriding previous: <Key (['mod4'], Tab)>
2025-08-07 20:48:22,690 WARNING libqtile manager.py:grab_key():L521 Key spec duplicated, overriding previous: <Key (['mod4', 'shift'], Tab)>
2025-08-07 20:48:22,691 WARNING libqtile manager.py:grab_key():L521 Key spec duplicated, overriding previous: <Key (['mod1'], Tab)>
2025-08-07 20:48:22,691 WARNING libqtile manager.py:grab_key():L521 Key spec duplicated, overriding previous: <Key (['mod1', 'shift'], Tab)>
2025-08-07 20:48:22,691 WARNING libqtile manager.py:grab_key():L521 Key spec duplicated, overriding previous: <Key (['mod4'], Tab)>
2025-08-07 20:48:22,691 WARNING libqtile manager.py:grab_key():L521 Key spec duplicated, overriding previous: <Key (['mod4', 'shift'], Tab)>
2025-08-07 20:48:22,691 WARNING libqtile manager.py:grab_key():L521 Key spec duplicated, overriding previous: <Key (['mod1'], Tab)>
2025-08-07 20:48:22,691 WARNING libqtile manager.py:grab_key():L521 Key spec duplicated, overriding previous: <Key (['mod1', 'shift'], Tab)>
2025-08-07 20:48:22,691 WARNING libqtile manager.py:grab_key():L521 Key spec duplicated, overriding previous: <Key (['mod4'], Tab)>
2025-08-07 20:48:22,691 WARNING libqtile manager.py:grab_key():L521 Key spec duplicated, overriding previous: <Key (['mod4', 'shift'], Tab)>
2025-08-07 20:48:22,691 WARNING libqtile manager.py:grab_key():L521 Key spec duplicated, overriding previous: <Key (['mod1'], Tab)>
2025-08-07 20:48:22,691 WARNING libqtile manager.py:grab_key():L521 Key spec duplicated, overriding previous: <Key (['mod1', 'shift'], Tab)>
2025-08-07 20:48:22,748 WARNING libqtile config.py:assign_app_group():L562 [Assign Hook] App started: thunar
2025-08-07 20:48:22,748 WARNING libqtile base.py:__getattr__():L273 Deprecation Warning: commands exposed via IPC no longer use the 'cmd_' prefix. Please replace 'cmd_toscreen' with 'toscreen' in your code.
2025-08-07 20:48:22,748 WARNING libqtile config.py:assign_app_group():L567 [Assign Hook] Moved thunar to group 1 and switched to it
2025-08-07 20:48:40,792 WARNING libqtile config.py:assign_app_group():L562 [Assign Hook] App started: xfce4-terminal
2025-08-07 20:48:40,794 WARNING libqtile base.py:__getattr__():L273 Deprecation Warning: commands exposed via IPC no longer use the 'cmd_' prefix. Please replace 'cmd_toscreen' with 'toscreen' in your code.
2025-08-07 20:48:40,798 WARNING libqtile config.py:assign_app_group():L567 [Assign Hook] Moved xfce4-terminal to group 5 and switched to it
2025-08-07 20:57:07,329 WARNING libqtile config.py:assign_app_group():L562 [Assign Hook] App started: nm-connection-editor
2025-08-07 20:57:09,812 WARNING libqtile config.py:assign_app_group():L562 [Assign Hook] App started: nm-connection-editor
2025-08-07 20:58:07,093 WARNING libqtile config.py:assign_app_group():L562 [Assign Hook] App started: nm-applet
2025-08-07 20:58:44,590 WARNING libqtile config.py:assign_app_group():L562 [Assign Hook] App started: xfce4-terminal
2025-08-07 20:58:44,596 WARNING libqtile base.py:__getattr__():L273 Deprecation Warning: commands exposed via IPC no longer use the 'cmd_' prefix. Please replace 'cmd_toscreen' with 'toscreen' in your code.
2025-08-07 20:58:44,596 WARNING libqtile config.py:assign_app_group():L567 [Assign Hook] Moved xfce4-terminal to group 5 and switched to it
2025-08-07 20:59:09,834 WARNING libqtile config.py:assign_app_group():L562 [Assign Hook] App started: xfce4-terminal
2025-08-07 20:59:09,840 WARNING libqtile base.py:__getattr__():L273 Deprecation Warning: commands exposed via IPC no longer use the 'cmd_' prefix. Please replace 'cmd_toscreen' with 'toscreen' in your code.
2025-08-07 20:59:09,840 WARNING libqtile config.py:assign_app_group():L567 [Assign Hook] Moved xfce4-terminal to group 5 and switched to it
2025-08-07 20:59:21,376 WARNING libqtile lifecycle.py:_atexit():L38 Qtile will now terminate
2025-08-09 17:55:57,464 WARNING libqtile launchbar.py:setup_images():L169 No icon found for application "" (None) switch to text mode
2025-08-09 17:55:57,487 WARNING libqtile launchbar.py:setup_images():L169 No icon found for application " " (None) switch to text mode
2025-08-09 17:55:57,487 WARNING libqtile launchbar.py:setup_images():L169 No icon found for application "" (None) switch to text mode
2025-08-09 17:55:57,487 WARNING libqtile launchbar.py:setup_images():L169 No icon found for application "" (None) switch to text mode
2025-08-09 17:55:57,510 WARNING libqtile manager.py:grab_key():L521 Key spec duplicated, overriding previous: <Key (['mod4', 'shift'], Right)>
2025-08-09 17:55:57,510 WARNING libqtile manager.py:grab_key():L521 Key spec duplicated, overriding previous: <Key (['mod4', 'shift'], Left)>
2025-08-09 17:55:57,510 WARNING libqtile manager.py:grab_key():L521 Key spec duplicated, overriding previous: <Key (['mod4'], Tab)>
2025-08-09 17:55:57,510 WARNING libqtile manager.py:grab_key():L521 Key spec duplicated, overriding previous: <Key (['mod4', 'shift'], Tab)>
2025-08-09 17:55:57,510 WARNING libqtile manager.py:grab_key():L521 Key spec duplicated, overriding previous: <Key (['mod1'], Tab)>
2025-08-09 17:55:57,510 WARNING libqtile manager.py:grab_key():L521 Key spec duplicated, overriding previous: <Key (['mod1', 'shift'], Tab)>
2025-08-09 17:55:57,510 WARNING libqtile manager.py:grab_key():L521 Key spec duplicated, overriding previous: <Key (['mod4'], Tab)>
2025-08-09 17:55:57,510 WARNING libqtile manager.py:grab_key():L521 Key spec duplicated, overriding previous: <Key (['mod4', 'shift'], Tab)>
2025-08-09 17:55:57,511 WARNING libqtile manager.py:grab_key():L521 Key spec duplicated, overriding previous: <Key (['mod1'], Tab)>
2025-08-09 17:55:57,511 WARNING libqtile manager.py:grab_key():L521 Key spec duplicated, overriding previous: <Key (['mod1', 'shift'], Tab)>
2025-08-09 17:55:57,511 WARNING libqtile manager.py:grab_key():L521 Key spec duplicated, overriding previous: <Key (['mod4'], Tab)>
2025-08-09 17:55:57,511 WARNING libqtile manager.py:grab_key():L521 Key spec duplicated, overriding previous: <Key (['mod4', 'shift'], Tab)>
2025-08-09 17:55:57,511 WARNING libqtile manager.py:grab_key():L521 Key spec duplicated, overriding previous: <Key (['mod1'], Tab)>
2025-08-09 17:55:57,511 WARNING libqtile manager.py:grab_key():L521 Key spec duplicated, overriding previous: <Key (['mod1', 'shift'], Tab)>
2025-08-09 17:55:57,511 WARNING libqtile manager.py:grab_key():L521 Key spec duplicated, overriding previous: <Key (['mod4'], Tab)>
2025-08-09 17:55:57,511 WARNING libqtile manager.py:grab_key():L521 Key spec duplicated, overriding previous: <Key (['mod4', 'shift'], Tab)>
2025-08-09 17:55:57,511 WARNING libqtile manager.py:grab_key():L521 Key spec duplicated, overriding previous: <Key (['mod1'], Tab)>
2025-08-09 17:55:57,511 WARNING libqtile manager.py:grab_key():L521 Key spec duplicated, overriding previous: <Key (['mod1', 'shift'], Tab)>
2025-08-09 17:55:57,511 WARNING libqtile manager.py:grab_key():L521 Key spec duplicated, overriding previous: <Key (['mod4'], Tab)>
2025-08-09 17:55:57,512 WARNING libqtile manager.py:grab_key():L521 Key spec duplicated, overriding previous: <Key (['mod4', 'shift'], Tab)>
2025-08-09 17:55:57,512 WARNING libqtile manager.py:grab_key():L521 Key spec duplicated, overriding previous: <Key (['mod1'], Tab)>
2025-08-09 17:55:57,512 WARNING libqtile manager.py:grab_key():L521 Key spec duplicated, overriding previous: <Key (['mod1', 'shift'], Tab)>
2025-08-09 17:55:57,512 WARNING libqtile manager.py:grab_key():L521 Key spec duplicated, overriding previous: <Key (['mod4'], Tab)>
2025-08-09 17:55:57,512 WARNING libqtile manager.py:grab_key():L521 Key spec duplicated, overriding previous: <Key (['mod4', 'shift'], Tab)>
2025-08-09 17:55:57,512 WARNING libqtile manager.py:grab_key():L521 Key spec duplicated, overriding previous: <Key (['mod1'], Tab)>
2025-08-09 17:55:57,512 WARNING libqtile manager.py:grab_key():L521 Key spec duplicated, overriding previous: <Key (['mod1', 'shift'], Tab)>
2025-08-09 17:55:57,512 WARNING libqtile manager.py:grab_key():L521 Key spec duplicated, overriding previous: <Key (['mod4'], Tab)>
2025-08-09 17:55:57,512 WARNING libqtile manager.py:grab_key():L521 Key spec duplicated, overriding previous: <Key (['mod4', 'shift'], Tab)>
2025-08-09 17:55:57,512 WARNING libqtile manager.py:grab_key():L521 Key spec duplicated, overriding previous: <Key (['mod1'], Tab)>
2025-08-09 17:55:57,512 WARNING libqtile manager.py:grab_key():L521 Key spec duplicated, overriding previous: <Key (['mod1', 'shift'], Tab)>
2025-08-09 17:55:57,512 WARNING libqtile manager.py:grab_key():L521 Key spec duplicated, overriding previous: <Key (['mod4'], Tab)>
2025-08-09 17:55:57,513 WARNING libqtile manager.py:grab_key():L521 Key spec duplicated, overriding previous: <Key (['mod4', 'shift'], Tab)>
2025-08-09 17:55:57,513 WARNING libqtile manager.py:grab_key():L521 Key spec duplicated, overriding previous: <Key (['mod1'], Tab)>
2025-08-09 17:55:57,513 WARNING libqtile manager.py:grab_key():L521 Key spec duplicated, overriding previous: <Key (['mod1', 'shift'], Tab)>
2025-08-09 17:55:57,513 WARNING libqtile manager.py:grab_key():L521 Key spec duplicated, overriding previous: <Key (['mod4'], Tab)>
2025-08-09 17:55:57,513 WARNING libqtile manager.py:grab_key():L521 Key spec duplicated, overriding previous: <Key (['mod4', 'shift'], Tab)>
2025-08-09 17:55:57,513 WARNING libqtile manager.py:grab_key():L521 Key spec duplicated, overriding previous: <Key (['mod1'], Tab)>
2025-08-09 17:55:57,513 WARNING libqtile manager.py:grab_key():L521 Key spec duplicated, overriding previous: <Key (['mod1', 'shift'], Tab)>
2025-08-09 17:55:58,349 WARNING libqtile launchbar.py:setup_images():L169 No icon found for application "" (None) switch to text mode
2025-08-09 17:55:58,349 WARNING libqtile launchbar.py:setup_images():L169 No icon found for application " " (None) switch to text mode
2025-08-09 17:55:58,349 WARNING libqtile launchbar.py:setup_images():L169 No icon found for application "" (None) switch to text mode
2025-08-09 17:55:58,350 WARNING libqtile launchbar.py:setup_images():L169 No icon found for application "" (None) switch to text mode
2025-08-09 17:55:59,033 WARNING libqtile config.py:assign_app_group():L562 [Assign Hook] App started: ulauncher
2025-08-09 17:56:42,445 WARNING libqtile config.py:assign_app_group():L562 [Assign Hook] App started: xfce4-notifyd
2025-08-09 17:57:04,639 WARNING libqtile config.py:assign_app_group():L562 [Assign Hook] App started: brave-browser
2025-08-09 17:57:04,641 WARNING libqtile base.py:__getattr__():L273 Deprecation Warning: commands exposed via IPC no longer use the 'cmd_' prefix. Please replace 'cmd_toscreen' with 'toscreen' in your code.
2025-08-09 17:57:04,647 WARNING libqtile config.py:assign_app_group():L567 [Assign Hook] Moved brave-browser to group 3 and switched to it
2025-08-09 17:57:14,519 WARNING libqtile config.py:assign_app_group():L562 [Assign Hook] App started: pamac-manager
2025-08-09 17:57:21,950 WARNING libqtile config.py:assign_app_group():L562 [Assign Hook] App started: xfce4-terminal
2025-08-09 17:57:21,951 WARNING libqtile base.py:__getattr__():L273 Deprecation Warning: commands exposed via IPC no longer use the 'cmd_' prefix. Please replace 'cmd_toscreen' with 'toscreen' in your code.
2025-08-09 17:57:21,958 WARNING libqtile config.py:assign_app_group():L567 [Assign Hook] Moved xfce4-terminal to group 5 and switched to it
2025-08-09 18:01:12,365 WARNING libqtile config.py:assign_app_group():L562 [Assign Hook] App started: transmission-gtk
2025-08-09 18:01:12,366 WARNING libqtile base.py:__getattr__():L273 Deprecation Warning: commands exposed via IPC no longer use the 'cmd_' prefix. Please replace 'cmd_toscreen' with 'toscreen' in your code.
2025-08-09 18:01:12,374 WARNING libqtile config.py:assign_app_group():L567 [Assign Hook] Moved transmission-gtk to group 7 and switched to it
2025-08-09 18:01:12,408 WARNING libqtile config.py:assign_app_group():L562 [Assign Hook] App started: transmission-gtk
2025-08-09 18:01:12,408 WARNING libqtile base.py:__getattr__():L273 Deprecation Warning: commands exposed via IPC no longer use the 'cmd_' prefix. Please replace 'cmd_toscreen' with 'toscreen' in your code.
2025-08-09 18:01:12,408 WARNING libqtile config.py:assign_app_group():L567 [Assign Hook] Moved transmission-gtk to group 7 and switched to it
2025-08-09 18:01:43,671 WARNING libqtile config.py:assign_app_group():L562 [Assign Hook] App started: transmission-gtk
2025-08-09 18:01:43,671 WARNING libqtile base.py:__getattr__():L273 Deprecation Warning: commands exposed via IPC no longer use the 'cmd_' prefix. Please replace 'cmd_toscreen' with 'toscreen' in your code.
2025-08-09 18:01:43,682 WARNING libqtile config.py:assign_app_group():L567 [Assign Hook] Moved transmission-gtk to group 7 and switched to it
2025-08-09 18:02:08,986 WARNING libqtile config.py:assign_app_group():L562 [Assign Hook] App started: transmission-gtk
2025-08-09 18:02:08,986 WARNING libqtile base.py:__getattr__():L273 Deprecation Warning: commands exposed via IPC no longer use the 'cmd_' prefix. Please replace 'cmd_toscreen' with 'toscreen' in your code.
2025-08-09 18:02:08,995 WARNING libqtile config.py:assign_app_group():L567 [Assign Hook] Moved transmission-gtk to group 7 and switched to it
2025-08-09 18:02:29,150 WARNING libqtile config.py:assign_app_group():L562 [Assign Hook] App started: transmission-gtk
2025-08-09 18:02:29,150 WARNING libqtile base.py:__getattr__():L273 Deprecation Warning: commands exposed via IPC no longer use the 'cmd_' prefix. Please replace 'cmd_toscreen' with 'toscreen' in your code.
2025-08-09 18:02:29,159 WARNING libqtile config.py:assign_app_group():L567 [Assign Hook] Moved transmission-gtk to group 7 and switched to it
2025-08-09 18:22:40,742 WARNING libqtile config.py:assign_app_group():L562 [Assign Hook] App started: xfce4-notifyd
2025-08-09 18:37:26,214 WARNING libqtile config.py:assign_app_group():L562 [Assign Hook] App started: xfce4-notifyd
2025-08-09 18:48:54,215 WARNING libqtile config.py:assign_app_group():L562 [Assign Hook] App started: xfce4-notifyd
2025-08-09 19:04:37,217 WARNING libqtile config.py:assign_app_group():L562 [Assign Hook] App started: xfce4-notifyd
2025-08-09 19:16:27,137 WARNING libqtile config.py:assign_app_group():L562 [Assign Hook] App started: thunar
2025-08-09 19:16:27,138 WARNING libqtile base.py:__getattr__():L273 Deprecation Warning: commands exposed via IPC no longer use the 'cmd_' prefix. Please replace 'cmd_toscreen' with 'toscreen' in your code.
2025-08-09 19:16:27,144 WARNING libqtile config.py:assign_app_group():L567 [Assign Hook] Moved thunar to group 1 and switched to it
2025-08-09 19:16:41,334 WARNING libqtile config.py:assign_app_group():L562 [Assign Hook] App started: thunar
2025-08-09 19:16:41,334 WARNING libqtile base.py:__getattr__():L273 Deprecation Warning: commands exposed via IPC no longer use the 'cmd_' prefix. Please replace 'cmd_toscreen' with 'toscreen' in your code.
2025-08-09 19:16:41,334 WARNING libqtile config.py:assign_app_group():L567 [Assign Hook] Moved thunar to group 1 and switched to it
2025-08-09 19:17:18,821 WARNING libqtile config.py:assign_app_group():L562 [Assign Hook] App started: thunar
2025-08-09 19:17:18,829 WARNING libqtile base.py:__getattr__():L273 Deprecation Warning: commands exposed via IPC no longer use the 'cmd_' prefix. Please replace 'cmd_toscreen' with 'toscreen' in your code.
2025-08-09 19:17:18,830 WARNING libqtile config.py:assign_app_group():L567 [Assign Hook] Moved thunar to group 1 and switched to it
2025-08-09 19:17:36,575 WARNING libqtile config.py:assign_app_group():L562 [Assign Hook] App started: thunar
2025-08-09 19:17:36,582 WARNING libqtile base.py:__getattr__():L273 Deprecation Warning: commands exposed via IPC no longer use the 'cmd_' prefix. Please replace 'cmd_toscreen' with 'toscreen' in your code.
2025-08-09 19:17:36,582 WARNING libqtile config.py:assign_app_group():L567 [Assign Hook] Moved thunar to group 1 and switched to it
2025-08-09 19:22:45,966 WARNING libqtile config.py:assign_app_group():L562 [Assign Hook] App started: xdg-desktop-portal-gtk
2025-08-09 19:23:05,967 WARNING libqtile config.py:assign_app_group():L562 [Assign Hook] App started: xfce4-terminal
2025-08-09 19:23:05,968 WARNING libqtile base.py:__getattr__():L273 Deprecation Warning: commands exposed via IPC no longer use the 'cmd_' prefix. Please replace 'cmd_toscreen' with 'toscreen' in your code.
2025-08-09 19:23:05,972 WARNING libqtile config.py:assign_app_group():L567 [Assign Hook] Moved xfce4-terminal to group 5 and switched to it
2025-08-09 19:38:32,715 WARNING libqtile config.py:assign_app_group():L562 [Assign Hook] App started: archlinux-logout.py
2025-08-09 19:38:39,975 WARNING libqtile launchbar.py:setup_images():L169 No icon found for application "" (None) switch to text mode
2025-08-09 19:38:39,975 WARNING libqtile launchbar.py:setup_images():L169 No icon found for application " " (None) switch to text mode
2025-08-09 19:38:39,975 WARNING libqtile launchbar.py:setup_images():L169 No icon found for application "" (None) switch to text mode
2025-08-09 19:38:39,975 WARNING libqtile launchbar.py:setup_images():L169 No icon found for application "" (None) switch to text mode
2025-08-11 08:17:49,207 WARNING libqtile launchbar.py:setup_images():L169 No icon found for application "" (None) switch to text mode
2025-08-11 08:17:49,207 WARNING libqtile launchbar.py:setup_images():L169 No icon found for application " " (None) switch to text mode
2025-08-11 08:17:49,207 WARNING libqtile launchbar.py:setup_images():L169 No icon found for application "" (None) switch to text mode
2025-08-11 08:17:49,207 WARNING libqtile launchbar.py:setup_images():L169 No icon found for application "" (None) switch to text mode
2025-08-11 08:17:52,869 WARNING libqtile lifecycle.py:_atexit():L34 Restarting Qtile with os.execv(...)
2025-08-11 08:17:54,296 WARNING libqtile launchbar.py:setup_images():L169 No icon found for application "" (None) switch to text mode
2025-08-11 08:17:54,317 WARNING libqtile launchbar.py:setup_images():L169 No icon found for application " " (None) switch to text mode
2025-08-11 08:17:54,317 WARNING libqtile launchbar.py:setup_images():L169 No icon found for application "" (None) switch to text mode
2025-08-11 08:17:54,317 WARNING libqtile launchbar.py:setup_images():L169 No icon found for application "" (None) switch to text mode
2025-08-11 08:17:54,338 WARNING libqtile manager.py:grab_key():L521 Key spec duplicated, overriding previous: <Key (['mod4', 'shift'], Right)>
2025-08-11 08:17:54,338 WARNING libqtile manager.py:grab_key():L521 Key spec duplicated, overriding previous: <Key (['mod4', 'shift'], Left)>
2025-08-11 08:17:54,338 WARNING libqtile manager.py:grab_key():L521 Key spec duplicated, overriding previous: <Key (['mod4'], Tab)>
2025-08-11 08:17:54,338 WARNING libqtile manager.py:grab_key():L521 Key spec duplicated, overriding previous: <Key (['mod4', 'shift'], Tab)>
2025-08-11 08:17:54,338 WARNING libqtile manager.py:grab_key():L521 Key spec duplicated, overriding previous: <Key (['mod1'], Tab)>
2025-08-11 08:17:54,338 WARNING libqtile manager.py:grab_key():L521 Key spec duplicated, overriding previous: <Key (['mod1', 'shift'], Tab)>
2025-08-11 08:17:54,339 WARNING libqtile manager.py:grab_key():L521 Key spec duplicated, overriding previous: <Key (['mod4'], Tab)>
2025-08-11 08:17:54,339 WARNING libqtile manager.py:grab_key():L521 Key spec duplicated, overriding previous: <Key (['mod4', 'shift'], Tab)>
2025-08-11 08:17:54,339 WARNING libqtile manager.py:grab_key():L521 Key spec duplicated, overriding previous: <Key (['mod1'], Tab)>
2025-08-11 08:17:54,339 WARNING libqtile manager.py:grab_key():L521 Key spec duplicated, overriding previous: <Key (['mod1', 'shift'], Tab)>
2025-08-11 08:17:54,339 WARNING libqtile manager.py:grab_key():L521 Key spec duplicated, overriding previous: <Key (['mod4'], Tab)>
2025-08-11 08:17:54,339 WARNING libqtile manager.py:grab_key():L521 Key spec duplicated, overriding previous: <Key (['mod4', 'shift'], Tab)>
2025-08-11 08:17:54,339 WARNING libqtile manager.py:grab_key():L521 Key spec duplicated, overriding previous: <Key (['mod1'], Tab)>
2025-08-11 08:17:54,339 WARNING libqtile manager.py:grab_key():L521 Key spec duplicated, overriding previous: <Key (['mod1', 'shift'], Tab)>
2025-08-11 08:17:54,339 WARNING libqtile manager.py:grab_key():L521 Key spec duplicated, overriding previous: <Key (['mod4'], Tab)>
2025-08-11 08:17:54,339 WARNING libqtile manager.py:grab_key():L521 Key spec duplicated, overriding previous: <Key (['mod4', 'shift'], Tab)>
2025-08-11 08:17:54,339 WARNING libqtile manager.py:grab_key():L521 Key spec duplicated, overriding previous: <Key (['mod1'], Tab)>
2025-08-11 08:17:54,340 WARNING libqtile manager.py:grab_key():L521 Key spec duplicated, overriding previous: <Key (['mod1', 'shift'], Tab)>
2025-08-11 08:17:54,340 WARNING libqtile manager.py:grab_key():L521 Key spec duplicated, overriding previous: <Key (['mod4'], Tab)>
2025-08-11 08:17:54,340 WARNING libqtile manager.py:grab_key():L521 Key spec duplicated, overriding previous: <Key (['mod4', 'shift'], Tab)>
2025-08-11 08:17:54,340 WARNING libqtile manager.py:grab_key():L521 Key spec duplicated, overriding previous: <Key (['mod1'], Tab)>
2025-08-11 08:17:54,340 WARNING libqtile manager.py:grab_key():L521 Key spec duplicated, overriding previous: <Key (['mod1', 'shift'], Tab)>
2025-08-11 08:17:54,340 WARNING libqtile manager.py:grab_key():L521 Key spec duplicated, overriding previous: <Key (['mod4'], Tab)>
2025-08-11 08:17:54,340 WARNING libqtile manager.py:grab_key():L521 Key spec duplicated, overriding previous: <Key (['mod4', 'shift'], Tab)>
2025-08-11 08:17:54,340 WARNING libqtile manager.py:grab_key():L521 Key spec duplicated, overriding previous: <Key (['mod1'], Tab)>
2025-08-11 08:17:54,340 WARNING libqtile manager.py:grab_key():L521 Key spec duplicated, overriding previous: <Key (['mod1', 'shift'], Tab)>
2025-08-11 08:17:54,340 WARNING libqtile manager.py:grab_key():L521 Key spec duplicated, overriding previous: <Key (['mod4'], Tab)>
2025-08-11 08:17:54,340 WARNING libqtile manager.py:grab_key():L521 Key spec duplicated, overriding previous: <Key (['mod4', 'shift'], Tab)>
2025-08-11 08:17:54,341 WARNING libqtile manager.py:grab_key():L521 Key spec duplicated, overriding previous: <Key (['mod1'], Tab)>
2025-08-11 08:17:54,341 WARNING libqtile manager.py:grab_key():L521 Key spec duplicated, overriding previous: <Key (['mod1', 'shift'], Tab)>
2025-08-11 08:17:54,341 WARNING libqtile manager.py:grab_key():L521 Key spec duplicated, overriding previous: <Key (['mod4'], Tab)>
2025-08-11 08:17:54,341 WARNING libqtile manager.py:grab_key():L521 Key spec duplicated, overriding previous: <Key (['mod4', 'shift'], Tab)>
2025-08-11 08:17:54,341 WARNING libqtile manager.py:grab_key():L521 Key spec duplicated, overriding previous: <Key (['mod1'], Tab)>
2025-08-11 08:17:54,341 WARNING libqtile manager.py:grab_key():L521 Key spec duplicated, overriding previous: <Key (['mod1', 'shift'], Tab)>
2025-08-11 08:17:54,341 WARNING libqtile manager.py:grab_key():L521 Key spec duplicated, overriding previous: <Key (['mod4'], Tab)>
2025-08-11 08:17:54,341 WARNING libqtile manager.py:grab_key():L521 Key spec duplicated, overriding previous: <Key (['mod4', 'shift'], Tab)>
2025-08-11 08:17:54,341 WARNING libqtile manager.py:grab_key():L521 Key spec duplicated, overriding previous: <Key (['mod1'], Tab)>
2025-08-11 08:17:54,341 WARNING libqtile manager.py:grab_key():L521 Key spec duplicated, overriding previous: <Key (['mod1', 'shift'], Tab)>
2025-08-11 08:17:54,356 WARNING libqtile config.py:assign_app_group():L562 [Assign Hook] App started: transmission-gtk
2025-08-11 08:17:54,356 WARNING libqtile base.py:__getattr__():L273 Deprecation Warning: commands exposed via IPC no longer use the 'cmd_' prefix. Please replace 'cmd_toscreen' with 'toscreen' in your code.
2025-08-11 08:17:54,359 WARNING libqtile config.py:assign_app_group():L567 [Assign Hook] Moved transmission-gtk to group 7 and switched to it
2025-08-11 08:17:54,410 WARNING libqtile config.py:assign_app_group():L562 [Assign Hook] App started: thunar
2025-08-11 08:17:54,410 WARNING libqtile base.py:__getattr__():L273 Deprecation Warning: commands exposed via IPC no longer use the 'cmd_' prefix. Please replace 'cmd_toscreen' with 'toscreen' in your code.
2025-08-11 08:17:54,413 WARNING libqtile config.py:assign_app_group():L567 [Assign Hook] Moved thunar to group 1 and switched to it
2025-08-11 08:18:11,894 WARNING libqtile config.py:assign_app_group():L562 [Assign Hook] App started: xfce4-terminal
2025-08-11 08:18:11,895 WARNING libqtile base.py:__getattr__():L273 Deprecation Warning: commands exposed via IPC no longer use the 'cmd_' prefix. Please replace 'cmd_toscreen' with 'toscreen' in your code.
2025-08-11 08:18:11,901 WARNING libqtile config.py:assign_app_group():L567 [Assign Hook] Moved xfce4-terminal to group 5 and switched to it
2025-08-11 08:19:00,659 WARNING libqtile config.py:assign_app_group():L562 [Assign Hook] App started: thunar
2025-08-11 08:19:00,661 WARNING libqtile base.py:__getattr__():L273 Deprecation Warning: commands exposed via IPC no longer use the 'cmd_' prefix. Please replace 'cmd_toscreen' with 'toscreen' in your code.
2025-08-11 08:19:00,667 WARNING libqtile config.py:assign_app_group():L567 [Assign Hook] Moved thunar to group 1 and switched to it
2025-08-11 08:20:12,039 WARNING libqtile config.py:assign_app_group():L562 [Assign Hook] App started: thunar
2025-08-11 08:20:12,039 WARNING libqtile base.py:__getattr__():L273 Deprecation Warning: commands exposed via IPC no longer use the 'cmd_' prefix. Please replace 'cmd_toscreen' with 'toscreen' in your code.
2025-08-11 08:20:12,039 WARNING libqtile config.py:assign_app_group():L567 [Assign Hook] Moved thunar to group 1 and switched to it
2025-08-11 08:20:13,780 WARNING libqtile config.py:assign_app_group():L562 [Assign Hook] App started: sublime_text
2025-08-11 08:20:13,783 WARNING libqtile base.py:__getattr__():L273 Deprecation Warning: commands exposed via IPC no longer use the 'cmd_' prefix. Please replace 'cmd_toscreen' with 'toscreen' in your code.
2025-08-11 08:20:13,787 WARNING libqtile config.py:assign_app_group():L567 [Assign Hook] Moved sublime_text to group 2 and switched to it
2025-08-11 08:23:23,033 WARNING libqtile config.py:assign_app_group():L562 [Assign Hook] App started: thunar
2025-08-11 08:23:23,034 WARNING libqtile base.py:__getattr__():L273 Deprecation Warning: commands exposed via IPC no longer use the 'cmd_' prefix. Please replace 'cmd_toscreen' with 'toscreen' in your code.
2025-08-11 08:23:23,034 WARNING libqtile config.py:assign_app_group():L567 [Assign Hook] Moved thunar to group 1 and switched to it
2025-08-11 08:24:19,590 WARNING libqtile config.py:assign_app_group():L562 [Assign Hook] App started: brave-browser
2025-08-11 08:24:19,597 WARNING libqtile base.py:__getattr__():L273 Deprecation Warning: commands exposed via IPC no longer use the 'cmd_' prefix. Please replace 'cmd_toscreen' with 'toscreen' in your code.
2025-08-11 08:24:19,597 WARNING libqtile config.py:assign_app_group():L567 [Assign Hook] Moved brave-browser to group 3 and switched to it
2025-08-11 08:26:59,740 WARNING libqtile config.py:assign_app_group():L562 [Assign Hook] App started: sublime_text
2025-08-11 08:26:59,741 WARNING libqtile base.py:__getattr__():L273 Deprecation Warning: commands exposed via IPC no longer use the 'cmd_' prefix. Please replace 'cmd_toscreen' with 'toscreen' in your code.
2025-08-11 08:26:59,748 WARNING libqtile config.py:assign_app_group():L567 [Assign Hook] Moved sublime_text to group 2 and switched to it
2025-08-11 08:27:25,182 WARNING libqtile config.py:assign_app_group():L562 [Assign Hook] App started: sublime_text
2025-08-11 08:27:25,183 WARNING libqtile base.py:__getattr__():L273 Deprecation Warning: commands exposed via IPC no longer use the 'cmd_' prefix. Please replace 'cmd_toscreen' with 'toscreen' in your code.
2025-08-11 08:27:25,191 WARNING libqtile config.py:assign_app_group():L567 [Assign Hook] Moved sublime_text to group 2 and switched to it
2025-08-11 08:28:49,520 WARNING libqtile config.py:assign_app_group():L562 [Assign Hook] App started: thunar
2025-08-11 08:28:49,520 WARNING libqtile base.py:__getattr__():L273 Deprecation Warning: commands exposed via IPC no longer use the 'cmd_' prefix. Please replace 'cmd_toscreen' with 'toscreen' in your code.
2025-08-11 08:28:49,520 WARNING libqtile config.py:assign_app_group():L567 [Assign Hook] Moved thunar to group 1 and switched to it
2025-08-11 08:28:51,175 WARNING libqtile config.py:assign_app_group():L562 [Assign Hook] App started: sublime_text
2025-08-11 08:28:51,176 WARNING libqtile base.py:__getattr__():L273 Deprecation Warning: commands exposed via IPC no longer use the 'cmd_' prefix. Please replace 'cmd_toscreen' with 'toscreen' in your code.
2025-08-11 08:28:51,179 WARNING libqtile config.py:assign_app_group():L567 [Assign Hook] Moved sublime_text to group 2 and switched to it
2025-08-11 08:29:40,530 WARNING libqtile config.py:assign_app_group():L562 [Assign Hook] App started: thunar
2025-08-11 08:29:40,530 WARNING libqtile base.py:__getattr__():L273 Deprecation Warning: commands exposed via IPC no longer use the 'cmd_' prefix. Please replace 'cmd_toscreen' with 'toscreen' in your code.
2025-08-11 08:29:40,531 WARNING libqtile config.py:assign_app_group():L567 [Assign Hook] Moved thunar to group 1 and switched to it
2025-08-11 08:29:42,270 WARNING libqtile config.py:assign_app_group():L562 [Assign Hook] App started: sublime_text
2025-08-11 08:29:42,271 WARNING libqtile base.py:__getattr__():L273 Deprecation Warning: commands exposed via IPC no longer use the 'cmd_' prefix. Please replace 'cmd_toscreen' with 'toscreen' in your code.
2025-08-11 08:29:42,275 WARNING libqtile config.py:assign_app_group():L567 [Assign Hook] Moved sublime_text to group 2 and switched to it
2025-08-11 08:30:40,486 WARNING libqtile config.py:assign_app_group():L562 [Assign Hook] App started: ulauncher
2025-08-11 08:30:47,806 WARNING libqtile config.py:assign_app_group():L562 [Assign Hook] App started: polkit-gnome-authentication-agent-1
2025-08-11 08:30:54,044 WARNING libqtile config.py:assign_app_group():L562 [Assign Hook] App started: archlinux-tweak-tool.py
2025-08-11 08:31:25,453 WARNING libqtile config.py:assign_app_group():L562 [Assign Hook] App started: xfce4-terminal
2025-08-11 08:31:25,458 WARNING libqtile base.py:__getattr__():L273 Deprecation Warning: commands exposed via IPC no longer use the 'cmd_' prefix. Please replace 'cmd_toscreen' with 'toscreen' in your code.
2025-08-11 08:31:25,458 WARNING libqtile config.py:assign_app_group():L567 [Assign Hook] Moved xfce4-terminal to group 5 and switched to it
2025-08-11 08:31:48,276 WARNING libqtile config.py:assign_app_group():L562 [Assign Hook] App started: ulauncher
2025-08-11 08:31:51,567 WARNING libqtile config.py:assign_app_group():L562 [Assign Hook] App started: polkit-gnome-authentication-agent-1
2025-08-11 08:31:57,262 WARNING libqtile config.py:assign_app_group():L562 [Assign Hook] App started: archlinux-tweak-tool.py
2025-08-11 08:32:34,624 WARNING libqtile config.py:assign_app_group():L562 [Assign Hook] App started: alacritty
2025-08-11 08:32:53,895 WARNING libqtile config.py:assign_app_group():L562 [Assign Hook] App started: alacritty
2025-08-11 08:32:58,643 WARNING libqtile config.py:assign_app_group():L562 [Assign Hook] App started: alacritty
2025-08-11 08:33:51,354 WARNING libqtile config.py:assign_app_group():L562 [Assign Hook] App started: xfce4-terminal
2025-08-11 08:33:51,360 WARNING libqtile base.py:__getattr__():L273 Deprecation Warning: commands exposed via IPC no longer use the 'cmd_' prefix. Please replace 'cmd_toscreen' with 'toscreen' in your code.
2025-08-11 08:33:51,360 WARNING libqtile config.py:assign_app_group():L567 [Assign Hook] Moved xfce4-terminal to group 5 and switched to it
2025-08-11 08:35:02,521 WARNING libqtile config.py:assign_app_group():L562 [Assign Hook] App started: ulauncher
2025-08-11 08:35:06,122 WARNING libqtile config.py:assign_app_group():L562 [Assign Hook] App started: alacritty
2025-08-11 08:35:08,957 WARNING libqtile config.py:assign_app_group():L562 [Assign Hook] App started: ulauncher
2025-08-11 08:35:12,812 WARNING libqtile config.py:assign_app_group():L562 [Assign Hook] App started: polkit-gnome-authentication-agent-1
2025-08-11 08:35:18,406 WARNING libqtile config.py:assign_app_group():L562 [Assign Hook] App started: archlinux-tweak-tool.py
2025-08-11 08:47:00,115 WARNING libqtile config.py:assign_app_group():L562 [Assign Hook] App started: archlinux-logout.py
2025-08-11 08:47:06,169 WARNING libqtile launchbar.py:setup_images():L169 No icon found for application "" (None) switch to text mode
2025-08-11 08:47:06,169 WARNING libqtile launchbar.py:setup_images():L169 No icon found for application " " (None) switch to text mode
2025-08-11 08:47:06,171 WARNING libqtile launchbar.py:setup_images():L169 No icon found for application "" (None) switch to text mode
2025-08-11 08:47:06,171 WARNING libqtile launchbar.py:setup_images():L169 No icon found for application "" (None) switch to text mode
2025-08-11 21:57:43,947 WARNING libqtile launchbar.py:setup_images():L169 No icon found for application "" (None) switch to text mode
2025-08-11 21:57:43,947 WARNING libqtile launchbar.py:setup_images():L169 No icon found for application " " (None) switch to text mode
2025-08-11 21:57:43,948 WARNING libqtile launchbar.py:setup_images():L169 No icon found for application "" (None) switch to text mode
2025-08-11 21:57:43,948 WARNING libqtile launchbar.py:setup_images():L169 No icon found for application "" (None) switch to text mode
2025-08-11 21:57:48,807 WARNING libqtile lifecycle.py:_atexit():L34 Restarting Qtile with os.execv(...)
2025-08-11 21:57:50,203 WARNING libqtile launchbar.py:setup_images():L169 No icon found for application "" (None) switch to text mode
2025-08-11 21:57:50,224 WARNING libqtile launchbar.py:setup_images():L169 No icon found for application " " (None) switch to text mode
2025-08-11 21:57:50,224 WARNING libqtile launchbar.py:setup_images():L169 No icon found for application "" (None) switch to text mode
2025-08-11 21:57:50,224 WARNING libqtile launchbar.py:setup_images():L169 No icon found for application "" (None) switch to text mode
2025-08-11 21:57:50,244 WARNING libqtile manager.py:grab_key():L521 Key spec duplicated, overriding previous: <Key (['mod4', 'shift'], Right)>
2025-08-11 21:57:50,244 WARNING libqtile manager.py:grab_key():L521 Key spec duplicated, overriding previous: <Key (['mod4', 'shift'], Left)>
2025-08-11 21:57:50,245 WARNING libqtile manager.py:grab_key():L521 Key spec duplicated, overriding previous: <Key (['mod4'], Tab)>
2025-08-11 21:57:50,245 WARNING libqtile manager.py:grab_key():L521 Key spec duplicated, overriding previous: <Key (['mod4', 'shift'], Tab)>
2025-08-11 21:57:50,245 WARNING libqtile manager.py:grab_key():L521 Key spec duplicated, overriding previous: <Key (['mod1'], Tab)>
2025-08-11 21:57:50,245 WARNING libqtile manager.py:grab_key():L521 Key spec duplicated, overriding previous: <Key (['mod1', 'shift'], Tab)>
2025-08-11 21:57:50,245 WARNING libqtile manager.py:grab_key():L521 Key spec duplicated, overriding previous: <Key (['mod4'], Tab)>
2025-08-11 21:57:50,245 WARNING libqtile manager.py:grab_key():L521 Key spec duplicated, overriding previous: <Key (['mod4', 'shift'], Tab)>
2025-08-11 21:57:50,245 WARNING libqtile manager.py:grab_key():L521 Key spec duplicated, overriding previous: <Key (['mod1'], Tab)>
2025-08-11 21:57:50,245 WARNING libqtile manager.py:grab_key():L521 Key spec duplicated, overriding previous: <Key (['mod1', 'shift'], Tab)>
2025-08-11 21:57:50,245 WARNING libqtile manager.py:grab_key():L521 Key spec duplicated, overriding previous: <Key (['mod4'], Tab)>
2025-08-11 21:57:50,245 WARNING libqtile manager.py:grab_key():L521 Key spec duplicated, overriding previous: <Key (['mod4', 'shift'], Tab)>
2025-08-11 21:57:50,246 WARNING libqtile manager.py:grab_key():L521 Key spec duplicated, overriding previous: <Key (['mod1'], Tab)>
2025-08-11 21:57:50,246 WARNING libqtile manager.py:grab_key():L521 Key spec duplicated, overriding previous: <Key (['mod1', 'shift'], Tab)>
2025-08-11 21:57:50,246 WARNING libqtile manager.py:grab_key():L521 Key spec duplicated, overriding previous: <Key (['mod4'], Tab)>
2025-08-11 21:57:50,246 WARNING libqtile manager.py:grab_key():L521 Key spec duplicated, overriding previous: <Key (['mod4', 'shift'], Tab)>
2025-08-11 21:57:50,246 WARNING libqtile manager.py:grab_key():L521 Key spec duplicated, overriding previous: <Key (['mod1'], Tab)>
2025-08-11 21:57:50,246 WARNING libqtile manager.py:grab_key():L521 Key spec duplicated, overriding previous: <Key (['mod1', 'shift'], Tab)>
2025-08-11 21:57:50,246 WARNING libqtile manager.py:grab_key():L521 Key spec duplicated, overriding previous: <Key (['mod4'], Tab)>
2025-08-11 21:57:50,246 WARNING libqtile manager.py:grab_key():L521 Key spec duplicated, overriding previous: <Key (['mod4', 'shift'], Tab)>
2025-08-11 21:57:50,246 WARNING libqtile manager.py:grab_key():L521 Key spec duplicated, overriding previous: <Key (['mod1'], Tab)>
2025-08-11 21:57:50,246 WARNING libqtile manager.py:grab_key():L521 Key spec duplicated, overriding previous: <Key (['mod1', 'shift'], Tab)>
2025-08-11 21:57:50,246 WARNING libqtile manager.py:grab_key():L521 Key spec duplicated, overriding previous: <Key (['mod4'], Tab)>
2025-08-11 21:57:50,247 WARNING libqtile manager.py:grab_key():L521 Key spec duplicated, overriding previous: <Key (['mod4', 'shift'], Tab)>
2025-08-11 21:57:50,247 WARNING libqtile manager.py:grab_key():L521 Key spec duplicated, overriding previous: <Key (['mod1'], Tab)>
2025-08-11 21:57:50,247 WARNING libqtile manager.py:grab_key():L521 Key spec duplicated, overriding previous: <Key (['mod1', 'shift'], Tab)>
2025-08-11 21:57:50,247 WARNING libqtile manager.py:grab_key():L521 Key spec duplicated, overriding previous: <Key (['mod4'], Tab)>
2025-08-11 21:57:50,247 WARNING libqtile manager.py:grab_key():L521 Key spec duplicated, overriding previous: <Key (['mod4', 'shift'], Tab)>
2025-08-11 21:57:50,247 WARNING libqtile manager.py:grab_key():L521 Key spec duplicated, overriding previous: <Key (['mod1'], Tab)>
2025-08-11 21:57:50,247 WARNING libqtile manager.py:grab_key():L521 Key spec duplicated, overriding previous: <Key (['mod1', 'shift'], Tab)>
2025-08-11 21:57:50,247 WARNING libqtile manager.py:grab_key():L521 Key spec duplicated, overriding previous: <Key (['mod4'], Tab)>
2025-08-11 21:57:50,247 WARNING libqtile manager.py:grab_key():L521 Key spec duplicated, overriding previous: <Key (['mod4', 'shift'], Tab)>
2025-08-11 21:57:50,247 WARNING libqtile manager.py:grab_key():L521 Key spec duplicated, overriding previous: <Key (['mod1'], Tab)>
2025-08-11 21:57:50,247 WARNING libqtile manager.py:grab_key():L521 Key spec duplicated, overriding previous: <Key (['mod1', 'shift'], Tab)>
2025-08-11 21:57:50,247 WARNING libqtile manager.py:grab_key():L521 Key spec duplicated, overriding previous: <Key (['mod4'], Tab)>
2025-08-11 21:57:50,248 WARNING libqtile manager.py:grab_key():L521 Key spec duplicated, overriding previous: <Key (['mod4', 'shift'], Tab)>
2025-08-11 21:57:50,248 WARNING libqtile manager.py:grab_key():L521 Key spec duplicated, overriding previous: <Key (['mod1'], Tab)>
2025-08-11 21:57:50,248 WARNING libqtile manager.py:grab_key():L521 Key spec duplicated, overriding previous: <Key (['mod1', 'shift'], Tab)>
2025-08-11 21:57:54,842 WARNING libqtile config.py:assign_app_group():L562 [Assign Hook] App started: xfce4-terminal
2025-08-11 21:57:54,843 WARNING libqtile base.py:__getattr__():L273 Deprecation Warning: commands exposed via IPC no longer use the 'cmd_' prefix. Please replace 'cmd_toscreen' with 'toscreen' in your code.
2025-08-11 21:57:54,848 WARNING libqtile config.py:assign_app_group():L567 [Assign Hook] Moved xfce4-terminal to group 5 and switched to it
2025-08-11 21:58:50,993 WARNING libqtile config.py:assign_app_group():L562 [Assign Hook] App started: brave-browser
2025-08-11 21:58:50,995 WARNING libqtile base.py:__getattr__():L273 Deprecation Warning: commands exposed via IPC no longer use the 'cmd_' prefix. Please replace 'cmd_toscreen' with 'toscreen' in your code.
2025-08-11 21:58:51,003 WARNING libqtile config.py:assign_app_group():L567 [Assign Hook] Moved brave-browser to group 3 and switched to it
2025-08-11 22:00:56,007 WARNING libqtile config.py:assign_app_group():L562 [Assign Hook] App started: xdg-desktop-portal-gtk
2025-08-11 22:03:34,088 WARNING libqtile config.py:assign_app_group():L562 [Assign Hook] App started: xdg-desktop-portal-gtk
2025-08-11 22:03:42,446 WARNING libqtile config.py:assign_app_group():L562 [Assign Hook] App started: thunar
2025-08-11 22:03:42,453 WARNING libqtile base.py:__getattr__():L273 Deprecation Warning: commands exposed via IPC no longer use the 'cmd_' prefix. Please replace 'cmd_toscreen' with 'toscreen' in your code.
2025-08-11 22:03:42,453 WARNING libqtile config.py:assign_app_group():L567 [Assign Hook] Moved thunar to group 1 and switched to it
2025-08-11 22:05:54,970 WARNING libqtile config.py:assign_app_group():L562 [Assign Hook] App started: thunar
2025-08-11 22:05:54,979 WARNING libqtile base.py:__getattr__():L273 Deprecation Warning: commands exposed via IPC no longer use the 'cmd_' prefix. Please replace 'cmd_toscreen' with 'toscreen' in your code.
2025-08-11 22:05:54,980 WARNING libqtile config.py:assign_app_group():L567 [Assign Hook] Moved thunar to group 1 and switched to it
2025-08-11 22:05:55,041 WARNING libqtile config.py:assign_app_group():L562 [Assign Hook] App started: thunar
2025-08-11 22:05:55,041 WARNING libqtile base.py:__getattr__():L273 Deprecation Warning: commands exposed via IPC no longer use the 'cmd_' prefix. Please replace 'cmd_toscreen' with 'toscreen' in your code.
2025-08-11 22:05:55,041 WARNING libqtile config.py:assign_app_group():L567 [Assign Hook] Moved thunar to group 1 and switched to it
2025-08-11 22:06:09,985 WARNING libqtile config.py:assign_app_group():L562 [Assign Hook] App started: xfce4-terminal
2025-08-11 22:06:09,986 WARNING libqtile base.py:__getattr__():L273 Deprecation Warning: commands exposed via IPC no longer use the 'cmd_' prefix. Please replace 'cmd_toscreen' with 'toscreen' in your code.
2025-08-11 22:06:09,995 WARNING libqtile config.py:assign_app_group():L567 [Assign Hook] Moved xfce4-terminal to group 5 and switched to it
2025-08-11 22:06:16,114 WARNING libqtile lifecycle.py:_atexit():L38 Qtile will now terminate
2025-08-12 00:10:24,071 WARNING libqtile launchbar.py:setup_images():L169 No icon found for application "" (None) switch to text mode
2025-08-12 00:10:24,094 WARNING libqtile launchbar.py:setup_images():L169 No icon found for application " " (None) switch to text mode
2025-08-12 00:10:24,094 WARNING libqtile launchbar.py:setup_images():L169 No icon found for application "" (None) switch to text mode
2025-08-12 00:10:24,094 WARNING libqtile launchbar.py:setup_images():L169 No icon found for application "" (None) switch to text mode
2025-08-12 00:10:24,116 WARNING libqtile manager.py:grab_key():L521 Key spec duplicated, overriding previous: <Key (['mod4', 'shift'], Right)>
2025-08-12 00:10:24,117 WARNING libqtile manager.py:grab_key():L521 Key spec duplicated, overriding previous: <Key (['mod4', 'shift'], Left)>
2025-08-12 00:10:24,117 WARNING libqtile manager.py:grab_key():L521 Key spec duplicated, overriding previous: <Key (['mod4'], Tab)>
2025-08-12 00:10:24,117 WARNING libqtile manager.py:grab_key():L521 Key spec duplicated, overriding previous: <Key (['mod4', 'shift'], Tab)>
2025-08-12 00:10:24,117 WARNING libqtile manager.py:grab_key():L521 Key spec duplicated, overriding previous: <Key (['mod1'], Tab)>
2025-08-12 00:10:24,117 WARNING libqtile manager.py:grab_key():L521 Key spec duplicated, overriding previous: <Key (['mod1', 'shift'], Tab)>
2025-08-12 00:10:24,117 WARNING libqtile manager.py:grab_key():L521 Key spec duplicated, overriding previous: <Key (['mod4'], Tab)>
2025-08-12 00:10:24,117 WARNING libqtile manager.py:grab_key():L521 Key spec duplicated, overriding previous: <Key (['mod4', 'shift'], Tab)>
2025-08-12 00:10:24,117 WARNING libqtile manager.py:grab_key():L521 Key spec duplicated, overriding previous: <Key (['mod1'], Tab)>
2025-08-12 00:10:24,117 WARNING libqtile manager.py:grab_key():L521 Key spec duplicated, overriding previous: <Key (['mod1', 'shift'], Tab)>
2025-08-12 00:10:24,118 WARNING libqtile manager.py:grab_key():L521 Key spec duplicated, overriding previous: <Key (['mod4'], Tab)>
2025-08-12 00:10:24,118 WARNING libqtile manager.py:grab_key():L521 Key spec duplicated, overriding previous: <Key (['mod4', 'shift'], Tab)>
2025-08-12 00:10:24,118 WARNING libqtile manager.py:grab_key():L521 Key spec duplicated, overriding previous: <Key (['mod1'], Tab)>
2025-08-12 00:10:24,118 WARNING libqtile manager.py:grab_key():L521 Key spec duplicated, overriding previous: <Key (['mod1', 'shift'], Tab)>
2025-08-12 00:10:24,118 WARNING libqtile manager.py:grab_key():L521 Key spec duplicated, overriding previous: <Key (['mod4'], Tab)>
2025-08-12 00:10:24,118 WARNING libqtile manager.py:grab_key():L521 Key spec duplicated, overriding previous: <Key (['mod4', 'shift'], Tab)>
2025-08-12 00:10:24,118 WARNING libqtile manager.py:grab_key():L521 Key spec duplicated, overriding previous: <Key (['mod1'], Tab)>
2025-08-12 00:10:24,118 WARNING libqtile manager.py:grab_key():L521 Key spec duplicated, overriding previous: <Key (['mod1', 'shift'], Tab)>
2025-08-12 00:10:24,118 WARNING libqtile manager.py:grab_key():L521 Key spec duplicated, overriding previous: <Key (['mod4'], Tab)>
2025-08-12 00:10:24,118 WARNING libqtile manager.py:grab_key():L521 Key spec duplicated, overriding previous: <Key (['mod4', 'shift'], Tab)>
2025-08-12 00:10:24,118 WARNING libqtile manager.py:grab_key():L521 Key spec duplicated, overriding previous: <Key (['mod1'], Tab)>
2025-08-12 00:10:24,118 WARNING libqtile manager.py:grab_key():L521 Key spec duplicated, overriding previous: <Key (['mod1', 'shift'], Tab)>
2025-08-12 00:10:24,119 WARNING libqtile manager.py:grab_key():L521 Key spec duplicated, overriding previous: <Key (['mod4'], Tab)>
2025-08-12 00:10:24,119 WARNING libqtile manager.py:grab_key():L521 Key spec duplicated, overriding previous: <Key (['mod4', 'shift'], Tab)>
2025-08-12 00:10:24,119 WARNING libqtile manager.py:grab_key():L521 Key spec duplicated, overriding previous: <Key (['mod1'], Tab)>
2025-08-12 00:10:24,119 WARNING libqtile manager.py:grab_key():L521 Key spec duplicated, overriding previous: <Key (['mod1', 'shift'], Tab)>
2025-08-12 00:10:24,119 WARNING libqtile manager.py:grab_key():L521 Key spec duplicated, overriding previous: <Key (['mod4'], Tab)>
2025-08-12 00:10:24,119 WARNING libqtile manager.py:grab_key():L521 Key spec duplicated, overriding previous: <Key (['mod4', 'shift'], Tab)>
2025-08-12 00:10:24,119 WARNING libqtile manager.py:grab_key():L521 Key spec duplicated, overriding previous: <Key (['mod1'], Tab)>
2025-08-12 00:10:24,119 WARNING libqtile manager.py:grab_key():L521 Key spec duplicated, overriding previous: <Key (['mod1', 'shift'], Tab)>
2025-08-12 00:10:24,119 WARNING libqtile manager.py:grab_key():L521 Key spec duplicated, overriding previous: <Key (['mod4'], Tab)>
2025-08-12 00:10:24,119 WARNING libqtile manager.py:grab_key():L521 Key spec duplicated, overriding previous: <Key (['mod4', 'shift'], Tab)>
2025-08-12 00:10:24,119 WARNING libqtile manager.py:grab_key():L521 Key spec duplicated, overriding previous: <Key (['mod1'], Tab)>
2025-08-12 00:10:24,119 WARNING libqtile manager.py:grab_key():L521 Key spec duplicated, overriding previous: <Key (['mod1', 'shift'], Tab)>
2025-08-12 00:10:24,120 WARNING libqtile manager.py:grab_key():L521 Key spec duplicated, overriding previous: <Key (['mod4'], Tab)>
2025-08-12 00:10:24,120 WARNING libqtile manager.py:grab_key():L521 Key spec duplicated, overriding previous: <Key (['mod4', 'shift'], Tab)>
2025-08-12 00:10:24,120 WARNING libqtile manager.py:grab_key():L521 Key spec duplicated, overriding previous: <Key (['mod1'], Tab)>
2025-08-12 00:10:24,120 WARNING libqtile manager.py:grab_key():L521 Key spec duplicated, overriding previous: <Key (['mod1', 'shift'], Tab)>
2025-08-12 00:10:24,910 WARNING libqtile launchbar.py:setup_images():L169 No icon found for application "" (None) switch to text mode
2025-08-12 00:10:24,911 WARNING libqtile launchbar.py:setup_images():L169 No icon found for application " " (None) switch to text mode
2025-08-12 00:10:24,911 WARNING libqtile launchbar.py:setup_images():L169 No icon found for application "" (None) switch to text mode
2025-08-12 00:10:24,911 WARNING libqtile launchbar.py:setup_images():L169 No icon found for application "" (None) switch to text mode
2025-08-12 00:10:25,544 WARNING libqtile config.py:assign_app_group():L562 [Assign Hook] App started: ulauncher
2025-08-12 00:10:38,875 WARNING libqtile config.py:assign_app_group():L562 [Assign Hook] App started: xfce4-terminal
2025-08-12 00:10:38,877 WARNING libqtile base.py:__getattr__():L273 Deprecation Warning: commands exposed via IPC no longer use the 'cmd_' prefix. Please replace 'cmd_toscreen' with 'toscreen' in your code.
2025-08-12 00:10:38,885 WARNING libqtile config.py:assign_app_group():L567 [Assign Hook] Moved xfce4-terminal to group 5 and switched to it
2025-08-12 00:11:32,051 WARNING libqtile config.py:assign_app_group():L562 [Assign Hook] App started: thunar
2025-08-12 00:11:32,052 WARNING libqtile base.py:__getattr__():L273 Deprecation Warning: commands exposed via IPC no longer use the 'cmd_' prefix. Please replace 'cmd_toscreen' with 'toscreen' in your code.
2025-08-12 00:11:32,057 WARNING libqtile config.py:assign_app_group():L567 [Assign Hook] Moved thunar to group 1 and switched to it
2025-08-12 00:12:33,961 WARNING libqtile config.py:assign_app_group():L562 [Assign Hook] App started: thunar
2025-08-12 00:12:33,961 WARNING libqtile base.py:__getattr__():L273 Deprecation Warning: commands exposed via IPC no longer use the 'cmd_' prefix. Please replace 'cmd_toscreen' with 'toscreen' in your code.
2025-08-12 00:12:33,961 WARNING libqtile config.py:assign_app_group():L567 [Assign Hook] Moved thunar to group 1 and switched to it
2025-08-12 00:12:36,239 WARNING libqtile config.py:assign_app_group():L562 [Assign Hook] App started: sublime_text
2025-08-12 00:12:36,240 WARNING libqtile base.py:__getattr__():L273 Deprecation Warning: commands exposed via IPC no longer use the 'cmd_' prefix. Please replace 'cmd_toscreen' with 'toscreen' in your code.
2025-08-12 00:12:36,243 WARNING libqtile config.py:assign_app_group():L567 [Assign Hook] Moved sublime_text to group 2 and switched to it
2025-08-12 00:13:47,322 WARNING libqtile config.py:assign_app_group():L562 [Assign Hook] App started: thunar
2025-08-12 00:13:47,322 WARNING libqtile base.py:__getattr__():L273 Deprecation Warning: commands exposed via IPC no longer use the 'cmd_' prefix. Please replace 'cmd_toscreen' with 'toscreen' in your code.
2025-08-12 00:13:47,322 WARNING libqtile config.py:assign_app_group():L567 [Assign Hook] Moved thunar to group 1 and switched to it
2025-08-12 00:13:48,900 WARNING libqtile config.py:assign_app_group():L562 [Assign Hook] App started: sublime_text
2025-08-12 00:13:48,901 WARNING libqtile base.py:__getattr__():L273 Deprecation Warning: commands exposed via IPC no longer use the 'cmd_' prefix. Please replace 'cmd_toscreen' with 'toscreen' in your code.
2025-08-12 00:13:48,917 WARNING libqtile config.py:assign_app_group():L567 [Assign Hook] Moved sublime_text to group 2 and switched to it
2025-08-12 00:19:20,158 WARNING libqtile config.py:assign_app_group():L562 [Assign Hook] App started: thunar
2025-08-12 00:19:20,159 WARNING libqtile base.py:__getattr__():L273 Deprecation Warning: commands exposed via IPC no longer use the 'cmd_' prefix. Please replace 'cmd_toscreen' with 'toscreen' in your code.
2025-08-12 00:19:20,159 WARNING libqtile config.py:assign_app_group():L567 [Assign Hook] Moved thunar to group 1 and switched to it
2025-08-12 00:21:27,001 WARNING libqtile config.py:assign_app_group():L562 [Assign Hook] App started: thunar
2025-08-12 00:21:27,001 WARNING libqtile base.py:__getattr__():L273 Deprecation Warning: commands exposed via IPC no longer use the 'cmd_' prefix. Please replace 'cmd_toscreen' with 'toscreen' in your code.
2025-08-12 00:21:27,001 WARNING libqtile config.py:assign_app_group():L567 [Assign Hook] Moved thunar to group 1 and switched to it
2025-08-12 00:22:09,271 WARNING libqtile config.py:assign_app_group():L562 [Assign Hook] App started: thunar
2025-08-12 00:22:09,271 WARNING libqtile base.py:__getattr__():L273 Deprecation Warning: commands exposed via IPC no longer use the 'cmd_' prefix. Please replace 'cmd_toscreen' with 'toscreen' in your code.
2025-08-12 00:22:09,271 WARNING libqtile config.py:assign_app_group():L567 [Assign Hook] Moved thunar to group 1 and switched to it
2025-08-12 00:22:10,934 WARNING libqtile config.py:assign_app_group():L562 [Assign Hook] App started: sublime_text
2025-08-12 00:22:10,936 WARNING libqtile base.py:__getattr__():L273 Deprecation Warning: commands exposed via IPC no longer use the 'cmd_' prefix. Please replace 'cmd_toscreen' with 'toscreen' in your code.
2025-08-12 00:22:10,939 WARNING libqtile config.py:assign_app_group():L567 [Assign Hook] Moved sublime_text to group 2 and switched to it
2025-08-12 00:22:36,929 WARNING libqtile config.py:assign_app_group():L562 [Assign Hook] App started: thunar
2025-08-12 00:22:36,930 WARNING libqtile base.py:__getattr__():L273 Deprecation Warning: commands exposed via IPC no longer use the 'cmd_' prefix. Please replace 'cmd_toscreen' with 'toscreen' in your code.
2025-08-12 00:22:36,930 WARNING libqtile config.py:assign_app_group():L567 [Assign Hook] Moved thunar to group 1 and switched to it
2025-08-12 00:23:15,516 WARNING libqtile config.py:assign_app_group():L562 [Assign Hook] App started: thunar
2025-08-12 00:23:15,516 WARNING libqtile base.py:__getattr__():L273 Deprecation Warning: commands exposed via IPC no longer use the 'cmd_' prefix. Please replace 'cmd_toscreen' with 'toscreen' in your code.
2025-08-12 00:23:15,516 WARNING libqtile config.py:assign_app_group():L567 [Assign Hook] Moved thunar to group 1 and switched to it
2025-08-12 00:23:27,095 WARNING libqtile config.py:assign_app_group():L562 [Assign Hook] App started: thunar
2025-08-12 00:23:27,095 WARNING libqtile base.py:__getattr__():L273 Deprecation Warning: commands exposed via IPC no longer use the 'cmd_' prefix. Please replace 'cmd_toscreen' with 'toscreen' in your code.
2025-08-12 00:23:27,095 WARNING libqtile config.py:assign_app_group():L567 [Assign Hook] Moved thunar to group 1 and switched to it
2025-08-12 00:23:28,712 WARNING libqtile config.py:assign_app_group():L562 [Assign Hook] App started: sublime_text
2025-08-12 00:23:28,721 WARNING libqtile base.py:__getattr__():L273 Deprecation Warning: commands exposed via IPC no longer use the 'cmd_' prefix. Please replace 'cmd_toscreen' with 'toscreen' in your code.
2025-08-12 00:23:28,728 WARNING libqtile config.py:assign_app_group():L567 [Assign Hook] Moved sublime_text to group 2 and switched to it
2025-08-12 00:23:54,694 WARNING libqtile config.py:assign_app_group():L562 [Assign Hook] App started: thunar
2025-08-12 00:23:54,694 WARNING libqtile base.py:__getattr__():L273 Deprecation Warning: commands exposed via IPC no longer use the 'cmd_' prefix. Please replace 'cmd_toscreen' with 'toscreen' in your code.
2025-08-12 00:23:54,695 WARNING libqtile config.py:assign_app_group():L567 [Assign Hook] Moved thunar to group 1 and switched to it
2025-08-12 00:23:56,290 WARNING libqtile config.py:assign_app_group():L562 [Assign Hook] App started: sublime_text
2025-08-12 00:23:56,299 WARNING libqtile base.py:__getattr__():L273 Deprecation Warning: commands exposed via IPC no longer use the 'cmd_' prefix. Please replace 'cmd_toscreen' with 'toscreen' in your code.
2025-08-12 00:23:56,303 WARNING libqtile config.py:assign_app_group():L567 [Assign Hook] Moved sublime_text to group 2 and switched to it
2025-08-12 00:24:19,538 WARNING libqtile config.py:assign_app_group():L562 [Assign Hook] App started: thunar
2025-08-12 00:24:19,538 WARNING libqtile base.py:__getattr__():L273 Deprecation Warning: commands exposed via IPC no longer use the 'cmd_' prefix. Please replace 'cmd_toscreen' with 'toscreen' in your code.
2025-08-12 00:24:19,539 WARNING libqtile config.py:assign_app_group():L567 [Assign Hook] Moved thunar to group 1 and switched to it
2025-08-12 00:25:08,978 WARNING libqtile config.py:assign_app_group():L562 [Assign Hook] App started: thunar
2025-08-12 00:25:08,978 WARNING libqtile base.py:__getattr__():L273 Deprecation Warning: commands exposed via IPC no longer use the 'cmd_' prefix. Please replace 'cmd_toscreen' with 'toscreen' in your code.
2025-08-12 00:25:08,978 WARNING libqtile config.py:assign_app_group():L567 [Assign Hook] Moved thunar to group 1 and switched to it
2025-08-12 00:25:10,701 WARNING libqtile config.py:assign_app_group():L562 [Assign Hook] App started: sublime_text
2025-08-12 00:25:10,703 WARNING libqtile base.py:__getattr__():L273 Deprecation Warning: commands exposed via IPC no longer use the 'cmd_' prefix. Please replace 'cmd_toscreen' with 'toscreen' in your code.
2025-08-12 00:25:10,711 WARNING libqtile config.py:assign_app_group():L567 [Assign Hook] Moved sublime_text to group 2 and switched to it
2025-08-12 00:25:45,370 WARNING libqtile config.py:assign_app_group():L562 [Assign Hook] App started: polkit-gnome-authentication-agent-1
2025-08-12 00:26:00,754 WARNING libqtile config.py:assign_app_group():L562 [Assign Hook] App started: thunar
2025-08-12 00:26:00,754 WARNING libqtile base.py:__getattr__():L273 Deprecation Warning: commands exposed via IPC no longer use the 'cmd_' prefix. Please replace 'cmd_toscreen' with 'toscreen' in your code.
2025-08-12 00:26:00,754 WARNING libqtile config.py:assign_app_group():L567 [Assign Hook] Moved thunar to group 1 and switched to it
2025-08-12 00:26:50,015 WARNING libqtile config.py:assign_app_group():L562 [Assign Hook] App started: thunar
2025-08-12 00:26:50,015 WARNING libqtile base.py:__getattr__():L273 Deprecation Warning: commands exposed via IPC no longer use the 'cmd_' prefix. Please replace 'cmd_toscreen' with 'toscreen' in your code.
2025-08-12 00:26:50,015 WARNING libqtile config.py:assign_app_group():L567 [Assign Hook] Moved thunar to group 1 and switched to it
2025-08-12 00:26:51,934 WARNING libqtile config.py:assign_app_group():L562 [Assign Hook] App started: sublime_text
2025-08-12 00:26:51,946 WARNING libqtile base.py:__getattr__():L273 Deprecation Warning: commands exposed via IPC no longer use the 'cmd_' prefix. Please replace 'cmd_toscreen' with 'toscreen' in your code.
2025-08-12 00:26:51,949 WARNING libqtile config.py:assign_app_group():L567 [Assign Hook] Moved sublime_text to group 2 and switched to it
2025-08-12 00:27:29,400 WARNING libqtile config.py:assign_app_group():L562 [Assign Hook] App started: thunar
2025-08-12 00:27:29,400 WARNING libqtile base.py:__getattr__():L273 Deprecation Warning: commands exposed via IPC no longer use the 'cmd_' prefix. Please replace 'cmd_toscreen' with 'toscreen' in your code.
2025-08-12 00:27:29,400 WARNING libqtile config.py:assign_app_group():L567 [Assign Hook] Moved thunar to group 1 and switched to it
2025-08-12 00:28:08,620 WARNING libqtile config.py:assign_app_group():L562 [Assign Hook] App started: thunar
2025-08-12 00:28:08,620 WARNING libqtile base.py:__getattr__():L273 Deprecation Warning: commands exposed via IPC no longer use the 'cmd_' prefix. Please replace 'cmd_toscreen' with 'toscreen' in your code.
2025-08-12 00:28:08,620 WARNING libqtile config.py:assign_app_group():L567 [Assign Hook] Moved thunar to group 1 and switched to it
2025-08-12 00:28:10,031 WARNING libqtile config.py:assign_app_group():L562 [Assign Hook] App started: sublime_text
2025-08-12 00:28:10,033 WARNING libqtile base.py:__getattr__():L273 Deprecation Warning: commands exposed via IPC no longer use the 'cmd_' prefix. Please replace 'cmd_toscreen' with 'toscreen' in your code.
2025-08-12 00:28:10,035 WARNING libqtile config.py:assign_app_group():L567 [Assign Hook] Moved sublime_text to group 2 and switched to it
2025-08-12 00:28:32,247 WARNING libqtile config.py:assign_app_group():L562 [Assign Hook] App started: thunar
2025-08-12 00:28:32,252 WARNING libqtile base.py:__getattr__():L273 Deprecation Warning: commands exposed via IPC no longer use the 'cmd_' prefix. Please replace 'cmd_toscreen' with 'toscreen' in your code.
2025-08-12 00:28:32,252 WARNING libqtile config.py:assign_app_group():L567 [Assign Hook] Moved thunar to group 1 and switched to it
2025-08-12 00:28:33,517 WARNING libqtile config.py:assign_app_group():L562 [Assign Hook] App started: xfce4-terminal
2025-08-12 00:28:33,519 WARNING libqtile base.py:__getattr__():L273 Deprecation Warning: commands exposed via IPC no longer use the 'cmd_' prefix. Please replace 'cmd_toscreen' with 'toscreen' in your code.
2025-08-12 00:28:33,523 WARNING libqtile config.py:assign_app_group():L567 [Assign Hook] Moved xfce4-terminal to group 5 and switched to it
2025-08-12 00:38:10,549 WARNING libqtile launchbar.py:setup_images():L169 No icon found for application "" (None) switch to text mode
2025-08-12 00:38:10,549 WARNING libqtile launchbar.py:setup_images():L169 No icon found for application " " (None) switch to text mode
2025-08-12 00:38:10,549 WARNING libqtile launchbar.py:setup_images():L169 No icon found for application "" (None) switch to text mode
2025-08-12 00:38:10,549 WARNING libqtile launchbar.py:setup_images():L169 No icon found for application "" (None) switch to text mode
2025-08-12 00:38:48,303 WARNING libqtile launchbar.py:setup_images():L169 No icon found for application "" (None) switch to text mode
2025-08-12 00:38:48,303 WARNING libqtile launchbar.py:setup_images():L169 No icon found for application " " (None) switch to text mode
2025-08-12 00:38:48,303 WARNING libqtile launchbar.py:setup_images():L169 No icon found for application "" (None) switch to text mode
2025-08-12 00:38:48,304 WARNING libqtile launchbar.py:setup_images():L169 No icon found for application "" (None) switch to text mode
2025-08-12 00:38:51,402 WARNING libqtile config.py:assign_app_group():L562 [Assign Hook] App started: archlinux-logout.py
2025-08-12 00:38:58,864 WARNING libqtile launchbar.py:setup_images():L169 No icon found for application "" (None) switch to text mode
2025-08-12 00:38:58,864 WARNING libqtile launchbar.py:setup_images():L169 No icon found for application " " (None) switch to text mode
2025-08-12 00:38:58,865 WARNING libqtile launchbar.py:setup_images():L169 No icon found for application "" (None) switch to text mode
2025-08-12 00:38:58,865 WARNING libqtile launchbar.py:setup_images():L169 No icon found for application "" (None) switch to text mode
2025-08-12 03:10:41,194 WARNING libqtile config.py:assign_app_group():L562 [Assign Hook] App started: xfce4-notifyd
2025-08-12 15:25:44,886 WARNING libqtile manager.py:grab_key():L521 Key spec duplicated, overriding previous: <Key (['mod4', 'shift'], Right)>
2025-08-12 15:25:44,888 WARNING libqtile manager.py:grab_key():L521 Key spec duplicated, overriding previous: <Key (['mod4', 'shift'], Left)>
2025-08-12 15:25:44,888 WARNING libqtile manager.py:grab_key():L521 Key spec duplicated, overriding previous: <Key (['mod4'], Tab)>
2025-08-12 15:25:44,888 WARNING libqtile manager.py:grab_key():L521 Key spec duplicated, overriding previous: <Key (['mod4', 'shift'], Tab)>
2025-08-12 15:25:44,888 WARNING libqtile manager.py:grab_key():L521 Key spec duplicated, overriding previous: <Key (['mod1'], Tab)>
2025-08-12 15:25:44,888 WARNING libqtile manager.py:grab_key():L521 Key spec duplicated, overriding previous: <Key (['mod1', 'shift'], Tab)>
2025-08-12 15:25:44,889 WARNING libqtile manager.py:grab_key():L521 Key spec duplicated, overriding previous: <Key (['mod4'], Tab)>
2025-08-12 15:25:44,889 WARNING libqtile manager.py:grab_key():L521 Key spec duplicated, overriding previous: <Key (['mod4', 'shift'], Tab)>
2025-08-12 15:25:44,889 WARNING libqtile manager.py:grab_key():L521 Key spec duplicated, overriding previous: <Key (['mod1'], Tab)>
2025-08-12 15:25:44,889 WARNING libqtile manager.py:grab_key():L521 Key spec duplicated, overriding previous: <Key (['mod1', 'shift'], Tab)>
2025-08-12 15:25:44,889 WARNING libqtile manager.py:grab_key():L521 Key spec duplicated, overriding previous: <Key (['mod4'], Tab)>
2025-08-12 15:25:44,889 WARNING libqtile manager.py:grab_key():L521 Key spec duplicated, overriding previous: <Key (['mod4', 'shift'], Tab)>
2025-08-12 15:25:44,889 WARNING libqtile manager.py:grab_key():L521 Key spec duplicated, overriding previous: <Key (['mod1'], Tab)>
2025-08-12 15:25:44,889 WARNING libqtile manager.py:grab_key():L521 Key spec duplicated, overriding previous: <Key (['mod1', 'shift'], Tab)>
2025-08-12 15:25:44,889 WARNING libqtile manager.py:grab_key():L521 Key spec duplicated, overriding previous: <Key (['mod4'], Tab)>
2025-08-12 15:25:44,890 WARNING libqtile manager.py:grab_key():L521 Key spec duplicated, overriding previous: <Key (['mod4', 'shift'], Tab)>
2025-08-12 15:25:44,890 WARNING libqtile manager.py:grab_key():L521 Key spec duplicated, overriding previous: <Key (['mod1'], Tab)>
2025-08-12 15:25:44,890 WARNING libqtile manager.py:grab_key():L521 Key spec duplicated, overriding previous: <Key (['mod1', 'shift'], Tab)>
2025-08-12 15:25:44,890 WARNING libqtile manager.py:grab_key():L521 Key spec duplicated, overriding previous: <Key (['mod4'], Tab)>
2025-08-12 15:25:44,890 WARNING libqtile manager.py:grab_key():L521 Key spec duplicated, overriding previous: <Key (['mod4', 'shift'], Tab)>
2025-08-12 15:25:44,890 WARNING libqtile manager.py:grab_key():L521 Key spec duplicated, overriding previous: <Key (['mod1'], Tab)>
2025-08-12 15:25:44,890 WARNING libqtile manager.py:grab_key():L521 Key spec duplicated, overriding previous: <Key (['mod1', 'shift'], Tab)>
2025-08-12 15:25:44,890 WARNING libqtile manager.py:grab_key():L521 Key spec duplicated, overriding previous: <Key (['mod4'], Tab)>
2025-08-12 15:25:44,890 WARNING libqtile manager.py:grab_key():L521 Key spec duplicated, overriding previous: <Key (['mod4', 'shift'], Tab)>
2025-08-12 15:25:44,891 WARNING libqtile manager.py:grab_key():L521 Key spec duplicated, overriding previous: <Key (['mod1'], Tab)>
2025-08-12 15:25:44,891 WARNING libqtile manager.py:grab_key():L521 Key spec duplicated, overriding previous: <Key (['mod1', 'shift'], Tab)>
2025-08-12 15:25:44,891 WARNING libqtile manager.py:grab_key():L521 Key spec duplicated, overriding previous: <Key (['mod4'], Tab)>
2025-08-12 15:25:44,891 WARNING libqtile manager.py:grab_key():L521 Key spec duplicated, overriding previous: <Key (['mod4', 'shift'], Tab)>
2025-08-12 15:25:44,891 WARNING libqtile manager.py:grab_key():L521 Key spec duplicated, overriding previous: <Key (['mod1'], Tab)>
2025-08-12 15:25:44,891 WARNING libqtile manager.py:grab_key():L521 Key spec duplicated, overriding previous: <Key (['mod1', 'shift'], Tab)>
2025-08-12 15:25:44,891 WARNING libqtile manager.py:grab_key():L521 Key spec duplicated, overriding previous: <Key (['mod4'], Tab)>
2025-08-12 15:25:44,891 WARNING libqtile manager.py:grab_key():L521 Key spec duplicated, overriding previous: <Key (['mod4', 'shift'], Tab)>
2025-08-12 15:25:44,891 WARNING libqtile manager.py:grab_key():L521 Key spec duplicated, overriding previous: <Key (['mod1'], Tab)>
2025-08-12 15:25:44,892 WARNING libqtile manager.py:grab_key():L521 Key spec duplicated, overriding previous: <Key (['mod1', 'shift'], Tab)>
2025-08-12 15:25:44,892 WARNING libqtile manager.py:grab_key():L521 Key spec duplicated, overriding previous: <Key (['mod4'], Tab)>
2025-08-12 15:25:44,892 WARNING libqtile manager.py:grab_key():L521 Key spec duplicated, overriding previous: <Key (['mod4', 'shift'], Tab)>
2025-08-12 15:25:44,892 WARNING libqtile manager.py:grab_key():L521 Key spec duplicated, overriding previous: <Key (['mod1'], Tab)>
2025-08-12 15:25:44,892 WARNING libqtile manager.py:grab_key():L521 Key spec duplicated, overriding previous: <Key (['mod1', 'shift'], Tab)>
2025-08-12 15:25:44,942 ERROR libqtile core.py:_xpoll():L367 Got an exception in poll loop
Traceback (most recent call last):
  File "/usr/lib/python3.13/site-packages/libqtile/backend/x11/core.py", line 342, in _xpoll
    self.handle_event(event)
    ~~~~~~~~~~~~~~~~~^^^^^^^
  File "/usr/lib/python3.13/site-packages/libqtile/backend/x11/core.py", line 309, in handle_event
    ret = target(event)
  File "/usr/lib/python3.13/site-packages/libqtile/backend/x11/core.py", line 808, in handle_UnmapNotify
    if self.qtile.current_window is None:
       ^^^^^^^^^^^^^^^^^^^^^^^^^
  File "/usr/lib/python3.13/site-packages/libqtile/command/base.py", line 283, in __getattr__
    raise AttributeError(f"{self.__class__} has no attribute {name}")
AttributeError: <class 'libqtile.core.manager.Qtile'> has no attribute current_window
2025-08-12 15:25:45,872 WARNING libqtile config.py:assign_app_group():L562 [Assign Hook] App started: ulauncher
2025-08-12 15:25:45,872 ERROR libqtile hook.py:fire():L196 Error in hook client_new
Traceback (most recent call last):
  File "/usr/lib/python3.13/site-packages/libqtile/hook.py", line 194, in fire
    i(*args, **kwargs)
    ~^^^^^^^^^^^^^^^^^
  File "/usr/lib/python3.13/site-packages/libqtile/dgroups.py", line 225, in _add
    current_group = self.qtile.current_group.name
                    ^^^^^^^^^^^^^^^^^^^^^^^^
  File "/usr/lib/python3.13/site-packages/libqtile/command/base.py", line 283, in __getattr__
    raise AttributeError(f"{self.__class__} has no attribute {name}")
AttributeError: <class 'libqtile.core.manager.Qtile'> has no attribute current_group. Did you mean: 'current_layout'?
2025-08-12 15:25:45,874 ERROR libqtile core.py:_xpoll():L367 Got an exception in poll loop
Traceback (most recent call last):
  File "/usr/lib/python3.13/site-packages/libqtile/backend/x11/core.py", line 342, in _xpoll
    self.handle_event(event)
    ~~~~~~~~~~~~~~~~~^^^^^^^
  File "/usr/lib/python3.13/site-packages/libqtile/backend/x11/core.py", line 309, in handle_event
    ret = target(event)
  File "/usr/lib/python3.13/site-packages/libqtile/backend/x11/core.py", line 769, in handle_MapRequest
    self.qtile.manage(win)
    ~~~~~~~~~~~~~~~~~^^^^^
  File "/usr/lib/python3.13/site-packages/libqtile/core/manager.py", line 745, in manage
    if self.current_screen and isinstance(win, base.Window):
       ^^^^^^^^^^^^^^^^^^^
  File "/usr/lib/python3.13/site-packages/libqtile/command/base.py", line 283, in __getattr__
    raise AttributeError(f"{self.__class__} has no attribute {name}")
AttributeError: <class 'libqtile.core.manager.Qtile'> has no attribute current_screen. Did you mean: 'current_group'?
2025-08-12 15:25:45,970 ERROR libqtile core.py:_xpoll():L367 Got an exception in poll loop
Traceback (most recent call last):
  File "/usr/lib/python3.13/site-packages/libqtile/backend/x11/core.py", line 342, in _xpoll
    self.handle_event(event)
    ~~~~~~~~~~~~~~~~~^^^^^^^
  File "/usr/lib/python3.13/site-packages/libqtile/backend/x11/core.py", line 309, in handle_event
    ret = target(event)
  File "/usr/lib/python3.13/site-packages/libqtile/backend/x11/core.py", line 808, in handle_UnmapNotify
    if self.qtile.current_window is None:
       ^^^^^^^^^^^^^^^^^^^^^^^^^
  File "/usr/lib/python3.13/site-packages/libqtile/command/base.py", line 283, in __getattr__
    raise AttributeError(f"{self.__class__} has no attribute {name}")
AttributeError: <class 'libqtile.core.manager.Qtile'> has no attribute current_window
2025-08-12 15:25:45,982 ERROR libqtile core.py:_xpoll():L367 Got an exception in poll loop
Traceback (most recent call last):
  File "/usr/lib/python3.13/site-packages/libqtile/backend/x11/core.py", line 342, in _xpoll
    self.handle_event(event)
    ~~~~~~~~~~~~~~~~~^^^^^^^
  File "/usr/lib/python3.13/site-packages/libqtile/backend/x11/core.py", line 309, in handle_event
    ret = target(event)
  File "/usr/lib/python3.13/site-packages/libqtile/backend/x11/core.py", line 781, in handle_DestroyNotify
    if self.qtile.current_window is None:
       ^^^^^^^^^^^^^^^^^^^^^^^^^
  File "/usr/lib/python3.13/site-packages/libqtile/command/base.py", line 283, in __getattr__
    raise AttributeError(f"{self.__class__} has no attribute {name}")
AttributeError: <class 'libqtile.core.manager.Qtile'> has no attribute current_window
2025-08-12 15:25:45,989 ERROR libqtile core.py:_xpoll():L367 Got an exception in poll loop
Traceback (most recent call last):
  File "/usr/lib/python3.13/site-packages/libqtile/backend/x11/core.py", line 342, in _xpoll
    self.handle_event(event)
    ~~~~~~~~~~~~~~~~~^^^^^^^
  File "/usr/lib/python3.13/site-packages/libqtile/backend/x11/core.py", line 309, in handle_event
    ret = target(event)
  File "/usr/lib/python3.13/site-packages/libqtile/backend/x11/core.py", line 808, in handle_UnmapNotify
    if self.qtile.current_window is None:
       ^^^^^^^^^^^^^^^^^^^^^^^^^
  File "/usr/lib/python3.13/site-packages/libqtile/command/base.py", line 283, in __getattr__
    raise AttributeError(f"{self.__class__} has no attribute {name}")
AttributeError: <class 'libqtile.core.manager.Qtile'> has no attribute current_window
2025-08-12 15:25:45,990 ERROR libqtile core.py:_xpoll():L367 Got an exception in poll loop
Traceback (most recent call last):
  File "/usr/lib/python3.13/site-packages/libqtile/backend/x11/core.py", line 342, in _xpoll
    self.handle_event(event)
    ~~~~~~~~~~~~~~~~~^^^^^^^
  File "/usr/lib/python3.13/site-packages/libqtile/backend/x11/core.py", line 309, in handle_event
    ret = target(event)
  File "/usr/lib/python3.13/site-packages/libqtile/backend/x11/core.py", line 781, in handle_DestroyNotify
    if self.qtile.current_window is None:
       ^^^^^^^^^^^^^^^^^^^^^^^^^
  File "/usr/lib/python3.13/site-packages/libqtile/command/base.py", line 283, in __getattr__
    raise AttributeError(f"{self.__class__} has no attribute {name}")
AttributeError: <class 'libqtile.core.manager.Qtile'> has no attribute current_window
2025-08-12 15:25:46,194 ERROR libqtile core.py:_xpoll():L367 Got an exception in poll loop
Traceback (most recent call last):
  File "/usr/lib/python3.13/site-packages/libqtile/backend/x11/core.py", line 342, in _xpoll
    self.handle_event(event)
    ~~~~~~~~~~~~~~~~~^^^^^^^
  File "/usr/lib/python3.13/site-packages/libqtile/backend/x11/core.py", line 309, in handle_event
    ret = target(event)
  File "/usr/lib/python3.13/site-packages/libqtile/backend/x11/core.py", line 808, in handle_UnmapNotify
    if self.qtile.current_window is None:
       ^^^^^^^^^^^^^^^^^^^^^^^^^
  File "/usr/lib/python3.13/site-packages/libqtile/command/base.py", line 283, in __getattr__
    raise AttributeError(f"{self.__class__} has no attribute {name}")
AttributeError: <class 'libqtile.core.manager.Qtile'> has no attribute current_window
2025-08-12 15:25:46,195 ERROR libqtile core.py:_xpoll():L367 Got an exception in poll loop
Traceback (most recent call last):
  File "/usr/lib/python3.13/site-packages/libqtile/backend/x11/core.py", line 342, in _xpoll
    self.handle_event(event)
    ~~~~~~~~~~~~~~~~~^^^^^^^
  File "/usr/lib/python3.13/site-packages/libqtile/backend/x11/core.py", line 309, in handle_event
    ret = target(event)
  File "/usr/lib/python3.13/site-packages/libqtile/backend/x11/core.py", line 781, in handle_DestroyNotify
    if self.qtile.current_window is None:
       ^^^^^^^^^^^^^^^^^^^^^^^^^
  File "/usr/lib/python3.13/site-packages/libqtile/command/base.py", line 283, in __getattr__
    raise AttributeError(f"{self.__class__} has no attribute {name}")
AttributeError: <class 'libqtile.core.manager.Qtile'> has no attribute current_window
2025-08-12 15:26:18,090 WARNING libqtile config.py:assign_app_group():L562 [Assign Hook] App started: xfce4-notifyd
2025-08-12 15:26:18,090 ERROR libqtile hook.py:fire():L196 Error in hook client_new
Traceback (most recent call last):
  File "/usr/lib/python3.13/site-packages/libqtile/hook.py", line 194, in fire
    i(*args, **kwargs)
    ~^^^^^^^^^^^^^^^^^
  File "/usr/lib/python3.13/site-packages/libqtile/dgroups.py", line 225, in _add
    current_group = self.qtile.current_group.name
                    ^^^^^^^^^^^^^^^^^^^^^^^^
  File "/usr/lib/python3.13/site-packages/libqtile/command/base.py", line 283, in __getattr__
    raise AttributeError(f"{self.__class__} has no attribute {name}")
AttributeError: <class 'libqtile.core.manager.Qtile'> has no attribute current_group. Did you mean: 'current_layout'?
2025-08-12 15:26:18,091 ERROR libqtile core.py:_xpoll():L367 Got an exception in poll loop
Traceback (most recent call last):
  File "/usr/lib/python3.13/site-packages/libqtile/backend/x11/core.py", line 342, in _xpoll
    self.handle_event(event)
    ~~~~~~~~~~~~~~~~~^^^^^^^
  File "/usr/lib/python3.13/site-packages/libqtile/backend/x11/core.py", line 309, in handle_event
    ret = target(event)
  File "/usr/lib/python3.13/site-packages/libqtile/backend/x11/core.py", line 769, in handle_MapRequest
    self.qtile.manage(win)
    ~~~~~~~~~~~~~~~~~^^^^^
  File "/usr/lib/python3.13/site-packages/libqtile/core/manager.py", line 745, in manage
    if self.current_screen and isinstance(win, base.Window):
       ^^^^^^^^^^^^^^^^^^^
  File "/usr/lib/python3.13/site-packages/libqtile/command/base.py", line 283, in __getattr__
    raise AttributeError(f"{self.__class__} has no attribute {name}")
AttributeError: <class 'libqtile.core.manager.Qtile'> has no attribute current_screen. Did you mean: 'current_group'?
2025-08-12 15:26:23,054 ERROR libqtile core.py:_xpoll():L367 Got an exception in poll loop
Traceback (most recent call last):
  File "/usr/lib/python3.13/site-packages/libqtile/backend/x11/core.py", line 342, in _xpoll
    self.handle_event(event)
    ~~~~~~~~~~~~~~~~~^^^^^^^
  File "/usr/lib/python3.13/site-packages/libqtile/backend/x11/core.py", line 309, in handle_event
    ret = target(event)
  File "/usr/lib/python3.13/site-packages/libqtile/backend/x11/core.py", line 808, in handle_UnmapNotify
    if self.qtile.current_window is None:
       ^^^^^^^^^^^^^^^^^^^^^^^^^
  File "/usr/lib/python3.13/site-packages/libqtile/command/base.py", line 283, in __getattr__
    raise AttributeError(f"{self.__class__} has no attribute {name}")
AttributeError: <class 'libqtile.core.manager.Qtile'> has no attribute current_window
2025-08-12 15:26:23,055 ERROR libqtile core.py:_xpoll():L367 Got an exception in poll loop
Traceback (most recent call last):
  File "/usr/lib/python3.13/site-packages/libqtile/backend/x11/core.py", line 342, in _xpoll
    self.handle_event(event)
    ~~~~~~~~~~~~~~~~~^^^^^^^
  File "/usr/lib/python3.13/site-packages/libqtile/backend/x11/core.py", line 309, in handle_event
    ret = target(event)
  File "/usr/lib/python3.13/site-packages/libqtile/backend/x11/core.py", line 781, in handle_DestroyNotify
    if self.qtile.current_window is None:
       ^^^^^^^^^^^^^^^^^^^^^^^^^
  File "/usr/lib/python3.13/site-packages/libqtile/command/base.py", line 283, in __getattr__
    raise AttributeError(f"{self.__class__} has no attribute {name}")
AttributeError: <class 'libqtile.core.manager.Qtile'> has no attribute current_window
2025-08-12 15:26:23,057 ERROR libqtile core.py:_xpoll():L367 Got an exception in poll loop
Traceback (most recent call last):
  File "/usr/lib/python3.13/site-packages/libqtile/backend/x11/core.py", line 342, in _xpoll
    self.handle_event(event)
    ~~~~~~~~~~~~~~~~~^^^^^^^
  File "/usr/lib/python3.13/site-packages/libqtile/backend/x11/core.py", line 309, in handle_event
    ret = target(event)
  File "/usr/lib/python3.13/site-packages/libqtile/backend/x11/core.py", line 781, in handle_DestroyNotify
    if self.qtile.current_window is None:
       ^^^^^^^^^^^^^^^^^^^^^^^^^
  File "/usr/lib/python3.13/site-packages/libqtile/command/base.py", line 283, in __getattr__
    raise AttributeError(f"{self.__class__} has no attribute {name}")
AttributeError: <class 'libqtile.core.manager.Qtile'> has no attribute current_window
2025-08-12 16:11:27,000 WARNING libqtile manager.py:grab_key():L521 Key spec duplicated, overriding previous: <Key (['mod4', 'shift'], Right)>
2025-08-12 16:11:27,001 WARNING libqtile manager.py:grab_key():L521 Key spec duplicated, overriding previous: <Key (['mod4', 'shift'], Left)>
2025-08-12 16:11:27,002 WARNING libqtile manager.py:grab_key():L521 Key spec duplicated, overriding previous: <Key (['mod4'], Tab)>
2025-08-12 16:11:27,002 WARNING libqtile manager.py:grab_key():L521 Key spec duplicated, overriding previous: <Key (['mod4', 'shift'], Tab)>
2025-08-12 16:11:27,002 WARNING libqtile manager.py:grab_key():L521 Key spec duplicated, overriding previous: <Key (['mod1'], Tab)>
2025-08-12 16:11:27,002 WARNING libqtile manager.py:grab_key():L521 Key spec duplicated, overriding previous: <Key (['mod1', 'shift'], Tab)>
2025-08-12 16:11:27,002 WARNING libqtile manager.py:grab_key():L521 Key spec duplicated, overriding previous: <Key (['mod4'], Tab)>
2025-08-12 16:11:27,002 WARNING libqtile manager.py:grab_key():L521 Key spec duplicated, overriding previous: <Key (['mod4', 'shift'], Tab)>
2025-08-12 16:11:27,002 WARNING libqtile manager.py:grab_key():L521 Key spec duplicated, overriding previous: <Key (['mod1'], Tab)>
2025-08-12 16:11:27,002 WARNING libqtile manager.py:grab_key():L521 Key spec duplicated, overriding previous: <Key (['mod1', 'shift'], Tab)>
2025-08-12 16:11:27,003 WARNING libqtile manager.py:grab_key():L521 Key spec duplicated, overriding previous: <Key (['mod4'], Tab)>
2025-08-12 16:11:27,003 WARNING libqtile manager.py:grab_key():L521 Key spec duplicated, overriding previous: <Key (['mod4', 'shift'], Tab)>
2025-08-12 16:11:27,003 WARNING libqtile manager.py:grab_key():L521 Key spec duplicated, overriding previous: <Key (['mod1'], Tab)>
2025-08-12 16:11:27,003 WARNING libqtile manager.py:grab_key():L521 Key spec duplicated, overriding previous: <Key (['mod1', 'shift'], Tab)>
2025-08-12 16:11:27,003 WARNING libqtile manager.py:grab_key():L521 Key spec duplicated, overriding previous: <Key (['mod4'], Tab)>
2025-08-12 16:11:27,003 WARNING libqtile manager.py:grab_key():L521 Key spec duplicated, overriding previous: <Key (['mod4', 'shift'], Tab)>
2025-08-12 16:11:27,003 WARNING libqtile manager.py:grab_key():L521 Key spec duplicated, overriding previous: <Key (['mod1'], Tab)>
2025-08-12 16:11:27,003 WARNING libqtile manager.py:grab_key():L521 Key spec duplicated, overriding previous: <Key (['mod1', 'shift'], Tab)>
2025-08-12 16:11:27,003 WARNING libqtile manager.py:grab_key():L521 Key spec duplicated, overriding previous: <Key (['mod4'], Tab)>
2025-08-12 16:11:27,004 WARNING libqtile manager.py:grab_key():L521 Key spec duplicated, overriding previous: <Key (['mod4', 'shift'], Tab)>
2025-08-12 16:11:27,004 WARNING libqtile manager.py:grab_key():L521 Key spec duplicated, overriding previous: <Key (['mod1'], Tab)>
2025-08-12 16:11:27,004 WARNING libqtile manager.py:grab_key():L521 Key spec duplicated, overriding previous: <Key (['mod1', 'shift'], Tab)>
2025-08-12 16:11:27,004 WARNING libqtile manager.py:grab_key():L521 Key spec duplicated, overriding previous: <Key (['mod4'], Tab)>
2025-08-12 16:11:27,004 WARNING libqtile manager.py:grab_key():L521 Key spec duplicated, overriding previous: <Key (['mod4', 'shift'], Tab)>
2025-08-12 16:11:27,004 WARNING libqtile manager.py:grab_key():L521 Key spec duplicated, overriding previous: <Key (['mod1'], Tab)>
2025-08-12 16:11:27,004 WARNING libqtile manager.py:grab_key():L521 Key spec duplicated, overriding previous: <Key (['mod1', 'shift'], Tab)>
2025-08-12 16:11:27,004 WARNING libqtile manager.py:grab_key():L521 Key spec duplicated, overriding previous: <Key (['mod4'], Tab)>
2025-08-12 16:11:27,004 WARNING libqtile manager.py:grab_key():L521 Key spec duplicated, overriding previous: <Key (['mod4', 'shift'], Tab)>
2025-08-12 16:11:27,004 WARNING libqtile manager.py:grab_key():L521 Key spec duplicated, overriding previous: <Key (['mod1'], Tab)>
2025-08-12 16:11:27,004 WARNING libqtile manager.py:grab_key():L521 Key spec duplicated, overriding previous: <Key (['mod1', 'shift'], Tab)>
2025-08-12 16:11:27,005 WARNING libqtile manager.py:grab_key():L521 Key spec duplicated, overriding previous: <Key (['mod4'], Tab)>
2025-08-12 16:11:27,005 WARNING libqtile manager.py:grab_key():L521 Key spec duplicated, overriding previous: <Key (['mod4', 'shift'], Tab)>
2025-08-12 16:11:27,005 WARNING libqtile manager.py:grab_key():L521 Key spec duplicated, overriding previous: <Key (['mod1'], Tab)>
2025-08-12 16:11:27,005 WARNING libqtile manager.py:grab_key():L521 Key spec duplicated, overriding previous: <Key (['mod1', 'shift'], Tab)>
2025-08-12 16:11:27,005 WARNING libqtile manager.py:grab_key():L521 Key spec duplicated, overriding previous: <Key (['mod4'], Tab)>
2025-08-12 16:11:27,005 WARNING libqtile manager.py:grab_key():L521 Key spec duplicated, overriding previous: <Key (['mod4', 'shift'], Tab)>
2025-08-12 16:11:27,005 WARNING libqtile manager.py:grab_key():L521 Key spec duplicated, overriding previous: <Key (['mod1'], Tab)>
2025-08-12 16:11:27,005 WARNING libqtile manager.py:grab_key():L521 Key spec duplicated, overriding previous: <Key (['mod1', 'shift'], Tab)>
2025-08-12 16:11:27,071 ERROR libqtile core.py:_xpoll():L367 Got an exception in poll loop
Traceback (most recent call last):
  File "/usr/lib/python3.13/site-packages/libqtile/backend/x11/core.py", line 342, in _xpoll
    self.handle_event(event)
    ~~~~~~~~~~~~~~~~~^^^^^^^
  File "/usr/lib/python3.13/site-packages/libqtile/backend/x11/core.py", line 309, in handle_event
    ret = target(event)
  File "/usr/lib/python3.13/site-packages/libqtile/backend/x11/core.py", line 808, in handle_UnmapNotify
    if self.qtile.current_window is None:
       ^^^^^^^^^^^^^^^^^^^^^^^^^
  File "/usr/lib/python3.13/site-packages/libqtile/command/base.py", line 283, in __getattr__
    raise AttributeError(f"{self.__class__} has no attribute {name}")
AttributeError: <class 'libqtile.core.manager.Qtile'> has no attribute current_window
2025-08-12 16:11:28,018 WARNING libqtile config.py:assign_app_group():L562 [Assign Hook] App started: ulauncher
2025-08-12 16:11:28,019 ERROR libqtile hook.py:fire():L196 Error in hook client_new
Traceback (most recent call last):
  File "/usr/lib/python3.13/site-packages/libqtile/hook.py", line 194, in fire
    i(*args, **kwargs)
    ~^^^^^^^^^^^^^^^^^
  File "/usr/lib/python3.13/site-packages/libqtile/dgroups.py", line 225, in _add
    current_group = self.qtile.current_group.name
                    ^^^^^^^^^^^^^^^^^^^^^^^^
  File "/usr/lib/python3.13/site-packages/libqtile/command/base.py", line 283, in __getattr__
    raise AttributeError(f"{self.__class__} has no attribute {name}")
AttributeError: <class 'libqtile.core.manager.Qtile'> has no attribute current_group. Did you mean: 'current_layout'?
2025-08-12 16:11:28,021 ERROR libqtile core.py:_xpoll():L367 Got an exception in poll loop
Traceback (most recent call last):
  File "/usr/lib/python3.13/site-packages/libqtile/backend/x11/core.py", line 342, in _xpoll
    self.handle_event(event)
    ~~~~~~~~~~~~~~~~~^^^^^^^
  File "/usr/lib/python3.13/site-packages/libqtile/backend/x11/core.py", line 309, in handle_event
    ret = target(event)
  File "/usr/lib/python3.13/site-packages/libqtile/backend/x11/core.py", line 769, in handle_MapRequest
    self.qtile.manage(win)
    ~~~~~~~~~~~~~~~~~^^^^^
  File "/usr/lib/python3.13/site-packages/libqtile/core/manager.py", line 745, in manage
    if self.current_screen and isinstance(win, base.Window):
       ^^^^^^^^^^^^^^^^^^^
  File "/usr/lib/python3.13/site-packages/libqtile/command/base.py", line 283, in __getattr__
    raise AttributeError(f"{self.__class__} has no attribute {name}")
AttributeError: <class 'libqtile.core.manager.Qtile'> has no attribute current_screen. Did you mean: 'current_group'?
2025-08-12 16:11:28,032 ERROR libqtile core.py:_xpoll():L367 Got an exception in poll loop
Traceback (most recent call last):
  File "/usr/lib/python3.13/site-packages/libqtile/backend/x11/core.py", line 342, in _xpoll
    self.handle_event(event)
    ~~~~~~~~~~~~~~~~~^^^^^^^
  File "/usr/lib/python3.13/site-packages/libqtile/backend/x11/core.py", line 309, in handle_event
    ret = target(event)
  File "/usr/lib/python3.13/site-packages/libqtile/backend/x11/core.py", line 808, in handle_UnmapNotify
    if self.qtile.current_window is None:
       ^^^^^^^^^^^^^^^^^^^^^^^^^
  File "/usr/lib/python3.13/site-packages/libqtile/command/base.py", line 283, in __getattr__
    raise AttributeError(f"{self.__class__} has no attribute {name}")
AttributeError: <class 'libqtile.core.manager.Qtile'> has no attribute current_window
2025-08-12 16:11:28,036 ERROR libqtile core.py:_xpoll():L367 Got an exception in poll loop
Traceback (most recent call last):
  File "/usr/lib/python3.13/site-packages/libqtile/backend/x11/core.py", line 342, in _xpoll
    self.handle_event(event)
    ~~~~~~~~~~~~~~~~~^^^^^^^
  File "/usr/lib/python3.13/site-packages/libqtile/backend/x11/core.py", line 309, in handle_event
    ret = target(event)
  File "/usr/lib/python3.13/site-packages/libqtile/backend/x11/core.py", line 781, in handle_DestroyNotify
    if self.qtile.current_window is None:
       ^^^^^^^^^^^^^^^^^^^^^^^^^
  File "/usr/lib/python3.13/site-packages/libqtile/command/base.py", line 283, in __getattr__
    raise AttributeError(f"{self.__class__} has no attribute {name}")
AttributeError: <class 'libqtile.core.manager.Qtile'> has no attribute current_window
2025-08-12 16:11:28,119 ERROR libqtile core.py:_xpoll():L367 Got an exception in poll loop
Traceback (most recent call last):
  File "/usr/lib/python3.13/site-packages/libqtile/backend/x11/core.py", line 342, in _xpoll
    self.handle_event(event)
    ~~~~~~~~~~~~~~~~~^^^^^^^
  File "/usr/lib/python3.13/site-packages/libqtile/backend/x11/core.py", line 309, in handle_event
    ret = target(event)
  File "/usr/lib/python3.13/site-packages/libqtile/backend/x11/core.py", line 808, in handle_UnmapNotify
    if self.qtile.current_window is None:
       ^^^^^^^^^^^^^^^^^^^^^^^^^
  File "/usr/lib/python3.13/site-packages/libqtile/command/base.py", line 283, in __getattr__
    raise AttributeError(f"{self.__class__} has no attribute {name}")
AttributeError: <class 'libqtile.core.manager.Qtile'> has no attribute current_window
2025-08-12 16:11:28,121 ERROR libqtile core.py:_xpoll():L367 Got an exception in poll loop
Traceback (most recent call last):
  File "/usr/lib/python3.13/site-packages/libqtile/backend/x11/core.py", line 342, in _xpoll
    self.handle_event(event)
    ~~~~~~~~~~~~~~~~~^^^^^^^
  File "/usr/lib/python3.13/site-packages/libqtile/backend/x11/core.py", line 309, in handle_event
    ret = target(event)
  File "/usr/lib/python3.13/site-packages/libqtile/backend/x11/core.py", line 781, in handle_DestroyNotify
    if self.qtile.current_window is None:
       ^^^^^^^^^^^^^^^^^^^^^^^^^
  File "/usr/lib/python3.13/site-packages/libqtile/command/base.py", line 283, in __getattr__
    raise AttributeError(f"{self.__class__} has no attribute {name}")
AttributeError: <class 'libqtile.core.manager.Qtile'> has no attribute current_window
2025-08-12 16:11:28,287 ERROR libqtile core.py:_xpoll():L367 Got an exception in poll loop
Traceback (most recent call last):
  File "/usr/lib/python3.13/site-packages/libqtile/backend/x11/core.py", line 342, in _xpoll
    self.handle_event(event)
    ~~~~~~~~~~~~~~~~~^^^^^^^
  File "/usr/lib/python3.13/site-packages/libqtile/backend/x11/core.py", line 309, in handle_event
    ret = target(event)
  File "/usr/lib/python3.13/site-packages/libqtile/backend/x11/core.py", line 808, in handle_UnmapNotify
    if self.qtile.current_window is None:
       ^^^^^^^^^^^^^^^^^^^^^^^^^
  File "/usr/lib/python3.13/site-packages/libqtile/command/base.py", line 283, in __getattr__
    raise AttributeError(f"{self.__class__} has no attribute {name}")
AttributeError: <class 'libqtile.core.manager.Qtile'> has no attribute current_window
2025-08-12 16:11:28,288 ERROR libqtile core.py:_xpoll():L367 Got an exception in poll loop
Traceback (most recent call last):
  File "/usr/lib/python3.13/site-packages/libqtile/backend/x11/core.py", line 342, in _xpoll
    self.handle_event(event)
    ~~~~~~~~~~~~~~~~~^^^^^^^
  File "/usr/lib/python3.13/site-packages/libqtile/backend/x11/core.py", line 309, in handle_event
    ret = target(event)
  File "/usr/lib/python3.13/site-packages/libqtile/backend/x11/core.py", line 781, in handle_DestroyNotify
    if self.qtile.current_window is None:
       ^^^^^^^^^^^^^^^^^^^^^^^^^
  File "/usr/lib/python3.13/site-packages/libqtile/command/base.py", line 283, in __getattr__
    raise AttributeError(f"{self.__class__} has no attribute {name}")
AttributeError: <class 'libqtile.core.manager.Qtile'> has no attribute current_window
2025-08-12 16:12:00,092 WARNING libqtile config.py:assign_app_group():L562 [Assign Hook] App started: xfce4-notifyd
2025-08-12 16:12:00,092 ERROR libqtile hook.py:fire():L196 Error in hook client_new
Traceback (most recent call last):
  File "/usr/lib/python3.13/site-packages/libqtile/hook.py", line 194, in fire
    i(*args, **kwargs)
    ~^^^^^^^^^^^^^^^^^
  File "/usr/lib/python3.13/site-packages/libqtile/dgroups.py", line 225, in _add
    current_group = self.qtile.current_group.name
                    ^^^^^^^^^^^^^^^^^^^^^^^^
  File "/usr/lib/python3.13/site-packages/libqtile/command/base.py", line 283, in __getattr__
    raise AttributeError(f"{self.__class__} has no attribute {name}")
AttributeError: <class 'libqtile.core.manager.Qtile'> has no attribute current_group. Did you mean: 'current_layout'?
2025-08-12 16:12:00,093 ERROR libqtile core.py:_xpoll():L367 Got an exception in poll loop
Traceback (most recent call last):
  File "/usr/lib/python3.13/site-packages/libqtile/backend/x11/core.py", line 342, in _xpoll
    self.handle_event(event)
    ~~~~~~~~~~~~~~~~~^^^^^^^
  File "/usr/lib/python3.13/site-packages/libqtile/backend/x11/core.py", line 309, in handle_event
    ret = target(event)
  File "/usr/lib/python3.13/site-packages/libqtile/backend/x11/core.py", line 769, in handle_MapRequest
    self.qtile.manage(win)
    ~~~~~~~~~~~~~~~~~^^^^^
  File "/usr/lib/python3.13/site-packages/libqtile/core/manager.py", line 745, in manage
    if self.current_screen and isinstance(win, base.Window):
       ^^^^^^^^^^^^^^^^^^^
  File "/usr/lib/python3.13/site-packages/libqtile/command/base.py", line 283, in __getattr__
    raise AttributeError(f"{self.__class__} has no attribute {name}")
AttributeError: <class 'libqtile.core.manager.Qtile'> has no attribute current_screen. Did you mean: 'current_group'?
2025-08-12 16:12:05,053 ERROR libqtile core.py:_xpoll():L367 Got an exception in poll loop
Traceback (most recent call last):
  File "/usr/lib/python3.13/site-packages/libqtile/backend/x11/core.py", line 342, in _xpoll
    self.handle_event(event)
    ~~~~~~~~~~~~~~~~~^^^^^^^
  File "/usr/lib/python3.13/site-packages/libqtile/backend/x11/core.py", line 309, in handle_event
    ret = target(event)
  File "/usr/lib/python3.13/site-packages/libqtile/backend/x11/core.py", line 808, in handle_UnmapNotify
    if self.qtile.current_window is None:
       ^^^^^^^^^^^^^^^^^^^^^^^^^
  File "/usr/lib/python3.13/site-packages/libqtile/command/base.py", line 283, in __getattr__
    raise AttributeError(f"{self.__class__} has no attribute {name}")
AttributeError: <class 'libqtile.core.manager.Qtile'> has no attribute current_window
2025-08-12 16:12:05,054 ERROR libqtile core.py:_xpoll():L367 Got an exception in poll loop
Traceback (most recent call last):
  File "/usr/lib/python3.13/site-packages/libqtile/backend/x11/core.py", line 342, in _xpoll
    self.handle_event(event)
    ~~~~~~~~~~~~~~~~~^^^^^^^
  File "/usr/lib/python3.13/site-packages/libqtile/backend/x11/core.py", line 309, in handle_event
    ret = target(event)
  File "/usr/lib/python3.13/site-packages/libqtile/backend/x11/core.py", line 781, in handle_DestroyNotify
    if self.qtile.current_window is None:
       ^^^^^^^^^^^^^^^^^^^^^^^^^
  File "/usr/lib/python3.13/site-packages/libqtile/command/base.py", line 283, in __getattr__
    raise AttributeError(f"{self.__class__} has no attribute {name}")
AttributeError: <class 'libqtile.core.manager.Qtile'> has no attribute current_window
2025-08-12 16:12:05,055 ERROR libqtile core.py:_xpoll():L367 Got an exception in poll loop
Traceback (most recent call last):
  File "/usr/lib/python3.13/site-packages/libqtile/backend/x11/core.py", line 342, in _xpoll
    self.handle_event(event)
    ~~~~~~~~~~~~~~~~~^^^^^^^
  File "/usr/lib/python3.13/site-packages/libqtile/backend/x11/core.py", line 309, in handle_event
    ret = target(event)
  File "/usr/lib/python3.13/site-packages/libqtile/backend/x11/core.py", line 781, in handle_DestroyNotify
    if self.qtile.current_window is None:
       ^^^^^^^^^^^^^^^^^^^^^^^^^
  File "/usr/lib/python3.13/site-packages/libqtile/command/base.py", line 283, in __getattr__
    raise AttributeError(f"{self.__class__} has no attribute {name}")
AttributeError: <class 'libqtile.core.manager.Qtile'> has no attribute current_window
2025-08-12 16:29:20,814 WARNING libqtile lifecycle.py:_atexit():L38 Qtile will now terminate
2025-08-12 16:29:53,869 WARNING libqtile launchbar.py:setup_images():L169 No icon found for application " " (None) switch to text mode
2025-08-12 16:29:53,896 WARNING libqtile launchbar.py:setup_images():L169 No icon found for application "" (None) switch to text mode
2025-08-12 16:29:53,897 WARNING libqtile launchbar.py:setup_images():L169 No icon found for application "" (None) switch to text mode
2025-08-12 16:29:53,897 WARNING libqtile launchbar.py:setup_images():L169 No icon found for application "" (None) switch to text mode
2025-08-12 16:29:53,921 WARNING libqtile manager.py:grab_key():L521 Key spec duplicated, overriding previous: <Key (['mod4', 'shift'], Right)>
2025-08-12 16:29:53,921 WARNING libqtile manager.py:grab_key():L521 Key spec duplicated, overriding previous: <Key (['mod4', 'shift'], Left)>
2025-08-12 16:29:53,922 WARNING libqtile manager.py:grab_key():L521 Key spec duplicated, overriding previous: <Key (['mod4'], Tab)>
2025-08-12 16:29:53,922 WARNING libqtile manager.py:grab_key():L521 Key spec duplicated, overriding previous: <Key (['mod4', 'shift'], Tab)>
2025-08-12 16:29:53,922 WARNING libqtile manager.py:grab_key():L521 Key spec duplicated, overriding previous: <Key (['mod1'], Tab)>
2025-08-12 16:29:53,922 WARNING libqtile manager.py:grab_key():L521 Key spec duplicated, overriding previous: <Key (['mod1', 'shift'], Tab)>
2025-08-12 16:29:53,922 WARNING libqtile manager.py:grab_key():L521 Key spec duplicated, overriding previous: <Key (['mod4'], Tab)>
2025-08-12 16:29:53,922 WARNING libqtile manager.py:grab_key():L521 Key spec duplicated, overriding previous: <Key (['mod4', 'shift'], Tab)>
2025-08-12 16:29:53,922 WARNING libqtile manager.py:grab_key():L521 Key spec duplicated, overriding previous: <Key (['mod1'], Tab)>
2025-08-12 16:29:53,922 WARNING libqtile manager.py:grab_key():L521 Key spec duplicated, overriding previous: <Key (['mod1', 'shift'], Tab)>
2025-08-12 16:29:53,922 WARNING libqtile manager.py:grab_key():L521 Key spec duplicated, overriding previous: <Key (['mod4'], Tab)>
2025-08-12 16:29:53,923 WARNING libqtile manager.py:grab_key():L521 Key spec duplicated, overriding previous: <Key (['mod4', 'shift'], Tab)>
2025-08-12 16:29:53,923 WARNING libqtile manager.py:grab_key():L521 Key spec duplicated, overriding previous: <Key (['mod1'], Tab)>
2025-08-12 16:29:53,923 WARNING libqtile manager.py:grab_key():L521 Key spec duplicated, overriding previous: <Key (['mod1', 'shift'], Tab)>
2025-08-12 16:29:53,923 WARNING libqtile manager.py:grab_key():L521 Key spec duplicated, overriding previous: <Key (['mod4'], Tab)>
2025-08-12 16:29:53,923 WARNING libqtile manager.py:grab_key():L521 Key spec duplicated, overriding previous: <Key (['mod4', 'shift'], Tab)>
2025-08-12 16:29:53,923 WARNING libqtile manager.py:grab_key():L521 Key spec duplicated, overriding previous: <Key (['mod1'], Tab)>
2025-08-12 16:29:53,923 WARNING libqtile manager.py:grab_key():L521 Key spec duplicated, overriding previous: <Key (['mod1', 'shift'], Tab)>
2025-08-12 16:29:53,923 WARNING libqtile manager.py:grab_key():L521 Key spec duplicated, overriding previous: <Key (['mod4'], Tab)>
2025-08-12 16:29:53,923 WARNING libqtile manager.py:grab_key():L521 Key spec duplicated, overriding previous: <Key (['mod4', 'shift'], Tab)>
2025-08-12 16:29:53,923 WARNING libqtile manager.py:grab_key():L521 Key spec duplicated, overriding previous: <Key (['mod1'], Tab)>
2025-08-12 16:29:53,923 WARNING libqtile manager.py:grab_key():L521 Key spec duplicated, overriding previous: <Key (['mod1', 'shift'], Tab)>
2025-08-12 16:29:53,924 WARNING libqtile manager.py:grab_key():L521 Key spec duplicated, overriding previous: <Key (['mod4'], Tab)>
2025-08-12 16:29:53,924 WARNING libqtile manager.py:grab_key():L521 Key spec duplicated, overriding previous: <Key (['mod4', 'shift'], Tab)>
2025-08-12 16:29:53,924 WARNING libqtile manager.py:grab_key():L521 Key spec duplicated, overriding previous: <Key (['mod1'], Tab)>
2025-08-12 16:29:53,924 WARNING libqtile manager.py:grab_key():L521 Key spec duplicated, overriding previous: <Key (['mod1', 'shift'], Tab)>
2025-08-12 16:29:53,924 WARNING libqtile manager.py:grab_key():L521 Key spec duplicated, overriding previous: <Key (['mod4'], Tab)>
2025-08-12 16:29:53,924 WARNING libqtile manager.py:grab_key():L521 Key spec duplicated, overriding previous: <Key (['mod4', 'shift'], Tab)>
2025-08-12 16:29:53,924 WARNING libqtile manager.py:grab_key():L521 Key spec duplicated, overriding previous: <Key (['mod1'], Tab)>
2025-08-12 16:29:53,924 WARNING libqtile manager.py:grab_key():L521 Key spec duplicated, overriding previous: <Key (['mod1', 'shift'], Tab)>
2025-08-12 16:29:53,924 WARNING libqtile manager.py:grab_key():L521 Key spec duplicated, overriding previous: <Key (['mod4'], Tab)>
2025-08-12 16:29:53,924 WARNING libqtile manager.py:grab_key():L521 Key spec duplicated, overriding previous: <Key (['mod4', 'shift'], Tab)>
2025-08-12 16:29:53,924 WARNING libqtile manager.py:grab_key():L521 Key spec duplicated, overriding previous: <Key (['mod1'], Tab)>
2025-08-12 16:29:53,924 WARNING libqtile manager.py:grab_key():L521 Key spec duplicated, overriding previous: <Key (['mod1', 'shift'], Tab)>
2025-08-12 16:29:53,925 WARNING libqtile manager.py:grab_key():L521 Key spec duplicated, overriding previous: <Key (['mod4'], Tab)>
2025-08-12 16:29:53,925 WARNING libqtile manager.py:grab_key():L521 Key spec duplicated, overriding previous: <Key (['mod4', 'shift'], Tab)>
2025-08-12 16:29:53,925 WARNING libqtile manager.py:grab_key():L521 Key spec duplicated, overriding previous: <Key (['mod1'], Tab)>
2025-08-12 16:29:53,925 WARNING libqtile manager.py:grab_key():L521 Key spec duplicated, overriding previous: <Key (['mod1', 'shift'], Tab)>
2025-08-12 16:29:54,829 WARNING libqtile launchbar.py:setup_images():L169 No icon found for application " " (None) switch to text mode
2025-08-12 16:29:54,830 WARNING libqtile launchbar.py:setup_images():L169 No icon found for application "" (None) switch to text mode
2025-08-12 16:29:54,830 WARNING libqtile launchbar.py:setup_images():L169 No icon found for application "" (None) switch to text mode
2025-08-12 16:29:54,830 WARNING libqtile launchbar.py:setup_images():L169 No icon found for application "" (None) switch to text mode
2025-08-12 16:29:55,551 WARNING libqtile config.py:assign_app_group():L562 [Assign Hook] App started: ulauncher
2025-08-12 16:30:04,537 WARNING libqtile config.py:assign_app_group():L562 [Assign Hook] App started: xfce4-terminal
2025-08-12 16:30:04,539 WARNING libqtile base.py:__getattr__():L273 Deprecation Warning: commands exposed via IPC no longer use the 'cmd_' prefix. Please replace 'cmd_toscreen' with 'toscreen' in your code.
2025-08-12 16:30:04,546 WARNING libqtile config.py:assign_app_group():L567 [Assign Hook] Moved xfce4-terminal to group 5 and switched to it
2025-08-12 16:30:32,067 WARNING libqtile config.py:assign_app_group():L562 [Assign Hook] App started: xfce4-notifyd
2025-08-12 16:34:38,247 WARNING libqtile config.py:assign_app_group():L562 [Assign Hook] App started: xfce4-terminal
2025-08-12 16:34:38,247 WARNING libqtile base.py:__getattr__():L273 Deprecation Warning: commands exposed via IPC no longer use the 'cmd_' prefix. Please replace 'cmd_toscreen' with 'toscreen' in your code.
2025-08-12 16:34:38,247 WARNING libqtile config.py:assign_app_group():L567 [Assign Hook] Moved xfce4-terminal to group 5 and switched to it
2025-08-12 16:36:55,141 WARNING libqtile config.py:assign_app_group():L562 [Assign Hook] App started: xfce4-terminal
2025-08-12 16:36:55,141 WARNING libqtile base.py:__getattr__():L273 Deprecation Warning: commands exposed via IPC no longer use the 'cmd_' prefix. Please replace 'cmd_toscreen' with 'toscreen' in your code.
2025-08-12 16:36:55,141 WARNING libqtile config.py:assign_app_group():L567 [Assign Hook] Moved xfce4-terminal to group 5 and switched to it
2025-08-12 16:37:22,414 WARNING libqtile config.py:assign_app_group():L562 [Assign Hook] App started: xfce4-terminal
2025-08-12 16:37:22,419 WARNING libqtile base.py:__getattr__():L273 Deprecation Warning: commands exposed via IPC no longer use the 'cmd_' prefix. Please replace 'cmd_toscreen' with 'toscreen' in your code.
2025-08-12 16:37:22,419 WARNING libqtile config.py:assign_app_group():L567 [Assign Hook] Moved xfce4-terminal to group 5 and switched to it
2025-08-12 16:38:28,663 WARNING libqtile config.py:assign_app_group():L562 [Assign Hook] App started: gcr-prompter
2025-08-12 16:38:31,340 WARNING libqtile config.py:assign_app_group():L562 [Assign Hook] App started: brave-browser
2025-08-12 16:38:31,341 WARNING libqtile base.py:__getattr__():L273 Deprecation Warning: commands exposed via IPC no longer use the 'cmd_' prefix. Please replace 'cmd_toscreen' with 'toscreen' in your code.
2025-08-12 16:38:31,353 WARNING libqtile config.py:assign_app_group():L567 [Assign Hook] Moved brave-browser to group 3 and switched to it
2025-08-12 16:40:23,271 WARNING libqtile config.py:assign_app_group():L562 [Assign Hook] App started: xfce4-terminal
2025-08-12 16:40:23,272 WARNING libqtile base.py:__getattr__():L273 Deprecation Warning: commands exposed via IPC no longer use the 'cmd_' prefix. Please replace 'cmd_toscreen' with 'toscreen' in your code.
2025-08-12 16:40:23,280 WARNING libqtile config.py:assign_app_group():L567 [Assign Hook] Moved xfce4-terminal to group 5 and switched to it
2025-08-12 16:47:57,880 WARNING libqtile config.py:assign_app_group():L562 [Assign Hook] App started: archlinux-logout.py
2025-08-12 16:48:05,896 WARNING libqtile launchbar.py:setup_images():L169 No icon found for application " " (None) switch to text mode
2025-08-12 16:48:05,897 WARNING libqtile launchbar.py:setup_images():L169 No icon found for application "" (None) switch to text mode
2025-08-12 16:48:05,897 WARNING libqtile launchbar.py:setup_images():L169 No icon found for application "" (None) switch to text mode
2025-08-12 16:48:05,897 WARNING libqtile launchbar.py:setup_images():L169 No icon found for application "" (None) switch to text mode
2025-08-14 19:17:28,010 WARNING libqtile launchbar.py:setup_images():L169 No icon found for application " " (None) switch to text mode
2025-08-14 19:17:28,011 WARNING libqtile launchbar.py:setup_images():L169 No icon found for application "" (None) switch to text mode
2025-08-14 19:17:28,011 WARNING libqtile launchbar.py:setup_images():L169 No icon found for application "" (None) switch to text mode
2025-08-14 19:17:28,011 WARNING libqtile launchbar.py:setup_images():L169 No icon found for application "" (None) switch to text mode
2025-08-14 19:17:30,613 WARNING libqtile lifecycle.py:_atexit():L34 Restarting Qtile with os.execv(...)
2025-08-14 19:17:32,003 WARNING libqtile launchbar.py:setup_images():L169 No icon found for application "" (None) switch to text mode
2025-08-14 19:17:32,024 WARNING libqtile launchbar.py:setup_images():L169 No icon found for application "" (None) switch to text mode
2025-08-14 19:17:32,024 WARNING libqtile launchbar.py:setup_images():L169 No icon found for application " " (None) switch to text mode
2025-08-14 19:17:32,024 WARNING libqtile launchbar.py:setup_images():L169 No icon found for application "" (None) switch to text mode
2025-08-14 19:17:32,046 WARNING libqtile manager.py:grab_key():L521 Key spec duplicated, overriding previous: <Key (['mod4', 'shift'], Right)>
2025-08-14 19:17:32,046 WARNING libqtile manager.py:grab_key():L521 Key spec duplicated, overriding previous: <Key (['mod4', 'shift'], Left)>
2025-08-14 19:17:32,047 WARNING libqtile manager.py:grab_key():L521 Key spec duplicated, overriding previous: <Key (['mod4'], Tab)>
2025-08-14 19:17:32,047 WARNING libqtile manager.py:grab_key():L521 Key spec duplicated, overriding previous: <Key (['mod4', 'shift'], Tab)>
2025-08-14 19:17:32,047 WARNING libqtile manager.py:grab_key():L521 Key spec duplicated, overriding previous: <Key (['mod1'], Tab)>
2025-08-14 19:17:32,047 WARNING libqtile manager.py:grab_key():L521 Key spec duplicated, overriding previous: <Key (['mod1', 'shift'], Tab)>
2025-08-14 19:17:32,047 WARNING libqtile manager.py:grab_key():L521 Key spec duplicated, overriding previous: <Key (['mod4'], Tab)>
2025-08-14 19:17:32,047 WARNING libqtile manager.py:grab_key():L521 Key spec duplicated, overriding previous: <Key (['mod4', 'shift'], Tab)>
2025-08-14 19:17:32,047 WARNING libqtile manager.py:grab_key():L521 Key spec duplicated, overriding previous: <Key (['mod1'], Tab)>
2025-08-14 19:17:32,047 WARNING libqtile manager.py:grab_key():L521 Key spec duplicated, overriding previous: <Key (['mod1', 'shift'], Tab)>
2025-08-14 19:17:32,047 WARNING libqtile manager.py:grab_key():L521 Key spec duplicated, overriding previous: <Key (['mod4'], Tab)>
2025-08-14 19:17:32,047 WARNING libqtile manager.py:grab_key():L521 Key spec duplicated, overriding previous: <Key (['mod4', 'shift'], Tab)>
2025-08-14 19:17:32,047 WARNING libqtile manager.py:grab_key():L521 Key spec duplicated, overriding previous: <Key (['mod1'], Tab)>
2025-08-14 19:17:32,048 WARNING libqtile manager.py:grab_key():L521 Key spec duplicated, overriding previous: <Key (['mod1', 'shift'], Tab)>
2025-08-14 19:17:32,048 WARNING libqtile manager.py:grab_key():L521 Key spec duplicated, overriding previous: <Key (['mod4'], Tab)>
2025-08-14 19:17:32,048 WARNING libqtile manager.py:grab_key():L521 Key spec duplicated, overriding previous: <Key (['mod4', 'shift'], Tab)>
2025-08-14 19:17:32,048 WARNING libqtile manager.py:grab_key():L521 Key spec duplicated, overriding previous: <Key (['mod1'], Tab)>
2025-08-14 19:17:32,048 WARNING libqtile manager.py:grab_key():L521 Key spec duplicated, overriding previous: <Key (['mod1', 'shift'], Tab)>
2025-08-14 19:17:32,048 WARNING libqtile manager.py:grab_key():L521 Key spec duplicated, overriding previous: <Key (['mod4'], Tab)>
2025-08-14 19:17:32,048 WARNING libqtile manager.py:grab_key():L521 Key spec duplicated, overriding previous: <Key (['mod4', 'shift'], Tab)>
2025-08-14 19:17:32,048 WARNING libqtile manager.py:grab_key():L521 Key spec duplicated, overriding previous: <Key (['mod1'], Tab)>
2025-08-14 19:17:32,048 WARNING libqtile manager.py:grab_key():L521 Key spec duplicated, overriding previous: <Key (['mod1', 'shift'], Tab)>
2025-08-14 19:17:32,048 WARNING libqtile manager.py:grab_key():L521 Key spec duplicated, overriding previous: <Key (['mod4'], Tab)>
2025-08-14 19:17:32,048 WARNING libqtile manager.py:grab_key():L521 Key spec duplicated, overriding previous: <Key (['mod4', 'shift'], Tab)>
2025-08-14 19:17:32,048 WARNING libqtile manager.py:grab_key():L521 Key spec duplicated, overriding previous: <Key (['mod1'], Tab)>
2025-08-14 19:17:32,049 WARNING libqtile manager.py:grab_key():L521 Key spec duplicated, overriding previous: <Key (['mod1', 'shift'], Tab)>
2025-08-14 19:17:32,049 WARNING libqtile manager.py:grab_key():L521 Key spec duplicated, overriding previous: <Key (['mod4'], Tab)>
2025-08-14 19:17:32,049 WARNING libqtile manager.py:grab_key():L521 Key spec duplicated, overriding previous: <Key (['mod4', 'shift'], Tab)>
2025-08-14 19:17:32,049 WARNING libqtile manager.py:grab_key():L521 Key spec duplicated, overriding previous: <Key (['mod1'], Tab)>
2025-08-14 19:17:32,049 WARNING libqtile manager.py:grab_key():L521 Key spec duplicated, overriding previous: <Key (['mod1', 'shift'], Tab)>
2025-08-14 19:17:32,049 WARNING libqtile manager.py:grab_key():L521 Key spec duplicated, overriding previous: <Key (['mod4'], Tab)>
2025-08-14 19:17:32,049 WARNING libqtile manager.py:grab_key():L521 Key spec duplicated, overriding previous: <Key (['mod4', 'shift'], Tab)>
2025-08-14 19:17:32,049 WARNING libqtile manager.py:grab_key():L521 Key spec duplicated, overriding previous: <Key (['mod1'], Tab)>
2025-08-14 19:17:32,049 WARNING libqtile manager.py:grab_key():L521 Key spec duplicated, overriding previous: <Key (['mod1', 'shift'], Tab)>
2025-08-14 19:17:32,049 WARNING libqtile manager.py:grab_key():L521 Key spec duplicated, overriding previous: <Key (['mod4'], Tab)>
2025-08-14 19:17:32,049 WARNING libqtile manager.py:grab_key():L521 Key spec duplicated, overriding previous: <Key (['mod4', 'shift'], Tab)>
2025-08-14 19:17:32,050 WARNING libqtile manager.py:grab_key():L521 Key spec duplicated, overriding previous: <Key (['mod1'], Tab)>
2025-08-14 19:17:32,050 WARNING libqtile manager.py:grab_key():L521 Key spec duplicated, overriding previous: <Key (['mod1', 'shift'], Tab)>
2025-08-14 19:17:34,272 WARNING libqtile config.py:assign_app_group():L562 [Assign Hook] App started: xfce4-terminal
2025-08-14 19:17:34,278 WARNING libqtile base.py:__getattr__():L273 Deprecation Warning: commands exposed via IPC no longer use the 'cmd_' prefix. Please replace 'cmd_toscreen' with 'toscreen' in your code.
2025-08-14 19:17:34,278 WARNING libqtile config.py:assign_app_group():L567 [Assign Hook] Moved xfce4-terminal to group 5 and switched to it
2025-08-14 19:19:35,349 WARNING libqtile core.py:graceful_shutdown():L910 Server disconnected, couldn't close windows gracefully.
2025-08-14 19:19:35,353 WARNING libqtile lifecycle.py:_atexit():L38 Qtile will now terminate
2025-08-14 19:20:02,811 WARNING libqtile launchbar.py:setup_images():L169 No icon found for application "" (None) switch to text mode
2025-08-14 19:20:02,839 WARNING libqtile launchbar.py:setup_images():L169 No icon found for application "" (None) switch to text mode
2025-08-14 19:20:02,839 WARNING libqtile launchbar.py:setup_images():L169 No icon found for application "" (None) switch to text mode
2025-08-14 19:20:02,839 WARNING libqtile launchbar.py:setup_images():L169 No icon found for application " " (None) switch to text mode
2025-08-14 19:20:02,864 WARNING libqtile manager.py:grab_key():L521 Key spec duplicated, overriding previous: <Key (['mod4', 'shift'], Right)>
2025-08-14 19:20:02,864 WARNING libqtile manager.py:grab_key():L521 Key spec duplicated, overriding previous: <Key (['mod4', 'shift'], Left)>
2025-08-14 19:20:02,864 WARNING libqtile manager.py:grab_key():L521 Key spec duplicated, overriding previous: <Key (['mod4'], Tab)>
2025-08-14 19:20:02,864 WARNING libqtile manager.py:grab_key():L521 Key spec duplicated, overriding previous: <Key (['mod4', 'shift'], Tab)>
2025-08-14 19:20:02,865 WARNING libqtile manager.py:grab_key():L521 Key spec duplicated, overriding previous: <Key (['mod1'], Tab)>
2025-08-14 19:20:02,865 WARNING libqtile manager.py:grab_key():L521 Key spec duplicated, overriding previous: <Key (['mod1', 'shift'], Tab)>
2025-08-14 19:20:02,865 WARNING libqtile manager.py:grab_key():L521 Key spec duplicated, overriding previous: <Key (['mod4'], Tab)>
2025-08-14 19:20:02,865 WARNING libqtile manager.py:grab_key():L521 Key spec duplicated, overriding previous: <Key (['mod4', 'shift'], Tab)>
2025-08-14 19:20:02,865 WARNING libqtile manager.py:grab_key():L521 Key spec duplicated, overriding previous: <Key (['mod1'], Tab)>
2025-08-14 19:20:02,865 WARNING libqtile manager.py:grab_key():L521 Key spec duplicated, overriding previous: <Key (['mod1', 'shift'], Tab)>
2025-08-14 19:20:02,865 WARNING libqtile manager.py:grab_key():L521 Key spec duplicated, overriding previous: <Key (['mod4'], Tab)>
2025-08-14 19:20:02,865 WARNING libqtile manager.py:grab_key():L521 Key spec duplicated, overriding previous: <Key (['mod4', 'shift'], Tab)>
2025-08-14 19:20:02,865 WARNING libqtile manager.py:grab_key():L521 Key spec duplicated, overriding previous: <Key (['mod1'], Tab)>
2025-08-14 19:20:02,865 WARNING libqtile manager.py:grab_key():L521 Key spec duplicated, overriding previous: <Key (['mod1', 'shift'], Tab)>
2025-08-14 19:20:02,865 WARNING libqtile manager.py:grab_key():L521 Key spec duplicated, overriding previous: <Key (['mod4'], Tab)>
2025-08-14 19:20:02,866 WARNING libqtile manager.py:grab_key():L521 Key spec duplicated, overriding previous: <Key (['mod4', 'shift'], Tab)>
2025-08-14 19:20:02,866 WARNING libqtile manager.py:grab_key():L521 Key spec duplicated, overriding previous: <Key (['mod1'], Tab)>
2025-08-14 19:20:02,866 WARNING libqtile manager.py:grab_key():L521 Key spec duplicated, overriding previous: <Key (['mod1', 'shift'], Tab)>
2025-08-14 19:20:02,866 WARNING libqtile manager.py:grab_key():L521 Key spec duplicated, overriding previous: <Key (['mod4'], Tab)>
2025-08-14 19:20:02,866 WARNING libqtile manager.py:grab_key():L521 Key spec duplicated, overriding previous: <Key (['mod4', 'shift'], Tab)>
2025-08-14 19:20:02,866 WARNING libqtile manager.py:grab_key():L521 Key spec duplicated, overriding previous: <Key (['mod1'], Tab)>
2025-08-14 19:20:02,866 WARNING libqtile manager.py:grab_key():L521 Key spec duplicated, overriding previous: <Key (['mod1', 'shift'], Tab)>
2025-08-14 19:20:02,866 WARNING libqtile manager.py:grab_key():L521 Key spec duplicated, overriding previous: <Key (['mod4'], Tab)>
2025-08-14 19:20:02,866 WARNING libqtile manager.py:grab_key():L521 Key spec duplicated, overriding previous: <Key (['mod4', 'shift'], Tab)>
2025-08-14 19:20:02,866 WARNING libqtile manager.py:grab_key():L521 Key spec duplicated, overriding previous: <Key (['mod1'], Tab)>
2025-08-14 19:20:02,866 WARNING libqtile manager.py:grab_key():L521 Key spec duplicated, overriding previous: <Key (['mod1', 'shift'], Tab)>
2025-08-14 19:20:02,866 WARNING libqtile manager.py:grab_key():L521 Key spec duplicated, overriding previous: <Key (['mod4'], Tab)>
2025-08-14 19:20:02,867 WARNING libqtile manager.py:grab_key():L521 Key spec duplicated, overriding previous: <Key (['mod4', 'shift'], Tab)>
2025-08-14 19:20:02,867 WARNING libqtile manager.py:grab_key():L521 Key spec duplicated, overriding previous: <Key (['mod1'], Tab)>
2025-08-14 19:20:02,867 WARNING libqtile manager.py:grab_key():L521 Key spec duplicated, overriding previous: <Key (['mod1', 'shift'], Tab)>
2025-08-14 19:20:02,867 WARNING libqtile manager.py:grab_key():L521 Key spec duplicated, overriding previous: <Key (['mod4'], Tab)>
2025-08-14 19:20:02,867 WARNING libqtile manager.py:grab_key():L521 Key spec duplicated, overriding previous: <Key (['mod4', 'shift'], Tab)>
2025-08-14 19:20:02,867 WARNING libqtile manager.py:grab_key():L521 Key spec duplicated, overriding previous: <Key (['mod1'], Tab)>
2025-08-14 19:20:02,867 WARNING libqtile manager.py:grab_key():L521 Key spec duplicated, overriding previous: <Key (['mod1', 'shift'], Tab)>
2025-08-14 19:20:02,867 WARNING libqtile manager.py:grab_key():L521 Key spec duplicated, overriding previous: <Key (['mod4'], Tab)>
2025-08-14 19:20:02,867 WARNING libqtile manager.py:grab_key():L521 Key spec duplicated, overriding previous: <Key (['mod4', 'shift'], Tab)>
2025-08-14 19:20:02,867 WARNING libqtile manager.py:grab_key():L521 Key spec duplicated, overriding previous: <Key (['mod1'], Tab)>
2025-08-14 19:20:02,867 WARNING libqtile manager.py:grab_key():L521 Key spec duplicated, overriding previous: <Key (['mod1', 'shift'], Tab)>
2025-08-14 19:20:03,744 WARNING libqtile launchbar.py:setup_images():L169 No icon found for application "" (None) switch to text mode
2025-08-14 19:20:03,745 WARNING libqtile launchbar.py:setup_images():L169 No icon found for application "" (None) switch to text mode
2025-08-14 19:20:03,745 WARNING libqtile launchbar.py:setup_images():L169 No icon found for application "" (None) switch to text mode
2025-08-14 19:20:03,745 WARNING libqtile launchbar.py:setup_images():L169 No icon found for application " " (None) switch to text mode
2025-08-14 19:20:04,455 WARNING libqtile config.py:assign_app_group():L562 [Assign Hook] App started: ulauncher
2025-08-14 19:20:12,687 WARNING libqtile config.py:assign_app_group():L562 [Assign Hook] App started: xfce4-terminal
2025-08-14 19:20:12,689 WARNING libqtile base.py:__getattr__():L273 Deprecation Warning: commands exposed via IPC no longer use the 'cmd_' prefix. Please replace 'cmd_toscreen' with 'toscreen' in your code.
2025-08-14 19:20:12,692 WARNING libqtile config.py:assign_app_group():L567 [Assign Hook] Moved xfce4-terminal to group 5 and switched to it
2025-08-14 19:21:32,364 WARNING libqtile config.py:assign_app_group():L562 [Assign Hook] App started: thunar
2025-08-14 19:21:32,366 WARNING libqtile base.py:__getattr__():L273 Deprecation Warning: commands exposed via IPC no longer use the 'cmd_' prefix. Please replace 'cmd_toscreen' with 'toscreen' in your code.
2025-08-14 19:21:32,372 WARNING libqtile config.py:assign_app_group():L567 [Assign Hook] Moved thunar to group 1 and switched to it
2025-08-14 19:21:52,250 WARNING libqtile config.py:assign_app_group():L562 [Assign Hook] App started: thunar
2025-08-14 19:21:52,250 WARNING libqtile base.py:__getattr__():L273 Deprecation Warning: commands exposed via IPC no longer use the 'cmd_' prefix. Please replace 'cmd_toscreen' with 'toscreen' in your code.
2025-08-14 19:21:52,250 WARNING libqtile config.py:assign_app_group():L567 [Assign Hook] Moved thunar to group 1 and switched to it
2025-08-14 19:21:53,749 WARNING libqtile config.py:assign_app_group():L562 [Assign Hook] App started: sublime_text
2025-08-14 19:21:53,750 WARNING libqtile base.py:__getattr__():L273 Deprecation Warning: commands exposed via IPC no longer use the 'cmd_' prefix. Please replace 'cmd_toscreen' with 'toscreen' in your code.
2025-08-14 19:21:53,753 WARNING libqtile config.py:assign_app_group():L567 [Assign Hook] Moved sublime_text to group 2 and switched to it
2025-08-14 19:23:37,884 WARNING libqtile config.py:assign_app_group():L562 [Assign Hook] App started: thunar
2025-08-14 19:23:37,885 WARNING libqtile base.py:__getattr__():L273 Deprecation Warning: commands exposed via IPC no longer use the 'cmd_' prefix. Please replace 'cmd_toscreen' with 'toscreen' in your code.
2025-08-14 19:23:37,885 WARNING libqtile config.py:assign_app_group():L567 [Assign Hook] Moved thunar to group 1 and switched to it
2025-08-14 19:24:27,711 WARNING libqtile config.py:assign_app_group():L562 [Assign Hook] App started: thunar
2025-08-14 19:24:27,711 WARNING libqtile base.py:__getattr__():L273 Deprecation Warning: commands exposed via IPC no longer use the 'cmd_' prefix. Please replace 'cmd_toscreen' with 'toscreen' in your code.
2025-08-14 19:24:27,711 WARNING libqtile config.py:assign_app_group():L567 [Assign Hook] Moved thunar to group 1 and switched to it
2025-08-14 19:25:30,413 WARNING libqtile config.py:assign_app_group():L562 [Assign Hook] App started: xfce4-terminal
2025-08-14 19:25:30,415 WARNING libqtile base.py:__getattr__():L273 Deprecation Warning: commands exposed via IPC no longer use the 'cmd_' prefix. Please replace 'cmd_toscreen' with 'toscreen' in your code.
2025-08-14 19:25:30,418 WARNING libqtile config.py:assign_app_group():L567 [Assign Hook] Moved xfce4-terminal to group 5 and switched to it
2025-08-14 19:28:12,519 WARNING libqtile config.py:assign_app_group():L562 [Assign Hook] App started: xfce4-terminal
2025-08-14 19:28:12,524 WARNING libqtile base.py:__getattr__():L273 Deprecation Warning: commands exposed via IPC no longer use the 'cmd_' prefix. Please replace 'cmd_toscreen' with 'toscreen' in your code.
2025-08-14 19:28:12,524 WARNING libqtile config.py:assign_app_group():L567 [Assign Hook] Moved xfce4-terminal to group 5 and switched to it
2025-08-14 19:28:45,096 WARNING libqtile config.py:assign_app_group():L562 [Assign Hook] App started: xfce4-terminal
2025-08-14 19:28:45,097 WARNING libqtile base.py:__getattr__():L273 Deprecation Warning: commands exposed via IPC no longer use the 'cmd_' prefix. Please replace 'cmd_toscreen' with 'toscreen' in your code.
2025-08-14 19:28:45,107 WARNING libqtile config.py:assign_app_group():L567 [Assign Hook] Moved xfce4-terminal to group 5 and switched to it
2025-08-14 19:29:31,341 WARNING libqtile config.py:assign_app_group():L562 [Assign Hook] App started: thunar
2025-08-14 19:29:31,341 WARNING libqtile base.py:__getattr__():L273 Deprecation Warning: commands exposed via IPC no longer use the 'cmd_' prefix. Please replace 'cmd_toscreen' with 'toscreen' in your code.
2025-08-14 19:29:31,341 WARNING libqtile config.py:assign_app_group():L567 [Assign Hook] Moved thunar to group 1 and switched to it
2025-08-14 19:31:04,370 WARNING libqtile config.py:assign_app_group():L562 [Assign Hook] App started: thunar
2025-08-14 19:31:04,371 WARNING libqtile base.py:__getattr__():L273 Deprecation Warning: commands exposed via IPC no longer use the 'cmd_' prefix. Please replace 'cmd_toscreen' with 'toscreen' in your code.
2025-08-14 19:31:04,371 WARNING libqtile config.py:assign_app_group():L567 [Assign Hook] Moved thunar to group 1 and switched to it
2025-08-14 19:31:57,045 WARNING libqtile config.py:assign_app_group():L562 [Assign Hook] App started: thunar
2025-08-14 19:31:57,045 WARNING libqtile base.py:__getattr__():L273 Deprecation Warning: commands exposed via IPC no longer use the 'cmd_' prefix. Please replace 'cmd_toscreen' with 'toscreen' in your code.
2025-08-14 19:31:57,046 WARNING libqtile config.py:assign_app_group():L567 [Assign Hook] Moved thunar to group 1 and switched to it
2025-08-14 19:31:58,503 WARNING libqtile config.py:assign_app_group():L562 [Assign Hook] App started: sublime_text
2025-08-14 19:31:58,505 WARNING libqtile base.py:__getattr__():L273 Deprecation Warning: commands exposed via IPC no longer use the 'cmd_' prefix. Please replace 'cmd_toscreen' with 'toscreen' in your code.
2025-08-14 19:31:58,508 WARNING libqtile config.py:assign_app_group():L567 [Assign Hook] Moved sublime_text to group 2 and switched to it
2025-08-14 19:32:50,051 WARNING libqtile config.py:assign_app_group():L562 [Assign Hook] App started: thunar
2025-08-14 19:32:50,051 WARNING libqtile base.py:__getattr__():L273 Deprecation Warning: commands exposed via IPC no longer use the 'cmd_' prefix. Please replace 'cmd_toscreen' with 'toscreen' in your code.
2025-08-14 19:32:50,051 WARNING libqtile config.py:assign_app_group():L567 [Assign Hook] Moved thunar to group 1 and switched to it
2025-08-14 19:34:40,613 WARNING libqtile config.py:assign_app_group():L562 [Assign Hook] App started: thunar
2025-08-14 19:34:40,613 WARNING libqtile base.py:__getattr__():L273 Deprecation Warning: commands exposed via IPC no longer use the 'cmd_' prefix. Please replace 'cmd_toscreen' with 'toscreen' in your code.
2025-08-14 19:34:40,614 WARNING libqtile config.py:assign_app_group():L567 [Assign Hook] Moved thunar to group 1 and switched to it
2025-08-14 19:36:06,060 WARNING libqtile config.py:assign_app_group():L562 [Assign Hook] App started: thunar
2025-08-14 19:36:06,060 WARNING libqtile base.py:__getattr__():L273 Deprecation Warning: commands exposed via IPC no longer use the 'cmd_' prefix. Please replace 'cmd_toscreen' with 'toscreen' in your code.
2025-08-14 19:36:06,060 WARNING libqtile config.py:assign_app_group():L567 [Assign Hook] Moved thunar to group 1 and switched to it
2025-08-14 19:37:58,134 WARNING libqtile config.py:assign_app_group():L562 [Assign Hook] App started: polkit-gnome-authentication-agent-1
2025-08-14 19:38:00,812 WARNING libqtile config.py:assign_app_group():L562 [Assign Hook] App started: thunar
2025-08-14 19:38:00,828 WARNING libqtile base.py:__getattr__():L273 Deprecation Warning: commands exposed via IPC no longer use the 'cmd_' prefix. Please replace 'cmd_toscreen' with 'toscreen' in your code.
2025-08-14 19:38:00,828 WARNING libqtile config.py:assign_app_group():L567 [Assign Hook] Moved thunar to group 1 and switched to it
2025-08-14 19:38:05,260 WARNING libqtile config.py:assign_app_group():L562 [Assign Hook] App started: thunar
2025-08-14 19:38:05,267 WARNING libqtile base.py:__getattr__():L273 Deprecation Warning: commands exposed via IPC no longer use the 'cmd_' prefix. Please replace 'cmd_toscreen' with 'toscreen' in your code.
2025-08-14 19:38:05,267 WARNING libqtile config.py:assign_app_group():L567 [Assign Hook] Moved thunar to group 1 and switched to it
2025-08-14 19:38:05,329 WARNING libqtile config.py:assign_app_group():L562 [Assign Hook] App started: thunar
2025-08-14 19:38:05,329 WARNING libqtile base.py:__getattr__():L273 Deprecation Warning: commands exposed via IPC no longer use the 'cmd_' prefix. Please replace 'cmd_toscreen' with 'toscreen' in your code.
2025-08-14 19:38:05,329 WARNING libqtile config.py:assign_app_group():L567 [Assign Hook] Moved thunar to group 1 and switched to it
2025-08-14 19:38:36,642 WARNING libqtile config.py:assign_app_group():L562 [Assign Hook] App started: thunar
2025-08-14 19:38:36,653 WARNING libqtile base.py:__getattr__():L273 Deprecation Warning: commands exposed via IPC no longer use the 'cmd_' prefix. Please replace 'cmd_toscreen' with 'toscreen' in your code.
2025-08-14 19:38:36,654 WARNING libqtile config.py:assign_app_group():L567 [Assign Hook] Moved thunar to group 1 and switched to it
2025-08-14 19:38:36,711 WARNING libqtile config.py:assign_app_group():L562 [Assign Hook] App started: thunar
2025-08-14 19:38:36,712 WARNING libqtile base.py:__getattr__():L273 Deprecation Warning: commands exposed via IPC no longer use the 'cmd_' prefix. Please replace 'cmd_toscreen' with 'toscreen' in your code.
2025-08-14 19:38:36,712 WARNING libqtile config.py:assign_app_group():L567 [Assign Hook] Moved thunar to group 1 and switched to it
2025-08-14 19:39:16,796 WARNING libqtile config.py:assign_app_group():L562 [Assign Hook] App started: gcr-prompter
2025-08-14 19:39:19,520 WARNING libqtile config.py:assign_app_group():L562 [Assign Hook] App started: brave-browser
2025-08-14 19:39:19,538 WARNING libqtile base.py:__getattr__():L273 Deprecation Warning: commands exposed via IPC no longer use the 'cmd_' prefix. Please replace 'cmd_toscreen' with 'toscreen' in your code.
2025-08-14 19:39:19,538 WARNING libqtile config.py:assign_app_group():L567 [Assign Hook] Moved brave-browser to group 3 and switched to it
2025-08-14 19:40:55,507 WARNING libqtile config.py:assign_app_group():L562 [Assign Hook] App started: thunar
2025-08-14 19:40:55,513 WARNING libqtile base.py:__getattr__():L273 Deprecation Warning: commands exposed via IPC no longer use the 'cmd_' prefix. Please replace 'cmd_toscreen' with 'toscreen' in your code.
2025-08-14 19:40:55,513 WARNING libqtile config.py:assign_app_group():L567 [Assign Hook] Moved thunar to group 1 and switched to it
2025-08-14 19:41:32,670 WARNING libqtile config.py:assign_app_group():L562 [Assign Hook] App started: thunar
2025-08-14 19:41:32,670 WARNING libqtile base.py:__getattr__():L273 Deprecation Warning: commands exposed via IPC no longer use the 'cmd_' prefix. Please replace 'cmd_toscreen' with 'toscreen' in your code.
2025-08-14 19:41:32,670 WARNING libqtile config.py:assign_app_group():L567 [Assign Hook] Moved thunar to group 1 and switched to it
2025-08-14 19:41:37,438 WARNING libqtile config.py:assign_app_group():L562 [Assign Hook] App started: thunar
2025-08-14 19:41:37,444 WARNING libqtile base.py:__getattr__():L273 Deprecation Warning: commands exposed via IPC no longer use the 'cmd_' prefix. Please replace 'cmd_toscreen' with 'toscreen' in your code.
2025-08-14 19:41:37,445 WARNING libqtile config.py:assign_app_group():L567 [Assign Hook] Moved thunar to group 1 and switched to it
2025-08-14 19:41:54,976 WARNING libqtile config.py:assign_app_group():L562 [Assign Hook] App started: xfce4-terminal
2025-08-14 19:41:54,977 WARNING libqtile base.py:__getattr__():L273 Deprecation Warning: commands exposed via IPC no longer use the 'cmd_' prefix. Please replace 'cmd_toscreen' with 'toscreen' in your code.
2025-08-14 19:41:54,982 WARNING libqtile config.py:assign_app_group():L567 [Assign Hook] Moved xfce4-terminal to group 5 and switched to it
2025-08-14 19:44:57,268 WARNING libqtile config.py:assign_app_group():L562 [Assign Hook] App started: xfce4-terminal
2025-08-14 19:44:57,273 WARNING libqtile base.py:__getattr__():L273 Deprecation Warning: commands exposed via IPC no longer use the 'cmd_' prefix. Please replace 'cmd_toscreen' with 'toscreen' in your code.
2025-08-14 19:44:57,273 WARNING libqtile config.py:assign_app_group():L567 [Assign Hook] Moved xfce4-terminal to group 5 and switched to it
2025-08-14 19:52:23,129 WARNING libqtile config.py:assign_app_group():L562 [Assign Hook] App started: thunar
2025-08-14 19:52:23,129 WARNING libqtile base.py:__getattr__():L273 Deprecation Warning: commands exposed via IPC no longer use the 'cmd_' prefix. Please replace 'cmd_toscreen' with 'toscreen' in your code.
2025-08-14 19:52:23,129 WARNING libqtile config.py:assign_app_group():L567 [Assign Hook] Moved thunar to group 1 and switched to it
2025-08-14 19:54:52,271 WARNING libqtile config.py:assign_app_group():L562 [Assign Hook] App started: thunar
2025-08-14 19:54:52,272 WARNING libqtile base.py:__getattr__():L273 Deprecation Warning: commands exposed via IPC no longer use the 'cmd_' prefix. Please replace 'cmd_toscreen' with 'toscreen' in your code.
2025-08-14 19:54:52,272 WARNING libqtile config.py:assign_app_group():L567 [Assign Hook] Moved thunar to group 1 and switched to it
2025-08-14 19:55:10,560 WARNING libqtile config.py:assign_app_group():L562 [Assign Hook] App started: thunar
2025-08-14 19:55:10,560 WARNING libqtile base.py:__getattr__():L273 Deprecation Warning: commands exposed via IPC no longer use the 'cmd_' prefix. Please replace 'cmd_toscreen' with 'toscreen' in your code.
2025-08-14 19:55:10,560 WARNING libqtile config.py:assign_app_group():L567 [Assign Hook] Moved thunar to group 1 and switched to it
2025-08-14 19:59:58,140 WARNING libqtile config.py:assign_app_group():L562 [Assign Hook] App started: thunar
2025-08-14 19:59:58,140 WARNING libqtile base.py:__getattr__():L273 Deprecation Warning: commands exposed via IPC no longer use the 'cmd_' prefix. Please replace 'cmd_toscreen' with 'toscreen' in your code.
2025-08-14 19:59:58,140 WARNING libqtile config.py:assign_app_group():L567 [Assign Hook] Moved thunar to group 1 and switched to it
2025-08-14 20:00:14,557 WARNING libqtile config.py:assign_app_group():L562 [Assign Hook] App started: thunar
2025-08-14 20:00:14,557 WARNING libqtile base.py:__getattr__():L273 Deprecation Warning: commands exposed via IPC no longer use the 'cmd_' prefix. Please replace 'cmd_toscreen' with 'toscreen' in your code.
2025-08-14 20:00:14,557 WARNING libqtile config.py:assign_app_group():L567 [Assign Hook] Moved thunar to group 1 and switched to it
2025-08-14 20:00:36,932 WARNING libqtile config.py:assign_app_group():L562 [Assign Hook] App started: thunar
2025-08-14 20:00:36,932 WARNING libqtile base.py:__getattr__():L273 Deprecation Warning: commands exposed via IPC no longer use the 'cmd_' prefix. Please replace 'cmd_toscreen' with 'toscreen' in your code.
2025-08-14 20:00:36,932 WARNING libqtile config.py:assign_app_group():L567 [Assign Hook] Moved thunar to group 1 and switched to it
2025-08-14 20:00:54,238 WARNING libqtile config.py:assign_app_group():L562 [Assign Hook] App started: xfce4-terminal
2025-08-14 20:00:54,239 WARNING libqtile base.py:__getattr__():L273 Deprecation Warning: commands exposed via IPC no longer use the 'cmd_' prefix. Please replace 'cmd_toscreen' with 'toscreen' in your code.
2025-08-14 20:00:54,251 WARNING libqtile config.py:assign_app_group():L567 [Assign Hook] Moved xfce4-terminal to group 5 and switched to it
2025-08-14 20:02:31,977 WARNING libqtile config.py:assign_app_group():L562 [Assign Hook] App started: xfce4-terminal
2025-08-14 20:02:31,978 WARNING libqtile base.py:__getattr__():L273 Deprecation Warning: commands exposed via IPC no longer use the 'cmd_' prefix. Please replace 'cmd_toscreen' with 'toscreen' in your code.
2025-08-14 20:02:31,988 WARNING libqtile config.py:assign_app_group():L567 [Assign Hook] Moved xfce4-terminal to group 5 and switched to it
2025-08-14 20:03:59,345 WARNING libqtile config.py:assign_app_group():L562 [Assign Hook] App started: xfce4-terminal
2025-08-14 20:03:59,347 WARNING libqtile base.py:__getattr__():L273 Deprecation Warning: commands exposed via IPC no longer use the 'cmd_' prefix. Please replace 'cmd_toscreen' with 'toscreen' in your code.
2025-08-14 20:03:59,353 WARNING libqtile config.py:assign_app_group():L567 [Assign Hook] Moved xfce4-terminal to group 5 and switched to it
2025-08-14 20:14:17,171 WARNING libqtile config.py:assign_app_group():L562 [Assign Hook] App started: thunar
2025-08-14 20:14:17,178 WARNING libqtile base.py:__getattr__():L273 Deprecation Warning: commands exposed via IPC no longer use the 'cmd_' prefix. Please replace 'cmd_toscreen' with 'toscreen' in your code.
2025-08-14 20:14:17,179 WARNING libqtile config.py:assign_app_group():L567 [Assign Hook] Moved thunar to group 1 and switched to it
2025-08-14 20:14:57,736 WARNING libqtile config.py:assign_app_group():L562 [Assign Hook] App started: xfce4-terminal
2025-08-14 20:14:57,737 WARNING libqtile base.py:__getattr__():L273 Deprecation Warning: commands exposed via IPC no longer use the 'cmd_' prefix. Please replace 'cmd_toscreen' with 'toscreen' in your code.
2025-08-14 20:14:57,749 WARNING libqtile config.py:assign_app_group():L567 [Assign Hook] Moved xfce4-terminal to group 5 and switched to it
2025-08-14 20:15:35,112 WARNING libqtile lifecycle.py:_atexit():L38 Qtile will now terminate
2025-08-14 20:48:23,720 WARNING libqtile launchbar.py:setup_images():L169 No icon found for application "" (None) switch to text mode
2025-08-14 20:48:23,747 WARNING libqtile launchbar.py:setup_images():L169 No icon found for application "" (None) switch to text mode
2025-08-14 20:48:23,748 WARNING libqtile launchbar.py:setup_images():L169 No icon found for application "" (None) switch to text mode
2025-08-14 20:48:23,748 WARNING libqtile launchbar.py:setup_images():L169 No icon found for application " " (None) switch to text mode
2025-08-14 20:48:23,773 WARNING libqtile manager.py:grab_key():L521 Key spec duplicated, overriding previous: <Key (['mod4', 'shift'], Right)>
2025-08-14 20:48:23,773 WARNING libqtile manager.py:grab_key():L521 Key spec duplicated, overriding previous: <Key (['mod4', 'shift'], Left)>
2025-08-14 20:48:23,773 WARNING libqtile manager.py:grab_key():L521 Key spec duplicated, overriding previous: <Key (['mod4'], Tab)>
2025-08-14 20:48:23,774 WARNING libqtile manager.py:grab_key():L521 Key spec duplicated, overriding previous: <Key (['mod4', 'shift'], Tab)>
2025-08-14 20:48:23,774 WARNING libqtile manager.py:grab_key():L521 Key spec duplicated, overriding previous: <Key (['mod1'], Tab)>
2025-08-14 20:48:23,774 WARNING libqtile manager.py:grab_key():L521 Key spec duplicated, overriding previous: <Key (['mod1', 'shift'], Tab)>
2025-08-14 20:48:23,774 WARNING libqtile manager.py:grab_key():L521 Key spec duplicated, overriding previous: <Key (['mod4'], Tab)>
2025-08-14 20:48:23,774 WARNING libqtile manager.py:grab_key():L521 Key spec duplicated, overriding previous: <Key (['mod4', 'shift'], Tab)>
2025-08-14 20:48:23,774 WARNING libqtile manager.py:grab_key():L521 Key spec duplicated, overriding previous: <Key (['mod1'], Tab)>
2025-08-14 20:48:23,774 WARNING libqtile manager.py:grab_key():L521 Key spec duplicated, overriding previous: <Key (['mod1', 'shift'], Tab)>
2025-08-14 20:48:23,774 WARNING libqtile manager.py:grab_key():L521 Key spec duplicated, overriding previous: <Key (['mod4'], Tab)>
2025-08-14 20:48:23,774 WARNING libqtile manager.py:grab_key():L521 Key spec duplicated, overriding previous: <Key (['mod4', 'shift'], Tab)>
2025-08-14 20:48:23,774 WARNING libqtile manager.py:grab_key():L521 Key spec duplicated, overriding previous: <Key (['mod1'], Tab)>
2025-08-14 20:48:23,774 WARNING libqtile manager.py:grab_key():L521 Key spec duplicated, overriding previous: <Key (['mod1', 'shift'], Tab)>
2025-08-14 20:48:23,775 WARNING libqtile manager.py:grab_key():L521 Key spec duplicated, overriding previous: <Key (['mod4'], Tab)>
2025-08-14 20:48:23,775 WARNING libqtile manager.py:grab_key():L521 Key spec duplicated, overriding previous: <Key (['mod4', 'shift'], Tab)>
2025-08-14 20:48:23,775 WARNING libqtile manager.py:grab_key():L521 Key spec duplicated, overriding previous: <Key (['mod1'], Tab)>
2025-08-14 20:48:23,775 WARNING libqtile manager.py:grab_key():L521 Key spec duplicated, overriding previous: <Key (['mod1', 'shift'], Tab)>
2025-08-14 20:48:23,775 WARNING libqtile manager.py:grab_key():L521 Key spec duplicated, overriding previous: <Key (['mod4'], Tab)>
2025-08-14 20:48:23,775 WARNING libqtile manager.py:grab_key():L521 Key spec duplicated, overriding previous: <Key (['mod4', 'shift'], Tab)>
2025-08-14 20:48:23,775 WARNING libqtile manager.py:grab_key():L521 Key spec duplicated, overriding previous: <Key (['mod1'], Tab)>
2025-08-14 20:48:23,775 WARNING libqtile manager.py:grab_key():L521 Key spec duplicated, overriding previous: <Key (['mod1', 'shift'], Tab)>
2025-08-14 20:48:23,775 WARNING libqtile manager.py:grab_key():L521 Key spec duplicated, overriding previous: <Key (['mod4'], Tab)>
2025-08-14 20:48:23,775 WARNING libqtile manager.py:grab_key():L521 Key spec duplicated, overriding previous: <Key (['mod4', 'shift'], Tab)>
2025-08-14 20:48:23,775 WARNING libqtile manager.py:grab_key():L521 Key spec duplicated, overriding previous: <Key (['mod1'], Tab)>
2025-08-14 20:48:23,775 WARNING libqtile manager.py:grab_key():L521 Key spec duplicated, overriding previous: <Key (['mod1', 'shift'], Tab)>
2025-08-14 20:48:23,776 WARNING libqtile manager.py:grab_key():L521 Key spec duplicated, overriding previous: <Key (['mod4'], Tab)>
2025-08-14 20:48:23,776 WARNING libqtile manager.py:grab_key():L521 Key spec duplicated, overriding previous: <Key (['mod4', 'shift'], Tab)>
2025-08-14 20:48:23,776 WARNING libqtile manager.py:grab_key():L521 Key spec duplicated, overriding previous: <Key (['mod1'], Tab)>
2025-08-14 20:48:23,776 WARNING libqtile manager.py:grab_key():L521 Key spec duplicated, overriding previous: <Key (['mod1', 'shift'], Tab)>
2025-08-14 20:48:23,776 WARNING libqtile manager.py:grab_key():L521 Key spec duplicated, overriding previous: <Key (['mod4'], Tab)>
2025-08-14 20:48:23,776 WARNING libqtile manager.py:grab_key():L521 Key spec duplicated, overriding previous: <Key (['mod4', 'shift'], Tab)>
2025-08-14 20:48:23,776 WARNING libqtile manager.py:grab_key():L521 Key spec duplicated, overriding previous: <Key (['mod1'], Tab)>
2025-08-14 20:48:23,776 WARNING libqtile manager.py:grab_key():L521 Key spec duplicated, overriding previous: <Key (['mod1', 'shift'], Tab)>
2025-08-14 20:48:23,776 WARNING libqtile manager.py:grab_key():L521 Key spec duplicated, overriding previous: <Key (['mod4'], Tab)>
2025-08-14 20:48:23,776 WARNING libqtile manager.py:grab_key():L521 Key spec duplicated, overriding previous: <Key (['mod4', 'shift'], Tab)>
2025-08-14 20:48:23,776 WARNING libqtile manager.py:grab_key():L521 Key spec duplicated, overriding previous: <Key (['mod1'], Tab)>
2025-08-14 20:48:23,776 WARNING libqtile manager.py:grab_key():L521 Key spec duplicated, overriding previous: <Key (['mod1', 'shift'], Tab)>
2025-08-14 20:48:24,624 WARNING libqtile launchbar.py:setup_images():L169 No icon found for application "" (None) switch to text mode
2025-08-14 20:48:24,624 WARNING libqtile launchbar.py:setup_images():L169 No icon found for application "" (None) switch to text mode
2025-08-14 20:48:24,624 WARNING libqtile launchbar.py:setup_images():L169 No icon found for application "" (None) switch to text mode
2025-08-14 20:48:24,624 WARNING libqtile launchbar.py:setup_images():L169 No icon found for application " " (None) switch to text mode
2025-08-14 20:48:25,380 WARNING libqtile config.py:assign_app_group():L562 [Assign Hook] App started: ulauncher
2025-08-14 20:48:37,461 WARNING libqtile config.py:assign_app_group():L562 [Assign Hook] App started: thunar
2025-08-14 20:48:37,466 WARNING libqtile base.py:__getattr__():L273 Deprecation Warning: commands exposed via IPC no longer use the 'cmd_' prefix. Please replace 'cmd_toscreen' with 'toscreen' in your code.
2025-08-14 20:48:37,467 WARNING libqtile config.py:assign_app_group():L567 [Assign Hook] Moved thunar to group 1 and switched to it
2025-08-14 20:49:45,922 WARNING libqtile config.py:assign_app_group():L562 [Assign Hook] App started: thunar
2025-08-14 20:49:45,923 WARNING libqtile base.py:__getattr__():L273 Deprecation Warning: commands exposed via IPC no longer use the 'cmd_' prefix. Please replace 'cmd_toscreen' with 'toscreen' in your code.
2025-08-14 20:49:45,923 WARNING libqtile config.py:assign_app_group():L567 [Assign Hook] Moved thunar to group 1 and switched to it
2025-08-14 20:49:47,471 WARNING libqtile config.py:assign_app_group():L562 [Assign Hook] App started: sublime_text
2025-08-14 20:49:47,473 WARNING libqtile base.py:__getattr__():L273 Deprecation Warning: commands exposed via IPC no longer use the 'cmd_' prefix. Please replace 'cmd_toscreen' with 'toscreen' in your code.
2025-08-14 20:49:47,478 WARNING libqtile config.py:assign_app_group():L567 [Assign Hook] Moved sublime_text to group 2 and switched to it
2025-08-14 20:50:43,092 WARNING libqtile config.py:assign_app_group():L562 [Assign Hook] App started: sublime_text
2025-08-14 20:50:43,093 WARNING libqtile base.py:__getattr__():L273 Deprecation Warning: commands exposed via IPC no longer use the 'cmd_' prefix. Please replace 'cmd_toscreen' with 'toscreen' in your code.
2025-08-14 20:50:43,099 WARNING libqtile config.py:assign_app_group():L567 [Assign Hook] Moved sublime_text to group 2 and switched to it
2025-08-14 20:53:50,894 WARNING libqtile config.py:assign_app_group():L562 [Assign Hook] App started: thunar
2025-08-14 20:53:50,894 WARNING libqtile base.py:__getattr__():L273 Deprecation Warning: commands exposed via IPC no longer use the 'cmd_' prefix. Please replace 'cmd_toscreen' with 'toscreen' in your code.
2025-08-14 20:53:50,894 WARNING libqtile config.py:assign_app_group():L567 [Assign Hook] Moved thunar to group 1 and switched to it
2025-08-14 20:55:15,871 WARNING libqtile config.py:assign_app_group():L562 [Assign Hook] App started: gcr-prompter
2025-08-14 20:55:18,479 WARNING libqtile config.py:assign_app_group():L562 [Assign Hook] App started: brave-browser
2025-08-14 20:55:18,480 WARNING libqtile base.py:__getattr__():L273 Deprecation Warning: commands exposed via IPC no longer use the 'cmd_' prefix. Please replace 'cmd_toscreen' with 'toscreen' in your code.
2025-08-14 20:55:18,490 WARNING libqtile config.py:assign_app_group():L567 [Assign Hook] Moved brave-browser to group 3 and switched to it
2025-08-14 21:00:48,473 WARNING libqtile config.py:assign_app_group():L562 [Assign Hook] App started: transmission-gtk
2025-08-14 21:00:48,475 WARNING libqtile base.py:__getattr__():L273 Deprecation Warning: commands exposed via IPC no longer use the 'cmd_' prefix. Please replace 'cmd_toscreen' with 'toscreen' in your code.
2025-08-14 21:00:48,483 WARNING libqtile config.py:assign_app_group():L567 [Assign Hook] Moved transmission-gtk to group 7 and switched to it
2025-08-14 21:00:48,523 WARNING libqtile config.py:assign_app_group():L562 [Assign Hook] App started: transmission-gtk
2025-08-14 21:00:48,523 WARNING libqtile base.py:__getattr__():L273 Deprecation Warning: commands exposed via IPC no longer use the 'cmd_' prefix. Please replace 'cmd_toscreen' with 'toscreen' in your code.
2025-08-14 21:00:48,523 WARNING libqtile config.py:assign_app_group():L567 [Assign Hook] Moved transmission-gtk to group 7 and switched to it
2025-08-14 21:02:50,865 WARNING libqtile config.py:assign_app_group():L562 [Assign Hook] App started: xfce4-notifyd
2025-08-14 21:03:18,295 WARNING libqtile config.py:assign_app_group():L562 [Assign Hook] App started: thunar
2025-08-14 21:03:18,302 WARNING libqtile base.py:__getattr__():L273 Deprecation Warning: commands exposed via IPC no longer use the 'cmd_' prefix. Please replace 'cmd_toscreen' with 'toscreen' in your code.
2025-08-14 21:03:18,302 WARNING libqtile config.py:assign_app_group():L567 [Assign Hook] Moved thunar to group 1 and switched to it
2025-08-14 21:05:57,590 WARNING libqtile config.py:assign_app_group():L562 [Assign Hook] App started: transmission-gtk
2025-08-14 21:05:57,590 WARNING libqtile base.py:__getattr__():L273 Deprecation Warning: commands exposed via IPC no longer use the 'cmd_' prefix. Please replace 'cmd_toscreen' with 'toscreen' in your code.
2025-08-14 21:05:57,602 WARNING libqtile config.py:assign_app_group():L567 [Assign Hook] Moved transmission-gtk to group 7 and switched to it
2025-08-14 21:08:21,814 WARNING libqtile config.py:assign_app_group():L562 [Assign Hook] App started: xfce4-notifyd
2025-08-14 21:08:33,071 WARNING libqtile config.py:assign_app_group():L562 [Assign Hook] App started: transmission-gtk
2025-08-14 21:08:33,071 WARNING libqtile base.py:__getattr__():L273 Deprecation Warning: commands exposed via IPC no longer use the 'cmd_' prefix. Please replace 'cmd_toscreen' with 'toscreen' in your code.
2025-08-14 21:08:33,083 WARNING libqtile config.py:assign_app_group():L567 [Assign Hook] Moved transmission-gtk to group 7 and switched to it
2025-08-14 21:10:44,315 WARNING libqtile config.py:assign_app_group():L562 [Assign Hook] App started: xfce4-notifyd
2025-08-14 21:11:10,845 WARNING libqtile config.py:assign_app_group():L562 [Assign Hook] App started: thunar
2025-08-14 21:11:10,853 WARNING libqtile base.py:__getattr__():L273 Deprecation Warning: commands exposed via IPC no longer use the 'cmd_' prefix. Please replace 'cmd_toscreen' with 'toscreen' in your code.
2025-08-14 21:11:10,853 WARNING libqtile config.py:assign_app_group():L567 [Assign Hook] Moved thunar to group 1 and switched to it
2025-08-14 21:28:15,260 WARNING libqtile config.py:assign_app_group():L562 [Assign Hook] App started: transmission-gtk
2025-08-14 21:28:15,260 WARNING libqtile base.py:__getattr__():L273 Deprecation Warning: commands exposed via IPC no longer use the 'cmd_' prefix. Please replace 'cmd_toscreen' with 'toscreen' in your code.
2025-08-14 21:28:15,269 WARNING libqtile config.py:assign_app_group():L567 [Assign Hook] Moved transmission-gtk to group 7 and switched to it
2025-08-14 21:28:40,919 WARNING libqtile config.py:assign_app_group():L562 [Assign Hook] App started: transmission-gtk
2025-08-14 21:28:40,919 WARNING libqtile base.py:__getattr__():L273 Deprecation Warning: commands exposed via IPC no longer use the 'cmd_' prefix. Please replace 'cmd_toscreen' with 'toscreen' in your code.
2025-08-14 21:28:40,929 WARNING libqtile config.py:assign_app_group():L567 [Assign Hook] Moved transmission-gtk to group 7 and switched to it
2025-08-14 21:31:16,220 WARNING libqtile config.py:assign_app_group():L562 [Assign Hook] App started: transmission-gtk
2025-08-14 21:31:16,220 WARNING libqtile base.py:__getattr__():L273 Deprecation Warning: commands exposed via IPC no longer use the 'cmd_' prefix. Please replace 'cmd_toscreen' with 'toscreen' in your code.
2025-08-14 21:31:16,226 WARNING libqtile config.py:assign_app_group():L567 [Assign Hook] Moved transmission-gtk to group 7 and switched to it
2025-08-14 21:31:53,318 WARNING libqtile config.py:assign_app_group():L562 [Assign Hook] App started: xfce4-notifyd
2025-08-14 21:38:30,332 WARNING libqtile config.py:assign_app_group():L562 [Assign Hook] App started: xfce4-notifyd
2025-08-14 21:39:03,595 WARNING libqtile config.py:assign_app_group():L562 [Assign Hook] App started: transmission-gtk
2025-08-14 21:39:03,595 WARNING libqtile base.py:__getattr__():L273 Deprecation Warning: commands exposed via IPC no longer use the 'cmd_' prefix. Please replace 'cmd_toscreen' with 'toscreen' in your code.
2025-08-14 21:39:03,603 WARNING libqtile config.py:assign_app_group():L567 [Assign Hook] Moved transmission-gtk to group 7 and switched to it
2025-08-14 21:41:00,000 WARNING libqtile config.py:assign_app_group():L562 [Assign Hook] App started: vlc
2025-08-14 21:41:00,002 WARNING libqtile base.py:__getattr__():L273 Deprecation Warning: commands exposed via IPC no longer use the 'cmd_' prefix. Please replace 'cmd_toscreen' with 'toscreen' in your code.
2025-08-14 21:41:00,008 WARNING libqtile config.py:assign_app_group():L567 [Assign Hook] Moved vlc to group 6 and switched to it
2025-08-14 21:41:00,062 WARNING libqtile config.py:assign_app_group():L562 [Assign Hook] App started: vlc
2025-08-14 21:41:00,066 WARNING libqtile base.py:__getattr__():L273 Deprecation Warning: commands exposed via IPC no longer use the 'cmd_' prefix. Please replace 'cmd_toscreen' with 'toscreen' in your code.
2025-08-14 21:41:00,066 WARNING libqtile config.py:assign_app_group():L567 [Assign Hook] Moved vlc to group 6 and switched to it
2025-08-14 21:41:18,400 WARNING libqtile config.py:assign_app_group():L562 [Assign Hook] App started: thunar
2025-08-14 21:41:18,400 WARNING libqtile base.py:__getattr__():L273 Deprecation Warning: commands exposed via IPC no longer use the 'cmd_' prefix. Please replace 'cmd_toscreen' with 'toscreen' in your code.
2025-08-14 21:41:18,400 WARNING libqtile config.py:assign_app_group():L567 [Assign Hook] Moved thunar to group 1 and switched to it
2025-08-14 21:41:28,143 WARNING libqtile config.py:assign_app_group():L562 [Assign Hook] App started: thunar
2025-08-14 21:41:28,143 WARNING libqtile base.py:__getattr__():L273 Deprecation Warning: commands exposed via IPC no longer use the 'cmd_' prefix. Please replace 'cmd_toscreen' with 'toscreen' in your code.
2025-08-14 21:41:28,143 WARNING libqtile config.py:assign_app_group():L567 [Assign Hook] Moved thunar to group 1 and switched to it
2025-08-14 21:41:30,814 WARNING libqtile config.py:assign_app_group():L562 [Assign Hook] App started: xfce4-notifyd
2025-08-14 21:42:53,928 WARNING libqtile config.py:assign_app_group():L562 [Assign Hook] App started: thunar
2025-08-14 21:42:53,936 WARNING libqtile base.py:__getattr__():L273 Deprecation Warning: commands exposed via IPC no longer use the 'cmd_' prefix. Please replace 'cmd_toscreen' with 'toscreen' in your code.
2025-08-14 21:42:53,937 WARNING libqtile config.py:assign_app_group():L567 [Assign Hook] Moved thunar to group 1 and switched to it
2025-08-14 21:44:10,401 WARNING libqtile config.py:assign_app_group():L562 [Assign Hook] App started: thunar
2025-08-14 21:44:10,419 WARNING libqtile base.py:__getattr__():L273 Deprecation Warning: commands exposed via IPC no longer use the 'cmd_' prefix. Please replace 'cmd_toscreen' with 'toscreen' in your code.
2025-08-14 21:44:10,419 WARNING libqtile config.py:assign_app_group():L567 [Assign Hook] Moved thunar to group 1 and switched to it
2025-08-14 21:44:15,350 WARNING libqtile config.py:assign_app_group():L562 [Assign Hook] App started: xfce4-notifyd
2025-08-14 21:44:47,950 WARNING libqtile config.py:assign_app_group():L562 [Assign Hook] App started: thunar
2025-08-14 21:44:47,958 WARNING libqtile base.py:__getattr__():L273 Deprecation Warning: commands exposed via IPC no longer use the 'cmd_' prefix. Please replace 'cmd_toscreen' with 'toscreen' in your code.
2025-08-14 21:44:47,958 WARNING libqtile config.py:assign_app_group():L567 [Assign Hook] Moved thunar to group 1 and switched to it
2025-08-14 21:44:48,017 WARNING libqtile config.py:assign_app_group():L562 [Assign Hook] App started: thunar
2025-08-14 21:44:48,017 WARNING libqtile base.py:__getattr__():L273 Deprecation Warning: commands exposed via IPC no longer use the 'cmd_' prefix. Please replace 'cmd_toscreen' with 'toscreen' in your code.
2025-08-14 21:44:48,017 WARNING libqtile config.py:assign_app_group():L567 [Assign Hook] Moved thunar to group 1 and switched to it
2025-08-14 21:45:15,377 WARNING libqtile config.py:assign_app_group():L562 [Assign Hook] App started: thunar
2025-08-14 21:45:15,377 WARNING libqtile base.py:__getattr__():L273 Deprecation Warning: commands exposed via IPC no longer use the 'cmd_' prefix. Please replace 'cmd_toscreen' with 'toscreen' in your code.
2025-08-14 21:45:15,378 WARNING libqtile config.py:assign_app_group():L567 [Assign Hook] Moved thunar to group 1 and switched to it
2025-08-14 21:45:17,386 WARNING libqtile config.py:assign_app_group():L562 [Assign Hook] App started: thunar
2025-08-14 21:45:17,392 WARNING libqtile base.py:__getattr__():L273 Deprecation Warning: commands exposed via IPC no longer use the 'cmd_' prefix. Please replace 'cmd_toscreen' with 'toscreen' in your code.
2025-08-14 21:45:17,392 WARNING libqtile config.py:assign_app_group():L567 [Assign Hook] Moved thunar to group 1 and switched to it
2025-08-14 21:45:31,195 WARNING libqtile config.py:assign_app_group():L562 [Assign Hook] App started: thunar
2025-08-14 21:45:31,203 WARNING libqtile base.py:__getattr__():L273 Deprecation Warning: commands exposed via IPC no longer use the 'cmd_' prefix. Please replace 'cmd_toscreen' with 'toscreen' in your code.
2025-08-14 21:45:31,203 WARNING libqtile config.py:assign_app_group():L567 [Assign Hook] Moved thunar to group 1 and switched to it
2025-08-14 22:04:00,530 WARNING libqtile config.py:assign_app_group():L562 [Assign Hook] App started: transmission-gtk
2025-08-14 22:04:00,530 WARNING libqtile base.py:__getattr__():L273 Deprecation Warning: commands exposed via IPC no longer use the 'cmd_' prefix. Please replace 'cmd_toscreen' with 'toscreen' in your code.
2025-08-14 22:04:00,537 WARNING libqtile config.py:assign_app_group():L567 [Assign Hook] Moved transmission-gtk to group 7 and switched to it
2025-08-14 22:04:25,255 WARNING libqtile config.py:assign_app_group():L562 [Assign Hook] App started: transmission-gtk
2025-08-14 22:04:25,255 WARNING libqtile base.py:__getattr__():L273 Deprecation Warning: commands exposed via IPC no longer use the 'cmd_' prefix. Please replace 'cmd_toscreen' with 'toscreen' in your code.
2025-08-14 22:04:25,262 WARNING libqtile config.py:assign_app_group():L567 [Assign Hook] Moved transmission-gtk to group 7 and switched to it
2025-08-14 22:05:20,218 WARNING libqtile config.py:assign_app_group():L562 [Assign Hook] App started: transmission-gtk
2025-08-14 22:05:20,218 WARNING libqtile base.py:__getattr__():L273 Deprecation Warning: commands exposed via IPC no longer use the 'cmd_' prefix. Please replace 'cmd_toscreen' with 'toscreen' in your code.
2025-08-14 22:05:20,228 WARNING libqtile config.py:assign_app_group():L567 [Assign Hook] Moved transmission-gtk to group 7 and switched to it
2025-08-14 22:05:38,904 WARNING libqtile config.py:assign_app_group():L562 [Assign Hook] App started: transmission-gtk
2025-08-14 22:05:38,904 WARNING libqtile base.py:__getattr__():L273 Deprecation Warning: commands exposed via IPC no longer use the 'cmd_' prefix. Please replace 'cmd_toscreen' with 'toscreen' in your code.
2025-08-14 22:05:38,912 WARNING libqtile config.py:assign_app_group():L567 [Assign Hook] Moved transmission-gtk to group 7 and switched to it
2025-08-14 22:06:06,924 WARNING libqtile config.py:assign_app_group():L562 [Assign Hook] App started: thunar
2025-08-14 22:06:06,925 WARNING libqtile base.py:__getattr__():L273 Deprecation Warning: commands exposed via IPC no longer use the 'cmd_' prefix. Please replace 'cmd_toscreen' with 'toscreen' in your code.
2025-08-14 22:06:06,925 WARNING libqtile config.py:assign_app_group():L567 [Assign Hook] Moved thunar to group 1 and switched to it
2025-08-14 22:07:18,326 WARNING libqtile config.py:assign_app_group():L562 [Assign Hook] App started: xfce4-notifyd
2025-08-14 22:07:21,622 WARNING libqtile config.py:assign_app_group():L562 [Assign Hook] App started: thunar
2025-08-14 22:07:21,623 WARNING libqtile base.py:__getattr__():L273 Deprecation Warning: commands exposed via IPC no longer use the 'cmd_' prefix. Please replace 'cmd_toscreen' with 'toscreen' in your code.
2025-08-14 22:07:21,623 WARNING libqtile config.py:assign_app_group():L567 [Assign Hook] Moved thunar to group 1 and switched to it
2025-08-14 22:07:57,223 WARNING libqtile config.py:assign_app_group():L562 [Assign Hook] App started: thunar
2025-08-14 22:07:57,223 WARNING libqtile base.py:__getattr__():L273 Deprecation Warning: commands exposed via IPC no longer use the 'cmd_' prefix. Please replace 'cmd_toscreen' with 'toscreen' in your code.
2025-08-14 22:07:57,223 WARNING libqtile config.py:assign_app_group():L567 [Assign Hook] Moved thunar to group 1 and switched to it
2025-08-14 22:09:53,355 WARNING libqtile config.py:assign_app_group():L562 [Assign Hook] App started: thunar
2025-08-14 22:09:53,355 WARNING libqtile base.py:__getattr__():L273 Deprecation Warning: commands exposed via IPC no longer use the 'cmd_' prefix. Please replace 'cmd_toscreen' with 'toscreen' in your code.
2025-08-14 22:09:53,355 WARNING libqtile config.py:assign_app_group():L567 [Assign Hook] Moved thunar to group 1 and switched to it
2025-08-14 22:10:13,507 WARNING libqtile config.py:assign_app_group():L562 [Assign Hook] App started: thunar
2025-08-14 22:10:13,507 WARNING libqtile base.py:__getattr__():L273 Deprecation Warning: commands exposed via IPC no longer use the 'cmd_' prefix. Please replace 'cmd_toscreen' with 'toscreen' in your code.
2025-08-14 22:10:13,507 WARNING libqtile config.py:assign_app_group():L567 [Assign Hook] Moved thunar to group 1 and switched to it
2025-08-14 22:10:41,192 WARNING libqtile config.py:assign_app_group():L562 [Assign Hook] App started: thunar
2025-08-14 22:10:41,193 WARNING libqtile base.py:__getattr__():L273 Deprecation Warning: commands exposed via IPC no longer use the 'cmd_' prefix. Please replace 'cmd_toscreen' with 'toscreen' in your code.
2025-08-14 22:10:41,193 WARNING libqtile config.py:assign_app_group():L567 [Assign Hook] Moved thunar to group 1 and switched to it
2025-08-14 22:12:46,815 WARNING libqtile config.py:assign_app_group():L562 [Assign Hook] App started: xfce4-notifyd
2025-08-14 22:16:53,353 WARNING libqtile config.py:assign_app_group():L562 [Assign Hook] App started: transmission-gtk
2025-08-14 22:16:53,353 WARNING libqtile base.py:__getattr__():L273 Deprecation Warning: commands exposed via IPC no longer use the 'cmd_' prefix. Please replace 'cmd_toscreen' with 'toscreen' in your code.
2025-08-14 22:16:53,362 WARNING libqtile config.py:assign_app_group():L567 [Assign Hook] Moved transmission-gtk to group 7 and switched to it
2025-08-14 22:17:49,092 WARNING libqtile config.py:assign_app_group():L562 [Assign Hook] App started: transmission-gtk
2025-08-14 22:17:49,092 WARNING libqtile base.py:__getattr__():L273 Deprecation Warning: commands exposed via IPC no longer use the 'cmd_' prefix. Please replace 'cmd_toscreen' with 'toscreen' in your code.
2025-08-14 22:17:49,103 WARNING libqtile config.py:assign_app_group():L567 [Assign Hook] Moved transmission-gtk to group 7 and switched to it
2025-08-14 22:18:05,316 WARNING libqtile config.py:assign_app_group():L562 [Assign Hook] App started: transmission-gtk
2025-08-14 22:18:05,316 WARNING libqtile base.py:__getattr__():L273 Deprecation Warning: commands exposed via IPC no longer use the 'cmd_' prefix. Please replace 'cmd_toscreen' with 'toscreen' in your code.
2025-08-14 22:18:05,328 WARNING libqtile config.py:assign_app_group():L567 [Assign Hook] Moved transmission-gtk to group 7 and switched to it
2025-08-14 22:18:59,315 WARNING libqtile config.py:assign_app_group():L562 [Assign Hook] App started: xfce4-notifyd
2025-08-14 22:26:03,324 WARNING libqtile config.py:assign_app_group():L562 [Assign Hook] App started: xfce4-notifyd
2025-08-14 22:27:01,295 WARNING libqtile config.py:assign_app_group():L562 [Assign Hook] App started: thunar
2025-08-14 22:27:01,305 WARNING libqtile base.py:__getattr__():L273 Deprecation Warning: commands exposed via IPC no longer use the 'cmd_' prefix. Please replace 'cmd_toscreen' with 'toscreen' in your code.
2025-08-14 22:27:01,305 WARNING libqtile config.py:assign_app_group():L567 [Assign Hook] Moved thunar to group 1 and switched to it
2025-08-14 22:34:16,523 WARNING libqtile config.py:assign_app_group():L562 [Assign Hook] App started: thunar
2025-08-14 22:34:16,531 WARNING libqtile base.py:__getattr__():L273 Deprecation Warning: commands exposed via IPC no longer use the 'cmd_' prefix. Please replace 'cmd_toscreen' with 'toscreen' in your code.
2025-08-14 22:34:16,531 WARNING libqtile config.py:assign_app_group():L567 [Assign Hook] Moved thunar to group 1 and switched to it
2025-08-14 22:41:13,814 WARNING libqtile config.py:assign_app_group():L562 [Assign Hook] App started: xfce4-notifyd
2025-08-14 22:41:46,453 WARNING libqtile config.py:assign_app_group():L562 [Assign Hook] App started: thunar
2025-08-14 22:41:46,464 WARNING libqtile base.py:__getattr__():L273 Deprecation Warning: commands exposed via IPC no longer use the 'cmd_' prefix. Please replace 'cmd_toscreen' with 'toscreen' in your code.
2025-08-14 22:41:46,464 WARNING libqtile config.py:assign_app_group():L567 [Assign Hook] Moved thunar to group 1 and switched to it
2025-08-14 22:43:03,316 WARNING libqtile config.py:assign_app_group():L562 [Assign Hook] App started: xfce4-notifyd
2025-08-14 22:43:53,975 WARNING libqtile config.py:assign_app_group():L562 [Assign Hook] App started: thunar
2025-08-14 22:43:53,983 WARNING libqtile base.py:__getattr__():L273 Deprecation Warning: commands exposed via IPC no longer use the 'cmd_' prefix. Please replace 'cmd_toscreen' with 'toscreen' in your code.
2025-08-14 22:43:53,984 WARNING libqtile config.py:assign_app_group():L567 [Assign Hook] Moved thunar to group 1 and switched to it
2025-08-14 22:48:39,819 WARNING libqtile config.py:assign_app_group():L562 [Assign Hook] App started: xfce4-notifyd
2025-08-14 22:49:14,779 WARNING libqtile config.py:assign_app_group():L562 [Assign Hook] App started: thunar
2025-08-14 22:49:14,788 WARNING libqtile base.py:__getattr__():L273 Deprecation Warning: commands exposed via IPC no longer use the 'cmd_' prefix. Please replace 'cmd_toscreen' with 'toscreen' in your code.
2025-08-14 22:49:14,788 WARNING libqtile config.py:assign_app_group():L567 [Assign Hook] Moved thunar to group 1 and switched to it
2025-08-14 22:57:31,215 WARNING libqtile config.py:assign_app_group():L562 [Assign Hook] App started: archlinux-logout.py
2025-08-14 22:57:38,981 WARNING libqtile launchbar.py:setup_images():L169 No icon found for application "" (None) switch to text mode
2025-08-14 22:57:38,981 WARNING libqtile launchbar.py:setup_images():L169 No icon found for application "" (None) switch to text mode
2025-08-14 22:57:38,981 WARNING libqtile launchbar.py:setup_images():L169 No icon found for application "" (None) switch to text mode
2025-08-14 22:57:38,981 WARNING libqtile launchbar.py:setup_images():L169 No icon found for application " " (None) switch to text mode
2025-08-14 23:26:54,797 WARNING libqtile launchbar.py:setup_images():L169 No icon found for application "" (None) switch to text mode
2025-08-14 23:26:54,798 WARNING libqtile launchbar.py:setup_images():L169 No icon found for application "" (None) switch to text mode
2025-08-14 23:26:54,798 WARNING libqtile launchbar.py:setup_images():L169 No icon found for application "" (None) switch to text mode
2025-08-14 23:26:54,798 WARNING libqtile launchbar.py:setup_images():L169 No icon found for application " " (None) switch to text mode
2025-08-14 23:26:56,675 WARNING libqtile lifecycle.py:_atexit():L34 Restarting Qtile with os.execv(...)
2025-08-14 23:26:58,219 WARNING libqtile launchbar.py:setup_images():L169 No icon found for application "" (None) switch to text mode
2025-08-14 23:26:58,242 WARNING libqtile launchbar.py:setup_images():L169 No icon found for application "" (None) switch to text mode
2025-08-14 23:26:58,243 WARNING libqtile launchbar.py:setup_images():L169 No icon found for application " " (None) switch to text mode
2025-08-14 23:26:58,243 WARNING libqtile launchbar.py:setup_images():L169 No icon found for application "" (None) switch to text mode
2025-08-14 23:26:58,265 WARNING libqtile manager.py:grab_key():L521 Key spec duplicated, overriding previous: <Key (['mod4', 'shift'], Right)>
2025-08-14 23:26:58,265 WARNING libqtile manager.py:grab_key():L521 Key spec duplicated, overriding previous: <Key (['mod4', 'shift'], Left)>
2025-08-14 23:26:58,266 WARNING libqtile manager.py:grab_key():L521 Key spec duplicated, overriding previous: <Key (['mod4'], Tab)>
2025-08-14 23:26:58,266 WARNING libqtile manager.py:grab_key():L521 Key spec duplicated, overriding previous: <Key (['mod4', 'shift'], Tab)>
2025-08-14 23:26:58,266 WARNING libqtile manager.py:grab_key():L521 Key spec duplicated, overriding previous: <Key (['mod1'], Tab)>
2025-08-14 23:26:58,266 WARNING libqtile manager.py:grab_key():L521 Key spec duplicated, overriding previous: <Key (['mod1', 'shift'], Tab)>
2025-08-14 23:26:58,266 WARNING libqtile manager.py:grab_key():L521 Key spec duplicated, overriding previous: <Key (['mod4'], Tab)>
2025-08-14 23:26:58,266 WARNING libqtile manager.py:grab_key():L521 Key spec duplicated, overriding previous: <Key (['mod4', 'shift'], Tab)>
2025-08-14 23:26:58,266 WARNING libqtile manager.py:grab_key():L521 Key spec duplicated, overriding previous: <Key (['mod1'], Tab)>
2025-08-14 23:26:58,266 WARNING libqtile manager.py:grab_key():L521 Key spec duplicated, overriding previous: <Key (['mod1', 'shift'], Tab)>
2025-08-14 23:26:58,266 WARNING libqtile manager.py:grab_key():L521 Key spec duplicated, overriding previous: <Key (['mod4'], Tab)>
2025-08-14 23:26:58,267 WARNING libqtile manager.py:grab_key():L521 Key spec duplicated, overriding previous: <Key (['mod4', 'shift'], Tab)>
2025-08-14 23:26:58,267 WARNING libqtile manager.py:grab_key():L521 Key spec duplicated, overriding previous: <Key (['mod1'], Tab)>
2025-08-14 23:26:58,267 WARNING libqtile manager.py:grab_key():L521 Key spec duplicated, overriding previous: <Key (['mod1', 'shift'], Tab)>
2025-08-14 23:26:58,267 WARNING libqtile manager.py:grab_key():L521 Key spec duplicated, overriding previous: <Key (['mod4'], Tab)>
2025-08-14 23:26:58,267 WARNING libqtile manager.py:grab_key():L521 Key spec duplicated, overriding previous: <Key (['mod4', 'shift'], Tab)>
2025-08-14 23:26:58,267 WARNING libqtile manager.py:grab_key():L521 Key spec duplicated, overriding previous: <Key (['mod1'], Tab)>
2025-08-14 23:26:58,267 WARNING libqtile manager.py:grab_key():L521 Key spec duplicated, overriding previous: <Key (['mod1', 'shift'], Tab)>
2025-08-14 23:26:58,267 WARNING libqtile manager.py:grab_key():L521 Key spec duplicated, overriding previous: <Key (['mod4'], Tab)>
2025-08-14 23:26:58,267 WARNING libqtile manager.py:grab_key():L521 Key spec duplicated, overriding previous: <Key (['mod4', 'shift'], Tab)>
2025-08-14 23:26:58,267 WARNING libqtile manager.py:grab_key():L521 Key spec duplicated, overriding previous: <Key (['mod1'], Tab)>
2025-08-14 23:26:58,267 WARNING libqtile manager.py:grab_key():L521 Key spec duplicated, overriding previous: <Key (['mod1', 'shift'], Tab)>
2025-08-14 23:26:58,267 WARNING libqtile manager.py:grab_key():L521 Key spec duplicated, overriding previous: <Key (['mod4'], Tab)>
2025-08-14 23:26:58,268 WARNING libqtile manager.py:grab_key():L521 Key spec duplicated, overriding previous: <Key (['mod4', 'shift'], Tab)>
2025-08-14 23:26:58,268 WARNING libqtile manager.py:grab_key():L521 Key spec duplicated, overriding previous: <Key (['mod1'], Tab)>
2025-08-14 23:26:58,268 WARNING libqtile manager.py:grab_key():L521 Key spec duplicated, overriding previous: <Key (['mod1', 'shift'], Tab)>
2025-08-14 23:26:58,268 WARNING libqtile manager.py:grab_key():L521 Key spec duplicated, overriding previous: <Key (['mod4'], Tab)>
2025-08-14 23:26:58,268 WARNING libqtile manager.py:grab_key():L521 Key spec duplicated, overriding previous: <Key (['mod4', 'shift'], Tab)>
2025-08-14 23:26:58,268 WARNING libqtile manager.py:grab_key():L521 Key spec duplicated, overriding previous: <Key (['mod1'], Tab)>
2025-08-14 23:26:58,268 WARNING libqtile manager.py:grab_key():L521 Key spec duplicated, overriding previous: <Key (['mod1', 'shift'], Tab)>
2025-08-14 23:26:58,268 WARNING libqtile manager.py:grab_key():L521 Key spec duplicated, overriding previous: <Key (['mod4'], Tab)>
2025-08-14 23:26:58,268 WARNING libqtile manager.py:grab_key():L521 Key spec duplicated, overriding previous: <Key (['mod4', 'shift'], Tab)>
2025-08-14 23:26:58,268 WARNING libqtile manager.py:grab_key():L521 Key spec duplicated, overriding previous: <Key (['mod1'], Tab)>
2025-08-14 23:26:58,268 WARNING libqtile manager.py:grab_key():L521 Key spec duplicated, overriding previous: <Key (['mod1', 'shift'], Tab)>
2025-08-14 23:26:58,269 WARNING libqtile manager.py:grab_key():L521 Key spec duplicated, overriding previous: <Key (['mod4'], Tab)>
2025-08-14 23:26:58,269 WARNING libqtile manager.py:grab_key():L521 Key spec duplicated, overriding previous: <Key (['mod4', 'shift'], Tab)>
2025-08-14 23:26:58,269 WARNING libqtile manager.py:grab_key():L521 Key spec duplicated, overriding previous: <Key (['mod1'], Tab)>
2025-08-14 23:26:58,269 WARNING libqtile manager.py:grab_key():L521 Key spec duplicated, overriding previous: <Key (['mod1', 'shift'], Tab)>
2025-08-14 23:26:58,301 WARNING libqtile config.py:assign_app_group():L562 [Assign Hook] App started: brave-browser
2025-08-14 23:26:58,301 WARNING libqtile base.py:__getattr__():L273 Deprecation Warning: commands exposed via IPC no longer use the 'cmd_' prefix. Please replace 'cmd_toscreen' with 'toscreen' in your code.
2025-08-14 23:26:58,305 WARNING libqtile config.py:assign_app_group():L567 [Assign Hook] Moved brave-browser to group 3 and switched to it
2025-08-14 23:27:06,858 WARNING libqtile config.py:assign_app_group():L562 [Assign Hook] App started: thunar
2025-08-14 23:27:06,860 WARNING libqtile base.py:__getattr__():L273 Deprecation Warning: commands exposed via IPC no longer use the 'cmd_' prefix. Please replace 'cmd_toscreen' with 'toscreen' in your code.
2025-08-14 23:27:06,869 WARNING libqtile config.py:assign_app_group():L567 [Assign Hook] Moved thunar to group 1 and switched to it
2025-08-14 23:29:22,335 WARNING libqtile config.py:assign_app_group():L562 [Assign Hook] App started: thunar
2025-08-14 23:29:22,335 WARNING libqtile base.py:__getattr__():L273 Deprecation Warning: commands exposed via IPC no longer use the 'cmd_' prefix. Please replace 'cmd_toscreen' with 'toscreen' in your code.
2025-08-14 23:29:22,335 WARNING libqtile config.py:assign_app_group():L567 [Assign Hook] Moved thunar to group 1 and switched to it
2025-08-14 23:29:49,148 WARNING libqtile config.py:assign_app_group():L562 [Assign Hook] App started: thunar
2025-08-14 23:29:49,148 WARNING libqtile base.py:__getattr__():L273 Deprecation Warning: commands exposed via IPC no longer use the 'cmd_' prefix. Please replace 'cmd_toscreen' with 'toscreen' in your code.
2025-08-14 23:29:49,148 WARNING libqtile config.py:assign_app_group():L567 [Assign Hook] Moved thunar to group 1 and switched to it
2025-08-14 23:30:01,843 WARNING libqtile config.py:assign_app_group():L562 [Assign Hook] App started: thunar
2025-08-14 23:30:01,843 WARNING libqtile base.py:__getattr__():L273 Deprecation Warning: commands exposed via IPC no longer use the 'cmd_' prefix. Please replace 'cmd_toscreen' with 'toscreen' in your code.
2025-08-14 23:30:01,843 WARNING libqtile config.py:assign_app_group():L567 [Assign Hook] Moved thunar to group 1 and switched to it
2025-08-14 23:30:13,901 WARNING libqtile config.py:assign_app_group():L562 [Assign Hook] App started: thunar
2025-08-14 23:30:13,901 WARNING libqtile base.py:__getattr__():L273 Deprecation Warning: commands exposed via IPC no longer use the 'cmd_' prefix. Please replace 'cmd_toscreen' with 'toscreen' in your code.
2025-08-14 23:30:13,901 WARNING libqtile config.py:assign_app_group():L567 [Assign Hook] Moved thunar to group 1 and switched to it
2025-08-14 23:30:51,122 WARNING libqtile config.py:assign_app_group():L562 [Assign Hook] App started: transmission-gtk
2025-08-14 23:30:51,123 WARNING libqtile base.py:__getattr__():L273 Deprecation Warning: commands exposed via IPC no longer use the 'cmd_' prefix. Please replace 'cmd_toscreen' with 'toscreen' in your code.
2025-08-14 23:30:51,131 WARNING libqtile config.py:assign_app_group():L567 [Assign Hook] Moved transmission-gtk to group 7 and switched to it
2025-08-14 23:30:51,163 WARNING libqtile config.py:assign_app_group():L562 [Assign Hook] App started: transmission-gtk
2025-08-14 23:30:51,163 WARNING libqtile base.py:__getattr__():L273 Deprecation Warning: commands exposed via IPC no longer use the 'cmd_' prefix. Please replace 'cmd_toscreen' with 'toscreen' in your code.
2025-08-14 23:30:51,163 WARNING libqtile config.py:assign_app_group():L567 [Assign Hook] Moved transmission-gtk to group 7 and switched to it
2025-08-14 23:31:09,470 WARNING libqtile config.py:assign_app_group():L562 [Assign Hook] App started: transmission-gtk
2025-08-14 23:31:09,470 WARNING libqtile base.py:__getattr__():L273 Deprecation Warning: commands exposed via IPC no longer use the 'cmd_' prefix. Please replace 'cmd_toscreen' with 'toscreen' in your code.
2025-08-14 23:31:09,470 WARNING libqtile config.py:assign_app_group():L567 [Assign Hook] Moved transmission-gtk to group 7 and switched to it
2025-08-14 23:31:15,084 WARNING libqtile config.py:assign_app_group():L562 [Assign Hook] App started: transmission-gtk
2025-08-14 23:31:15,084 WARNING libqtile base.py:__getattr__():L273 Deprecation Warning: commands exposed via IPC no longer use the 'cmd_' prefix. Please replace 'cmd_toscreen' with 'toscreen' in your code.
2025-08-14 23:31:15,084 WARNING libqtile config.py:assign_app_group():L567 [Assign Hook] Moved transmission-gtk to group 7 and switched to it
2025-08-14 23:31:21,319 WARNING libqtile config.py:assign_app_group():L562 [Assign Hook] App started: transmission-gtk
2025-08-14 23:31:21,319 WARNING libqtile base.py:__getattr__():L273 Deprecation Warning: commands exposed via IPC no longer use the 'cmd_' prefix. Please replace 'cmd_toscreen' with 'toscreen' in your code.
2025-08-14 23:31:21,319 WARNING libqtile config.py:assign_app_group():L567 [Assign Hook] Moved transmission-gtk to group 7 and switched to it
2025-08-14 23:31:26,524 WARNING libqtile config.py:assign_app_group():L562 [Assign Hook] App started: transmission-gtk
2025-08-14 23:31:26,524 WARNING libqtile base.py:__getattr__():L273 Deprecation Warning: commands exposed via IPC no longer use the 'cmd_' prefix. Please replace 'cmd_toscreen' with 'toscreen' in your code.
2025-08-14 23:31:26,524 WARNING libqtile config.py:assign_app_group():L567 [Assign Hook] Moved transmission-gtk to group 7 and switched to it
2025-08-14 23:31:59,176 WARNING libqtile config.py:assign_app_group():L562 [Assign Hook] App started: transmission-gtk
2025-08-14 23:31:59,176 WARNING libqtile base.py:__getattr__():L273 Deprecation Warning: commands exposed via IPC no longer use the 'cmd_' prefix. Please replace 'cmd_toscreen' with 'toscreen' in your code.
2025-08-14 23:31:59,187 WARNING libqtile config.py:assign_app_group():L567 [Assign Hook] Moved transmission-gtk to group 7 and switched to it
2025-08-14 23:32:51,249 WARNING libqtile config.py:assign_app_group():L562 [Assign Hook] App started: transmission-gtk
2025-08-14 23:32:51,249 WARNING libqtile base.py:__getattr__():L273 Deprecation Warning: commands exposed via IPC no longer use the 'cmd_' prefix. Please replace 'cmd_toscreen' with 'toscreen' in your code.
2025-08-14 23:32:51,260 WARNING libqtile config.py:assign_app_group():L567 [Assign Hook] Moved transmission-gtk to group 7 and switched to it
2025-08-14 23:33:01,114 WARNING libqtile config.py:assign_app_group():L562 [Assign Hook] App started: transmission-gtk
2025-08-14 23:33:01,114 WARNING libqtile base.py:__getattr__():L273 Deprecation Warning: commands exposed via IPC no longer use the 'cmd_' prefix. Please replace 'cmd_toscreen' with 'toscreen' in your code.
2025-08-14 23:33:01,124 WARNING libqtile config.py:assign_app_group():L567 [Assign Hook] Moved transmission-gtk to group 7 and switched to it
2025-08-14 23:33:18,486 WARNING libqtile config.py:assign_app_group():L562 [Assign Hook] App started: transmission-gtk
2025-08-14 23:33:18,486 WARNING libqtile base.py:__getattr__():L273 Deprecation Warning: commands exposed via IPC no longer use the 'cmd_' prefix. Please replace 'cmd_toscreen' with 'toscreen' in your code.
2025-08-14 23:33:18,494 WARNING libqtile config.py:assign_app_group():L567 [Assign Hook] Moved transmission-gtk to group 7 and switched to it
2025-08-14 23:33:28,605 WARNING libqtile config.py:assign_app_group():L562 [Assign Hook] App started: transmission-gtk
2025-08-14 23:33:28,605 WARNING libqtile base.py:__getattr__():L273 Deprecation Warning: commands exposed via IPC no longer use the 'cmd_' prefix. Please replace 'cmd_toscreen' with 'toscreen' in your code.
2025-08-14 23:33:28,617 WARNING libqtile config.py:assign_app_group():L567 [Assign Hook] Moved transmission-gtk to group 7 and switched to it
2025-08-14 23:33:49,497 WARNING libqtile config.py:assign_app_group():L562 [Assign Hook] App started: transmission-gtk
2025-08-14 23:33:49,497 WARNING libqtile base.py:__getattr__():L273 Deprecation Warning: commands exposed via IPC no longer use the 'cmd_' prefix. Please replace 'cmd_toscreen' with 'toscreen' in your code.
2025-08-14 23:33:49,505 WARNING libqtile config.py:assign_app_group():L567 [Assign Hook] Moved transmission-gtk to group 7 and switched to it
2025-08-14 23:35:15,588 WARNING libqtile config.py:assign_app_group():L562 [Assign Hook] App started: transmission-gtk
2025-08-14 23:35:15,588 WARNING libqtile base.py:__getattr__():L273 Deprecation Warning: commands exposed via IPC no longer use the 'cmd_' prefix. Please replace 'cmd_toscreen' with 'toscreen' in your code.
2025-08-14 23:35:15,597 WARNING libqtile config.py:assign_app_group():L567 [Assign Hook] Moved transmission-gtk to group 7 and switched to it
2025-08-14 23:38:11,473 WARNING libqtile config.py:assign_app_group():L562 [Assign Hook] App started: xfce4-notifyd
2025-08-14 23:56:34,975 WARNING libqtile config.py:assign_app_group():L562 [Assign Hook] App started: xfce4-notifyd
2025-08-14 23:59:36,974 WARNING libqtile config.py:assign_app_group():L562 [Assign Hook] App started: xfce4-notifyd
2025-08-15 00:11:22,974 WARNING libqtile config.py:assign_app_group():L562 [Assign Hook] App started: xfce4-notifyd
2025-08-15 00:18:03,010 WARNING libqtile config.py:assign_app_group():L562 [Assign Hook] App started: xfce4-notifyd
2025-08-15 00:26:30,933 WARNING libqtile config.py:assign_app_group():L562 [Assign Hook] App started: archlinux-logout.py
2025-08-15 00:37:25,488 WARNING libqtile config.py:assign_app_group():L562 [Assign Hook] App started: xfce4-notifyd
2025-08-15 00:41:18,474 WARNING libqtile config.py:assign_app_group():L562 [Assign Hook] App started: xfce4-notifyd
2025-08-15 00:51:54,478 WARNING libqtile config.py:assign_app_group():L562 [Assign Hook] App started: xfce4-notifyd
2025-08-15 01:00:23,499 WARNING libqtile config.py:assign_app_group():L562 [Assign Hook] App started: archlinux-logout.py
2025-08-15 01:00:29,661 WARNING libqtile launchbar.py:setup_images():L169 No icon found for application "" (None) switch to text mode
2025-08-15 01:00:29,661 WARNING libqtile launchbar.py:setup_images():L169 No icon found for application "" (None) switch to text mode
2025-08-15 01:00:29,661 WARNING libqtile launchbar.py:setup_images():L169 No icon found for application " " (None) switch to text mode
2025-08-15 01:00:29,661 WARNING libqtile launchbar.py:setup_images():L169 No icon found for application "" (None) switch to text mode
2025-08-15 03:48:54,950 WARNING libqtile config.py:assign_app_group():L562 [Assign Hook] App started: xfce4-notifyd
2025-08-15 10:51:49,987 WARNING libqtile launchbar.py:setup_images():L169 No icon found for application "" (None) switch to text mode
2025-08-15 10:51:49,988 WARNING libqtile launchbar.py:setup_images():L169 No icon found for application "" (None) switch to text mode
2025-08-15 10:51:49,988 WARNING libqtile launchbar.py:setup_images():L169 No icon found for application " " (None) switch to text mode
2025-08-15 10:51:49,988 WARNING libqtile launchbar.py:setup_images():L169 No icon found for application "" (None) switch to text mode
2025-08-15 10:51:57,016 WARNING libqtile lifecycle.py:_atexit():L34 Restarting Qtile with os.execv(...)
2025-08-15 10:51:58,442 WARNING libqtile launchbar.py:setup_images():L169 No icon found for application "" (None) switch to text mode
2025-08-15 10:51:58,463 WARNING libqtile launchbar.py:setup_images():L169 No icon found for application " " (None) switch to text mode
2025-08-15 10:51:58,463 WARNING libqtile launchbar.py:setup_images():L169 No icon found for application "" (None) switch to text mode
2025-08-15 10:51:58,463 WARNING libqtile launchbar.py:setup_images():L169 No icon found for application "" (None) switch to text mode
2025-08-15 10:51:58,483 WARNING libqtile manager.py:grab_key():L521 Key spec duplicated, overriding previous: <Key (['mod4', 'shift'], Right)>
2025-08-15 10:51:58,484 WARNING libqtile manager.py:grab_key():L521 Key spec duplicated, overriding previous: <Key (['mod4', 'shift'], Left)>
2025-08-15 10:51:58,484 WARNING libqtile manager.py:grab_key():L521 Key spec duplicated, overriding previous: <Key (['mod4'], Tab)>
2025-08-15 10:51:58,484 WARNING libqtile manager.py:grab_key():L521 Key spec duplicated, overriding previous: <Key (['mod4', 'shift'], Tab)>
2025-08-15 10:51:58,484 WARNING libqtile manager.py:grab_key():L521 Key spec duplicated, overriding previous: <Key (['mod1'], Tab)>
2025-08-15 10:51:58,484 WARNING libqtile manager.py:grab_key():L521 Key spec duplicated, overriding previous: <Key (['mod1', 'shift'], Tab)>
2025-08-15 10:51:58,484 WARNING libqtile manager.py:grab_key():L521 Key spec duplicated, overriding previous: <Key (['mod4'], Tab)>
2025-08-15 10:51:58,484 WARNING libqtile manager.py:grab_key():L521 Key spec duplicated, overriding previous: <Key (['mod4', 'shift'], Tab)>
2025-08-15 10:51:58,484 WARNING libqtile manager.py:grab_key():L521 Key spec duplicated, overriding previous: <Key (['mod1'], Tab)>
2025-08-15 10:51:58,484 WARNING libqtile manager.py:grab_key():L521 Key spec duplicated, overriding previous: <Key (['mod1', 'shift'], Tab)>
2025-08-15 10:51:58,485 WARNING libqtile manager.py:grab_key():L521 Key spec duplicated, overriding previous: <Key (['mod4'], Tab)>
2025-08-15 10:51:58,485 WARNING libqtile manager.py:grab_key():L521 Key spec duplicated, overriding previous: <Key (['mod4', 'shift'], Tab)>
2025-08-15 10:51:58,485 WARNING libqtile manager.py:grab_key():L521 Key spec duplicated, overriding previous: <Key (['mod1'], Tab)>
2025-08-15 10:51:58,485 WARNING libqtile manager.py:grab_key():L521 Key spec duplicated, overriding previous: <Key (['mod1', 'shift'], Tab)>
2025-08-15 10:51:58,485 WARNING libqtile manager.py:grab_key():L521 Key spec duplicated, overriding previous: <Key (['mod4'], Tab)>
2025-08-15 10:51:58,485 WARNING libqtile manager.py:grab_key():L521 Key spec duplicated, overriding previous: <Key (['mod4', 'shift'], Tab)>
2025-08-15 10:51:58,485 WARNING libqtile manager.py:grab_key():L521 Key spec duplicated, overriding previous: <Key (['mod1'], Tab)>
2025-08-15 10:51:58,485 WARNING libqtile manager.py:grab_key():L521 Key spec duplicated, overriding previous: <Key (['mod1', 'shift'], Tab)>
2025-08-15 10:51:58,485 WARNING libqtile manager.py:grab_key():L521 Key spec duplicated, overriding previous: <Key (['mod4'], Tab)>
2025-08-15 10:51:58,485 WARNING libqtile manager.py:grab_key():L521 Key spec duplicated, overriding previous: <Key (['mod4', 'shift'], Tab)>
2025-08-15 10:51:58,485 WARNING libqtile manager.py:grab_key():L521 Key spec duplicated, overriding previous: <Key (['mod1'], Tab)>
2025-08-15 10:51:58,485 WARNING libqtile manager.py:grab_key():L521 Key spec duplicated, overriding previous: <Key (['mod1', 'shift'], Tab)>
2025-08-15 10:51:58,486 WARNING libqtile manager.py:grab_key():L521 Key spec duplicated, overriding previous: <Key (['mod4'], Tab)>
2025-08-15 10:51:58,486 WARNING libqtile manager.py:grab_key():L521 Key spec duplicated, overriding previous: <Key (['mod4', 'shift'], Tab)>
2025-08-15 10:51:58,486 WARNING libqtile manager.py:grab_key():L521 Key spec duplicated, overriding previous: <Key (['mod1'], Tab)>
2025-08-15 10:51:58,486 WARNING libqtile manager.py:grab_key():L521 Key spec duplicated, overriding previous: <Key (['mod1', 'shift'], Tab)>
2025-08-15 10:51:58,486 WARNING libqtile manager.py:grab_key():L521 Key spec duplicated, overriding previous: <Key (['mod4'], Tab)>
2025-08-15 10:51:58,486 WARNING libqtile manager.py:grab_key():L521 Key spec duplicated, overriding previous: <Key (['mod4', 'shift'], Tab)>
2025-08-15 10:51:58,486 WARNING libqtile manager.py:grab_key():L521 Key spec duplicated, overriding previous: <Key (['mod1'], Tab)>
2025-08-15 10:51:58,486 WARNING libqtile manager.py:grab_key():L521 Key spec duplicated, overriding previous: <Key (['mod1', 'shift'], Tab)>
2025-08-15 10:51:58,486 WARNING libqtile manager.py:grab_key():L521 Key spec duplicated, overriding previous: <Key (['mod4'], Tab)>
2025-08-15 10:51:58,486 WARNING libqtile manager.py:grab_key():L521 Key spec duplicated, overriding previous: <Key (['mod4', 'shift'], Tab)>
2025-08-15 10:51:58,486 WARNING libqtile manager.py:grab_key():L521 Key spec duplicated, overriding previous: <Key (['mod1'], Tab)>
2025-08-15 10:51:58,486 WARNING libqtile manager.py:grab_key():L521 Key spec duplicated, overriding previous: <Key (['mod1', 'shift'], Tab)>
2025-08-15 10:51:58,487 WARNING libqtile manager.py:grab_key():L521 Key spec duplicated, overriding previous: <Key (['mod4'], Tab)>
2025-08-15 10:51:58,487 WARNING libqtile manager.py:grab_key():L521 Key spec duplicated, overriding previous: <Key (['mod4', 'shift'], Tab)>
2025-08-15 10:51:58,487 WARNING libqtile manager.py:grab_key():L521 Key spec duplicated, overriding previous: <Key (['mod1'], Tab)>
2025-08-15 10:51:58,487 WARNING libqtile manager.py:grab_key():L521 Key spec duplicated, overriding previous: <Key (['mod1', 'shift'], Tab)>
2025-08-15 10:51:58,517 WARNING libqtile config.py:assign_app_group():L562 [Assign Hook] App started: brave-browser
2025-08-15 10:51:58,517 WARNING libqtile base.py:__getattr__():L273 Deprecation Warning: commands exposed via IPC no longer use the 'cmd_' prefix. Please replace 'cmd_toscreen' with 'toscreen' in your code.
2025-08-15 10:51:58,523 WARNING libqtile config.py:assign_app_group():L567 [Assign Hook] Moved brave-browser to group 3 and switched to it
2025-08-15 10:51:58,591 WARNING libqtile config.py:assign_app_group():L562 [Assign Hook] App started: thunar
2025-08-15 10:51:58,591 WARNING libqtile base.py:__getattr__():L273 Deprecation Warning: commands exposed via IPC no longer use the 'cmd_' prefix. Please replace 'cmd_toscreen' with 'toscreen' in your code.
2025-08-15 10:51:58,598 WARNING libqtile config.py:assign_app_group():L567 [Assign Hook] Moved thunar to group 1 and switched to it
2025-08-15 10:51:58,609 WARNING libqtile config.py:assign_app_group():L562 [Assign Hook] App started: transmission-gtk
2025-08-15 10:51:58,609 WARNING libqtile base.py:__getattr__():L273 Deprecation Warning: commands exposed via IPC no longer use the 'cmd_' prefix. Please replace 'cmd_toscreen' with 'toscreen' in your code.
2025-08-15 10:51:58,613 WARNING libqtile config.py:assign_app_group():L567 [Assign Hook] Moved transmission-gtk to group 7 and switched to it
2025-08-15 10:52:05,519 WARNING libqtile config.py:assign_app_group():L562 [Assign Hook] App started: xfce4-terminal
2025-08-15 10:52:05,523 WARNING libqtile base.py:__getattr__():L273 Deprecation Warning: commands exposed via IPC no longer use the 'cmd_' prefix. Please replace 'cmd_toscreen' with 'toscreen' in your code.
2025-08-15 10:52:05,523 WARNING libqtile config.py:assign_app_group():L567 [Assign Hook] Moved xfce4-terminal to group 5 and switched to it
2025-08-15 10:53:10,748 WARNING libqtile config.py:assign_app_group():L562 [Assign Hook] App started: thunar
2025-08-15 10:53:10,755 WARNING libqtile base.py:__getattr__():L273 Deprecation Warning: commands exposed via IPC no longer use the 'cmd_' prefix. Please replace 'cmd_toscreen' with 'toscreen' in your code.
2025-08-15 10:53:10,755 WARNING libqtile config.py:assign_app_group():L567 [Assign Hook] Moved thunar to group 1 and switched to it
2025-08-15 10:55:11,092 WARNING libqtile config.py:assign_app_group():L562 [Assign Hook] App started: transmission-gtk
2025-08-15 10:55:11,092 WARNING libqtile base.py:__getattr__():L273 Deprecation Warning: commands exposed via IPC no longer use the 'cmd_' prefix. Please replace 'cmd_toscreen' with 'toscreen' in your code.
2025-08-15 10:55:11,102 WARNING libqtile config.py:assign_app_group():L567 [Assign Hook] Moved transmission-gtk to group 7 and switched to it
2025-08-15 10:58:21,480 WARNING libqtile config.py:assign_app_group():L562 [Assign Hook] App started: xfce4-notifyd
2025-08-15 10:59:23,006 WARNING libqtile config.py:assign_app_group():L562 [Assign Hook] App started: transmission-gtk
2025-08-15 10:59:23,006 WARNING libqtile base.py:__getattr__():L273 Deprecation Warning: commands exposed via IPC no longer use the 'cmd_' prefix. Please replace 'cmd_toscreen' with 'toscreen' in your code.
2025-08-15 10:59:23,015 WARNING libqtile config.py:assign_app_group():L567 [Assign Hook] Moved transmission-gtk to group 7 and switched to it
2025-08-15 10:59:32,206 WARNING libqtile config.py:assign_app_group():L562 [Assign Hook] App started: transmission-gtk
2025-08-15 10:59:32,206 WARNING libqtile base.py:__getattr__():L273 Deprecation Warning: commands exposed via IPC no longer use the 'cmd_' prefix. Please replace 'cmd_toscreen' with 'toscreen' in your code.
2025-08-15 10:59:32,214 WARNING libqtile config.py:assign_app_group():L567 [Assign Hook] Moved transmission-gtk to group 7 and switched to it
2025-08-15 11:01:46,981 WARNING libqtile config.py:assign_app_group():L562 [Assign Hook] App started: xfce4-notifyd
2025-08-15 11:04:32,210 WARNING libqtile config.py:assign_app_group():L562 [Assign Hook] App started: thunar
2025-08-15 11:04:32,219 WARNING libqtile base.py:__getattr__():L273 Deprecation Warning: commands exposed via IPC no longer use the 'cmd_' prefix. Please replace 'cmd_toscreen' with 'toscreen' in your code.
2025-08-15 11:04:32,219 WARNING libqtile config.py:assign_app_group():L567 [Assign Hook] Moved thunar to group 1 and switched to it
2025-08-15 11:07:46,777 WARNING libqtile config.py:assign_app_group():L562 [Assign Hook] App started: thunar
2025-08-15 11:07:46,785 WARNING libqtile base.py:__getattr__():L273 Deprecation Warning: commands exposed via IPC no longer use the 'cmd_' prefix. Please replace 'cmd_toscreen' with 'toscreen' in your code.
2025-08-15 11:07:46,785 WARNING libqtile config.py:assign_app_group():L567 [Assign Hook] Moved thunar to group 1 and switched to it
2025-08-15 11:08:50,482 WARNING libqtile config.py:assign_app_group():L562 [Assign Hook] App started: thunar
2025-08-15 11:08:50,482 WARNING libqtile base.py:__getattr__():L273 Deprecation Warning: commands exposed via IPC no longer use the 'cmd_' prefix. Please replace 'cmd_toscreen' with 'toscreen' in your code.
2025-08-15 11:08:50,482 WARNING libqtile config.py:assign_app_group():L567 [Assign Hook] Moved thunar to group 1 and switched to it
2025-08-15 11:09:05,077 WARNING libqtile config.py:assign_app_group():L562 [Assign Hook] App started: thunar
2025-08-15 11:09:05,077 WARNING libqtile base.py:__getattr__():L273 Deprecation Warning: commands exposed via IPC no longer use the 'cmd_' prefix. Please replace 'cmd_toscreen' with 'toscreen' in your code.
2025-08-15 11:09:05,077 WARNING libqtile config.py:assign_app_group():L567 [Assign Hook] Moved thunar to group 1 and switched to it
2025-08-15 11:10:03,480 WARNING libqtile config.py:assign_app_group():L562 [Assign Hook] App started: transmission-gtk
2025-08-15 11:10:03,480 WARNING libqtile base.py:__getattr__():L273 Deprecation Warning: commands exposed via IPC no longer use the 'cmd_' prefix. Please replace 'cmd_toscreen' with 'toscreen' in your code.
2025-08-15 11:10:03,480 WARNING libqtile config.py:assign_app_group():L567 [Assign Hook] Moved transmission-gtk to group 7 and switched to it
2025-08-15 11:11:09,476 WARNING libqtile config.py:assign_app_group():L562 [Assign Hook] App started: xfce4-notifyd
2025-08-15 11:11:32,812 WARNING libqtile config.py:assign_app_group():L562 [Assign Hook] App started: thunar
2025-08-15 11:11:32,819 WARNING libqtile base.py:__getattr__():L273 Deprecation Warning: commands exposed via IPC no longer use the 'cmd_' prefix. Please replace 'cmd_toscreen' with 'toscreen' in your code.
2025-08-15 11:11:32,819 WARNING libqtile config.py:assign_app_group():L567 [Assign Hook] Moved thunar to group 1 and switched to it
2025-08-15 11:11:32,884 WARNING libqtile config.py:assign_app_group():L562 [Assign Hook] App started: thunar
2025-08-15 11:11:32,884 WARNING libqtile base.py:__getattr__():L273 Deprecation Warning: commands exposed via IPC no longer use the 'cmd_' prefix. Please replace 'cmd_toscreen' with 'toscreen' in your code.
2025-08-15 11:11:32,884 WARNING libqtile config.py:assign_app_group():L567 [Assign Hook] Moved thunar to group 1 and switched to it
2025-08-15 11:12:09,760 WARNING libqtile config.py:assign_app_group():L562 [Assign Hook] App started: thunar
2025-08-15 11:12:09,769 WARNING libqtile base.py:__getattr__():L273 Deprecation Warning: commands exposed via IPC no longer use the 'cmd_' prefix. Please replace 'cmd_toscreen' with 'toscreen' in your code.
2025-08-15 11:12:09,769 WARNING libqtile config.py:assign_app_group():L567 [Assign Hook] Moved thunar to group 1 and switched to it
2025-08-15 11:12:39,586 WARNING libqtile config.py:assign_app_group():L562 [Assign Hook] App started: thunar
2025-08-15 11:12:39,595 WARNING libqtile base.py:__getattr__():L273 Deprecation Warning: commands exposed via IPC no longer use the 'cmd_' prefix. Please replace 'cmd_toscreen' with 'toscreen' in your code.
2025-08-15 11:12:39,595 WARNING libqtile config.py:assign_app_group():L567 [Assign Hook] Moved thunar to group 1 and switched to it
2025-08-15 11:13:53,837 WARNING libqtile config.py:assign_app_group():L562 [Assign Hook] App started: transmission-gtk
2025-08-15 11:13:53,837 WARNING libqtile base.py:__getattr__():L273 Deprecation Warning: commands exposed via IPC no longer use the 'cmd_' prefix. Please replace 'cmd_toscreen' with 'toscreen' in your code.
2025-08-15 11:13:53,837 WARNING libqtile config.py:assign_app_group():L567 [Assign Hook] Moved transmission-gtk to group 7 and switched to it
2025-08-15 11:14:00,557 WARNING libqtile config.py:assign_app_group():L562 [Assign Hook] App started: transmission-gtk
2025-08-15 11:14:00,557 WARNING libqtile base.py:__getattr__():L273 Deprecation Warning: commands exposed via IPC no longer use the 'cmd_' prefix. Please replace 'cmd_toscreen' with 'toscreen' in your code.
2025-08-15 11:14:00,557 WARNING libqtile config.py:assign_app_group():L567 [Assign Hook] Moved transmission-gtk to group 7 and switched to it
2025-08-15 11:14:18,772 WARNING libqtile config.py:assign_app_group():L562 [Assign Hook] App started: transmission-gtk
2025-08-15 11:14:18,772 WARNING libqtile base.py:__getattr__():L273 Deprecation Warning: commands exposed via IPC no longer use the 'cmd_' prefix. Please replace 'cmd_toscreen' with 'toscreen' in your code.
2025-08-15 11:14:18,772 WARNING libqtile config.py:assign_app_group():L567 [Assign Hook] Moved transmission-gtk to group 7 and switched to it
2025-08-15 11:14:32,277 WARNING libqtile config.py:assign_app_group():L562 [Assign Hook] App started: transmission-gtk
2025-08-15 11:14:32,277 WARNING libqtile base.py:__getattr__():L273 Deprecation Warning: commands exposed via IPC no longer use the 'cmd_' prefix. Please replace 'cmd_toscreen' with 'toscreen' in your code.
2025-08-15 11:14:32,277 WARNING libqtile config.py:assign_app_group():L567 [Assign Hook] Moved transmission-gtk to group 7 and switched to it
2025-08-15 11:14:54,164 WARNING libqtile config.py:assign_app_group():L562 [Assign Hook] App started: transmission-gtk
2025-08-15 11:14:54,164 WARNING libqtile base.py:__getattr__():L273 Deprecation Warning: commands exposed via IPC no longer use the 'cmd_' prefix. Please replace 'cmd_toscreen' with 'toscreen' in your code.
2025-08-15 11:14:54,164 WARNING libqtile config.py:assign_app_group():L567 [Assign Hook] Moved transmission-gtk to group 7 and switched to it
2025-08-15 11:15:00,614 WARNING libqtile config.py:assign_app_group():L562 [Assign Hook] App started: transmission-gtk
2025-08-15 11:15:00,614 WARNING libqtile base.py:__getattr__():L273 Deprecation Warning: commands exposed via IPC no longer use the 'cmd_' prefix. Please replace 'cmd_toscreen' with 'toscreen' in your code.
2025-08-15 11:15:00,614 WARNING libqtile config.py:assign_app_group():L567 [Assign Hook] Moved transmission-gtk to group 7 and switched to it
2025-08-15 11:25:10,997 WARNING libqtile launchbar.py:setup_images():L169 No icon found for application "" (None) switch to text mode
2025-08-15 11:25:10,997 WARNING libqtile launchbar.py:setup_images():L169 No icon found for application " " (None) switch to text mode
2025-08-15 11:25:10,997 WARNING libqtile launchbar.py:setup_images():L169 No icon found for application "" (None) switch to text mode
2025-08-15 11:25:10,997 WARNING libqtile launchbar.py:setup_images():L169 No icon found for application "" (None) switch to text mode
2025-08-16 10:10:08,891 WARNING libqtile launchbar.py:setup_images():L169 No icon found for application "" (None) switch to text mode
2025-08-16 10:10:08,891 WARNING libqtile launchbar.py:setup_images():L169 No icon found for application " " (None) switch to text mode
2025-08-16 10:10:08,891 WARNING libqtile launchbar.py:setup_images():L169 No icon found for application "" (None) switch to text mode
2025-08-16 10:10:08,891 WARNING libqtile launchbar.py:setup_images():L169 No icon found for application "" (None) switch to text mode
2025-08-16 10:12:14,843 WARNING libqtile config.py:assign_app_group():L562 [Assign Hook] App started: xfce4-terminal
2025-08-16 10:12:14,849 WARNING libqtile base.py:__getattr__():L273 Deprecation Warning: commands exposed via IPC no longer use the 'cmd_' prefix. Please replace 'cmd_toscreen' with 'toscreen' in your code.
2025-08-16 10:12:14,849 WARNING libqtile config.py:assign_app_group():L567 [Assign Hook] Moved xfce4-terminal to group 5 and switched to it
2025-08-16 10:13:00,194 WARNING libqtile lifecycle.py:_atexit():L38 Qtile will now terminate
2025-08-16 10:22:23,675 WARNING libqtile launchbar.py:setup_images():L169 No icon found for application " " (None) switch to text mode
2025-08-16 10:22:23,701 WARNING libqtile launchbar.py:setup_images():L169 No icon found for application "" (None) switch to text mode
2025-08-16 10:22:23,701 WARNING libqtile launchbar.py:setup_images():L169 No icon found for application "" (None) switch to text mode
2025-08-16 10:22:23,702 WARNING libqtile launchbar.py:setup_images():L169 No icon found for application "" (None) switch to text mode
2025-08-16 10:22:23,727 WARNING libqtile manager.py:grab_key():L521 Key spec duplicated, overriding previous: <Key (['mod4', 'shift'], Right)>
2025-08-16 10:22:23,727 WARNING libqtile manager.py:grab_key():L521 Key spec duplicated, overriding previous: <Key (['mod4', 'shift'], Left)>
2025-08-16 10:22:23,728 WARNING libqtile manager.py:grab_key():L521 Key spec duplicated, overriding previous: <Key (['mod4'], Tab)>
2025-08-16 10:22:23,728 WARNING libqtile manager.py:grab_key():L521 Key spec duplicated, overriding previous: <Key (['mod4', 'shift'], Tab)>
2025-08-16 10:22:23,728 WARNING libqtile manager.py:grab_key():L521 Key spec duplicated, overriding previous: <Key (['mod1'], Tab)>
2025-08-16 10:22:23,728 WARNING libqtile manager.py:grab_key():L521 Key spec duplicated, overriding previous: <Key (['mod1', 'shift'], Tab)>
2025-08-16 10:22:23,728 WARNING libqtile manager.py:grab_key():L521 Key spec duplicated, overriding previous: <Key (['mod4'], Tab)>
2025-08-16 10:22:23,728 WARNING libqtile manager.py:grab_key():L521 Key spec duplicated, overriding previous: <Key (['mod4', 'shift'], Tab)>
2025-08-16 10:22:23,728 WARNING libqtile manager.py:grab_key():L521 Key spec duplicated, overriding previous: <Key (['mod1'], Tab)>
2025-08-16 10:22:23,728 WARNING libqtile manager.py:grab_key():L521 Key spec duplicated, overriding previous: <Key (['mod1', 'shift'], Tab)>
2025-08-16 10:22:23,728 WARNING libqtile manager.py:grab_key():L521 Key spec duplicated, overriding previous: <Key (['mod4'], Tab)>
2025-08-16 10:22:23,728 WARNING libqtile manager.py:grab_key():L521 Key spec duplicated, overriding previous: <Key (['mod4', 'shift'], Tab)>
2025-08-16 10:22:23,729 WARNING libqtile manager.py:grab_key():L521 Key spec duplicated, overriding previous: <Key (['mod1'], Tab)>
2025-08-16 10:22:23,729 WARNING libqtile manager.py:grab_key():L521 Key spec duplicated, overriding previous: <Key (['mod1', 'shift'], Tab)>
2025-08-16 10:22:23,729 WARNING libqtile manager.py:grab_key():L521 Key spec duplicated, overriding previous: <Key (['mod4'], Tab)>
2025-08-16 10:22:23,729 WARNING libqtile manager.py:grab_key():L521 Key spec duplicated, overriding previous: <Key (['mod4', 'shift'], Tab)>
2025-08-16 10:22:23,729 WARNING libqtile manager.py:grab_key():L521 Key spec duplicated, overriding previous: <Key (['mod1'], Tab)>
2025-08-16 10:22:23,729 WARNING libqtile manager.py:grab_key():L521 Key spec duplicated, overriding previous: <Key (['mod1', 'shift'], Tab)>
2025-08-16 10:22:23,729 WARNING libqtile manager.py:grab_key():L521 Key spec duplicated, overriding previous: <Key (['mod4'], Tab)>
2025-08-16 10:22:23,729 WARNING libqtile manager.py:grab_key():L521 Key spec duplicated, overriding previous: <Key (['mod4', 'shift'], Tab)>
2025-08-16 10:22:23,729 WARNING libqtile manager.py:grab_key():L521 Key spec duplicated, overriding previous: <Key (['mod1'], Tab)>
2025-08-16 10:22:23,729 WARNING libqtile manager.py:grab_key():L521 Key spec duplicated, overriding previous: <Key (['mod1', 'shift'], Tab)>
2025-08-16 10:22:23,729 WARNING libqtile manager.py:grab_key():L521 Key spec duplicated, overriding previous: <Key (['mod4'], Tab)>
2025-08-16 10:22:23,729 WARNING libqtile manager.py:grab_key():L521 Key spec duplicated, overriding previous: <Key (['mod4', 'shift'], Tab)>
2025-08-16 10:22:23,730 WARNING libqtile manager.py:grab_key():L521 Key spec duplicated, overriding previous: <Key (['mod1'], Tab)>
2025-08-16 10:22:23,730 WARNING libqtile manager.py:grab_key():L521 Key spec duplicated, overriding previous: <Key (['mod1', 'shift'], Tab)>
2025-08-16 10:22:23,730 WARNING libqtile manager.py:grab_key():L521 Key spec duplicated, overriding previous: <Key (['mod4'], Tab)>
2025-08-16 10:22:23,730 WARNING libqtile manager.py:grab_key():L521 Key spec duplicated, overriding previous: <Key (['mod4', 'shift'], Tab)>
2025-08-16 10:22:23,730 WARNING libqtile manager.py:grab_key():L521 Key spec duplicated, overriding previous: <Key (['mod1'], Tab)>
2025-08-16 10:22:23,730 WARNING libqtile manager.py:grab_key():L521 Key spec duplicated, overriding previous: <Key (['mod1', 'shift'], Tab)>
2025-08-16 10:22:23,730 WARNING libqtile manager.py:grab_key():L521 Key spec duplicated, overriding previous: <Key (['mod4'], Tab)>
2025-08-16 10:22:23,730 WARNING libqtile manager.py:grab_key():L521 Key spec duplicated, overriding previous: <Key (['mod4', 'shift'], Tab)>
2025-08-16 10:22:23,730 WARNING libqtile manager.py:grab_key():L521 Key spec duplicated, overriding previous: <Key (['mod1'], Tab)>
2025-08-16 10:22:23,730 WARNING libqtile manager.py:grab_key():L521 Key spec duplicated, overriding previous: <Key (['mod1', 'shift'], Tab)>
2025-08-16 10:22:23,730 WARNING libqtile manager.py:grab_key():L521 Key spec duplicated, overriding previous: <Key (['mod4'], Tab)>
2025-08-16 10:22:23,730 WARNING libqtile manager.py:grab_key():L521 Key spec duplicated, overriding previous: <Key (['mod4', 'shift'], Tab)>
2025-08-16 10:22:23,731 WARNING libqtile manager.py:grab_key():L521 Key spec duplicated, overriding previous: <Key (['mod1'], Tab)>
2025-08-16 10:22:23,731 WARNING libqtile manager.py:grab_key():L521 Key spec duplicated, overriding previous: <Key (['mod1', 'shift'], Tab)>
2025-08-16 10:22:24,613 WARNING libqtile launchbar.py:setup_images():L169 No icon found for application " " (None) switch to text mode
2025-08-16 10:22:24,613 WARNING libqtile launchbar.py:setup_images():L169 No icon found for application "" (None) switch to text mode
2025-08-16 10:22:24,613 WARNING libqtile launchbar.py:setup_images():L169 No icon found for application "" (None) switch to text mode
2025-08-16 10:22:24,613 WARNING libqtile launchbar.py:setup_images():L169 No icon found for application "" (None) switch to text mode
2025-08-16 10:22:25,327 WARNING libqtile config.py:assign_app_group():L562 [Assign Hook] App started: ulauncher
2025-08-16 10:22:32,270 WARNING libqtile config.py:assign_app_group():L562 [Assign Hook] App started: xfce4-terminal
2025-08-16 10:22:32,271 WARNING libqtile base.py:__getattr__():L273 Deprecation Warning: commands exposed via IPC no longer use the 'cmd_' prefix. Please replace 'cmd_toscreen' with 'toscreen' in your code.
2025-08-16 10:22:32,279 WARNING libqtile config.py:assign_app_group():L567 [Assign Hook] Moved xfce4-terminal to group 5 and switched to it
2025-08-16 10:22:42,173 WARNING libqtile config.py:assign_app_group():L562 [Assign Hook] App started: thunar
2025-08-16 10:22:42,174 WARNING libqtile base.py:__getattr__():L273 Deprecation Warning: commands exposed via IPC no longer use the 'cmd_' prefix. Please replace 'cmd_toscreen' with 'toscreen' in your code.
2025-08-16 10:22:42,181 WARNING libqtile config.py:assign_app_group():L567 [Assign Hook] Moved thunar to group 1 and switched to it
2025-08-16 10:23:11,954 WARNING libqtile config.py:assign_app_group():L562 [Assign Hook] App started: thunar
2025-08-16 10:23:11,954 WARNING libqtile base.py:__getattr__():L273 Deprecation Warning: commands exposed via IPC no longer use the 'cmd_' prefix. Please replace 'cmd_toscreen' with 'toscreen' in your code.
2025-08-16 10:23:11,954 WARNING libqtile config.py:assign_app_group():L567 [Assign Hook] Moved thunar to group 1 and switched to it
2025-08-16 10:23:21,955 WARNING libqtile config.py:assign_app_group():L562 [Assign Hook] App started: polkit-gnome-authentication-agent-1
2025-08-16 10:23:24,643 WARNING libqtile config.py:assign_app_group():L562 [Assign Hook] App started: thunar
2025-08-16 10:23:24,648 WARNING libqtile base.py:__getattr__():L273 Deprecation Warning: commands exposed via IPC no longer use the 'cmd_' prefix. Please replace 'cmd_toscreen' with 'toscreen' in your code.
2025-08-16 10:23:24,648 WARNING libqtile config.py:assign_app_group():L567 [Assign Hook] Moved thunar to group 1 and switched to it
2025-08-16 10:23:47,549 WARNING libqtile config.py:assign_app_group():L562 [Assign Hook] App started: sublime_text
2025-08-16 10:23:47,551 WARNING libqtile base.py:__getattr__():L273 Deprecation Warning: commands exposed via IPC no longer use the 'cmd_' prefix. Please replace 'cmd_toscreen' with 'toscreen' in your code.
2025-08-16 10:23:47,562 WARNING libqtile config.py:assign_app_group():L567 [Assign Hook] Moved sublime_text to group 2 and switched to it
2025-08-16 10:24:32,089 WARNING libqtile config.py:assign_app_group():L562 [Assign Hook] App started: sublime_text
2025-08-16 10:24:32,090 WARNING libqtile base.py:__getattr__():L273 Deprecation Warning: commands exposed via IPC no longer use the 'cmd_' prefix. Please replace 'cmd_toscreen' with 'toscreen' in your code.
2025-08-16 10:24:32,105 WARNING libqtile config.py:assign_app_group():L567 [Assign Hook] Moved sublime_text to group 2 and switched to it
2025-08-16 10:24:44,335 WARNING libqtile config.py:assign_app_group():L562 [Assign Hook] App started: sublime_text
2025-08-16 10:24:44,336 WARNING libqtile base.py:__getattr__():L273 Deprecation Warning: commands exposed via IPC no longer use the 'cmd_' prefix. Please replace 'cmd_toscreen' with 'toscreen' in your code.
2025-08-16 10:24:44,344 WARNING libqtile config.py:assign_app_group():L567 [Assign Hook] Moved sublime_text to group 2 and switched to it
2025-08-16 10:24:54,144 WARNING libqtile config.py:assign_app_group():L562 [Assign Hook] App started: sublime_text
2025-08-16 10:24:54,145 WARNING libqtile base.py:__getattr__():L273 Deprecation Warning: commands exposed via IPC no longer use the 'cmd_' prefix. Please replace 'cmd_toscreen' with 'toscreen' in your code.
2025-08-16 10:24:54,154 WARNING libqtile config.py:assign_app_group():L567 [Assign Hook] Moved sublime_text to group 2 and switched to it
2025-08-16 10:25:27,824 WARNING libqtile config.py:assign_app_group():L562 [Assign Hook] App started: sublime_text
2025-08-16 10:25:27,825 WARNING libqtile base.py:__getattr__():L273 Deprecation Warning: commands exposed via IPC no longer use the 'cmd_' prefix. Please replace 'cmd_toscreen' with 'toscreen' in your code.
2025-08-16 10:25:27,844 WARNING libqtile config.py:assign_app_group():L567 [Assign Hook] Moved sublime_text to group 2 and switched to it
2025-08-16 10:25:38,203 WARNING libqtile config.py:assign_app_group():L562 [Assign Hook] App started: thunar
2025-08-16 10:25:38,203 WARNING libqtile base.py:__getattr__():L273 Deprecation Warning: commands exposed via IPC no longer use the 'cmd_' prefix. Please replace 'cmd_toscreen' with 'toscreen' in your code.
2025-08-16 10:25:38,203 WARNING libqtile config.py:assign_app_group():L567 [Assign Hook] Moved thunar to group 1 and switched to it
2025-08-16 10:26:08,323 WARNING libqtile config.py:assign_app_group():L562 [Assign Hook] App started: sublime_text
2025-08-16 10:26:08,324 WARNING libqtile base.py:__getattr__():L273 Deprecation Warning: commands exposed via IPC no longer use the 'cmd_' prefix. Please replace 'cmd_toscreen' with 'toscreen' in your code.
2025-08-16 10:26:08,344 WARNING libqtile config.py:assign_app_group():L567 [Assign Hook] Moved sublime_text to group 2 and switched to it
2025-08-16 10:26:38,695 WARNING libqtile config.py:assign_app_group():L562 [Assign Hook] App started: thunar
2025-08-16 10:26:38,695 WARNING libqtile base.py:__getattr__():L273 Deprecation Warning: commands exposed via IPC no longer use the 'cmd_' prefix. Please replace 'cmd_toscreen' with 'toscreen' in your code.
2025-08-16 10:26:38,695 WARNING libqtile config.py:assign_app_group():L567 [Assign Hook] Moved thunar to group 1 and switched to it
2025-08-16 10:26:52,296 WARNING libqtile config.py:assign_app_group():L562 [Assign Hook] App started: gcr-prompter
2025-08-16 10:26:54,706 WARNING libqtile config.py:assign_app_group():L562 [Assign Hook] App started: brave-browser
2025-08-16 10:26:54,707 WARNING libqtile base.py:__getattr__():L273 Deprecation Warning: commands exposed via IPC no longer use the 'cmd_' prefix. Please replace 'cmd_toscreen' with 'toscreen' in your code.
2025-08-16 10:26:54,711 WARNING libqtile config.py:assign_app_group():L567 [Assign Hook] Moved brave-browser to group 3 and switched to it
2025-08-16 10:44:14,728 WARNING libqtile core.py:graceful_shutdown():L910 Server disconnected, couldn't close windows gracefully.
2025-08-16 10:44:14,732 WARNING libqtile lifecycle.py:_atexit():L38 Qtile will now terminate
2025-08-16 10:44:40,481 WARNING libqtile launchbar.py:setup_images():L169 No icon found for application "" (None) switch to text mode
2025-08-16 10:44:40,508 WARNING libqtile launchbar.py:setup_images():L169 No icon found for application "" (None) switch to text mode
2025-08-16 10:44:40,508 WARNING libqtile launchbar.py:setup_images():L169 No icon found for application " " (None) switch to text mode
2025-08-16 10:44:40,508 WARNING libqtile launchbar.py:setup_images():L169 No icon found for application "" (None) switch to text mode
2025-08-16 10:44:40,533 WARNING libqtile manager.py:grab_key():L521 Key spec duplicated, overriding previous: <Key (['mod4', 'shift'], Right)>
2025-08-16 10:44:40,533 WARNING libqtile manager.py:grab_key():L521 Key spec duplicated, overriding previous: <Key (['mod4', 'shift'], Left)>
2025-08-16 10:44:40,534 WARNING libqtile manager.py:grab_key():L521 Key spec duplicated, overriding previous: <Key (['mod4'], Tab)>
2025-08-16 10:44:40,534 WARNING libqtile manager.py:grab_key():L521 Key spec duplicated, overriding previous: <Key (['mod4', 'shift'], Tab)>
2025-08-16 10:44:40,534 WARNING libqtile manager.py:grab_key():L521 Key spec duplicated, overriding previous: <Key (['mod1'], Tab)>
2025-08-16 10:44:40,534 WARNING libqtile manager.py:grab_key():L521 Key spec duplicated, overriding previous: <Key (['mod1', 'shift'], Tab)>
2025-08-16 10:44:40,534 WARNING libqtile manager.py:grab_key():L521 Key spec duplicated, overriding previous: <Key (['mod4'], Tab)>
2025-08-16 10:44:40,534 WARNING libqtile manager.py:grab_key():L521 Key spec duplicated, overriding previous: <Key (['mod4', 'shift'], Tab)>
2025-08-16 10:44:40,534 WARNING libqtile manager.py:grab_key():L521 Key spec duplicated, overriding previous: <Key (['mod1'], Tab)>
2025-08-16 10:44:40,534 WARNING libqtile manager.py:grab_key():L521 Key spec duplicated, overriding previous: <Key (['mod1', 'shift'], Tab)>
2025-08-16 10:44:40,534 WARNING libqtile manager.py:grab_key():L521 Key spec duplicated, overriding previous: <Key (['mod4'], Tab)>
2025-08-16 10:44:40,534 WARNING libqtile manager.py:grab_key():L521 Key spec duplicated, overriding previous: <Key (['mod4', 'shift'], Tab)>
2025-08-16 10:44:40,534 WARNING libqtile manager.py:grab_key():L521 Key spec duplicated, overriding previous: <Key (['mod1'], Tab)>
2025-08-16 10:44:40,535 WARNING libqtile manager.py:grab_key():L521 Key spec duplicated, overriding previous: <Key (['mod1', 'shift'], Tab)>
2025-08-16 10:44:40,535 WARNING libqtile manager.py:grab_key():L521 Key spec duplicated, overriding previous: <Key (['mod4'], Tab)>
2025-08-16 10:44:40,535 WARNING libqtile manager.py:grab_key():L521 Key spec duplicated, overriding previous: <Key (['mod4', 'shift'], Tab)>
2025-08-16 10:44:40,535 WARNING libqtile manager.py:grab_key():L521 Key spec duplicated, overriding previous: <Key (['mod1'], Tab)>
2025-08-16 10:44:40,535 WARNING libqtile manager.py:grab_key():L521 Key spec duplicated, overriding previous: <Key (['mod1', 'shift'], Tab)>
2025-08-16 10:44:40,535 WARNING libqtile manager.py:grab_key():L521 Key spec duplicated, overriding previous: <Key (['mod4'], Tab)>
2025-08-16 10:44:40,535 WARNING libqtile manager.py:grab_key():L521 Key spec duplicated, overriding previous: <Key (['mod4', 'shift'], Tab)>
2025-08-16 10:44:40,535 WARNING libqtile manager.py:grab_key():L521 Key spec duplicated, overriding previous: <Key (['mod1'], Tab)>
2025-08-16 10:44:40,535 WARNING libqtile manager.py:grab_key():L521 Key spec duplicated, overriding previous: <Key (['mod1', 'shift'], Tab)>
2025-08-16 10:44:40,535 WARNING libqtile manager.py:grab_key():L521 Key spec duplicated, overriding previous: <Key (['mod4'], Tab)>
2025-08-16 10:44:40,535 WARNING libqtile manager.py:grab_key():L521 Key spec duplicated, overriding previous: <Key (['mod4', 'shift'], Tab)>
2025-08-16 10:44:40,535 WARNING libqtile manager.py:grab_key():L521 Key spec duplicated, overriding previous: <Key (['mod1'], Tab)>
2025-08-16 10:44:40,536 WARNING libqtile manager.py:grab_key():L521 Key spec duplicated, overriding previous: <Key (['mod1', 'shift'], Tab)>
2025-08-16 10:44:40,536 WARNING libqtile manager.py:grab_key():L521 Key spec duplicated, overriding previous: <Key (['mod4'], Tab)>
2025-08-16 10:44:40,536 WARNING libqtile manager.py:grab_key():L521 Key spec duplicated, overriding previous: <Key (['mod4', 'shift'], Tab)>
2025-08-16 10:44:40,536 WARNING libqtile manager.py:grab_key():L521 Key spec duplicated, overriding previous: <Key (['mod1'], Tab)>
2025-08-16 10:44:40,536 WARNING libqtile manager.py:grab_key():L521 Key spec duplicated, overriding previous: <Key (['mod1', 'shift'], Tab)>
2025-08-16 10:44:40,536 WARNING libqtile manager.py:grab_key():L521 Key spec duplicated, overriding previous: <Key (['mod4'], Tab)>
2025-08-16 10:44:40,536 WARNING libqtile manager.py:grab_key():L521 Key spec duplicated, overriding previous: <Key (['mod4', 'shift'], Tab)>
2025-08-16 10:44:40,536 WARNING libqtile manager.py:grab_key():L521 Key spec duplicated, overriding previous: <Key (['mod1'], Tab)>
2025-08-16 10:44:40,536 WARNING libqtile manager.py:grab_key():L521 Key spec duplicated, overriding previous: <Key (['mod1', 'shift'], Tab)>
2025-08-16 10:44:40,536 WARNING libqtile manager.py:grab_key():L521 Key spec duplicated, overriding previous: <Key (['mod4'], Tab)>
2025-08-16 10:44:40,536 WARNING libqtile manager.py:grab_key():L521 Key spec duplicated, overriding previous: <Key (['mod4', 'shift'], Tab)>
2025-08-16 10:44:40,537 WARNING libqtile manager.py:grab_key():L521 Key spec duplicated, overriding previous: <Key (['mod1'], Tab)>
2025-08-16 10:44:40,537 WARNING libqtile manager.py:grab_key():L521 Key spec duplicated, overriding previous: <Key (['mod1', 'shift'], Tab)>
2025-08-16 10:44:41,429 WARNING libqtile launchbar.py:setup_images():L169 No icon found for application "" (None) switch to text mode
2025-08-16 10:44:41,429 WARNING libqtile launchbar.py:setup_images():L169 No icon found for application "" (None) switch to text mode
2025-08-16 10:44:41,429 WARNING libqtile launchbar.py:setup_images():L169 No icon found for application " " (None) switch to text mode
2025-08-16 10:44:41,429 WARNING libqtile launchbar.py:setup_images():L169 No icon found for application "" (None) switch to text mode
2025-08-16 10:44:42,170 WARNING libqtile config.py:assign_app_group():L562 [Assign Hook] App started: ulauncher
2025-08-16 10:44:52,192 WARNING libqtile config.py:assign_app_group():L562 [Assign Hook] App started: gcr-prompter
2025-08-16 10:44:54,455 WARNING libqtile config.py:assign_app_group():L562 [Assign Hook] App started: brave-browser
2025-08-16 10:44:54,457 WARNING libqtile base.py:__getattr__():L273 Deprecation Warning: commands exposed via IPC no longer use the 'cmd_' prefix. Please replace 'cmd_toscreen' with 'toscreen' in your code.
2025-08-16 10:44:54,466 WARNING libqtile config.py:assign_app_group():L567 [Assign Hook] Moved brave-browser to group 3 and switched to it
2025-08-16 10:46:18,143 WARNING libqtile config.py:assign_app_group():L562 [Assign Hook] App started: xfce4-terminal
2025-08-16 10:46:18,144 WARNING libqtile base.py:__getattr__():L273 Deprecation Warning: commands exposed via IPC no longer use the 'cmd_' prefix. Please replace 'cmd_toscreen' with 'toscreen' in your code.
2025-08-16 10:46:18,150 WARNING libqtile config.py:assign_app_group():L567 [Assign Hook] Moved xfce4-terminal to group 5 and switched to it
2025-08-16 10:53:14,905 WARNING libqtile config.py:assign_app_group():L562 [Assign Hook] App started: thunar
2025-08-16 10:53:14,911 WARNING libqtile base.py:__getattr__():L273 Deprecation Warning: commands exposed via IPC no longer use the 'cmd_' prefix. Please replace 'cmd_toscreen' with 'toscreen' in your code.
2025-08-16 10:53:14,911 WARNING libqtile config.py:assign_app_group():L567 [Assign Hook] Moved thunar to group 1 and switched to it
2025-08-16 10:53:48,772 WARNING libqtile config.py:assign_app_group():L562 [Assign Hook] App started: xfce4-terminal
2025-08-16 10:53:48,773 WARNING libqtile base.py:__getattr__():L273 Deprecation Warning: commands exposed via IPC no longer use the 'cmd_' prefix. Please replace 'cmd_toscreen' with 'toscreen' in your code.
2025-08-16 10:53:48,784 WARNING libqtile config.py:assign_app_group():L567 [Assign Hook] Moved xfce4-terminal to group 5 and switched to it
2025-08-16 10:53:51,230 WARNING libqtile lifecycle.py:_atexit():L38 Qtile will now terminate
2025-08-16 10:54:16,205 WARNING libqtile launchbar.py:setup_images():L169 No icon found for application "" (None) switch to text mode
2025-08-16 10:54:16,231 WARNING libqtile launchbar.py:setup_images():L169 No icon found for application "" (None) switch to text mode
2025-08-16 10:54:16,231 WARNING libqtile launchbar.py:setup_images():L169 No icon found for application "" (None) switch to text mode
2025-08-16 10:54:16,231 WARNING libqtile launchbar.py:setup_images():L169 No icon found for application " " (None) switch to text mode
2025-08-16 10:54:16,256 WARNING libqtile manager.py:grab_key():L521 Key spec duplicated, overriding previous: <Key (['mod4', 'shift'], Right)>
2025-08-16 10:54:16,256 WARNING libqtile manager.py:grab_key():L521 Key spec duplicated, overriding previous: <Key (['mod4', 'shift'], Left)>
2025-08-16 10:54:16,256 WARNING libqtile manager.py:grab_key():L521 Key spec duplicated, overriding previous: <Key (['mod4'], Tab)>
2025-08-16 10:54:16,257 WARNING libqtile manager.py:grab_key():L521 Key spec duplicated, overriding previous: <Key (['mod4', 'shift'], Tab)>
2025-08-16 10:54:16,257 WARNING libqtile manager.py:grab_key():L521 Key spec duplicated, overriding previous: <Key (['mod1'], Tab)>
2025-08-16 10:54:16,257 WARNING libqtile manager.py:grab_key():L521 Key spec duplicated, overriding previous: <Key (['mod1', 'shift'], Tab)>
2025-08-16 10:54:16,257 WARNING libqtile manager.py:grab_key():L521 Key spec duplicated, overriding previous: <Key (['mod4'], Tab)>
2025-08-16 10:54:16,257 WARNING libqtile manager.py:grab_key():L521 Key spec duplicated, overriding previous: <Key (['mod4', 'shift'], Tab)>
2025-08-16 10:54:16,257 WARNING libqtile manager.py:grab_key():L521 Key spec duplicated, overriding previous: <Key (['mod1'], Tab)>
2025-08-16 10:54:16,257 WARNING libqtile manager.py:grab_key():L521 Key spec duplicated, overriding previous: <Key (['mod1', 'shift'], Tab)>
2025-08-16 10:54:16,257 WARNING libqtile manager.py:grab_key():L521 Key spec duplicated, overriding previous: <Key (['mod4'], Tab)>
2025-08-16 10:54:16,257 WARNING libqtile manager.py:grab_key():L521 Key spec duplicated, overriding previous: <Key (['mod4', 'shift'], Tab)>
2025-08-16 10:54:16,257 WARNING libqtile manager.py:grab_key():L521 Key spec duplicated, overriding previous: <Key (['mod1'], Tab)>
2025-08-16 10:54:16,257 WARNING libqtile manager.py:grab_key():L521 Key spec duplicated, overriding previous: <Key (['mod1', 'shift'], Tab)>
2025-08-16 10:54:16,258 WARNING libqtile manager.py:grab_key():L521 Key spec duplicated, overriding previous: <Key (['mod4'], Tab)>
2025-08-16 10:54:16,258 WARNING libqtile manager.py:grab_key():L521 Key spec duplicated, overriding previous: <Key (['mod4', 'shift'], Tab)>
2025-08-16 10:54:16,258 WARNING libqtile manager.py:grab_key():L521 Key spec duplicated, overriding previous: <Key (['mod1'], Tab)>
2025-08-16 10:54:16,258 WARNING libqtile manager.py:grab_key():L521 Key spec duplicated, overriding previous: <Key (['mod1', 'shift'], Tab)>
2025-08-16 10:54:16,258 WARNING libqtile manager.py:grab_key():L521 Key spec duplicated, overriding previous: <Key (['mod4'], Tab)>
2025-08-16 10:54:16,258 WARNING libqtile manager.py:grab_key():L521 Key spec duplicated, overriding previous: <Key (['mod4', 'shift'], Tab)>
2025-08-16 10:54:16,258 WARNING libqtile manager.py:grab_key():L521 Key spec duplicated, overriding previous: <Key (['mod1'], Tab)>
2025-08-16 10:54:16,258 WARNING libqtile manager.py:grab_key():L521 Key spec duplicated, overriding previous: <Key (['mod1', 'shift'], Tab)>
2025-08-16 10:54:16,258 WARNING libqtile manager.py:grab_key():L521 Key spec duplicated, overriding previous: <Key (['mod4'], Tab)>
2025-08-16 10:54:16,258 WARNING libqtile manager.py:grab_key():L521 Key spec duplicated, overriding previous: <Key (['mod4', 'shift'], Tab)>
2025-08-16 10:54:16,258 WARNING libqtile manager.py:grab_key():L521 Key spec duplicated, overriding previous: <Key (['mod1'], Tab)>
2025-08-16 10:54:16,258 WARNING libqtile manager.py:grab_key():L521 Key spec duplicated, overriding previous: <Key (['mod1', 'shift'], Tab)>
2025-08-16 10:54:16,259 WARNING libqtile manager.py:grab_key():L521 Key spec duplicated, overriding previous: <Key (['mod4'], Tab)>
2025-08-16 10:54:16,259 WARNING libqtile manager.py:grab_key():L521 Key spec duplicated, overriding previous: <Key (['mod4', 'shift'], Tab)>
2025-08-16 10:54:16,259 WARNING libqtile manager.py:grab_key():L521 Key spec duplicated, overriding previous: <Key (['mod1'], Tab)>
2025-08-16 10:54:16,259 WARNING libqtile manager.py:grab_key():L521 Key spec duplicated, overriding previous: <Key (['mod1', 'shift'], Tab)>
2025-08-16 10:54:16,259 WARNING libqtile manager.py:grab_key():L521 Key spec duplicated, overriding previous: <Key (['mod4'], Tab)>
2025-08-16 10:54:16,259 WARNING libqtile manager.py:grab_key():L521 Key spec duplicated, overriding previous: <Key (['mod4', 'shift'], Tab)>
2025-08-16 10:54:16,259 WARNING libqtile manager.py:grab_key():L521 Key spec duplicated, overriding previous: <Key (['mod1'], Tab)>
2025-08-16 10:54:16,259 WARNING libqtile manager.py:grab_key():L521 Key spec duplicated, overriding previous: <Key (['mod1', 'shift'], Tab)>
2025-08-16 10:54:16,259 WARNING libqtile manager.py:grab_key():L521 Key spec duplicated, overriding previous: <Key (['mod4'], Tab)>
2025-08-16 10:54:16,259 WARNING libqtile manager.py:grab_key():L521 Key spec duplicated, overriding previous: <Key (['mod4', 'shift'], Tab)>
2025-08-16 10:54:16,259 WARNING libqtile manager.py:grab_key():L521 Key spec duplicated, overriding previous: <Key (['mod1'], Tab)>
2025-08-16 10:54:16,260 WARNING libqtile manager.py:grab_key():L521 Key spec duplicated, overriding previous: <Key (['mod1', 'shift'], Tab)>
2025-08-16 10:54:17,191 WARNING libqtile launchbar.py:setup_images():L169 No icon found for application "" (None) switch to text mode
2025-08-16 10:54:17,191 WARNING libqtile launchbar.py:setup_images():L169 No icon found for application "" (None) switch to text mode
2025-08-16 10:54:17,191 WARNING libqtile launchbar.py:setup_images():L169 No icon found for application "" (None) switch to text mode
2025-08-16 10:54:17,191 WARNING libqtile launchbar.py:setup_images():L169 No icon found for application " " (None) switch to text mode
2025-08-16 10:54:17,855 WARNING libqtile config.py:assign_app_group():L562 [Assign Hook] App started: ulauncher
2025-08-16 10:54:22,142 WARNING libqtile config.py:assign_app_group():L562 [Assign Hook] App started: xfce4-terminal
2025-08-16 10:54:22,144 WARNING libqtile base.py:__getattr__():L273 Deprecation Warning: commands exposed via IPC no longer use the 'cmd_' prefix. Please replace 'cmd_toscreen' with 'toscreen' in your code.
2025-08-16 10:54:22,152 WARNING libqtile config.py:assign_app_group():L567 [Assign Hook] Moved xfce4-terminal to group 5 and switched to it
2025-08-16 10:55:01,108 WARNING libqtile config.py:assign_app_group():L562 [Assign Hook] App started: thunar
2025-08-16 10:55:01,115 WARNING libqtile base.py:__getattr__():L273 Deprecation Warning: commands exposed via IPC no longer use the 'cmd_' prefix. Please replace 'cmd_toscreen' with 'toscreen' in your code.
2025-08-16 10:55:01,115 WARNING libqtile config.py:assign_app_group():L567 [Assign Hook] Moved thunar to group 1 and switched to it
2025-08-16 10:55:54,601 WARNING libqtile config.py:assign_app_group():L562 [Assign Hook] App started: gcr-prompter
2025-08-16 10:55:57,023 WARNING libqtile config.py:assign_app_group():L562 [Assign Hook] App started: brave-browser
2025-08-16 10:55:57,025 WARNING libqtile base.py:__getattr__():L273 Deprecation Warning: commands exposed via IPC no longer use the 'cmd_' prefix. Please replace 'cmd_toscreen' with 'toscreen' in your code.
2025-08-16 10:55:57,031 WARNING libqtile config.py:assign_app_group():L567 [Assign Hook] Moved brave-browser to group 3 and switched to it
2025-08-16 10:57:54,828 WARNING libqtile config.py:assign_app_group():L562 [Assign Hook] App started: xfce4-terminal
2025-08-16 10:57:54,834 WARNING libqtile base.py:__getattr__():L273 Deprecation Warning: commands exposed via IPC no longer use the 'cmd_' prefix. Please replace 'cmd_toscreen' with 'toscreen' in your code.
2025-08-16 10:57:54,834 WARNING libqtile config.py:assign_app_group():L567 [Assign Hook] Moved xfce4-terminal to group 5 and switched to it
2025-08-16 11:03:09,288 WARNING libqtile config.py:assign_app_group():L562 [Assign Hook] App started: xfce4-terminal
2025-08-16 11:03:09,294 WARNING libqtile base.py:__getattr__():L273 Deprecation Warning: commands exposed via IPC no longer use the 'cmd_' prefix. Please replace 'cmd_toscreen' with 'toscreen' in your code.
2025-08-16 11:03:09,294 WARNING libqtile config.py:assign_app_group():L567 [Assign Hook] Moved xfce4-terminal to group 5 and switched to it
2025-08-16 11:08:42,075 WARNING libqtile lifecycle.py:_atexit():L38 Qtile will now terminate
2025-08-16 11:09:13,206 WARNING libqtile launchbar.py:setup_images():L169 No icon found for application " " (None) switch to text mode
2025-08-16 11:09:13,232 WARNING libqtile launchbar.py:setup_images():L169 No icon found for application "" (None) switch to text mode
2025-08-16 11:09:13,232 WARNING libqtile launchbar.py:setup_images():L169 No icon found for application "" (None) switch to text mode
2025-08-16 11:09:13,233 WARNING libqtile launchbar.py:setup_images():L169 No icon found for application "" (None) switch to text mode
2025-08-16 11:09:13,257 WARNING libqtile manager.py:grab_key():L521 Key spec duplicated, overriding previous: <Key (['mod4', 'shift'], Right)>
2025-08-16 11:09:13,258 WARNING libqtile manager.py:grab_key():L521 Key spec duplicated, overriding previous: <Key (['mod4', 'shift'], Left)>
2025-08-16 11:09:13,258 WARNING libqtile manager.py:grab_key():L521 Key spec duplicated, overriding previous: <Key (['mod4'], Tab)>
2025-08-16 11:09:13,258 WARNING libqtile manager.py:grab_key():L521 Key spec duplicated, overriding previous: <Key (['mod4', 'shift'], Tab)>
2025-08-16 11:09:13,258 WARNING libqtile manager.py:grab_key():L521 Key spec duplicated, overriding previous: <Key (['mod1'], Tab)>
2025-08-16 11:09:13,258 WARNING libqtile manager.py:grab_key():L521 Key spec duplicated, overriding previous: <Key (['mod1', 'shift'], Tab)>
2025-08-16 11:09:13,258 WARNING libqtile manager.py:grab_key():L521 Key spec duplicated, overriding previous: <Key (['mod4'], Tab)>
2025-08-16 11:09:13,258 WARNING libqtile manager.py:grab_key():L521 Key spec duplicated, overriding previous: <Key (['mod4', 'shift'], Tab)>
2025-08-16 11:09:13,258 WARNING libqtile manager.py:grab_key():L521 Key spec duplicated, overriding previous: <Key (['mod1'], Tab)>
2025-08-16 11:09:13,258 WARNING libqtile manager.py:grab_key():L521 Key spec duplicated, overriding previous: <Key (['mod1', 'shift'], Tab)>
2025-08-16 11:09:13,259 WARNING libqtile manager.py:grab_key():L521 Key spec duplicated, overriding previous: <Key (['mod4'], Tab)>
2025-08-16 11:09:13,259 WARNING libqtile manager.py:grab_key():L521 Key spec duplicated, overriding previous: <Key (['mod4', 'shift'], Tab)>
2025-08-16 11:09:13,259 WARNING libqtile manager.py:grab_key():L521 Key spec duplicated, overriding previous: <Key (['mod1'], Tab)>
2025-08-16 11:09:13,259 WARNING libqtile manager.py:grab_key():L521 Key spec duplicated, overriding previous: <Key (['mod1', 'shift'], Tab)>
2025-08-16 11:09:13,259 WARNING libqtile manager.py:grab_key():L521 Key spec duplicated, overriding previous: <Key (['mod4'], Tab)>
2025-08-16 11:09:13,259 WARNING libqtile manager.py:grab_key():L521 Key spec duplicated, overriding previous: <Key (['mod4', 'shift'], Tab)>
2025-08-16 11:09:13,259 WARNING libqtile manager.py:grab_key():L521 Key spec duplicated, overriding previous: <Key (['mod1'], Tab)>
2025-08-16 11:09:13,259 WARNING libqtile manager.py:grab_key():L521 Key spec duplicated, overriding previous: <Key (['mod1', 'shift'], Tab)>
2025-08-16 11:09:13,259 WARNING libqtile manager.py:grab_key():L521 Key spec duplicated, overriding previous: <Key (['mod4'], Tab)>
2025-08-16 11:09:13,259 WARNING libqtile manager.py:grab_key():L521 Key spec duplicated, overriding previous: <Key (['mod4', 'shift'], Tab)>
2025-08-16 11:09:13,259 WARNING libqtile manager.py:grab_key():L521 Key spec duplicated, overriding previous: <Key (['mod1'], Tab)>
2025-08-16 11:09:13,259 WARNING libqtile manager.py:grab_key():L521 Key spec duplicated, overriding previous: <Key (['mod1', 'shift'], Tab)>
2025-08-16 11:09:13,260 WARNING libqtile manager.py:grab_key():L521 Key spec duplicated, overriding previous: <Key (['mod4'], Tab)>
2025-08-16 11:09:13,260 WARNING libqtile manager.py:grab_key():L521 Key spec duplicated, overriding previous: <Key (['mod4', 'shift'], Tab)>
2025-08-16 11:09:13,260 WARNING libqtile manager.py:grab_key():L521 Key spec duplicated, overriding previous: <Key (['mod1'], Tab)>
2025-08-16 11:09:13,260 WARNING libqtile manager.py:grab_key():L521 Key spec duplicated, overriding previous: <Key (['mod1', 'shift'], Tab)>
2025-08-16 11:09:13,260 WARNING libqtile manager.py:grab_key():L521 Key spec duplicated, overriding previous: <Key (['mod4'], Tab)>
2025-08-16 11:09:13,260 WARNING libqtile manager.py:grab_key():L521 Key spec duplicated, overriding previous: <Key (['mod4', 'shift'], Tab)>
2025-08-16 11:09:13,260 WARNING libqtile manager.py:grab_key():L521 Key spec duplicated, overriding previous: <Key (['mod1'], Tab)>
2025-08-16 11:09:13,260 WARNING libqtile manager.py:grab_key():L521 Key spec duplicated, overriding previous: <Key (['mod1', 'shift'], Tab)>
2025-08-16 11:09:13,260 WARNING libqtile manager.py:grab_key():L521 Key spec duplicated, overriding previous: <Key (['mod4'], Tab)>
2025-08-16 11:09:13,260 WARNING libqtile manager.py:grab_key():L521 Key spec duplicated, overriding previous: <Key (['mod4', 'shift'], Tab)>
2025-08-16 11:09:13,260 WARNING libqtile manager.py:grab_key():L521 Key spec duplicated, overriding previous: <Key (['mod1'], Tab)>
2025-08-16 11:09:13,260 WARNING libqtile manager.py:grab_key():L521 Key spec duplicated, overriding previous: <Key (['mod1', 'shift'], Tab)>
2025-08-16 11:09:13,261 WARNING libqtile manager.py:grab_key():L521 Key spec duplicated, overriding previous: <Key (['mod4'], Tab)>
2025-08-16 11:09:13,261 WARNING libqtile manager.py:grab_key():L521 Key spec duplicated, overriding previous: <Key (['mod4', 'shift'], Tab)>
2025-08-16 11:09:13,261 WARNING libqtile manager.py:grab_key():L521 Key spec duplicated, overriding previous: <Key (['mod1'], Tab)>
2025-08-16 11:09:13,261 WARNING libqtile manager.py:grab_key():L521 Key spec duplicated, overriding previous: <Key (['mod1', 'shift'], Tab)>
2025-08-16 11:09:14,137 WARNING libqtile launchbar.py:setup_images():L169 No icon found for application " " (None) switch to text mode
2025-08-16 11:09:14,137 WARNING libqtile launchbar.py:setup_images():L169 No icon found for application "" (None) switch to text mode
2025-08-16 11:09:14,137 WARNING libqtile launchbar.py:setup_images():L169 No icon found for application "" (None) switch to text mode
2025-08-16 11:09:14,138 WARNING libqtile launchbar.py:setup_images():L169 No icon found for application "" (None) switch to text mode
2025-08-16 11:09:14,854 WARNING libqtile config.py:assign_app_group():L562 [Assign Hook] App started: ulauncher
2025-08-16 11:09:29,537 WARNING libqtile config.py:assign_app_group():L562 [Assign Hook] App started: xfce4-terminal
2025-08-16 11:09:29,538 WARNING libqtile base.py:__getattr__():L273 Deprecation Warning: commands exposed via IPC no longer use the 'cmd_' prefix. Please replace 'cmd_toscreen' with 'toscreen' in your code.
2025-08-16 11:09:29,543 WARNING libqtile config.py:assign_app_group():L567 [Assign Hook] Moved xfce4-terminal to group 5 and switched to it
2025-08-16 11:09:31,987 WARNING libqtile core.py:graceful_shutdown():L910 Server disconnected, couldn't close windows gracefully.
2025-08-16 11:09:31,992 WARNING libqtile lifecycle.py:_atexit():L38 Qtile will now terminate
2025-08-16 11:09:57,288 WARNING libqtile launchbar.py:setup_images():L169 No icon found for application "" (None) switch to text mode
2025-08-16 11:09:57,314 WARNING libqtile launchbar.py:setup_images():L169 No icon found for application " " (None) switch to text mode
2025-08-16 11:09:57,314 WARNING libqtile launchbar.py:setup_images():L169 No icon found for application "" (None) switch to text mode
2025-08-16 11:09:57,314 WARNING libqtile launchbar.py:setup_images():L169 No icon found for application "" (None) switch to text mode
2025-08-16 11:09:57,339 WARNING libqtile manager.py:grab_key():L521 Key spec duplicated, overriding previous: <Key (['mod4', 'shift'], Right)>
2025-08-16 11:09:57,339 WARNING libqtile manager.py:grab_key():L521 Key spec duplicated, overriding previous: <Key (['mod4', 'shift'], Left)>
2025-08-16 11:09:57,339 WARNING libqtile manager.py:grab_key():L521 Key spec duplicated, overriding previous: <Key (['mod4'], Tab)>
2025-08-16 11:09:57,340 WARNING libqtile manager.py:grab_key():L521 Key spec duplicated, overriding previous: <Key (['mod4', 'shift'], Tab)>
2025-08-16 11:09:57,340 WARNING libqtile manager.py:grab_key():L521 Key spec duplicated, overriding previous: <Key (['mod1'], Tab)>
2025-08-16 11:09:57,340 WARNING libqtile manager.py:grab_key():L521 Key spec duplicated, overriding previous: <Key (['mod1', 'shift'], Tab)>
2025-08-16 11:09:57,340 WARNING libqtile manager.py:grab_key():L521 Key spec duplicated, overriding previous: <Key (['mod4'], Tab)>
2025-08-16 11:09:57,340 WARNING libqtile manager.py:grab_key():L521 Key spec duplicated, overriding previous: <Key (['mod4', 'shift'], Tab)>
2025-08-16 11:09:57,340 WARNING libqtile manager.py:grab_key():L521 Key spec duplicated, overriding previous: <Key (['mod1'], Tab)>
2025-08-16 11:09:57,340 WARNING libqtile manager.py:grab_key():L521 Key spec duplicated, overriding previous: <Key (['mod1', 'shift'], Tab)>
2025-08-16 11:09:57,340 WARNING libqtile manager.py:grab_key():L521 Key spec duplicated, overriding previous: <Key (['mod4'], Tab)>
2025-08-16 11:09:57,340 WARNING libqtile manager.py:grab_key():L521 Key spec duplicated, overriding previous: <Key (['mod4', 'shift'], Tab)>
2025-08-16 11:09:57,340 WARNING libqtile manager.py:grab_key():L521 Key spec duplicated, overriding previous: <Key (['mod1'], Tab)>
2025-08-16 11:09:57,340 WARNING libqtile manager.py:grab_key():L521 Key spec duplicated, overriding previous: <Key (['mod1', 'shift'], Tab)>
2025-08-16 11:09:57,341 WARNING libqtile manager.py:grab_key():L521 Key spec duplicated, overriding previous: <Key (['mod4'], Tab)>
2025-08-16 11:09:57,341 WARNING libqtile manager.py:grab_key():L521 Key spec duplicated, overriding previous: <Key (['mod4', 'shift'], Tab)>
2025-08-16 11:09:57,341 WARNING libqtile manager.py:grab_key():L521 Key spec duplicated, overriding previous: <Key (['mod1'], Tab)>
2025-08-16 11:09:57,341 WARNING libqtile manager.py:grab_key():L521 Key spec duplicated, overriding previous: <Key (['mod1', 'shift'], Tab)>
2025-08-16 11:09:57,341 WARNING libqtile manager.py:grab_key():L521 Key spec duplicated, overriding previous: <Key (['mod4'], Tab)>
2025-08-16 11:09:57,341 WARNING libqtile manager.py:grab_key():L521 Key spec duplicated, overriding previous: <Key (['mod4', 'shift'], Tab)>
2025-08-16 11:09:57,341 WARNING libqtile manager.py:grab_key():L521 Key spec duplicated, overriding previous: <Key (['mod1'], Tab)>
2025-08-16 11:09:57,341 WARNING libqtile manager.py:grab_key():L521 Key spec duplicated, overriding previous: <Key (['mod1', 'shift'], Tab)>
2025-08-16 11:09:57,341 WARNING libqtile manager.py:grab_key():L521 Key spec duplicated, overriding previous: <Key (['mod4'], Tab)>
2025-08-16 11:09:57,341 WARNING libqtile manager.py:grab_key():L521 Key spec duplicated, overriding previous: <Key (['mod4', 'shift'], Tab)>
2025-08-16 11:09:57,341 WARNING libqtile manager.py:grab_key():L521 Key spec duplicated, overriding previous: <Key (['mod1'], Tab)>
2025-08-16 11:09:57,341 WARNING libqtile manager.py:grab_key():L521 Key spec duplicated, overriding previous: <Key (['mod1', 'shift'], Tab)>
2025-08-16 11:09:57,342 WARNING libqtile manager.py:grab_key():L521 Key spec duplicated, overriding previous: <Key (['mod4'], Tab)>
2025-08-16 11:09:57,342 WARNING libqtile manager.py:grab_key():L521 Key spec duplicated, overriding previous: <Key (['mod4', 'shift'], Tab)>
2025-08-16 11:09:57,342 WARNING libqtile manager.py:grab_key():L521 Key spec duplicated, overriding previous: <Key (['mod1'], Tab)>
2025-08-16 11:09:57,342 WARNING libqtile manager.py:grab_key():L521 Key spec duplicated, overriding previous: <Key (['mod1', 'shift'], Tab)>
2025-08-16 11:09:57,342 WARNING libqtile manager.py:grab_key():L521 Key spec duplicated, overriding previous: <Key (['mod4'], Tab)>
2025-08-16 11:09:57,342 WARNING libqtile manager.py:grab_key():L521 Key spec duplicated, overriding previous: <Key (['mod4', 'shift'], Tab)>
2025-08-16 11:09:57,342 WARNING libqtile manager.py:grab_key():L521 Key spec duplicated, overriding previous: <Key (['mod1'], Tab)>
2025-08-16 11:09:57,342 WARNING libqtile manager.py:grab_key():L521 Key spec duplicated, overriding previous: <Key (['mod1', 'shift'], Tab)>
2025-08-16 11:09:57,342 WARNING libqtile manager.py:grab_key():L521 Key spec duplicated, overriding previous: <Key (['mod4'], Tab)>
2025-08-16 11:09:57,342 WARNING libqtile manager.py:grab_key():L521 Key spec duplicated, overriding previous: <Key (['mod4', 'shift'], Tab)>
2025-08-16 11:09:57,342 WARNING libqtile manager.py:grab_key():L521 Key spec duplicated, overriding previous: <Key (['mod1'], Tab)>
2025-08-16 11:09:57,342 WARNING libqtile manager.py:grab_key():L521 Key spec duplicated, overriding previous: <Key (['mod1', 'shift'], Tab)>
2025-08-16 11:09:58,237 WARNING libqtile launchbar.py:setup_images():L169 No icon found for application "" (None) switch to text mode
2025-08-16 11:09:58,237 WARNING libqtile launchbar.py:setup_images():L169 No icon found for application " " (None) switch to text mode
2025-08-16 11:09:58,238 WARNING libqtile launchbar.py:setup_images():L169 No icon found for application "" (None) switch to text mode
2025-08-16 11:09:58,238 WARNING libqtile launchbar.py:setup_images():L169 No icon found for application "" (None) switch to text mode
2025-08-16 11:09:59,000 WARNING libqtile config.py:assign_app_group():L562 [Assign Hook] App started: ulauncher
2025-08-16 11:10:07,454 WARNING libqtile config.py:assign_app_group():L562 [Assign Hook] App started: gcr-prompter
2025-08-16 11:10:10,275 WARNING libqtile config.py:assign_app_group():L562 [Assign Hook] App started: brave-browser
2025-08-16 11:10:10,279 WARNING libqtile base.py:__getattr__():L273 Deprecation Warning: commands exposed via IPC no longer use the 'cmd_' prefix. Please replace 'cmd_toscreen' with 'toscreen' in your code.
2025-08-16 11:10:10,282 WARNING libqtile config.py:assign_app_group():L567 [Assign Hook] Moved brave-browser to group 3 and switched to it
2025-08-16 11:11:13,087 WARNING libqtile config.py:assign_app_group():L562 [Assign Hook] App started: transmission-gtk
2025-08-16 11:11:13,089 WARNING libqtile base.py:__getattr__():L273 Deprecation Warning: commands exposed via IPC no longer use the 'cmd_' prefix. Please replace 'cmd_toscreen' with 'toscreen' in your code.
2025-08-16 11:11:13,095 WARNING libqtile config.py:assign_app_group():L567 [Assign Hook] Moved transmission-gtk to group 7 and switched to it
2025-08-16 11:11:13,129 WARNING libqtile config.py:assign_app_group():L562 [Assign Hook] App started: transmission-gtk
2025-08-16 11:11:13,129 WARNING libqtile base.py:__getattr__():L273 Deprecation Warning: commands exposed via IPC no longer use the 'cmd_' prefix. Please replace 'cmd_toscreen' with 'toscreen' in your code.
2025-08-16 11:11:13,129 WARNING libqtile config.py:assign_app_group():L567 [Assign Hook] Moved transmission-gtk to group 7 and switched to it
2025-08-16 11:17:45,474 WARNING libqtile config.py:assign_app_group():L562 [Assign Hook] App started: xfce4-notifyd
2025-08-16 11:24:29,318 WARNING libqtile config.py:assign_app_group():L562 [Assign Hook] App started: thunar
2025-08-16 11:24:29,324 WARNING libqtile base.py:__getattr__():L273 Deprecation Warning: commands exposed via IPC no longer use the 'cmd_' prefix. Please replace 'cmd_toscreen' with 'toscreen' in your code.
2025-08-16 11:24:29,324 WARNING libqtile config.py:assign_app_group():L567 [Assign Hook] Moved thunar to group 1 and switched to it
2025-08-16 11:24:45,769 WARNING libqtile config.py:assign_app_group():L562 [Assign Hook] App started: thunar
2025-08-16 11:24:45,780 WARNING libqtile base.py:__getattr__():L273 Deprecation Warning: commands exposed via IPC no longer use the 'cmd_' prefix. Please replace 'cmd_toscreen' with 'toscreen' in your code.
2025-08-16 11:24:45,780 WARNING libqtile config.py:assign_app_group():L567 [Assign Hook] Moved thunar to group 1 and switched to it
2025-08-16 14:01:57,537 WARNING libqtile config.py:assign_app_group():L562 [Assign Hook] App started: archlinux-logout.py
2025-08-16 14:03:02,493 WARNING libqtile launchbar.py:setup_images():L169 No icon found for application "" (None) switch to text mode
2025-08-16 14:03:02,493 WARNING libqtile launchbar.py:setup_images():L169 No icon found for application " " (None) switch to text mode
2025-08-16 14:03:02,493 WARNING libqtile launchbar.py:setup_images():L169 No icon found for application "" (None) switch to text mode
2025-08-16 14:03:02,493 WARNING libqtile launchbar.py:setup_images():L169 No icon found for application "" (None) switch to text mode
2025-08-16 16:10:20,448 WARNING libqtile config.py:assign_app_group():L562 [Assign Hook] App started: xfce4-notifyd
2025-08-19 08:38:24,515 WARNING libqtile launchbar.py:setup_images():L169 No icon found for application "" (None) switch to text mode
2025-08-19 08:38:24,515 WARNING libqtile launchbar.py:setup_images():L169 No icon found for application " " (None) switch to text mode
2025-08-19 08:38:24,515 WARNING libqtile launchbar.py:setup_images():L169 No icon found for application "" (None) switch to text mode
2025-08-19 08:38:24,516 WARNING libqtile launchbar.py:setup_images():L169 No icon found for application "" (None) switch to text mode
2025-08-19 08:38:27,520 WARNING libqtile lifecycle.py:_atexit():L34 Restarting Qtile with os.execv(...)
2025-08-19 08:38:28,882 WARNING libqtile launchbar.py:setup_images():L169 No icon found for application "" (None) switch to text mode
2025-08-19 08:38:28,900 WARNING libqtile launchbar.py:setup_images():L169 No icon found for application " " (None) switch to text mode
2025-08-19 08:38:28,901 WARNING libqtile launchbar.py:setup_images():L169 No icon found for application "" (None) switch to text mode
2025-08-19 08:38:28,901 WARNING libqtile launchbar.py:setup_images():L169 No icon found for application "" (None) switch to text mode
2025-08-19 08:38:28,920 WARNING libqtile manager.py:grab_key():L521 Key spec duplicated, overriding previous: <Key (['mod4', 'shift'], Right)>
2025-08-19 08:38:28,921 WARNING libqtile manager.py:grab_key():L521 Key spec duplicated, overriding previous: <Key (['mod4', 'shift'], Left)>
2025-08-19 08:38:28,921 WARNING libqtile manager.py:grab_key():L521 Key spec duplicated, overriding previous: <Key (['mod4'], Tab)>
2025-08-19 08:38:28,921 WARNING libqtile manager.py:grab_key():L521 Key spec duplicated, overriding previous: <Key (['mod4', 'shift'], Tab)>
2025-08-19 08:38:28,921 WARNING libqtile manager.py:grab_key():L521 Key spec duplicated, overriding previous: <Key (['mod1'], Tab)>
2025-08-19 08:38:28,921 WARNING libqtile manager.py:grab_key():L521 Key spec duplicated, overriding previous: <Key (['mod1', 'shift'], Tab)>
2025-08-19 08:38:28,921 WARNING libqtile manager.py:grab_key():L521 Key spec duplicated, overriding previous: <Key (['mod4'], Tab)>
2025-08-19 08:38:28,921 WARNING libqtile manager.py:grab_key():L521 Key spec duplicated, overriding previous: <Key (['mod4', 'shift'], Tab)>
2025-08-19 08:38:28,921 WARNING libqtile manager.py:grab_key():L521 Key spec duplicated, overriding previous: <Key (['mod1'], Tab)>
2025-08-19 08:38:28,922 WARNING libqtile manager.py:grab_key():L521 Key spec duplicated, overriding previous: <Key (['mod1', 'shift'], Tab)>
2025-08-19 08:38:28,922 WARNING libqtile manager.py:grab_key():L521 Key spec duplicated, overriding previous: <Key (['mod4'], Tab)>
2025-08-19 08:38:28,922 WARNING libqtile manager.py:grab_key():L521 Key spec duplicated, overriding previous: <Key (['mod4', 'shift'], Tab)>
2025-08-19 08:38:28,922 WARNING libqtile manager.py:grab_key():L521 Key spec duplicated, overriding previous: <Key (['mod1'], Tab)>
2025-08-19 08:38:28,922 WARNING libqtile manager.py:grab_key():L521 Key spec duplicated, overriding previous: <Key (['mod1', 'shift'], Tab)>
2025-08-19 08:38:28,922 WARNING libqtile manager.py:grab_key():L521 Key spec duplicated, overriding previous: <Key (['mod4'], Tab)>
2025-08-19 08:38:28,922 WARNING libqtile manager.py:grab_key():L521 Key spec duplicated, overriding previous: <Key (['mod4', 'shift'], Tab)>
2025-08-19 08:38:28,922 WARNING libqtile manager.py:grab_key():L521 Key spec duplicated, overriding previous: <Key (['mod1'], Tab)>
2025-08-19 08:38:28,922 WARNING libqtile manager.py:grab_key():L521 Key spec duplicated, overriding previous: <Key (['mod1', 'shift'], Tab)>
2025-08-19 08:38:28,922 WARNING libqtile manager.py:grab_key():L521 Key spec duplicated, overriding previous: <Key (['mod4'], Tab)>
2025-08-19 08:38:28,922 WARNING libqtile manager.py:grab_key():L521 Key spec duplicated, overriding previous: <Key (['mod4', 'shift'], Tab)>
2025-08-19 08:38:28,922 WARNING libqtile manager.py:grab_key():L521 Key spec duplicated, overriding previous: <Key (['mod1'], Tab)>
2025-08-19 08:38:28,923 WARNING libqtile manager.py:grab_key():L521 Key spec duplicated, overriding previous: <Key (['mod1', 'shift'], Tab)>
2025-08-19 08:38:28,923 WARNING libqtile manager.py:grab_key():L521 Key spec duplicated, overriding previous: <Key (['mod4'], Tab)>
2025-08-19 08:38:28,923 WARNING libqtile manager.py:grab_key():L521 Key spec duplicated, overriding previous: <Key (['mod4', 'shift'], Tab)>
2025-08-19 08:38:28,923 WARNING libqtile manager.py:grab_key():L521 Key spec duplicated, overriding previous: <Key (['mod1'], Tab)>
2025-08-19 08:38:28,923 WARNING libqtile manager.py:grab_key():L521 Key spec duplicated, overriding previous: <Key (['mod1', 'shift'], Tab)>
2025-08-19 08:38:28,923 WARNING libqtile manager.py:grab_key():L521 Key spec duplicated, overriding previous: <Key (['mod4'], Tab)>
2025-08-19 08:38:28,923 WARNING libqtile manager.py:grab_key():L521 Key spec duplicated, overriding previous: <Key (['mod4', 'shift'], Tab)>
2025-08-19 08:38:28,923 WARNING libqtile manager.py:grab_key():L521 Key spec duplicated, overriding previous: <Key (['mod1'], Tab)>
2025-08-19 08:38:28,923 WARNING libqtile manager.py:grab_key():L521 Key spec duplicated, overriding previous: <Key (['mod1', 'shift'], Tab)>
2025-08-19 08:38:28,923 WARNING libqtile manager.py:grab_key():L521 Key spec duplicated, overriding previous: <Key (['mod4'], Tab)>
2025-08-19 08:38:28,923 WARNING libqtile manager.py:grab_key():L521 Key spec duplicated, overriding previous: <Key (['mod4', 'shift'], Tab)>
2025-08-19 08:38:28,924 WARNING libqtile manager.py:grab_key():L521 Key spec duplicated, overriding previous: <Key (['mod1'], Tab)>
2025-08-19 08:38:28,924 WARNING libqtile manager.py:grab_key():L521 Key spec duplicated, overriding previous: <Key (['mod1', 'shift'], Tab)>
2025-08-19 08:38:28,924 WARNING libqtile manager.py:grab_key():L521 Key spec duplicated, overriding previous: <Key (['mod4'], Tab)>
2025-08-19 08:38:28,924 WARNING libqtile manager.py:grab_key():L521 Key spec duplicated, overriding previous: <Key (['mod4', 'shift'], Tab)>
2025-08-19 08:38:28,924 WARNING libqtile manager.py:grab_key():L521 Key spec duplicated, overriding previous: <Key (['mod1'], Tab)>
2025-08-19 08:38:28,924 WARNING libqtile manager.py:grab_key():L521 Key spec duplicated, overriding previous: <Key (['mod1', 'shift'], Tab)>
2025-08-19 08:38:28,955 WARNING libqtile config.py:assign_app_group():L562 [Assign Hook] App started: brave-browser
2025-08-19 08:38:28,955 WARNING libqtile base.py:__getattr__():L273 Deprecation Warning: commands exposed via IPC no longer use the 'cmd_' prefix. Please replace 'cmd_toscreen' with 'toscreen' in your code.
2025-08-19 08:38:28,959 WARNING libqtile config.py:assign_app_group():L567 [Assign Hook] Moved brave-browser to group 3 and switched to it
2025-08-19 08:38:29,017 WARNING libqtile config.py:assign_app_group():L562 [Assign Hook] App started: thunar
2025-08-19 08:38:29,017 WARNING libqtile base.py:__getattr__():L273 Deprecation Warning: commands exposed via IPC no longer use the 'cmd_' prefix. Please replace 'cmd_toscreen' with 'toscreen' in your code.
2025-08-19 08:38:29,021 WARNING libqtile config.py:assign_app_group():L567 [Assign Hook] Moved thunar to group 1 and switched to it
2025-08-19 08:38:40,409 WARNING libqtile config.py:assign_app_group():L562 [Assign Hook] App started: xfce4-terminal
2025-08-19 08:38:40,414 WARNING libqtile base.py:__getattr__():L273 Deprecation Warning: commands exposed via IPC no longer use the 'cmd_' prefix. Please replace 'cmd_toscreen' with 'toscreen' in your code.
2025-08-19 08:38:40,415 WARNING libqtile config.py:assign_app_group():L567 [Assign Hook] Moved xfce4-terminal to group 5 and switched to it
2025-08-19 08:38:55,356 WARNING libqtile config.py:assign_app_group():L562 [Assign Hook] App started: xfce4-terminal
2025-08-19 08:38:55,362 WARNING libqtile base.py:__getattr__():L273 Deprecation Warning: commands exposed via IPC no longer use the 'cmd_' prefix. Please replace 'cmd_toscreen' with 'toscreen' in your code.
2025-08-19 08:38:55,362 WARNING libqtile config.py:assign_app_group():L567 [Assign Hook] Moved xfce4-terminal to group 5 and switched to it
2025-08-19 08:42:18,946 WARNING libqtile config.py:assign_app_group():L562 [Assign Hook] App started: brave-browser
2025-08-19 08:42:18,947 WARNING libqtile base.py:__getattr__():L273 Deprecation Warning: commands exposed via IPC no longer use the 'cmd_' prefix. Please replace 'cmd_toscreen' with 'toscreen' in your code.
2025-08-19 08:42:18,961 WARNING libqtile config.py:assign_app_group():L567 [Assign Hook] Moved brave-browser to group 3 and switched to it
2025-08-19 08:47:59,262 WARNING libqtile config.py:assign_app_group():L562 [Assign Hook] App started: xfce4-terminal
2025-08-19 08:47:59,270 WARNING libqtile base.py:__getattr__():L273 Deprecation Warning: commands exposed via IPC no longer use the 'cmd_' prefix. Please replace 'cmd_toscreen' with 'toscreen' in your code.
2025-08-19 08:47:59,270 WARNING libqtile config.py:assign_app_group():L567 [Assign Hook] Moved xfce4-terminal to group 5 and switched to it
2025-08-19 08:48:03,618 WARNING libqtile lifecycle.py:_atexit():L38 Qtile will now terminate
2025-08-19 08:52:07,801 WARNING libqtile launchbar.py:setup_images():L169 No icon found for application " " (None) switch to text mode
2025-08-19 08:52:07,827 WARNING libqtile launchbar.py:setup_images():L169 No icon found for application "" (None) switch to text mode
2025-08-19 08:52:07,827 WARNING libqtile launchbar.py:setup_images():L169 No icon found for application "" (None) switch to text mode
2025-08-19 08:52:07,827 WARNING libqtile launchbar.py:setup_images():L169 No icon found for application "" (None) switch to text mode
2025-08-19 08:52:07,852 WARNING libqtile manager.py:grab_key():L521 Key spec duplicated, overriding previous: <Key (['mod4', 'shift'], Right)>
2025-08-19 08:52:07,852 WARNING libqtile manager.py:grab_key():L521 Key spec duplicated, overriding previous: <Key (['mod4', 'shift'], Left)>
2025-08-19 08:52:07,853 WARNING libqtile manager.py:grab_key():L521 Key spec duplicated, overriding previous: <Key (['mod4'], Tab)>
2025-08-19 08:52:07,853 WARNING libqtile manager.py:grab_key():L521 Key spec duplicated, overriding previous: <Key (['mod4', 'shift'], Tab)>
2025-08-19 08:52:07,853 WARNING libqtile manager.py:grab_key():L521 Key spec duplicated, overriding previous: <Key (['mod1'], Tab)>
2025-08-19 08:52:07,853 WARNING libqtile manager.py:grab_key():L521 Key spec duplicated, overriding previous: <Key (['mod1', 'shift'], Tab)>
2025-08-19 08:52:07,853 WARNING libqtile manager.py:grab_key():L521 Key spec duplicated, overriding previous: <Key (['mod4'], Tab)>
2025-08-19 08:52:07,853 WARNING libqtile manager.py:grab_key():L521 Key spec duplicated, overriding previous: <Key (['mod4', 'shift'], Tab)>
2025-08-19 08:52:07,853 WARNING libqtile manager.py:grab_key():L521 Key spec duplicated, overriding previous: <Key (['mod1'], Tab)>
2025-08-19 08:52:07,853 WARNING libqtile manager.py:grab_key():L521 Key spec duplicated, overriding previous: <Key (['mod1', 'shift'], Tab)>
2025-08-19 08:52:07,853 WARNING libqtile manager.py:grab_key():L521 Key spec duplicated, overriding previous: <Key (['mod4'], Tab)>
2025-08-19 08:52:07,854 WARNING libqtile manager.py:grab_key():L521 Key spec duplicated, overriding previous: <Key (['mod4', 'shift'], Tab)>
2025-08-19 08:52:07,854 WARNING libqtile manager.py:grab_key():L521 Key spec duplicated, overriding previous: <Key (['mod1'], Tab)>
2025-08-19 08:52:07,854 WARNING libqtile manager.py:grab_key():L521 Key spec duplicated, overriding previous: <Key (['mod1', 'shift'], Tab)>
2025-08-19 08:52:07,854 WARNING libqtile manager.py:grab_key():L521 Key spec duplicated, overriding previous: <Key (['mod4'], Tab)>
2025-08-19 08:52:07,854 WARNING libqtile manager.py:grab_key():L521 Key spec duplicated, overriding previous: <Key (['mod4', 'shift'], Tab)>
2025-08-19 08:52:07,854 WARNING libqtile manager.py:grab_key():L521 Key spec duplicated, overriding previous: <Key (['mod1'], Tab)>
2025-08-19 08:52:07,854 WARNING libqtile manager.py:grab_key():L521 Key spec duplicated, overriding previous: <Key (['mod1', 'shift'], Tab)>
2025-08-19 08:52:07,854 WARNING libqtile manager.py:grab_key():L521 Key spec duplicated, overriding previous: <Key (['mod4'], Tab)>
2025-08-19 08:52:07,854 WARNING libqtile manager.py:grab_key():L521 Key spec duplicated, overriding previous: <Key (['mod4', 'shift'], Tab)>
2025-08-19 08:52:07,854 WARNING libqtile manager.py:grab_key():L521 Key spec duplicated, overriding previous: <Key (['mod1'], Tab)>
2025-08-19 08:52:07,854 WARNING libqtile manager.py:grab_key():L521 Key spec duplicated, overriding previous: <Key (['mod1', 'shift'], Tab)>
2025-08-19 08:52:07,854 WARNING libqtile manager.py:grab_key():L521 Key spec duplicated, overriding previous: <Key (['mod4'], Tab)>
2025-08-19 08:52:07,855 WARNING libqtile manager.py:grab_key():L521 Key spec duplicated, overriding previous: <Key (['mod4', 'shift'], Tab)>
2025-08-19 08:52:07,855 WARNING libqtile manager.py:grab_key():L521 Key spec duplicated, overriding previous: <Key (['mod1'], Tab)>
2025-08-19 08:52:07,855 WARNING libqtile manager.py:grab_key():L521 Key spec duplicated, overriding previous: <Key (['mod1', 'shift'], Tab)>
2025-08-19 08:52:07,855 WARNING libqtile manager.py:grab_key():L521 Key spec duplicated, overriding previous: <Key (['mod4'], Tab)>
2025-08-19 08:52:07,855 WARNING libqtile manager.py:grab_key():L521 Key spec duplicated, overriding previous: <Key (['mod4', 'shift'], Tab)>
2025-08-19 08:52:07,855 WARNING libqtile manager.py:grab_key():L521 Key spec duplicated, overriding previous: <Key (['mod1'], Tab)>
2025-08-19 08:52:07,855 WARNING libqtile manager.py:grab_key():L521 Key spec duplicated, overriding previous: <Key (['mod1', 'shift'], Tab)>
2025-08-19 08:52:07,855 WARNING libqtile manager.py:grab_key():L521 Key spec duplicated, overriding previous: <Key (['mod4'], Tab)>
2025-08-19 08:52:07,855 WARNING libqtile manager.py:grab_key():L521 Key spec duplicated, overriding previous: <Key (['mod4', 'shift'], Tab)>
2025-08-19 08:52:07,855 WARNING libqtile manager.py:grab_key():L521 Key spec duplicated, overriding previous: <Key (['mod1'], Tab)>
2025-08-19 08:52:07,855 WARNING libqtile manager.py:grab_key():L521 Key spec duplicated, overriding previous: <Key (['mod1', 'shift'], Tab)>
2025-08-19 08:52:07,856 WARNING libqtile manager.py:grab_key():L521 Key spec duplicated, overriding previous: <Key (['mod4'], Tab)>
2025-08-19 08:52:07,856 WARNING libqtile manager.py:grab_key():L521 Key spec duplicated, overriding previous: <Key (['mod4', 'shift'], Tab)>
2025-08-19 08:52:07,856 WARNING libqtile manager.py:grab_key():L521 Key spec duplicated, overriding previous: <Key (['mod1'], Tab)>
2025-08-19 08:52:07,856 WARNING libqtile manager.py:grab_key():L521 Key spec duplicated, overriding previous: <Key (['mod1', 'shift'], Tab)>
2025-08-19 08:52:08,798 WARNING libqtile launchbar.py:setup_images():L169 No icon found for application " " (None) switch to text mode
2025-08-19 08:52:08,798 WARNING libqtile launchbar.py:setup_images():L169 No icon found for application "" (None) switch to text mode
2025-08-19 08:52:08,798 WARNING libqtile launchbar.py:setup_images():L169 No icon found for application "" (None) switch to text mode
2025-08-19 08:52:08,799 WARNING libqtile launchbar.py:setup_images():L169 No icon found for application "" (None) switch to text mode
2025-08-19 08:52:09,542 WARNING libqtile config.py:assign_app_group():L562 [Assign Hook] App started: ulauncher
2025-08-19 10:49:08,487 WARNING libqtile config.py:assign_app_group():L562 [Assign Hook] App started: xfce4-terminal
2025-08-19 10:49:08,489 WARNING libqtile base.py:__getattr__():L273 Deprecation Warning: commands exposed via IPC no longer use the 'cmd_' prefix. Please replace 'cmd_toscreen' with 'toscreen' in your code.
2025-08-19 10:49:08,494 WARNING libqtile config.py:assign_app_group():L567 [Assign Hook] Moved xfce4-terminal to group 5 and switched to it
2025-08-19 10:49:36,556 WARNING libqtile config.py:assign_app_group():L562 [Assign Hook] App started: gcr-prompter
2025-08-19 10:49:39,158 WARNING libqtile config.py:assign_app_group():L562 [Assign Hook] App started: brave-browser
2025-08-19 10:49:39,159 WARNING libqtile base.py:__getattr__():L273 Deprecation Warning: commands exposed via IPC no longer use the 'cmd_' prefix. Please replace 'cmd_toscreen' with 'toscreen' in your code.
2025-08-19 10:49:39,169 WARNING libqtile config.py:assign_app_group():L567 [Assign Hook] Moved brave-browser to group 3 and switched to it
2025-08-19 10:58:09,001 WARNING libqtile config.py:assign_app_group():L562 [Assign Hook] App started: thunar
2025-08-19 10:58:09,007 WARNING libqtile base.py:__getattr__():L273 Deprecation Warning: commands exposed via IPC no longer use the 'cmd_' prefix. Please replace 'cmd_toscreen' with 'toscreen' in your code.
2025-08-19 10:58:09,007 WARNING libqtile config.py:assign_app_group():L567 [Assign Hook] Moved thunar to group 1 and switched to it
2025-08-19 10:59:04,748 WARNING libqtile config.py:assign_app_group():L562 [Assign Hook] App started: thunar
2025-08-19 10:59:04,748 WARNING libqtile base.py:__getattr__():L273 Deprecation Warning: commands exposed via IPC no longer use the 'cmd_' prefix. Please replace 'cmd_toscreen' with 'toscreen' in your code.
2025-08-19 10:59:04,748 WARNING libqtile config.py:assign_app_group():L567 [Assign Hook] Moved thunar to group 1 and switched to it
2025-08-19 10:59:06,328 WARNING libqtile config.py:assign_app_group():L562 [Assign Hook] App started: sublime_text
2025-08-19 10:59:06,330 WARNING libqtile base.py:__getattr__():L273 Deprecation Warning: commands exposed via IPC no longer use the 'cmd_' prefix. Please replace 'cmd_toscreen' with 'toscreen' in your code.
2025-08-19 10:59:06,332 WARNING libqtile config.py:assign_app_group():L567 [Assign Hook] Moved sublime_text to group 2 and switched to it
2025-08-19 10:59:23,121 WARNING libqtile config.py:assign_app_group():L562 [Assign Hook] App started: xfce4-terminal
2025-08-19 10:59:23,122 WARNING libqtile base.py:__getattr__():L273 Deprecation Warning: commands exposed via IPC no longer use the 'cmd_' prefix. Please replace 'cmd_toscreen' with 'toscreen' in your code.
2025-08-19 10:59:23,129 WARNING libqtile config.py:assign_app_group():L567 [Assign Hook] Moved xfce4-terminal to group 5 and switched to it
2025-08-19 11:00:54,702 WARNING libqtile config.py:assign_app_group():L562 [Assign Hook] App started: thunar
2025-08-19 11:00:54,703 WARNING libqtile base.py:__getattr__():L273 Deprecation Warning: commands exposed via IPC no longer use the 'cmd_' prefix. Please replace 'cmd_toscreen' with 'toscreen' in your code.
2025-08-19 11:00:54,703 WARNING libqtile config.py:assign_app_group():L567 [Assign Hook] Moved thunar to group 1 and switched to it
2025-08-19 11:00:56,505 WARNING libqtile config.py:assign_app_group():L562 [Assign Hook] App started: sublime_text
2025-08-19 11:00:56,506 WARNING libqtile base.py:__getattr__():L273 Deprecation Warning: commands exposed via IPC no longer use the 'cmd_' prefix. Please replace 'cmd_toscreen' with 'toscreen' in your code.
2025-08-19 11:00:56,510 WARNING libqtile config.py:assign_app_group():L567 [Assign Hook] Moved sublime_text to group 2 and switched to it
2025-08-19 11:01:04,940 WARNING libqtile config.py:assign_app_group():L562 [Assign Hook] App started: archlinux-logout.py
2025-08-19 11:01:11,709 WARNING libqtile launchbar.py:setup_images():L169 No icon found for application " " (None) switch to text mode
2025-08-19 11:01:11,709 WARNING libqtile launchbar.py:setup_images():L169 No icon found for application "" (None) switch to text mode
2025-08-19 11:01:11,710 WARNING libqtile launchbar.py:setup_images():L169 No icon found for application "" (None) switch to text mode
2025-08-19 11:01:11,710 WARNING libqtile launchbar.py:setup_images():L169 No icon found for application "" (None) switch to text mode
2025-08-19 17:43:59,029 WARNING libqtile launchbar.py:setup_images():L169 No icon found for application " " (None) switch to text mode
2025-08-19 17:43:59,029 WARNING libqtile launchbar.py:setup_images():L169 No icon found for application "" (None) switch to text mode
2025-08-19 17:43:59,029 WARNING libqtile launchbar.py:setup_images():L169 No icon found for application "" (None) switch to text mode
2025-08-19 17:43:59,029 WARNING libqtile launchbar.py:setup_images():L169 No icon found for application "" (None) switch to text mode
2025-08-19 17:44:04,072 WARNING libqtile lifecycle.py:_atexit():L34 Restarting Qtile with os.execv(...)
2025-08-19 17:44:05,419 WARNING libqtile launchbar.py:setup_images():L169 No icon found for application "" (None) switch to text mode
2025-08-19 17:44:05,438 WARNING libqtile launchbar.py:setup_images():L169 No icon found for application "" (None) switch to text mode
2025-08-19 17:44:05,439 WARNING libqtile launchbar.py:setup_images():L169 No icon found for application "" (None) switch to text mode
2025-08-19 17:44:05,439 WARNING libqtile launchbar.py:setup_images():L169 No icon found for application " " (None) switch to text mode
2025-08-19 17:44:05,460 WARNING libqtile manager.py:grab_key():L521 Key spec duplicated, overriding previous: <Key (['mod4', 'shift'], Right)>
2025-08-19 17:44:05,460 WARNING libqtile manager.py:grab_key():L521 Key spec duplicated, overriding previous: <Key (['mod4', 'shift'], Left)>
2025-08-19 17:44:05,461 WARNING libqtile manager.py:grab_key():L521 Key spec duplicated, overriding previous: <Key (['mod4'], Tab)>
2025-08-19 17:44:05,461 WARNING libqtile manager.py:grab_key():L521 Key spec duplicated, overriding previous: <Key (['mod4', 'shift'], Tab)>
2025-08-19 17:44:05,461 WARNING libqtile manager.py:grab_key():L521 Key spec duplicated, overriding previous: <Key (['mod1'], Tab)>
2025-08-19 17:44:05,461 WARNING libqtile manager.py:grab_key():L521 Key spec duplicated, overriding previous: <Key (['mod1', 'shift'], Tab)>
2025-08-19 17:44:05,461 WARNING libqtile manager.py:grab_key():L521 Key spec duplicated, overriding previous: <Key (['mod4'], Tab)>
2025-08-19 17:44:05,461 WARNING libqtile manager.py:grab_key():L521 Key spec duplicated, overriding previous: <Key (['mod4', 'shift'], Tab)>
2025-08-19 17:44:05,461 WARNING libqtile manager.py:grab_key():L521 Key spec duplicated, overriding previous: <Key (['mod1'], Tab)>
2025-08-19 17:44:05,461 WARNING libqtile manager.py:grab_key():L521 Key spec duplicated, overriding previous: <Key (['mod1', 'shift'], Tab)>
2025-08-19 17:44:05,461 WARNING libqtile manager.py:grab_key():L521 Key spec duplicated, overriding previous: <Key (['mod4'], Tab)>
2025-08-19 17:44:05,461 WARNING libqtile manager.py:grab_key():L521 Key spec duplicated, overriding previous: <Key (['mod4', 'shift'], Tab)>
2025-08-19 17:44:05,461 WARNING libqtile manager.py:grab_key():L521 Key spec duplicated, overriding previous: <Key (['mod1'], Tab)>
2025-08-19 17:44:05,461 WARNING libqtile manager.py:grab_key():L521 Key spec duplicated, overriding previous: <Key (['mod1', 'shift'], Tab)>
2025-08-19 17:44:05,462 WARNING libqtile manager.py:grab_key():L521 Key spec duplicated, overriding previous: <Key (['mod4'], Tab)>
2025-08-19 17:44:05,462 WARNING libqtile manager.py:grab_key():L521 Key spec duplicated, overriding previous: <Key (['mod4', 'shift'], Tab)>
2025-08-19 17:44:05,462 WARNING libqtile manager.py:grab_key():L521 Key spec duplicated, overriding previous: <Key (['mod1'], Tab)>
2025-08-19 17:44:05,462 WARNING libqtile manager.py:grab_key():L521 Key spec duplicated, overriding previous: <Key (['mod1', 'shift'], Tab)>
2025-08-19 17:44:05,462 WARNING libqtile manager.py:grab_key():L521 Key spec duplicated, overriding previous: <Key (['mod4'], Tab)>
2025-08-19 17:44:05,462 WARNING libqtile manager.py:grab_key():L521 Key spec duplicated, overriding previous: <Key (['mod4', 'shift'], Tab)>
2025-08-19 17:44:05,462 WARNING libqtile manager.py:grab_key():L521 Key spec duplicated, overriding previous: <Key (['mod1'], Tab)>
2025-08-19 17:44:05,462 WARNING libqtile manager.py:grab_key():L521 Key spec duplicated, overriding previous: <Key (['mod1', 'shift'], Tab)>
2025-08-19 17:44:05,462 WARNING libqtile manager.py:grab_key():L521 Key spec duplicated, overriding previous: <Key (['mod4'], Tab)>
2025-08-19 17:44:05,462 WARNING libqtile manager.py:grab_key():L521 Key spec duplicated, overriding previous: <Key (['mod4', 'shift'], Tab)>
2025-08-19 17:44:05,462 WARNING libqtile manager.py:grab_key():L521 Key spec duplicated, overriding previous: <Key (['mod1'], Tab)>
2025-08-19 17:44:05,462 WARNING libqtile manager.py:grab_key():L521 Key spec duplicated, overriding previous: <Key (['mod1', 'shift'], Tab)>
2025-08-19 17:44:05,463 WARNING libqtile manager.py:grab_key():L521 Key spec duplicated, overriding previous: <Key (['mod4'], Tab)>
2025-08-19 17:44:05,463 WARNING libqtile manager.py:grab_key():L521 Key spec duplicated, overriding previous: <Key (['mod4', 'shift'], Tab)>
2025-08-19 17:44:05,463 WARNING libqtile manager.py:grab_key():L521 Key spec duplicated, overriding previous: <Key (['mod1'], Tab)>
2025-08-19 17:44:05,463 WARNING libqtile manager.py:grab_key():L521 Key spec duplicated, overriding previous: <Key (['mod1', 'shift'], Tab)>
2025-08-19 17:44:05,463 WARNING libqtile manager.py:grab_key():L521 Key spec duplicated, overriding previous: <Key (['mod4'], Tab)>
2025-08-19 17:44:05,463 WARNING libqtile manager.py:grab_key():L521 Key spec duplicated, overriding previous: <Key (['mod4', 'shift'], Tab)>
2025-08-19 17:44:05,463 WARNING libqtile manager.py:grab_key():L521 Key spec duplicated, overriding previous: <Key (['mod1'], Tab)>
2025-08-19 17:44:05,463 WARNING libqtile manager.py:grab_key():L521 Key spec duplicated, overriding previous: <Key (['mod1', 'shift'], Tab)>
2025-08-19 17:44:05,463 WARNING libqtile manager.py:grab_key():L521 Key spec duplicated, overriding previous: <Key (['mod4'], Tab)>
2025-08-19 17:44:05,463 WARNING libqtile manager.py:grab_key():L521 Key spec duplicated, overriding previous: <Key (['mod4', 'shift'], Tab)>
2025-08-19 17:44:05,463 WARNING libqtile manager.py:grab_key():L521 Key spec duplicated, overriding previous: <Key (['mod1'], Tab)>
2025-08-19 17:44:05,463 WARNING libqtile manager.py:grab_key():L521 Key spec duplicated, overriding previous: <Key (['mod1', 'shift'], Tab)>
2025-08-19 17:44:05,520 WARNING libqtile config.py:assign_app_group():L562 [Assign Hook] App started: thunar
2025-08-19 17:44:05,520 WARNING libqtile base.py:__getattr__():L273 Deprecation Warning: commands exposed via IPC no longer use the 'cmd_' prefix. Please replace 'cmd_toscreen' with 'toscreen' in your code.
2025-08-19 17:44:05,533 WARNING libqtile config.py:assign_app_group():L567 [Assign Hook] Moved thunar to group 1 and switched to it
2025-08-19 17:44:05,572 WARNING libqtile config.py:assign_app_group():L562 [Assign Hook] App started: sublime_text
2025-08-19 17:44:05,572 WARNING libqtile base.py:__getattr__():L273 Deprecation Warning: commands exposed via IPC no longer use the 'cmd_' prefix. Please replace 'cmd_toscreen' with 'toscreen' in your code.
2025-08-19 17:44:05,576 WARNING libqtile config.py:assign_app_group():L567 [Assign Hook] Moved sublime_text to group 2 and switched to it
2025-08-19 17:44:21,554 WARNING libqtile config.py:assign_app_group():L562 [Assign Hook] App started: ulauncher
2025-08-19 17:44:25,690 WARNING libqtile config.py:assign_app_group():L562 [Assign Hook] App started: sublime_text
2025-08-19 17:44:25,691 WARNING libqtile base.py:__getattr__():L273 Deprecation Warning: commands exposed via IPC no longer use the 'cmd_' prefix. Please replace 'cmd_toscreen' with 'toscreen' in your code.
2025-08-19 17:44:25,697 WARNING libqtile config.py:assign_app_group():L567 [Assign Hook] Moved sublime_text to group 2 and switched to it
2025-08-19 17:44:33,530 WARNING libqtile config.py:assign_app_group():L562 [Assign Hook] App started: brave-browser
2025-08-19 17:44:33,533 WARNING libqtile base.py:__getattr__():L273 Deprecation Warning: commands exposed via IPC no longer use the 'cmd_' prefix. Please replace 'cmd_toscreen' with 'toscreen' in your code.
2025-08-19 17:44:33,540 WARNING libqtile config.py:assign_app_group():L567 [Assign Hook] Moved brave-browser to group 3 and switched to it
2025-08-19 17:45:50,737 WARNING libqtile config.py:assign_app_group():L562 [Assign Hook] App started: transmission-gtk
2025-08-19 17:45:50,738 WARNING libqtile base.py:__getattr__():L273 Deprecation Warning: commands exposed via IPC no longer use the 'cmd_' prefix. Please replace 'cmd_toscreen' with 'toscreen' in your code.
2025-08-19 17:45:50,745 WARNING libqtile config.py:assign_app_group():L567 [Assign Hook] Moved transmission-gtk to group 7 and switched to it
2025-08-19 17:45:50,777 WARNING libqtile config.py:assign_app_group():L562 [Assign Hook] App started: transmission-gtk
2025-08-19 17:45:50,777 WARNING libqtile base.py:__getattr__():L273 Deprecation Warning: commands exposed via IPC no longer use the 'cmd_' prefix. Please replace 'cmd_toscreen' with 'toscreen' in your code.
2025-08-19 17:45:50,777 WARNING libqtile config.py:assign_app_group():L567 [Assign Hook] Moved transmission-gtk to group 7 and switched to it
2025-08-19 18:12:43,662 WARNING libqtile config.py:assign_app_group():L562 [Assign Hook] App started: xfce4-notifyd
2025-08-19 18:14:46,847 WARNING libqtile config.py:assign_app_group():L562 [Assign Hook] App started: thunar
2025-08-19 18:14:46,848 WARNING libqtile base.py:__getattr__():L273 Deprecation Warning: commands exposed via IPC no longer use the 'cmd_' prefix. Please replace 'cmd_toscreen' with 'toscreen' in your code.
2025-08-19 18:14:46,854 WARNING libqtile config.py:assign_app_group():L567 [Assign Hook] Moved thunar to group 1 and switched to it
2025-08-19 18:15:41,381 WARNING libqtile config.py:assign_app_group():L562 [Assign Hook] App started: thunar
2025-08-19 18:15:41,381 WARNING libqtile base.py:__getattr__():L273 Deprecation Warning: commands exposed via IPC no longer use the 'cmd_' prefix. Please replace 'cmd_toscreen' with 'toscreen' in your code.
2025-08-19 18:15:41,381 WARNING libqtile config.py:assign_app_group():L567 [Assign Hook] Moved thunar to group 1 and switched to it
2025-08-19 18:16:13,182 WARNING libqtile config.py:assign_app_group():L562 [Assign Hook] App started: thunar
2025-08-19 18:16:13,191 WARNING libqtile base.py:__getattr__():L273 Deprecation Warning: commands exposed via IPC no longer use the 'cmd_' prefix. Please replace 'cmd_toscreen' with 'toscreen' in your code.
2025-08-19 18:16:13,191 WARNING libqtile config.py:assign_app_group():L567 [Assign Hook] Moved thunar to group 1 and switched to it
2025-08-19 18:38:53,065 WARNING libqtile config.py:assign_app_group():L562 [Assign Hook] App started: archlinux-logout.py
2025-08-19 18:39:03,395 WARNING libqtile launchbar.py:setup_images():L169 No icon found for application "" (None) switch to text mode
2025-08-19 18:39:03,395 WARNING libqtile launchbar.py:setup_images():L169 No icon found for application "" (None) switch to text mode
2025-08-19 18:39:03,395 WARNING libqtile launchbar.py:setup_images():L169 No icon found for application "" (None) switch to text mode
2025-08-19 18:39:03,395 WARNING libqtile launchbar.py:setup_images():L169 No icon found for application " " (None) switch to text mode
2025-08-19 22:57:08,178 WARNING libqtile config.py:assign_app_group():L562 [Assign Hook] App started: xfce4-notifyd
2025-08-20 10:21:21,347 WARNING libqtile launchbar.py:setup_images():L169 No icon found for application "" (None) switch to text mode
2025-08-20 10:21:21,347 WARNING libqtile launchbar.py:setup_images():L169 No icon found for application "" (None) switch to text mode
2025-08-20 10:21:21,347 WARNING libqtile launchbar.py:setup_images():L169 No icon found for application "" (None) switch to text mode
2025-08-20 10:21:21,347 WARNING libqtile launchbar.py:setup_images():L169 No icon found for application " " (None) switch to text mode
2025-08-20 10:21:24,034 WARNING libqtile lifecycle.py:_atexit():L34 Restarting Qtile with os.execv(...)
2025-08-20 10:21:25,400 WARNING libqtile launchbar.py:setup_images():L169 No icon found for application "" (None) switch to text mode
2025-08-20 10:21:25,420 WARNING libqtile launchbar.py:setup_images():L169 No icon found for application " " (None) switch to text mode
2025-08-20 10:21:25,420 WARNING libqtile launchbar.py:setup_images():L169 No icon found for application "" (None) switch to text mode
2025-08-20 10:21:25,420 WARNING libqtile launchbar.py:setup_images():L169 No icon found for application "" (None) switch to text mode
2025-08-20 10:21:25,441 WARNING libqtile manager.py:grab_key():L521 Key spec duplicated, overriding previous: <Key (['mod4', 'shift'], Right)>
2025-08-20 10:21:25,441 WARNING libqtile manager.py:grab_key():L521 Key spec duplicated, overriding previous: <Key (['mod4', 'shift'], Left)>
2025-08-20 10:21:25,441 WARNING libqtile manager.py:grab_key():L521 Key spec duplicated, overriding previous: <Key (['mod4'], Tab)>
2025-08-20 10:21:25,441 WARNING libqtile manager.py:grab_key():L521 Key spec duplicated, overriding previous: <Key (['mod4', 'shift'], Tab)>
2025-08-20 10:21:25,441 WARNING libqtile manager.py:grab_key():L521 Key spec duplicated, overriding previous: <Key (['mod1'], Tab)>
2025-08-20 10:21:25,441 WARNING libqtile manager.py:grab_key():L521 Key spec duplicated, overriding previous: <Key (['mod1', 'shift'], Tab)>
2025-08-20 10:21:25,441 WARNING libqtile manager.py:grab_key():L521 Key spec duplicated, overriding previous: <Key (['mod4'], Tab)>
2025-08-20 10:21:25,441 WARNING libqtile manager.py:grab_key():L521 Key spec duplicated, overriding previous: <Key (['mod4', 'shift'], Tab)>
2025-08-20 10:21:25,442 WARNING libqtile manager.py:grab_key():L521 Key spec duplicated, overriding previous: <Key (['mod1'], Tab)>
2025-08-20 10:21:25,442 WARNING libqtile manager.py:grab_key():L521 Key spec duplicated, overriding previous: <Key (['mod1', 'shift'], Tab)>
2025-08-20 10:21:25,442 WARNING libqtile manager.py:grab_key():L521 Key spec duplicated, overriding previous: <Key (['mod4'], Tab)>
2025-08-20 10:21:25,442 WARNING libqtile manager.py:grab_key():L521 Key spec duplicated, overriding previous: <Key (['mod4', 'shift'], Tab)>
2025-08-20 10:21:25,442 WARNING libqtile manager.py:grab_key():L521 Key spec duplicated, overriding previous: <Key (['mod1'], Tab)>
2025-08-20 10:21:25,442 WARNING libqtile manager.py:grab_key():L521 Key spec duplicated, overriding previous: <Key (['mod1', 'shift'], Tab)>
2025-08-20 10:21:25,442 WARNING libqtile manager.py:grab_key():L521 Key spec duplicated, overriding previous: <Key (['mod4'], Tab)>
2025-08-20 10:21:25,442 WARNING libqtile manager.py:grab_key():L521 Key spec duplicated, overriding previous: <Key (['mod4', 'shift'], Tab)>
2025-08-20 10:21:25,442 WARNING libqtile manager.py:grab_key():L521 Key spec duplicated, overriding previous: <Key (['mod1'], Tab)>
2025-08-20 10:21:25,442 WARNING libqtile manager.py:grab_key():L521 Key spec duplicated, overriding previous: <Key (['mod1', 'shift'], Tab)>
2025-08-20 10:21:25,442 WARNING libqtile manager.py:grab_key():L521 Key spec duplicated, overriding previous: <Key (['mod4'], Tab)>
2025-08-20 10:21:25,442 WARNING libqtile manager.py:grab_key():L521 Key spec duplicated, overriding previous: <Key (['mod4', 'shift'], Tab)>
2025-08-20 10:21:25,443 WARNING libqtile manager.py:grab_key():L521 Key spec duplicated, overriding previous: <Key (['mod1'], Tab)>
2025-08-20 10:21:25,443 WARNING libqtile manager.py:grab_key():L521 Key spec duplicated, overriding previous: <Key (['mod1', 'shift'], Tab)>
2025-08-20 10:21:25,443 WARNING libqtile manager.py:grab_key():L521 Key spec duplicated, overriding previous: <Key (['mod4'], Tab)>
2025-08-20 10:21:25,443 WARNING libqtile manager.py:grab_key():L521 Key spec duplicated, overriding previous: <Key (['mod4', 'shift'], Tab)>
2025-08-20 10:21:25,443 WARNING libqtile manager.py:grab_key():L521 Key spec duplicated, overriding previous: <Key (['mod1'], Tab)>
2025-08-20 10:21:25,443 WARNING libqtile manager.py:grab_key():L521 Key spec duplicated, overriding previous: <Key (['mod1', 'shift'], Tab)>
2025-08-20 10:21:25,443 WARNING libqtile manager.py:grab_key():L521 Key spec duplicated, overriding previous: <Key (['mod4'], Tab)>
2025-08-20 10:21:25,443 WARNING libqtile manager.py:grab_key():L521 Key spec duplicated, overriding previous: <Key (['mod4', 'shift'], Tab)>
2025-08-20 10:21:25,443 WARNING libqtile manager.py:grab_key():L521 Key spec duplicated, overriding previous: <Key (['mod1'], Tab)>
2025-08-20 10:21:25,443 WARNING libqtile manager.py:grab_key():L521 Key spec duplicated, overriding previous: <Key (['mod1', 'shift'], Tab)>
2025-08-20 10:21:25,443 WARNING libqtile manager.py:grab_key():L521 Key spec duplicated, overriding previous: <Key (['mod4'], Tab)>
2025-08-20 10:21:25,443 WARNING libqtile manager.py:grab_key():L521 Key spec duplicated, overriding previous: <Key (['mod4', 'shift'], Tab)>
2025-08-20 10:21:25,444 WARNING libqtile manager.py:grab_key():L521 Key spec duplicated, overriding previous: <Key (['mod1'], Tab)>
2025-08-20 10:21:25,444 WARNING libqtile manager.py:grab_key():L521 Key spec duplicated, overriding previous: <Key (['mod1', 'shift'], Tab)>
2025-08-20 10:21:25,444 WARNING libqtile manager.py:grab_key():L521 Key spec duplicated, overriding previous: <Key (['mod4'], Tab)>
2025-08-20 10:21:25,444 WARNING libqtile manager.py:grab_key():L521 Key spec duplicated, overriding previous: <Key (['mod4', 'shift'], Tab)>
2025-08-20 10:21:25,444 WARNING libqtile manager.py:grab_key():L521 Key spec duplicated, overriding previous: <Key (['mod1'], Tab)>
2025-08-20 10:21:25,444 WARNING libqtile manager.py:grab_key():L521 Key spec duplicated, overriding previous: <Key (['mod1', 'shift'], Tab)>
2025-08-20 10:21:25,475 WARNING libqtile config.py:assign_app_group():L562 [Assign Hook] App started: brave-browser
2025-08-20 10:21:25,475 WARNING libqtile base.py:__getattr__():L273 Deprecation Warning: commands exposed via IPC no longer use the 'cmd_' prefix. Please replace 'cmd_toscreen' with 'toscreen' in your code.
2025-08-20 10:21:25,478 WARNING libqtile config.py:assign_app_group():L567 [Assign Hook] Moved brave-browser to group 3 and switched to it
2025-08-20 10:21:47,608 WARNING libqtile config.py:assign_app_group():L562 [Assign Hook] App started: xfce4-terminal
2025-08-20 10:21:47,609 WARNING libqtile base.py:__getattr__():L273 Deprecation Warning: commands exposed via IPC no longer use the 'cmd_' prefix. Please replace 'cmd_toscreen' with 'toscreen' in your code.
2025-08-20 10:21:47,616 WARNING libqtile config.py:assign_app_group():L567 [Assign Hook] Moved xfce4-terminal to group 5 and switched to it
2025-08-20 10:22:52,615 WARNING libqtile config.py:assign_app_group():L562 [Assign Hook] App started: thunar
2025-08-20 10:22:52,616 WARNING libqtile base.py:__getattr__():L273 Deprecation Warning: commands exposed via IPC no longer use the 'cmd_' prefix. Please replace 'cmd_toscreen' with 'toscreen' in your code.
2025-08-20 10:22:52,627 WARNING libqtile config.py:assign_app_group():L567 [Assign Hook] Moved thunar to group 1 and switched to it
2025-08-20 10:23:03,063 WARNING libqtile config.py:assign_app_group():L562 [Assign Hook] App started: thunar
2025-08-20 10:23:03,063 WARNING libqtile base.py:__getattr__():L273 Deprecation Warning: commands exposed via IPC no longer use the 'cmd_' prefix. Please replace 'cmd_toscreen' with 'toscreen' in your code.
2025-08-20 10:23:03,063 WARNING libqtile config.py:assign_app_group():L567 [Assign Hook] Moved thunar to group 1 and switched to it
2025-08-20 10:23:18,316 WARNING libqtile config.py:assign_app_group():L562 [Assign Hook] App started: transmission-gtk
2025-08-20 10:23:18,318 WARNING libqtile base.py:__getattr__():L273 Deprecation Warning: commands exposed via IPC no longer use the 'cmd_' prefix. Please replace 'cmd_toscreen' with 'toscreen' in your code.
2025-08-20 10:23:18,321 WARNING libqtile config.py:assign_app_group():L567 [Assign Hook] Moved transmission-gtk to group 7 and switched to it
2025-08-20 10:23:23,193 WARNING libqtile config.py:assign_app_group():L562 [Assign Hook] App started: transmission-gtk
2025-08-20 10:23:23,194 WARNING libqtile base.py:__getattr__():L273 Deprecation Warning: commands exposed via IPC no longer use the 'cmd_' prefix. Please replace 'cmd_toscreen' with 'toscreen' in your code.
2025-08-20 10:23:23,195 WARNING libqtile config.py:assign_app_group():L567 [Assign Hook] Moved transmission-gtk to group 7 and switched to it
2025-08-20 10:23:33,413 WARNING libqtile config.py:assign_app_group():L562 [Assign Hook] App started: transmission-gtk
2025-08-20 10:23:33,413 WARNING libqtile base.py:__getattr__():L273 Deprecation Warning: commands exposed via IPC no longer use the 'cmd_' prefix. Please replace 'cmd_toscreen' with 'toscreen' in your code.
2025-08-20 10:23:33,413 WARNING libqtile config.py:assign_app_group():L567 [Assign Hook] Moved transmission-gtk to group 7 and switched to it
2025-08-20 10:23:46,608 WARNING libqtile config.py:assign_app_group():L562 [Assign Hook] App started: transmission-gtk
2025-08-20 10:23:46,608 WARNING libqtile base.py:__getattr__():L273 Deprecation Warning: commands exposed via IPC no longer use the 'cmd_' prefix. Please replace 'cmd_toscreen' with 'toscreen' in your code.
2025-08-20 10:23:46,608 WARNING libqtile config.py:assign_app_group():L567 [Assign Hook] Moved transmission-gtk to group 7 and switched to it
2025-08-20 10:25:14,071 WARNING libqtile config.py:assign_app_group():L562 [Assign Hook] App started: transmission-gtk
2025-08-20 10:25:14,077 WARNING libqtile base.py:__getattr__():L273 Deprecation Warning: commands exposed via IPC no longer use the 'cmd_' prefix. Please replace 'cmd_toscreen' with 'toscreen' in your code.
2025-08-20 10:25:14,078 WARNING libqtile config.py:assign_app_group():L567 [Assign Hook] Moved transmission-gtk to group 7 and switched to it
2025-08-20 10:25:20,715 WARNING libqtile config.py:assign_app_group():L562 [Assign Hook] App started: archlinux-logout.py
2025-08-20 10:25:26,965 WARNING libqtile launchbar.py:setup_images():L169 No icon found for application "" (None) switch to text mode
2025-08-20 10:25:26,965 WARNING libqtile launchbar.py:setup_images():L169 No icon found for application " " (None) switch to text mode
2025-08-20 10:25:26,965 WARNING libqtile launchbar.py:setup_images():L169 No icon found for application "" (None) switch to text mode
2025-08-20 10:25:26,965 WARNING libqtile launchbar.py:setup_images():L169 No icon found for application "" (None) switch to text mode
2025-08-21 11:49:36,195 WARNING libqtile launchbar.py:setup_images():L169 No icon found for application "" (None) switch to text mode
2025-08-21 11:49:36,196 WARNING libqtile launchbar.py:setup_images():L169 No icon found for application " " (None) switch to text mode
2025-08-21 11:49:36,196 WARNING libqtile launchbar.py:setup_images():L169 No icon found for application "" (None) switch to text mode
2025-08-21 11:49:36,196 WARNING libqtile launchbar.py:setup_images():L169 No icon found for application "" (None) switch to text mode
2025-08-21 11:49:37,489 WARNING libqtile lifecycle.py:_atexit():L34 Restarting Qtile with os.execv(...)
2025-08-21 11:49:38,822 WARNING libqtile launchbar.py:setup_images():L169 No icon found for application "" (None) switch to text mode
2025-08-21 11:49:38,842 WARNING libqtile launchbar.py:setup_images():L169 No icon found for application "" (None) switch to text mode
2025-08-21 11:49:38,842 WARNING libqtile launchbar.py:setup_images():L169 No icon found for application " " (None) switch to text mode
2025-08-21 11:49:38,842 WARNING libqtile launchbar.py:setup_images():L169 No icon found for application "" (None) switch to text mode
2025-08-21 11:49:38,863 WARNING libqtile manager.py:grab_key():L521 Key spec duplicated, overriding previous: <Key (['mod4', 'shift'], Right)>
2025-08-21 11:49:38,863 WARNING libqtile manager.py:grab_key():L521 Key spec duplicated, overriding previous: <Key (['mod4', 'shift'], Left)>
2025-08-21 11:49:38,863 WARNING libqtile manager.py:grab_key():L521 Key spec duplicated, overriding previous: <Key (['mod4'], Tab)>
2025-08-21 11:49:38,863 WARNING libqtile manager.py:grab_key():L521 Key spec duplicated, overriding previous: <Key (['mod4', 'shift'], Tab)>
2025-08-21 11:49:38,864 WARNING libqtile manager.py:grab_key():L521 Key spec duplicated, overriding previous: <Key (['mod1'], Tab)>
2025-08-21 11:49:38,864 WARNING libqtile manager.py:grab_key():L521 Key spec duplicated, overriding previous: <Key (['mod1', 'shift'], Tab)>
2025-08-21 11:49:38,864 WARNING libqtile manager.py:grab_key():L521 Key spec duplicated, overriding previous: <Key (['mod4'], Tab)>
2025-08-21 11:49:38,864 WARNING libqtile manager.py:grab_key():L521 Key spec duplicated, overriding previous: <Key (['mod4', 'shift'], Tab)>
2025-08-21 11:49:38,864 WARNING libqtile manager.py:grab_key():L521 Key spec duplicated, overriding previous: <Key (['mod1'], Tab)>
2025-08-21 11:49:38,864 WARNING libqtile manager.py:grab_key():L521 Key spec duplicated, overriding previous: <Key (['mod1', 'shift'], Tab)>
2025-08-21 11:49:38,864 WARNING libqtile manager.py:grab_key():L521 Key spec duplicated, overriding previous: <Key (['mod4'], Tab)>
2025-08-21 11:49:38,864 WARNING libqtile manager.py:grab_key():L521 Key spec duplicated, overriding previous: <Key (['mod4', 'shift'], Tab)>
2025-08-21 11:49:38,864 WARNING libqtile manager.py:grab_key():L521 Key spec duplicated, overriding previous: <Key (['mod1'], Tab)>
2025-08-21 11:49:38,864 WARNING libqtile manager.py:grab_key():L521 Key spec duplicated, overriding previous: <Key (['mod1', 'shift'], Tab)>
2025-08-21 11:49:38,864 WARNING libqtile manager.py:grab_key():L521 Key spec duplicated, overriding previous: <Key (['mod4'], Tab)>
2025-08-21 11:49:38,865 WARNING libqtile manager.py:grab_key():L521 Key spec duplicated, overriding previous: <Key (['mod4', 'shift'], Tab)>
2025-08-21 11:49:38,865 WARNING libqtile manager.py:grab_key():L521 Key spec duplicated, overriding previous: <Key (['mod1'], Tab)>
2025-08-21 11:49:38,865 WARNING libqtile manager.py:grab_key():L521 Key spec duplicated, overriding previous: <Key (['mod1', 'shift'], Tab)>
2025-08-21 11:49:38,865 WARNING libqtile manager.py:grab_key():L521 Key spec duplicated, overriding previous: <Key (['mod4'], Tab)>
2025-08-21 11:49:38,865 WARNING libqtile manager.py:grab_key():L521 Key spec duplicated, overriding previous: <Key (['mod4', 'shift'], Tab)>
2025-08-21 11:49:38,865 WARNING libqtile manager.py:grab_key():L521 Key spec duplicated, overriding previous: <Key (['mod1'], Tab)>
2025-08-21 11:49:38,865 WARNING libqtile manager.py:grab_key():L521 Key spec duplicated, overriding previous: <Key (['mod1', 'shift'], Tab)>
2025-08-21 11:49:38,865 WARNING libqtile manager.py:grab_key():L521 Key spec duplicated, overriding previous: <Key (['mod4'], Tab)>
2025-08-21 11:49:38,865 WARNING libqtile manager.py:grab_key():L521 Key spec duplicated, overriding previous: <Key (['mod4', 'shift'], Tab)>
2025-08-21 11:49:38,865 WARNING libqtile manager.py:grab_key():L521 Key spec duplicated, overriding previous: <Key (['mod1'], Tab)>
2025-08-21 11:49:38,865 WARNING libqtile manager.py:grab_key():L521 Key spec duplicated, overriding previous: <Key (['mod1', 'shift'], Tab)>
2025-08-21 11:49:38,865 WARNING libqtile manager.py:grab_key():L521 Key spec duplicated, overriding previous: <Key (['mod4'], Tab)>
2025-08-21 11:49:38,866 WARNING libqtile manager.py:grab_key():L521 Key spec duplicated, overriding previous: <Key (['mod4', 'shift'], Tab)>
2025-08-21 11:49:38,866 WARNING libqtile manager.py:grab_key():L521 Key spec duplicated, overriding previous: <Key (['mod1'], Tab)>
2025-08-21 11:49:38,866 WARNING libqtile manager.py:grab_key():L521 Key spec duplicated, overriding previous: <Key (['mod1', 'shift'], Tab)>
2025-08-21 11:49:38,866 WARNING libqtile manager.py:grab_key():L521 Key spec duplicated, overriding previous: <Key (['mod4'], Tab)>
2025-08-21 11:49:38,866 WARNING libqtile manager.py:grab_key():L521 Key spec duplicated, overriding previous: <Key (['mod4', 'shift'], Tab)>
2025-08-21 11:49:38,866 WARNING libqtile manager.py:grab_key():L521 Key spec duplicated, overriding previous: <Key (['mod1'], Tab)>
2025-08-21 11:49:38,866 WARNING libqtile manager.py:grab_key():L521 Key spec duplicated, overriding previous: <Key (['mod1', 'shift'], Tab)>
2025-08-21 11:49:38,866 WARNING libqtile manager.py:grab_key():L521 Key spec duplicated, overriding previous: <Key (['mod4'], Tab)>
2025-08-21 11:49:38,866 WARNING libqtile manager.py:grab_key():L521 Key spec duplicated, overriding previous: <Key (['mod4', 'shift'], Tab)>
2025-08-21 11:49:38,866 WARNING libqtile manager.py:grab_key():L521 Key spec duplicated, overriding previous: <Key (['mod1'], Tab)>
2025-08-21 11:49:38,866 WARNING libqtile manager.py:grab_key():L521 Key spec duplicated, overriding previous: <Key (['mod1', 'shift'], Tab)>
2025-08-21 11:49:38,928 WARNING libqtile config.py:assign_app_group():L562 [Assign Hook] App started: thunar
2025-08-21 11:49:38,928 WARNING libqtile base.py:__getattr__():L273 Deprecation Warning: commands exposed via IPC no longer use the 'cmd_' prefix. Please replace 'cmd_toscreen' with 'toscreen' in your code.
2025-08-21 11:49:38,929 WARNING libqtile config.py:assign_app_group():L567 [Assign Hook] Moved thunar to group 1 and switched to it
2025-08-21 11:49:38,936 WARNING libqtile config.py:assign_app_group():L562 [Assign Hook] App started: transmission-gtk
2025-08-21 11:49:38,936 WARNING libqtile base.py:__getattr__():L273 Deprecation Warning: commands exposed via IPC no longer use the 'cmd_' prefix. Please replace 'cmd_toscreen' with 'toscreen' in your code.
2025-08-21 11:49:38,938 WARNING libqtile config.py:assign_app_group():L567 [Assign Hook] Moved transmission-gtk to group 7 and switched to it
2025-08-21 11:49:48,075 WARNING libqtile config.py:assign_app_group():L562 [Assign Hook] App started: brave-browser
2025-08-21 11:49:48,082 WARNING libqtile base.py:__getattr__():L273 Deprecation Warning: commands exposed via IPC no longer use the 'cmd_' prefix. Please replace 'cmd_toscreen' with 'toscreen' in your code.
2025-08-21 11:49:48,082 WARNING libqtile config.py:assign_app_group():L567 [Assign Hook] Moved brave-browser to group 3 and switched to it
2025-08-21 11:51:53,308 WARNING libqtile config.py:assign_app_group():L562 [Assign Hook] App started: transmission-gtk
2025-08-21 11:51:53,308 WARNING libqtile base.py:__getattr__():L273 Deprecation Warning: commands exposed via IPC no longer use the 'cmd_' prefix. Please replace 'cmd_toscreen' with 'toscreen' in your code.
2025-08-21 11:51:53,317 WARNING libqtile config.py:assign_app_group():L567 [Assign Hook] Moved transmission-gtk to group 7 and switched to it
2025-08-21 11:52:13,063 WARNING libqtile config.py:assign_app_group():L562 [Assign Hook] App started: transmission-gtk
2025-08-21 11:52:13,064 WARNING libqtile base.py:__getattr__():L273 Deprecation Warning: commands exposed via IPC no longer use the 'cmd_' prefix. Please replace 'cmd_toscreen' with 'toscreen' in your code.
2025-08-21 11:52:13,074 WARNING libqtile config.py:assign_app_group():L567 [Assign Hook] Moved transmission-gtk to group 7 and switched to it
2025-08-21 11:54:45,993 WARNING libqtile config.py:assign_app_group():L562 [Assign Hook] App started: transmission-gtk
2025-08-21 11:54:45,994 WARNING libqtile base.py:__getattr__():L273 Deprecation Warning: commands exposed via IPC no longer use the 'cmd_' prefix. Please replace 'cmd_toscreen' with 'toscreen' in your code.
2025-08-21 11:54:45,994 WARNING libqtile config.py:assign_app_group():L567 [Assign Hook] Moved transmission-gtk to group 7 and switched to it
2025-08-21 11:54:50,822 WARNING libqtile config.py:assign_app_group():L562 [Assign Hook] App started: transmission-gtk
2025-08-21 11:54:50,822 WARNING libqtile base.py:__getattr__():L273 Deprecation Warning: commands exposed via IPC no longer use the 'cmd_' prefix. Please replace 'cmd_toscreen' with 'toscreen' in your code.
2025-08-21 11:54:50,822 WARNING libqtile config.py:assign_app_group():L567 [Assign Hook] Moved transmission-gtk to group 7 and switched to it
2025-08-21 11:54:54,937 WARNING libqtile config.py:assign_app_group():L562 [Assign Hook] App started: transmission-gtk
2025-08-21 11:54:54,937 WARNING libqtile base.py:__getattr__():L273 Deprecation Warning: commands exposed via IPC no longer use the 'cmd_' prefix. Please replace 'cmd_toscreen' with 'toscreen' in your code.
2025-08-21 11:54:54,937 WARNING libqtile config.py:assign_app_group():L567 [Assign Hook] Moved transmission-gtk to group 7 and switched to it
2025-08-21 11:56:27,771 WARNING libqtile config.py:assign_app_group():L562 [Assign Hook] App started: transmission-gtk
2025-08-21 11:56:27,771 WARNING libqtile base.py:__getattr__():L273 Deprecation Warning: commands exposed via IPC no longer use the 'cmd_' prefix. Please replace 'cmd_toscreen' with 'toscreen' in your code.
2025-08-21 11:56:27,779 WARNING libqtile config.py:assign_app_group():L567 [Assign Hook] Moved transmission-gtk to group 7 and switched to it
2025-08-21 11:56:52,176 WARNING libqtile config.py:assign_app_group():L562 [Assign Hook] App started: transmission-gtk
2025-08-21 11:56:52,176 WARNING libqtile base.py:__getattr__():L273 Deprecation Warning: commands exposed via IPC no longer use the 'cmd_' prefix. Please replace 'cmd_toscreen' with 'toscreen' in your code.
2025-08-21 11:56:52,176 WARNING libqtile config.py:assign_app_group():L567 [Assign Hook] Moved transmission-gtk to group 7 and switched to it
2025-08-21 11:57:06,879 WARNING libqtile config.py:assign_app_group():L562 [Assign Hook] App started: transmission-gtk
2025-08-21 11:57:06,880 WARNING libqtile base.py:__getattr__():L273 Deprecation Warning: commands exposed via IPC no longer use the 'cmd_' prefix. Please replace 'cmd_toscreen' with 'toscreen' in your code.
2025-08-21 11:57:06,888 WARNING libqtile config.py:assign_app_group():L567 [Assign Hook] Moved transmission-gtk to group 7 and switched to it
2025-08-21 11:57:34,057 WARNING libqtile config.py:assign_app_group():L562 [Assign Hook] App started: transmission-gtk
2025-08-21 11:57:34,057 WARNING libqtile base.py:__getattr__():L273 Deprecation Warning: commands exposed via IPC no longer use the 'cmd_' prefix. Please replace 'cmd_toscreen' with 'toscreen' in your code.
2025-08-21 11:57:34,065 WARNING libqtile config.py:assign_app_group():L567 [Assign Hook] Moved transmission-gtk to group 7 and switched to it
2025-08-21 11:58:28,964 WARNING libqtile config.py:assign_app_group():L562 [Assign Hook] App started: xfce4-notifyd
2025-08-21 11:58:55,662 WARNING libqtile config.py:assign_app_group():L562 [Assign Hook] App started: thunar
2025-08-21 11:58:55,662 WARNING libqtile base.py:__getattr__():L273 Deprecation Warning: commands exposed via IPC no longer use the 'cmd_' prefix. Please replace 'cmd_toscreen' with 'toscreen' in your code.
2025-08-21 11:58:55,663 WARNING libqtile config.py:assign_app_group():L567 [Assign Hook] Moved thunar to group 1 and switched to it
2025-08-21 11:59:37,699 WARNING libqtile config.py:assign_app_group():L562 [Assign Hook] App started: thunar
2025-08-21 11:59:37,709 WARNING libqtile base.py:__getattr__():L273 Deprecation Warning: commands exposed via IPC no longer use the 'cmd_' prefix. Please replace 'cmd_toscreen' with 'toscreen' in your code.
2025-08-21 11:59:37,709 WARNING libqtile config.py:assign_app_group():L567 [Assign Hook] Moved thunar to group 1 and switched to it
2025-08-21 12:00:45,938 WARNING libqtile config.py:assign_app_group():L562 [Assign Hook] App started: xfce4-notifyd
2025-08-21 12:00:53,684 WARNING libqtile config.py:assign_app_group():L562 [Assign Hook] App started: thunar
2025-08-21 12:00:53,697 WARNING libqtile base.py:__getattr__():L273 Deprecation Warning: commands exposed via IPC no longer use the 'cmd_' prefix. Please replace 'cmd_toscreen' with 'toscreen' in your code.
2025-08-21 12:00:53,697 WARNING libqtile config.py:assign_app_group():L567 [Assign Hook] Moved thunar to group 1 and switched to it
2025-08-21 12:01:12,928 WARNING libqtile config.py:assign_app_group():L562 [Assign Hook] App started: thunar
2025-08-21 12:01:12,935 WARNING libqtile base.py:__getattr__():L273 Deprecation Warning: commands exposed via IPC no longer use the 'cmd_' prefix. Please replace 'cmd_toscreen' with 'toscreen' in your code.
2025-08-21 12:01:12,935 WARNING libqtile config.py:assign_app_group():L567 [Assign Hook] Moved thunar to group 1 and switched to it
2025-08-21 12:02:58,453 WARNING libqtile config.py:assign_app_group():L562 [Assign Hook] App started: thunar
2025-08-21 12:02:58,453 WARNING libqtile base.py:__getattr__():L273 Deprecation Warning: commands exposed via IPC no longer use the 'cmd_' prefix. Please replace 'cmd_toscreen' with 'toscreen' in your code.
2025-08-21 12:02:58,453 WARNING libqtile config.py:assign_app_group():L567 [Assign Hook] Moved thunar to group 1 and switched to it
2025-08-21 12:09:21,225 WARNING libqtile config.py:assign_app_group():L562 [Assign Hook] App started: transmission-gtk
2025-08-21 12:09:21,225 WARNING libqtile base.py:__getattr__():L273 Deprecation Warning: commands exposed via IPC no longer use the 'cmd_' prefix. Please replace 'cmd_toscreen' with 'toscreen' in your code.
2025-08-21 12:09:21,232 WARNING libqtile config.py:assign_app_group():L567 [Assign Hook] Moved transmission-gtk to group 7 and switched to it
2025-08-21 12:09:35,949 WARNING libqtile config.py:assign_app_group():L562 [Assign Hook] App started: transmission-gtk
2025-08-21 12:09:35,949 WARNING libqtile base.py:__getattr__():L273 Deprecation Warning: commands exposed via IPC no longer use the 'cmd_' prefix. Please replace 'cmd_toscreen' with 'toscreen' in your code.
2025-08-21 12:09:35,957 WARNING libqtile config.py:assign_app_group():L567 [Assign Hook] Moved transmission-gtk to group 7 and switched to it
2025-08-21 12:10:29,942 WARNING libqtile config.py:assign_app_group():L562 [Assign Hook] App started: xfce4-notifyd
2025-08-21 12:10:48,039 WARNING libqtile config.py:assign_app_group():L562 [Assign Hook] App started: thunar
2025-08-21 12:10:48,047 WARNING libqtile base.py:__getattr__():L273 Deprecation Warning: commands exposed via IPC no longer use the 'cmd_' prefix. Please replace 'cmd_toscreen' with 'toscreen' in your code.
2025-08-21 12:10:48,047 WARNING libqtile config.py:assign_app_group():L567 [Assign Hook] Moved thunar to group 1 and switched to it
2025-08-21 14:13:58,414 WARNING libqtile config.py:assign_app_group():L562 [Assign Hook] App started: archlinux-logout.py
2025-08-21 14:14:12,879 WARNING libqtile launchbar.py:setup_images():L169 No icon found for application "" (None) switch to text mode
2025-08-21 14:14:12,879 WARNING libqtile launchbar.py:setup_images():L169 No icon found for application "" (None) switch to text mode
2025-08-21 14:14:12,879 WARNING libqtile launchbar.py:setup_images():L169 No icon found for application " " (None) switch to text mode
2025-08-21 14:14:12,879 WARNING libqtile launchbar.py:setup_images():L169 No icon found for application "" (None) switch to text mode
2025-08-22 15:14:31,339 WARNING libqtile launchbar.py:setup_images():L169 No icon found for application "" (None) switch to text mode
2025-08-22 15:14:31,340 WARNING libqtile launchbar.py:setup_images():L169 No icon found for application "" (None) switch to text mode
2025-08-22 15:14:31,340 WARNING libqtile launchbar.py:setup_images():L169 No icon found for application " " (None) switch to text mode
2025-08-22 15:14:31,340 WARNING libqtile launchbar.py:setup_images():L169 No icon found for application "" (None) switch to text mode
2025-08-22 15:14:33,775 WARNING libqtile lifecycle.py:_atexit():L34 Restarting Qtile with os.execv(...)
2025-08-22 15:14:35,204 WARNING libqtile launchbar.py:setup_images():L169 No icon found for application " " (None) switch to text mode
2025-08-22 15:14:35,223 WARNING libqtile launchbar.py:setup_images():L169 No icon found for application "" (None) switch to text mode
2025-08-22 15:14:35,224 WARNING libqtile launchbar.py:setup_images():L169 No icon found for application "" (None) switch to text mode
2025-08-22 15:14:35,224 WARNING libqtile launchbar.py:setup_images():L169 No icon found for application "" (None) switch to text mode
2025-08-22 15:14:35,245 WARNING libqtile manager.py:grab_key():L521 Key spec duplicated, overriding previous: <Key (['mod4', 'shift'], Right)>
2025-08-22 15:14:35,245 WARNING libqtile manager.py:grab_key():L521 Key spec duplicated, overriding previous: <Key (['mod4', 'shift'], Left)>
2025-08-22 15:14:35,245 WARNING libqtile manager.py:grab_key():L521 Key spec duplicated, overriding previous: <Key (['mod4'], Tab)>
2025-08-22 15:14:35,245 WARNING libqtile manager.py:grab_key():L521 Key spec duplicated, overriding previous: <Key (['mod4', 'shift'], Tab)>
2025-08-22 15:14:35,245 WARNING libqtile manager.py:grab_key():L521 Key spec duplicated, overriding previous: <Key (['mod1'], Tab)>
2025-08-22 15:14:35,245 WARNING libqtile manager.py:grab_key():L521 Key spec duplicated, overriding previous: <Key (['mod1', 'shift'], Tab)>
2025-08-22 15:14:35,246 WARNING libqtile manager.py:grab_key():L521 Key spec duplicated, overriding previous: <Key (['mod4'], Tab)>
2025-08-22 15:14:35,246 WARNING libqtile manager.py:grab_key():L521 Key spec duplicated, overriding previous: <Key (['mod4', 'shift'], Tab)>
2025-08-22 15:14:35,246 WARNING libqtile manager.py:grab_key():L521 Key spec duplicated, overriding previous: <Key (['mod1'], Tab)>
2025-08-22 15:14:35,246 WARNING libqtile manager.py:grab_key():L521 Key spec duplicated, overriding previous: <Key (['mod1', 'shift'], Tab)>
2025-08-22 15:14:35,246 WARNING libqtile manager.py:grab_key():L521 Key spec duplicated, overriding previous: <Key (['mod4'], Tab)>
2025-08-22 15:14:35,246 WARNING libqtile manager.py:grab_key():L521 Key spec duplicated, overriding previous: <Key (['mod4', 'shift'], Tab)>
2025-08-22 15:14:35,246 WARNING libqtile manager.py:grab_key():L521 Key spec duplicated, overriding previous: <Key (['mod1'], Tab)>
2025-08-22 15:14:35,246 WARNING libqtile manager.py:grab_key():L521 Key spec duplicated, overriding previous: <Key (['mod1', 'shift'], Tab)>
2025-08-22 15:14:35,246 WARNING libqtile manager.py:grab_key():L521 Key spec duplicated, overriding previous: <Key (['mod4'], Tab)>
2025-08-22 15:14:35,246 WARNING libqtile manager.py:grab_key():L521 Key spec duplicated, overriding previous: <Key (['mod4', 'shift'], Tab)>
2025-08-22 15:14:35,246 WARNING libqtile manager.py:grab_key():L521 Key spec duplicated, overriding previous: <Key (['mod1'], Tab)>
2025-08-22 15:14:35,246 WARNING libqtile manager.py:grab_key():L521 Key spec duplicated, overriding previous: <Key (['mod1', 'shift'], Tab)>
2025-08-22 15:14:35,247 WARNING libqtile manager.py:grab_key():L521 Key spec duplicated, overriding previous: <Key (['mod4'], Tab)>
2025-08-22 15:14:35,247 WARNING libqtile manager.py:grab_key():L521 Key spec duplicated, overriding previous: <Key (['mod4', 'shift'], Tab)>
2025-08-22 15:14:35,247 WARNING libqtile manager.py:grab_key():L521 Key spec duplicated, overriding previous: <Key (['mod1'], Tab)>
2025-08-22 15:14:35,247 WARNING libqtile manager.py:grab_key():L521 Key spec duplicated, overriding previous: <Key (['mod1', 'shift'], Tab)>
2025-08-22 15:14:35,247 WARNING libqtile manager.py:grab_key():L521 Key spec duplicated, overriding previous: <Key (['mod4'], Tab)>
2025-08-22 15:14:35,247 WARNING libqtile manager.py:grab_key():L521 Key spec duplicated, overriding previous: <Key (['mod4', 'shift'], Tab)>
2025-08-22 15:14:35,247 WARNING libqtile manager.py:grab_key():L521 Key spec duplicated, overriding previous: <Key (['mod1'], Tab)>
2025-08-22 15:14:35,247 WARNING libqtile manager.py:grab_key():L521 Key spec duplicated, overriding previous: <Key (['mod1', 'shift'], Tab)>
2025-08-22 15:14:35,247 WARNING libqtile manager.py:grab_key():L521 Key spec duplicated, overriding previous: <Key (['mod4'], Tab)>
2025-08-22 15:14:35,247 WARNING libqtile manager.py:grab_key():L521 Key spec duplicated, overriding previous: <Key (['mod4', 'shift'], Tab)>
2025-08-22 15:14:35,247 WARNING libqtile manager.py:grab_key():L521 Key spec duplicated, overriding previous: <Key (['mod1'], Tab)>
2025-08-22 15:14:35,247 WARNING libqtile manager.py:grab_key():L521 Key spec duplicated, overriding previous: <Key (['mod1', 'shift'], Tab)>
2025-08-22 15:14:35,248 WARNING libqtile manager.py:grab_key():L521 Key spec duplicated, overriding previous: <Key (['mod4'], Tab)>
2025-08-22 15:14:35,248 WARNING libqtile manager.py:grab_key():L521 Key spec duplicated, overriding previous: <Key (['mod4', 'shift'], Tab)>
2025-08-22 15:14:35,248 WARNING libqtile manager.py:grab_key():L521 Key spec duplicated, overriding previous: <Key (['mod1'], Tab)>
2025-08-22 15:14:35,248 WARNING libqtile manager.py:grab_key():L521 Key spec duplicated, overriding previous: <Key (['mod1', 'shift'], Tab)>
2025-08-22 15:14:35,248 WARNING libqtile manager.py:grab_key():L521 Key spec duplicated, overriding previous: <Key (['mod4'], Tab)>
2025-08-22 15:14:35,248 WARNING libqtile manager.py:grab_key():L521 Key spec duplicated, overriding previous: <Key (['mod4', 'shift'], Tab)>
2025-08-22 15:14:35,248 WARNING libqtile manager.py:grab_key():L521 Key spec duplicated, overriding previous: <Key (['mod1'], Tab)>
2025-08-22 15:14:35,248 WARNING libqtile manager.py:grab_key():L521 Key spec duplicated, overriding previous: <Key (['mod1', 'shift'], Tab)>
2025-08-22 15:14:35,303 WARNING libqtile config.py:assign_app_group():L562 [Assign Hook] App started: thunar
2025-08-22 15:14:35,303 WARNING libqtile base.py:__getattr__():L273 Deprecation Warning: commands exposed via IPC no longer use the 'cmd_' prefix. Please replace 'cmd_toscreen' with 'toscreen' in your code.
2025-08-22 15:14:35,306 WARNING libqtile config.py:assign_app_group():L567 [Assign Hook] Moved thunar to group 1 and switched to it
2025-08-22 15:14:35,314 WARNING libqtile config.py:assign_app_group():L562 [Assign Hook] App started: transmission-gtk
2025-08-22 15:14:35,314 WARNING libqtile base.py:__getattr__():L273 Deprecation Warning: commands exposed via IPC no longer use the 'cmd_' prefix. Please replace 'cmd_toscreen' with 'toscreen' in your code.
2025-08-22 15:14:35,319 WARNING libqtile config.py:assign_app_group():L567 [Assign Hook] Moved transmission-gtk to group 7 and switched to it
2025-08-22 15:14:35,343 WARNING libqtile config.py:assign_app_group():L562 [Assign Hook] App started: brave-browser
2025-08-22 15:14:35,343 WARNING libqtile base.py:__getattr__():L273 Deprecation Warning: commands exposed via IPC no longer use the 'cmd_' prefix. Please replace 'cmd_toscreen' with 'toscreen' in your code.
2025-08-22 15:14:35,347 WARNING libqtile config.py:assign_app_group():L567 [Assign Hook] Moved brave-browser to group 3 and switched to it
2025-08-22 15:14:39,070 WARNING libqtile config.py:assign_app_group():L562 [Assign Hook] App started: xfce4-terminal
2025-08-22 15:14:39,071 WARNING libqtile base.py:__getattr__():L273 Deprecation Warning: commands exposed via IPC no longer use the 'cmd_' prefix. Please replace 'cmd_toscreen' with 'toscreen' in your code.
2025-08-22 15:14:39,079 WARNING libqtile config.py:assign_app_group():L567 [Assign Hook] Moved xfce4-terminal to group 5 and switched to it
2025-08-22 15:15:31,988 WARNING libqtile core.py:graceful_shutdown():L910 Server disconnected, couldn't close windows gracefully.
2025-08-22 15:15:31,991 WARNING libqtile lifecycle.py:_atexit():L38 Qtile will now terminate
2025-08-22 15:18:23,915 WARNING libqtile launchbar.py:setup_images():L169 No icon found for application "" (None) switch to text mode
2025-08-22 15:18:23,942 WARNING libqtile launchbar.py:setup_images():L169 No icon found for application "" (None) switch to text mode
2025-08-22 15:18:23,942 WARNING libqtile launchbar.py:setup_images():L169 No icon found for application " " (None) switch to text mode
2025-08-22 15:18:23,942 WARNING libqtile launchbar.py:setup_images():L169 No icon found for application "" (None) switch to text mode
2025-08-22 15:18:23,970 WARNING libqtile manager.py:grab_key():L521 Key spec duplicated, overriding previous: <Key (['mod4', 'shift'], Right)>
2025-08-22 15:18:23,970 WARNING libqtile manager.py:grab_key():L521 Key spec duplicated, overriding previous: <Key (['mod4', 'shift'], Left)>
2025-08-22 15:18:23,970 WARNING libqtile manager.py:grab_key():L521 Key spec duplicated, overriding previous: <Key (['mod4'], Tab)>
2025-08-22 15:18:23,970 WARNING libqtile manager.py:grab_key():L521 Key spec duplicated, overriding previous: <Key (['mod4', 'shift'], Tab)>
2025-08-22 15:18:23,970 WARNING libqtile manager.py:grab_key():L521 Key spec duplicated, overriding previous: <Key (['mod1'], Tab)>
2025-08-22 15:18:23,970 WARNING libqtile manager.py:grab_key():L521 Key spec duplicated, overriding previous: <Key (['mod1', 'shift'], Tab)>
2025-08-22 15:18:23,970 WARNING libqtile manager.py:grab_key():L521 Key spec duplicated, overriding previous: <Key (['mod4'], Tab)>
2025-08-22 15:18:23,970 WARNING libqtile manager.py:grab_key():L521 Key spec duplicated, overriding previous: <Key (['mod4', 'shift'], Tab)>
2025-08-22 15:18:23,971 WARNING libqtile manager.py:grab_key():L521 Key spec duplicated, overriding previous: <Key (['mod1'], Tab)>
2025-08-22 15:18:23,971 WARNING libqtile manager.py:grab_key():L521 Key spec duplicated, overriding previous: <Key (['mod1', 'shift'], Tab)>
2025-08-22 15:18:23,971 WARNING libqtile manager.py:grab_key():L521 Key spec duplicated, overriding previous: <Key (['mod4'], Tab)>
2025-08-22 15:18:23,971 WARNING libqtile manager.py:grab_key():L521 Key spec duplicated, overriding previous: <Key (['mod4', 'shift'], Tab)>
2025-08-22 15:18:23,971 WARNING libqtile manager.py:grab_key():L521 Key spec duplicated, overriding previous: <Key (['mod1'], Tab)>
2025-08-22 15:18:23,971 WARNING libqtile manager.py:grab_key():L521 Key spec duplicated, overriding previous: <Key (['mod1', 'shift'], Tab)>
2025-08-22 15:18:23,971 WARNING libqtile manager.py:grab_key():L521 Key spec duplicated, overriding previous: <Key (['mod4'], Tab)>
2025-08-22 15:18:23,971 WARNING libqtile manager.py:grab_key():L521 Key spec duplicated, overriding previous: <Key (['mod4', 'shift'], Tab)>
2025-08-22 15:18:23,971 WARNING libqtile manager.py:grab_key():L521 Key spec duplicated, overriding previous: <Key (['mod1'], Tab)>
2025-08-22 15:18:23,971 WARNING libqtile manager.py:grab_key():L521 Key spec duplicated, overriding previous: <Key (['mod1', 'shift'], Tab)>
2025-08-22 15:18:23,971 WARNING libqtile manager.py:grab_key():L521 Key spec duplicated, overriding previous: <Key (['mod4'], Tab)>
2025-08-22 15:18:23,972 WARNING libqtile manager.py:grab_key():L521 Key spec duplicated, overriding previous: <Key (['mod4', 'shift'], Tab)>
2025-08-22 15:18:23,972 WARNING libqtile manager.py:grab_key():L521 Key spec duplicated, overriding previous: <Key (['mod1'], Tab)>
2025-08-22 15:18:23,972 WARNING libqtile manager.py:grab_key():L521 Key spec duplicated, overriding previous: <Key (['mod1', 'shift'], Tab)>
2025-08-22 15:18:23,972 WARNING libqtile manager.py:grab_key():L521 Key spec duplicated, overriding previous: <Key (['mod4'], Tab)>
2025-08-22 15:18:23,972 WARNING libqtile manager.py:grab_key():L521 Key spec duplicated, overriding previous: <Key (['mod4', 'shift'], Tab)>
2025-08-22 15:18:23,972 WARNING libqtile manager.py:grab_key():L521 Key spec duplicated, overriding previous: <Key (['mod1'], Tab)>
2025-08-22 15:18:23,972 WARNING libqtile manager.py:grab_key():L521 Key spec duplicated, overriding previous: <Key (['mod1', 'shift'], Tab)>
2025-08-22 15:18:23,972 WARNING libqtile manager.py:grab_key():L521 Key spec duplicated, overriding previous: <Key (['mod4'], Tab)>
2025-08-22 15:18:23,972 WARNING libqtile manager.py:grab_key():L521 Key spec duplicated, overriding previous: <Key (['mod4', 'shift'], Tab)>
2025-08-22 15:18:23,972 WARNING libqtile manager.py:grab_key():L521 Key spec duplicated, overriding previous: <Key (['mod1'], Tab)>
2025-08-22 15:18:23,972 WARNING libqtile manager.py:grab_key():L521 Key spec duplicated, overriding previous: <Key (['mod1', 'shift'], Tab)>
2025-08-22 15:18:23,972 WARNING libqtile manager.py:grab_key():L521 Key spec duplicated, overriding previous: <Key (['mod4'], Tab)>
2025-08-22 15:18:23,973 WARNING libqtile manager.py:grab_key():L521 Key spec duplicated, overriding previous: <Key (['mod4', 'shift'], Tab)>
2025-08-22 15:18:23,973 WARNING libqtile manager.py:grab_key():L521 Key spec duplicated, overriding previous: <Key (['mod1'], Tab)>
2025-08-22 15:18:23,973 WARNING libqtile manager.py:grab_key():L521 Key spec duplicated, overriding previous: <Key (['mod1', 'shift'], Tab)>
2025-08-22 15:18:23,973 WARNING libqtile manager.py:grab_key():L521 Key spec duplicated, overriding previous: <Key (['mod4'], Tab)>
2025-08-22 15:18:23,973 WARNING libqtile manager.py:grab_key():L521 Key spec duplicated, overriding previous: <Key (['mod4', 'shift'], Tab)>
2025-08-22 15:18:23,973 WARNING libqtile manager.py:grab_key():L521 Key spec duplicated, overriding previous: <Key (['mod1'], Tab)>
2025-08-22 15:18:23,973 WARNING libqtile manager.py:grab_key():L521 Key spec duplicated, overriding previous: <Key (['mod1', 'shift'], Tab)>
2025-08-22 15:18:24,982 WARNING libqtile launchbar.py:setup_images():L169 No icon found for application "" (None) switch to text mode
2025-08-22 15:18:24,982 WARNING libqtile launchbar.py:setup_images():L169 No icon found for application "" (None) switch to text mode
2025-08-22 15:18:24,982 WARNING libqtile launchbar.py:setup_images():L169 No icon found for application " " (None) switch to text mode
2025-08-22 15:18:24,983 WARNING libqtile launchbar.py:setup_images():L169 No icon found for application "" (None) switch to text mode
2025-08-22 15:18:25,666 WARNING libqtile config.py:assign_app_group():L562 [Assign Hook] App started: ulauncher
2025-08-22 15:18:34,014 WARNING libqtile config.py:assign_app_group():L562 [Assign Hook] App started: xfce4-terminal
2025-08-22 15:18:34,016 WARNING libqtile base.py:__getattr__():L273 Deprecation Warning: commands exposed via IPC no longer use the 'cmd_' prefix. Please replace 'cmd_toscreen' with 'toscreen' in your code.
2025-08-22 15:18:34,022 WARNING libqtile config.py:assign_app_group():L567 [Assign Hook] Moved xfce4-terminal to group 5 and switched to it
2025-08-22 15:18:53,940 WARNING libqtile config.py:assign_app_group():L562 [Assign Hook] App started: polkit-gnome-authentication-agent-1
2025-08-22 15:19:03,276 WARNING libqtile config.py:assign_app_group():L562 [Assign Hook] App started: archlinux-tweak-tool.py
2025-08-22 15:19:10,595 WARNING libqtile config.py:assign_app_group():L562 [Assign Hook] App started: alacritty
2025-08-22 15:19:33,234 WARNING libqtile config.py:assign_app_group():L562 [Assign Hook] App started: alacritty
2025-08-22 15:19:41,398 WARNING libqtile config.py:assign_app_group():L562 [Assign Hook] App started: alacritty
2025-08-22 15:20:22,670 WARNING libqtile config.py:assign_app_group():L562 [Assign Hook] App started: gcr-prompter
2025-08-22 15:20:24,792 WARNING libqtile config.py:assign_app_group():L562 [Assign Hook] App started: brave-browser
2025-08-22 15:20:24,795 WARNING libqtile base.py:__getattr__():L273 Deprecation Warning: commands exposed via IPC no longer use the 'cmd_' prefix. Please replace 'cmd_toscreen' with 'toscreen' in your code.
2025-08-22 15:20:24,805 WARNING libqtile config.py:assign_app_group():L567 [Assign Hook] Moved brave-browser to group 3 and switched to it
2025-08-22 15:23:09,985 WARNING libqtile config.py:assign_app_group():L562 [Assign Hook] App started: transmission-gtk
2025-08-22 15:23:09,986 WARNING libqtile base.py:__getattr__():L273 Deprecation Warning: commands exposed via IPC no longer use the 'cmd_' prefix. Please replace 'cmd_toscreen' with 'toscreen' in your code.
2025-08-22 15:23:09,992 WARNING libqtile config.py:assign_app_group():L567 [Assign Hook] Moved transmission-gtk to group 7 and switched to it
2025-08-22 15:23:10,030 WARNING libqtile config.py:assign_app_group():L562 [Assign Hook] App started: transmission-gtk
2025-08-22 15:23:10,030 WARNING libqtile base.py:__getattr__():L273 Deprecation Warning: commands exposed via IPC no longer use the 'cmd_' prefix. Please replace 'cmd_toscreen' with 'toscreen' in your code.
2025-08-22 15:23:10,030 WARNING libqtile config.py:assign_app_group():L567 [Assign Hook] Moved transmission-gtk to group 7 and switched to it
2025-08-22 15:31:08,976 WARNING libqtile config.py:assign_app_group():L562 [Assign Hook] App started: xfce4-notifyd
2025-08-22 15:33:13,935 WARNING libqtile launchbar.py:setup_images():L169 No icon found for application "" (None) switch to text mode
2025-08-22 15:33:13,935 WARNING libqtile launchbar.py:setup_images():L169 No icon found for application "" (None) switch to text mode
2025-08-22 15:33:13,935 WARNING libqtile launchbar.py:setup_images():L169 No icon found for application " " (None) switch to text mode
2025-08-22 15:33:13,935 WARNING libqtile launchbar.py:setup_images():L169 No icon found for application "" (None) switch to text mode
2025-08-22 16:00:53,726 WARNING libqtile launchbar.py:setup_images():L169 No icon found for application "" (None) switch to text mode
2025-08-22 16:00:53,726 WARNING libqtile launchbar.py:setup_images():L169 No icon found for application "" (None) switch to text mode
2025-08-22 16:00:53,726 WARNING libqtile launchbar.py:setup_images():L169 No icon found for application " " (None) switch to text mode
2025-08-22 16:00:53,726 WARNING libqtile launchbar.py:setup_images():L169 No icon found for application "" (None) switch to text mode
2025-08-22 16:00:58,877 WARNING libqtile config.py:assign_app_group():L562 [Assign Hook] App started: thunar
2025-08-22 16:00:58,883 WARNING libqtile base.py:__getattr__():L273 Deprecation Warning: commands exposed via IPC no longer use the 'cmd_' prefix. Please replace 'cmd_toscreen' with 'toscreen' in your code.
2025-08-22 16:00:58,883 WARNING libqtile config.py:assign_app_group():L567 [Assign Hook] Moved thunar to group 1 and switched to it
2025-08-22 16:01:24,744 WARNING libqtile config.py:assign_app_group():L562 [Assign Hook] App started: thunar
2025-08-22 16:01:24,752 WARNING libqtile base.py:__getattr__():L273 Deprecation Warning: commands exposed via IPC no longer use the 'cmd_' prefix. Please replace 'cmd_toscreen' with 'toscreen' in your code.
2025-08-22 16:01:24,752 WARNING libqtile config.py:assign_app_group():L567 [Assign Hook] Moved thunar to group 1 and switched to it
2025-08-22 16:05:44,031 WARNING libqtile config.py:assign_app_group():L562 [Assign Hook] App started: transmission-gtk
2025-08-22 16:05:44,031 WARNING libqtile base.py:__getattr__():L273 Deprecation Warning: commands exposed via IPC no longer use the 'cmd_' prefix. Please replace 'cmd_toscreen' with 'toscreen' in your code.
2025-08-22 16:05:44,031 WARNING libqtile config.py:assign_app_group():L567 [Assign Hook] Moved transmission-gtk to group 7 and switched to it
2025-08-22 16:06:05,698 WARNING libqtile config.py:assign_app_group():L562 [Assign Hook] App started: thunar
2025-08-22 16:06:05,698 WARNING libqtile base.py:__getattr__():L273 Deprecation Warning: commands exposed via IPC no longer use the 'cmd_' prefix. Please replace 'cmd_toscreen' with 'toscreen' in your code.
2025-08-22 16:06:05,698 WARNING libqtile config.py:assign_app_group():L567 [Assign Hook] Moved thunar to group 1 and switched to it
2025-08-22 16:06:27,912 WARNING libqtile config.py:assign_app_group():L562 [Assign Hook] App started: sublime_text
2025-08-22 16:06:27,913 WARNING libqtile base.py:__getattr__():L273 Deprecation Warning: commands exposed via IPC no longer use the 'cmd_' prefix. Please replace 'cmd_toscreen' with 'toscreen' in your code.
2025-08-22 16:06:27,919 WARNING libqtile config.py:assign_app_group():L567 [Assign Hook] Moved sublime_text to group 2 and switched to it
2025-08-22 16:06:37,112 WARNING libqtile config.py:assign_app_group():L562 [Assign Hook] App started: sublime_text
2025-08-22 16:06:37,113 WARNING libqtile base.py:__getattr__():L273 Deprecation Warning: commands exposed via IPC no longer use the 'cmd_' prefix. Please replace 'cmd_toscreen' with 'toscreen' in your code.
2025-08-22 16:06:37,133 WARNING libqtile config.py:assign_app_group():L567 [Assign Hook] Moved sublime_text to group 2 and switched to it
2025-08-22 16:06:55,381 WARNING libqtile config.py:assign_app_group():L562 [Assign Hook] App started: sublime_text
2025-08-22 16:06:55,383 WARNING libqtile base.py:__getattr__():L273 Deprecation Warning: commands exposed via IPC no longer use the 'cmd_' prefix. Please replace 'cmd_toscreen' with 'toscreen' in your code.
2025-08-22 16:06:55,388 WARNING libqtile config.py:assign_app_group():L567 [Assign Hook] Moved sublime_text to group 2 and switched to it
2025-08-22 16:09:40,738 WARNING libqtile config.py:assign_app_group():L562 [Assign Hook] App started: thunar
2025-08-22 16:09:40,738 WARNING libqtile base.py:__getattr__():L273 Deprecation Warning: commands exposed via IPC no longer use the 'cmd_' prefix. Please replace 'cmd_toscreen' with 'toscreen' in your code.
2025-08-22 16:09:40,738 WARNING libqtile config.py:assign_app_group():L567 [Assign Hook] Moved thunar to group 1 and switched to it
2025-08-22 16:09:58,361 WARNING libqtile config.py:assign_app_group():L562 [Assign Hook] App started: thunar
2025-08-22 16:09:58,361 WARNING libqtile base.py:__getattr__():L273 Deprecation Warning: commands exposed via IPC no longer use the 'cmd_' prefix. Please replace 'cmd_toscreen' with 'toscreen' in your code.
2025-08-22 16:09:58,361 WARNING libqtile config.py:assign_app_group():L567 [Assign Hook] Moved thunar to group 1 and switched to it
2025-08-22 16:10:24,837 WARNING libqtile config.py:assign_app_group():L562 [Assign Hook] App started: thunar
2025-08-22 16:10:24,837 WARNING libqtile base.py:__getattr__():L273 Deprecation Warning: commands exposed via IPC no longer use the 'cmd_' prefix. Please replace 'cmd_toscreen' with 'toscreen' in your code.
2025-08-22 16:10:24,837 WARNING libqtile config.py:assign_app_group():L567 [Assign Hook] Moved thunar to group 1 and switched to it
2025-08-22 16:10:57,549 WARNING libqtile config.py:assign_app_group():L562 [Assign Hook] App started: thunar
2025-08-22 16:10:57,556 WARNING libqtile base.py:__getattr__():L273 Deprecation Warning: commands exposed via IPC no longer use the 'cmd_' prefix. Please replace 'cmd_toscreen' with 'toscreen' in your code.
2025-08-22 16:10:57,556 WARNING libqtile config.py:assign_app_group():L567 [Assign Hook] Moved thunar to group 1 and switched to it
2025-08-22 16:14:23,335 WARNING libqtile config.py:assign_app_group():L562 [Assign Hook] App started: vlc
2025-08-22 16:14:23,336 WARNING libqtile base.py:__getattr__():L273 Deprecation Warning: commands exposed via IPC no longer use the 'cmd_' prefix. Please replace 'cmd_toscreen' with 'toscreen' in your code.
2025-08-22 16:14:23,349 WARNING libqtile config.py:assign_app_group():L567 [Assign Hook] Moved vlc to group 6 and switched to it
2025-08-22 16:18:25,517 WARNING libqtile config.py:assign_app_group():L562 [Assign Hook] App started: thunar
2025-08-22 16:18:25,524 WARNING libqtile base.py:__getattr__():L273 Deprecation Warning: commands exposed via IPC no longer use the 'cmd_' prefix. Please replace 'cmd_toscreen' with 'toscreen' in your code.
2025-08-22 16:18:25,524 WARNING libqtile config.py:assign_app_group():L567 [Assign Hook] Moved thunar to group 1 and switched to it
2025-08-22 16:22:14,867 WARNING libqtile config.py:assign_app_group():L562 [Assign Hook] App started: transmission-gtk
2025-08-22 16:22:14,867 WARNING libqtile base.py:__getattr__():L273 Deprecation Warning: commands exposed via IPC no longer use the 'cmd_' prefix. Please replace 'cmd_toscreen' with 'toscreen' in your code.
2025-08-22 16:22:14,876 WARNING libqtile config.py:assign_app_group():L567 [Assign Hook] Moved transmission-gtk to group 7 and switched to it
2025-08-22 16:31:45,708 WARNING libqtile config.py:assign_app_group():L562 [Assign Hook] App started: transmission-gtk
2025-08-22 16:31:45,708 WARNING libqtile base.py:__getattr__():L273 Deprecation Warning: commands exposed via IPC no longer use the 'cmd_' prefix. Please replace 'cmd_toscreen' with 'toscreen' in your code.
2025-08-22 16:31:45,708 WARNING libqtile config.py:assign_app_group():L567 [Assign Hook] Moved transmission-gtk to group 7 and switched to it
2025-08-22 16:31:57,491 WARNING libqtile config.py:assign_app_group():L562 [Assign Hook] App started: transmission-gtk
2025-08-22 16:31:57,491 WARNING libqtile base.py:__getattr__():L273 Deprecation Warning: commands exposed via IPC no longer use the 'cmd_' prefix. Please replace 'cmd_toscreen' with 'toscreen' in your code.
2025-08-22 16:31:57,499 WARNING libqtile config.py:assign_app_group():L567 [Assign Hook] Moved transmission-gtk to group 7 and switched to it
2025-08-22 16:32:47,710 WARNING libqtile config.py:assign_app_group():L562 [Assign Hook] App started: transmission-gtk
2025-08-22 16:32:47,710 WARNING libqtile base.py:__getattr__():L273 Deprecation Warning: commands exposed via IPC no longer use the 'cmd_' prefix. Please replace 'cmd_toscreen' with 'toscreen' in your code.
2025-08-22 16:32:47,721 WARNING libqtile config.py:assign_app_group():L567 [Assign Hook] Moved transmission-gtk to group 7 and switched to it
2025-08-22 16:32:59,650 WARNING libqtile config.py:assign_app_group():L562 [Assign Hook] App started: thunar
2025-08-22 16:32:59,651 WARNING libqtile base.py:__getattr__():L273 Deprecation Warning: commands exposed via IPC no longer use the 'cmd_' prefix. Please replace 'cmd_toscreen' with 'toscreen' in your code.
2025-08-22 16:32:59,651 WARNING libqtile config.py:assign_app_group():L567 [Assign Hook] Moved thunar to group 1 and switched to it
2025-08-22 16:34:14,412 WARNING libqtile config.py:assign_app_group():L562 [Assign Hook] App started: thunar
2025-08-22 16:34:14,419 WARNING libqtile base.py:__getattr__():L273 Deprecation Warning: commands exposed via IPC no longer use the 'cmd_' prefix. Please replace 'cmd_toscreen' with 'toscreen' in your code.
2025-08-22 16:34:14,419 WARNING libqtile config.py:assign_app_group():L567 [Assign Hook] Moved thunar to group 1 and switched to it
2025-08-22 16:39:11,937 WARNING libqtile config.py:assign_app_group():L562 [Assign Hook] App started: xfce4-notifyd
2025-08-22 16:40:20,129 WARNING libqtile config.py:assign_app_group():L562 [Assign Hook] App started: thunar
2025-08-22 16:40:20,137 WARNING libqtile base.py:__getattr__():L273 Deprecation Warning: commands exposed via IPC no longer use the 'cmd_' prefix. Please replace 'cmd_toscreen' with 'toscreen' in your code.
2025-08-22 16:40:20,137 WARNING libqtile config.py:assign_app_group():L567 [Assign Hook] Moved thunar to group 1 and switched to it
2025-08-22 16:45:21,436 WARNING libqtile config.py:assign_app_group():L562 [Assign Hook] App started: xfce4-notifyd
2025-08-22 16:46:48,285 WARNING libqtile config.py:assign_app_group():L562 [Assign Hook] App started: thunar
2025-08-22 16:46:48,293 WARNING libqtile base.py:__getattr__():L273 Deprecation Warning: commands exposed via IPC no longer use the 'cmd_' prefix. Please replace 'cmd_toscreen' with 'toscreen' in your code.
2025-08-22 16:46:48,293 WARNING libqtile config.py:assign_app_group():L567 [Assign Hook] Moved thunar to group 1 and switched to it
2025-08-22 16:47:00,747 WARNING libqtile config.py:assign_app_group():L562 [Assign Hook] App started: thunar
2025-08-22 16:47:00,757 WARNING libqtile base.py:__getattr__():L273 Deprecation Warning: commands exposed via IPC no longer use the 'cmd_' prefix. Please replace 'cmd_toscreen' with 'toscreen' in your code.
2025-08-22 16:47:00,757 WARNING libqtile config.py:assign_app_group():L567 [Assign Hook] Moved thunar to group 1 and switched to it
2025-08-22 16:50:07,267 WARNING libqtile config.py:assign_app_group():L562 [Assign Hook] App started: xfce4-terminal
2025-08-22 16:50:07,268 WARNING libqtile base.py:__getattr__():L273 Deprecation Warning: commands exposed via IPC no longer use the 'cmd_' prefix. Please replace 'cmd_toscreen' with 'toscreen' in your code.
2025-08-22 16:50:07,272 WARNING libqtile config.py:assign_app_group():L567 [Assign Hook] Moved xfce4-terminal to group 5 and switched to it
2025-08-22 16:50:26,461 WARNING libqtile config.py:assign_app_group():L562 [Assign Hook] App started: xfce4-terminal
2025-08-22 16:50:26,462 WARNING libqtile base.py:__getattr__():L273 Deprecation Warning: commands exposed via IPC no longer use the 'cmd_' prefix. Please replace 'cmd_toscreen' with 'toscreen' in your code.
2025-08-22 16:50:26,466 WARNING libqtile config.py:assign_app_group():L567 [Assign Hook] Moved xfce4-terminal to group 5 and switched to it
2025-08-22 16:50:45,774 WARNING libqtile config.py:assign_app_group():L562 [Assign Hook] App started: xfce4-terminal
2025-08-22 16:50:45,775 WARNING libqtile base.py:__getattr__():L273 Deprecation Warning: commands exposed via IPC no longer use the 'cmd_' prefix. Please replace 'cmd_toscreen' with 'toscreen' in your code.
2025-08-22 16:50:45,783 WARNING libqtile config.py:assign_app_group():L567 [Assign Hook] Moved xfce4-terminal to group 5 and switched to it
2025-08-22 17:08:07,819 WARNING libqtile config.py:assign_app_group():L562 [Assign Hook] App started: archlinux-logout.py
2025-08-22 17:08:12,854 WARNING libqtile launchbar.py:setup_images():L169 No icon found for application "" (None) switch to text mode
2025-08-22 17:08:12,854 WARNING libqtile launchbar.py:setup_images():L169 No icon found for application "" (None) switch to text mode
2025-08-22 17:08:12,855 WARNING libqtile launchbar.py:setup_images():L169 No icon found for application " " (None) switch to text mode
2025-08-22 17:08:12,855 WARNING libqtile launchbar.py:setup_images():L169 No icon found for application "" (None) switch to text mode
2025-08-22 22:18:50,929 WARNING libqtile config.py:assign_app_group():L562 [Assign Hook] App started: xfce4-notifyd
2025-08-26 08:08:43,984 WARNING libqtile launchbar.py:setup_images():L169 No icon found for application "" (None) switch to text mode
2025-08-26 08:08:43,984 WARNING libqtile launchbar.py:setup_images():L169 No icon found for application "" (None) switch to text mode
2025-08-26 08:08:43,984 WARNING libqtile launchbar.py:setup_images():L169 No icon found for application " " (None) switch to text mode
2025-08-26 08:08:43,984 WARNING libqtile launchbar.py:setup_images():L169 No icon found for application "" (None) switch to text mode
2025-08-26 08:08:46,763 WARNING libqtile lifecycle.py:_atexit():L34 Restarting Qtile with os.execv(...)
2025-08-26 08:08:48,152 WARNING libqtile launchbar.py:setup_images():L169 No icon found for application "" (None) switch to text mode
2025-08-26 08:08:48,171 WARNING libqtile launchbar.py:setup_images():L169 No icon found for application "" (None) switch to text mode
2025-08-26 08:08:48,172 WARNING libqtile launchbar.py:setup_images():L169 No icon found for application " " (None) switch to text mode
2025-08-26 08:08:48,172 WARNING libqtile launchbar.py:setup_images():L169 No icon found for application "" (None) switch to text mode
2025-08-26 08:08:48,192 WARNING libqtile manager.py:grab_key():L521 Key spec duplicated, overriding previous: <Key (['mod4', 'shift'], Right)>
2025-08-26 08:08:48,192 WARNING libqtile manager.py:grab_key():L521 Key spec duplicated, overriding previous: <Key (['mod4', 'shift'], Left)>
2025-08-26 08:08:48,192 WARNING libqtile manager.py:grab_key():L521 Key spec duplicated, overriding previous: <Key (['mod4'], Tab)>
2025-08-26 08:08:48,192 WARNING libqtile manager.py:grab_key():L521 Key spec duplicated, overriding previous: <Key (['mod4', 'shift'], Tab)>
2025-08-26 08:08:48,192 WARNING libqtile manager.py:grab_key():L521 Key spec duplicated, overriding previous: <Key (['mod1'], Tab)>
2025-08-26 08:08:48,192 WARNING libqtile manager.py:grab_key():L521 Key spec duplicated, overriding previous: <Key (['mod1', 'shift'], Tab)>
2025-08-26 08:08:48,192 WARNING libqtile manager.py:grab_key():L521 Key spec duplicated, overriding previous: <Key (['mod4'], Tab)>
2025-08-26 08:08:48,192 WARNING libqtile manager.py:grab_key():L521 Key spec duplicated, overriding previous: <Key (['mod4', 'shift'], Tab)>
2025-08-26 08:08:48,193 WARNING libqtile manager.py:grab_key():L521 Key spec duplicated, overriding previous: <Key (['mod1'], Tab)>
2025-08-26 08:08:48,193 WARNING libqtile manager.py:grab_key():L521 Key spec duplicated, overriding previous: <Key (['mod1', 'shift'], Tab)>
2025-08-26 08:08:48,193 WARNING libqtile manager.py:grab_key():L521 Key spec duplicated, overriding previous: <Key (['mod4'], Tab)>
2025-08-26 08:08:48,193 WARNING libqtile manager.py:grab_key():L521 Key spec duplicated, overriding previous: <Key (['mod4', 'shift'], Tab)>
2025-08-26 08:08:48,193 WARNING libqtile manager.py:grab_key():L521 Key spec duplicated, overriding previous: <Key (['mod1'], Tab)>
2025-08-26 08:08:48,193 WARNING libqtile manager.py:grab_key():L521 Key spec duplicated, overriding previous: <Key (['mod1', 'shift'], Tab)>
2025-08-26 08:08:48,193 WARNING libqtile manager.py:grab_key():L521 Key spec duplicated, overriding previous: <Key (['mod4'], Tab)>
2025-08-26 08:08:48,193 WARNING libqtile manager.py:grab_key():L521 Key spec duplicated, overriding previous: <Key (['mod4', 'shift'], Tab)>
2025-08-26 08:08:48,193 WARNING libqtile manager.py:grab_key():L521 Key spec duplicated, overriding previous: <Key (['mod1'], Tab)>
2025-08-26 08:08:48,193 WARNING libqtile manager.py:grab_key():L521 Key spec duplicated, overriding previous: <Key (['mod1', 'shift'], Tab)>
2025-08-26 08:08:48,193 WARNING libqtile manager.py:grab_key():L521 Key spec duplicated, overriding previous: <Key (['mod4'], Tab)>
2025-08-26 08:08:48,193 WARNING libqtile manager.py:grab_key():L521 Key spec duplicated, overriding previous: <Key (['mod4', 'shift'], Tab)>
2025-08-26 08:08:48,194 WARNING libqtile manager.py:grab_key():L521 Key spec duplicated, overriding previous: <Key (['mod1'], Tab)>
2025-08-26 08:08:48,194 WARNING libqtile manager.py:grab_key():L521 Key spec duplicated, overriding previous: <Key (['mod1', 'shift'], Tab)>
2025-08-26 08:08:48,194 WARNING libqtile manager.py:grab_key():L521 Key spec duplicated, overriding previous: <Key (['mod4'], Tab)>
2025-08-26 08:08:48,194 WARNING libqtile manager.py:grab_key():L521 Key spec duplicated, overriding previous: <Key (['mod4', 'shift'], Tab)>
2025-08-26 08:08:48,194 WARNING libqtile manager.py:grab_key():L521 Key spec duplicated, overriding previous: <Key (['mod1'], Tab)>
2025-08-26 08:08:48,194 WARNING libqtile manager.py:grab_key():L521 Key spec duplicated, overriding previous: <Key (['mod1', 'shift'], Tab)>
2025-08-26 08:08:48,194 WARNING libqtile manager.py:grab_key():L521 Key spec duplicated, overriding previous: <Key (['mod4'], Tab)>
2025-08-26 08:08:48,194 WARNING libqtile manager.py:grab_key():L521 Key spec duplicated, overriding previous: <Key (['mod4', 'shift'], Tab)>
2025-08-26 08:08:48,194 WARNING libqtile manager.py:grab_key():L521 Key spec duplicated, overriding previous: <Key (['mod1'], Tab)>
2025-08-26 08:08:48,194 WARNING libqtile manager.py:grab_key():L521 Key spec duplicated, overriding previous: <Key (['mod1', 'shift'], Tab)>
2025-08-26 08:08:48,194 WARNING libqtile manager.py:grab_key():L521 Key spec duplicated, overriding previous: <Key (['mod4'], Tab)>
2025-08-26 08:08:48,195 WARNING libqtile manager.py:grab_key():L521 Key spec duplicated, overriding previous: <Key (['mod4', 'shift'], Tab)>
2025-08-26 08:08:48,195 WARNING libqtile manager.py:grab_key():L521 Key spec duplicated, overriding previous: <Key (['mod1'], Tab)>
2025-08-26 08:08:48,195 WARNING libqtile manager.py:grab_key():L521 Key spec duplicated, overriding previous: <Key (['mod1', 'shift'], Tab)>
2025-08-26 08:08:48,195 WARNING libqtile manager.py:grab_key():L521 Key spec duplicated, overriding previous: <Key (['mod4'], Tab)>
2025-08-26 08:08:48,195 WARNING libqtile manager.py:grab_key():L521 Key spec duplicated, overriding previous: <Key (['mod4', 'shift'], Tab)>
2025-08-26 08:08:48,195 WARNING libqtile manager.py:grab_key():L521 Key spec duplicated, overriding previous: <Key (['mod1'], Tab)>
2025-08-26 08:08:48,195 WARNING libqtile manager.py:grab_key():L521 Key spec duplicated, overriding previous: <Key (['mod1', 'shift'], Tab)>
2025-08-26 08:08:48,226 WARNING libqtile config.py:assign_app_group():L562 [Assign Hook] App started: brave-browser
2025-08-26 08:08:48,226 WARNING libqtile base.py:__getattr__():L273 Deprecation Warning: commands exposed via IPC no longer use the 'cmd_' prefix. Please replace 'cmd_toscreen' with 'toscreen' in your code.
2025-08-26 08:08:48,231 WARNING libqtile config.py:assign_app_group():L567 [Assign Hook] Moved brave-browser to group 3 and switched to it
2025-08-26 08:08:48,243 WARNING libqtile config.py:assign_app_group():L562 [Assign Hook] App started: transmission-gtk
2025-08-26 08:08:48,243 WARNING libqtile base.py:__getattr__():L273 Deprecation Warning: commands exposed via IPC no longer use the 'cmd_' prefix. Please replace 'cmd_toscreen' with 'toscreen' in your code.
2025-08-26 08:08:48,255 WARNING libqtile config.py:assign_app_group():L567 [Assign Hook] Moved transmission-gtk to group 7 and switched to it
2025-08-26 08:08:53,536 WARNING libqtile config.py:assign_app_group():L562 [Assign Hook] App started: xfce4-terminal
2025-08-26 08:08:53,537 WARNING libqtile base.py:__getattr__():L273 Deprecation Warning: commands exposed via IPC no longer use the 'cmd_' prefix. Please replace 'cmd_toscreen' with 'toscreen' in your code.
2025-08-26 08:08:53,544 WARNING libqtile config.py:assign_app_group():L567 [Assign Hook] Moved xfce4-terminal to group 5 and switched to it
2025-08-26 08:10:32,714 WARNING libqtile config.py:assign_app_group():L562 [Assign Hook] App started: transmission-gtk
2025-08-26 08:10:32,714 WARNING libqtile base.py:__getattr__():L273 Deprecation Warning: commands exposed via IPC no longer use the 'cmd_' prefix. Please replace 'cmd_toscreen' with 'toscreen' in your code.
2025-08-26 08:10:32,726 WARNING libqtile config.py:assign_app_group():L567 [Assign Hook] Moved transmission-gtk to group 7 and switched to it
2025-08-26 08:12:01,197 WARNING libqtile config.py:assign_app_group():L562 [Assign Hook] App started: transmission-gtk
2025-08-26 08:12:01,197 WARNING libqtile base.py:__getattr__():L273 Deprecation Warning: commands exposed via IPC no longer use the 'cmd_' prefix. Please replace 'cmd_toscreen' with 'toscreen' in your code.
2025-08-26 08:12:01,211 WARNING libqtile config.py:assign_app_group():L567 [Assign Hook] Moved transmission-gtk to group 7 and switched to it
2025-08-26 08:44:48,832 WARNING libqtile config.py:assign_app_group():L562 [Assign Hook] App started: xfce4-notifyd
2025-08-26 10:02:01,306 WARNING libqtile config.py:assign_app_group():L562 [Assign Hook] App started: xfce4-notifyd
2025-08-26 10:12:14,715 WARNING libqtile config.py:assign_app_group():L562 [Assign Hook] App started: thunar
2025-08-26 10:12:14,721 WARNING libqtile base.py:__getattr__():L273 Deprecation Warning: commands exposed via IPC no longer use the 'cmd_' prefix. Please replace 'cmd_toscreen' with 'toscreen' in your code.
2025-08-26 10:12:14,721 WARNING libqtile config.py:assign_app_group():L567 [Assign Hook] Moved thunar to group 1 and switched to it
2025-08-26 10:12:33,053 WARNING libqtile config.py:assign_app_group():L562 [Assign Hook] App started: thunar
2025-08-26 10:12:33,062 WARNING libqtile base.py:__getattr__():L273 Deprecation Warning: commands exposed via IPC no longer use the 'cmd_' prefix. Please replace 'cmd_toscreen' with 'toscreen' in your code.
2025-08-26 10:12:33,062 WARNING libqtile config.py:assign_app_group():L567 [Assign Hook] Moved thunar to group 1 and switched to it
2025-08-26 10:21:56,043 WARNING libqtile config.py:assign_app_group():L562 [Assign Hook] App started: thunar
2025-08-26 10:21:56,051 WARNING libqtile base.py:__getattr__():L273 Deprecation Warning: commands exposed via IPC no longer use the 'cmd_' prefix. Please replace 'cmd_toscreen' with 'toscreen' in your code.
2025-08-26 10:21:56,051 WARNING libqtile config.py:assign_app_group():L567 [Assign Hook] Moved thunar to group 1 and switched to it
2025-08-26 10:23:08,134 WARNING libqtile config.py:assign_app_group():L562 [Assign Hook] App started: transmission-gtk
2025-08-26 10:23:08,134 WARNING libqtile base.py:__getattr__():L273 Deprecation Warning: commands exposed via IPC no longer use the 'cmd_' prefix. Please replace 'cmd_toscreen' with 'toscreen' in your code.
2025-08-26 10:23:08,144 WARNING libqtile config.py:assign_app_group():L567 [Assign Hook] Moved transmission-gtk to group 7 and switched to it
2025-08-26 10:25:54,311 WARNING libqtile config.py:assign_app_group():L562 [Assign Hook] App started: xfce4-notifyd
2025-08-26 10:48:26,400 WARNING libqtile config.py:assign_app_group():L562 [Assign Hook] App started: thunar
2025-08-26 10:48:26,408 WARNING libqtile base.py:__getattr__():L273 Deprecation Warning: commands exposed via IPC no longer use the 'cmd_' prefix. Please replace 'cmd_toscreen' with 'toscreen' in your code.
2025-08-26 10:48:26,408 WARNING libqtile config.py:assign_app_group():L567 [Assign Hook] Moved thunar to group 1 and switched to it
2025-08-26 10:51:15,191 WARNING libqtile config.py:assign_app_group():L562 [Assign Hook] App started: xfce4-terminal
2025-08-26 10:51:15,192 WARNING libqtile base.py:__getattr__():L273 Deprecation Warning: commands exposed via IPC no longer use the 'cmd_' prefix. Please replace 'cmd_toscreen' with 'toscreen' in your code.
2025-08-26 10:51:15,203 WARNING libqtile config.py:assign_app_group():L567 [Assign Hook] Moved xfce4-terminal to group 5 and switched to it
2025-08-26 10:53:10,201 WARNING libqtile config.py:assign_app_group():L562 [Assign Hook] App started: xdg-desktop-portal-gtk
2025-08-26 10:53:14,416 WARNING libqtile config.py:assign_app_group():L562 [Assign Hook] App started: xdg-desktop-portal-gtk
2025-08-26 10:53:20,232 WARNING libqtile config.py:assign_app_group():L562 [Assign Hook] App started: transmission-gtk
2025-08-26 10:53:20,232 WARNING libqtile base.py:__getattr__():L273 Deprecation Warning: commands exposed via IPC no longer use the 'cmd_' prefix. Please replace 'cmd_toscreen' with 'toscreen' in your code.
2025-08-26 10:53:20,244 WARNING libqtile config.py:assign_app_group():L567 [Assign Hook] Moved transmission-gtk to group 7 and switched to it
2025-08-26 10:55:32,313 WARNING libqtile config.py:assign_app_group():L562 [Assign Hook] App started: xfce4-notifyd
2025-08-26 10:55:51,735 WARNING libqtile config.py:assign_app_group():L562 [Assign Hook] App started: thunar
2025-08-26 10:55:51,735 WARNING libqtile base.py:__getattr__():L273 Deprecation Warning: commands exposed via IPC no longer use the 'cmd_' prefix. Please replace 'cmd_toscreen' with 'toscreen' in your code.
2025-08-26 10:55:51,735 WARNING libqtile config.py:assign_app_group():L567 [Assign Hook] Moved thunar to group 1 and switched to it
2025-08-26 10:56:09,309 WARNING libqtile config.py:assign_app_group():L562 [Assign Hook] App started: thunar
2025-08-26 10:56:09,309 WARNING libqtile base.py:__getattr__():L273 Deprecation Warning: commands exposed via IPC no longer use the 'cmd_' prefix. Please replace 'cmd_toscreen' with 'toscreen' in your code.
2025-08-26 10:56:09,309 WARNING libqtile config.py:assign_app_group():L567 [Assign Hook] Moved thunar to group 1 and switched to it
2025-08-26 10:56:20,926 WARNING libqtile config.py:assign_app_group():L562 [Assign Hook] App started: thunar
2025-08-26 10:56:20,926 WARNING libqtile base.py:__getattr__():L273 Deprecation Warning: commands exposed via IPC no longer use the 'cmd_' prefix. Please replace 'cmd_toscreen' with 'toscreen' in your code.
2025-08-26 10:56:20,926 WARNING libqtile config.py:assign_app_group():L567 [Assign Hook] Moved thunar to group 1 and switched to it
2025-08-26 10:56:27,176 WARNING libqtile config.py:assign_app_group():L562 [Assign Hook] App started: thunar
2025-08-26 10:56:27,176 WARNING libqtile base.py:__getattr__():L273 Deprecation Warning: commands exposed via IPC no longer use the 'cmd_' prefix. Please replace 'cmd_toscreen' with 'toscreen' in your code.
2025-08-26 10:56:27,176 WARNING libqtile config.py:assign_app_group():L567 [Assign Hook] Moved thunar to group 1 and switched to it
2025-08-26 10:56:30,459 WARNING libqtile config.py:assign_app_group():L562 [Assign Hook] App started: thunar
2025-08-26 10:56:30,460 WARNING libqtile base.py:__getattr__():L273 Deprecation Warning: commands exposed via IPC no longer use the 'cmd_' prefix. Please replace 'cmd_toscreen' with 'toscreen' in your code.
2025-08-26 10:56:30,460 WARNING libqtile config.py:assign_app_group():L567 [Assign Hook] Moved thunar to group 1 and switched to it
2025-08-26 10:56:44,340 WARNING libqtile config.py:assign_app_group():L562 [Assign Hook] App started: thunar
2025-08-26 10:56:44,340 WARNING libqtile base.py:__getattr__():L273 Deprecation Warning: commands exposed via IPC no longer use the 'cmd_' prefix. Please replace 'cmd_toscreen' with 'toscreen' in your code.
2025-08-26 10:56:44,340 WARNING libqtile config.py:assign_app_group():L567 [Assign Hook] Moved thunar to group 1 and switched to it
2025-08-26 10:57:01,561 WARNING libqtile config.py:assign_app_group():L562 [Assign Hook] App started: org.gnome.diskutility
2025-08-26 10:57:11,779 WARNING libqtile config.py:assign_app_group():L562 [Assign Hook] App started: org.gnome.diskutility
2025-08-26 10:57:22,664 WARNING libqtile config.py:assign_app_group():L562 [Assign Hook] App started: org.gnome.diskutility
2025-08-26 10:57:24,932 WARNING libqtile config.py:assign_app_group():L562 [Assign Hook] App started: org.gnome.diskutility
2025-08-26 10:57:29,195 WARNING libqtile config.py:assign_app_group():L562 [Assign Hook] App started: org.gnome.diskutility
2025-08-26 10:57:48,663 WARNING libqtile lifecycle.py:_atexit():L38 Qtile will now terminate
2025-08-26 10:58:17,734 WARNING libqtile launchbar.py:setup_images():L169 No icon found for application "" (None) switch to text mode
2025-08-26 10:58:17,761 WARNING libqtile launchbar.py:setup_images():L169 No icon found for application "" (None) switch to text mode
2025-08-26 10:58:17,761 WARNING libqtile launchbar.py:setup_images():L169 No icon found for application "" (None) switch to text mode
2025-08-26 10:58:17,761 WARNING libqtile launchbar.py:setup_images():L169 No icon found for application " " (None) switch to text mode
2025-08-26 10:58:17,789 WARNING libqtile manager.py:grab_key():L521 Key spec duplicated, overriding previous: <Key (['mod4', 'shift'], Right)>
2025-08-26 10:58:17,789 WARNING libqtile manager.py:grab_key():L521 Key spec duplicated, overriding previous: <Key (['mod4', 'shift'], Left)>
2025-08-26 10:58:17,789 WARNING libqtile manager.py:grab_key():L521 Key spec duplicated, overriding previous: <Key (['mod4'], Tab)>
2025-08-26 10:58:17,790 WARNING libqtile manager.py:grab_key():L521 Key spec duplicated, overriding previous: <Key (['mod4', 'shift'], Tab)>
2025-08-26 10:58:17,790 WARNING libqtile manager.py:grab_key():L521 Key spec duplicated, overriding previous: <Key (['mod1'], Tab)>
2025-08-26 10:58:17,790 WARNING libqtile manager.py:grab_key():L521 Key spec duplicated, overriding previous: <Key (['mod1', 'shift'], Tab)>
2025-08-26 10:58:17,790 WARNING libqtile manager.py:grab_key():L521 Key spec duplicated, overriding previous: <Key (['mod4'], Tab)>
2025-08-26 10:58:17,790 WARNING libqtile manager.py:grab_key():L521 Key spec duplicated, overriding previous: <Key (['mod4', 'shift'], Tab)>
2025-08-26 10:58:17,790 WARNING libqtile manager.py:grab_key():L521 Key spec duplicated, overriding previous: <Key (['mod1'], Tab)>
2025-08-26 10:58:17,790 WARNING libqtile manager.py:grab_key():L521 Key spec duplicated, overriding previous: <Key (['mod1', 'shift'], Tab)>
2025-08-26 10:58:17,790 WARNING libqtile manager.py:grab_key():L521 Key spec duplicated, overriding previous: <Key (['mod4'], Tab)>
2025-08-26 10:58:17,790 WARNING libqtile manager.py:grab_key():L521 Key spec duplicated, overriding previous: <Key (['mod4', 'shift'], Tab)>
2025-08-26 10:58:17,790 WARNING libqtile manager.py:grab_key():L521 Key spec duplicated, overriding previous: <Key (['mod1'], Tab)>
2025-08-26 10:58:17,790 WARNING libqtile manager.py:grab_key():L521 Key spec duplicated, overriding previous: <Key (['mod1', 'shift'], Tab)>
2025-08-26 10:58:17,791 WARNING libqtile manager.py:grab_key():L521 Key spec duplicated, overriding previous: <Key (['mod4'], Tab)>
2025-08-26 10:58:17,791 WARNING libqtile manager.py:grab_key():L521 Key spec duplicated, overriding previous: <Key (['mod4', 'shift'], Tab)>
2025-08-26 10:58:17,791 WARNING libqtile manager.py:grab_key():L521 Key spec duplicated, overriding previous: <Key (['mod1'], Tab)>
2025-08-26 10:58:17,791 WARNING libqtile manager.py:grab_key():L521 Key spec duplicated, overriding previous: <Key (['mod1', 'shift'], Tab)>
2025-08-26 10:58:17,791 WARNING libqtile manager.py:grab_key():L521 Key spec duplicated, overriding previous: <Key (['mod4'], Tab)>
2025-08-26 10:58:17,791 WARNING libqtile manager.py:grab_key():L521 Key spec duplicated, overriding previous: <Key (['mod4', 'shift'], Tab)>
2025-08-26 10:58:17,791 WARNING libqtile manager.py:grab_key():L521 Key spec duplicated, overriding previous: <Key (['mod1'], Tab)>
2025-08-26 10:58:17,791 WARNING libqtile manager.py:grab_key():L521 Key spec duplicated, overriding previous: <Key (['mod1', 'shift'], Tab)>
2025-08-26 10:58:17,791 WARNING libqtile manager.py:grab_key():L521 Key spec duplicated, overriding previous: <Key (['mod4'], Tab)>
2025-08-26 10:58:17,791 WARNING libqtile manager.py:grab_key():L521 Key spec duplicated, overriding previous: <Key (['mod4', 'shift'], Tab)>
2025-08-26 10:58:17,791 WARNING libqtile manager.py:grab_key():L521 Key spec duplicated, overriding previous: <Key (['mod1'], Tab)>
2025-08-26 10:58:17,791 WARNING libqtile manager.py:grab_key():L521 Key spec duplicated, overriding previous: <Key (['mod1', 'shift'], Tab)>
2025-08-26 10:58:17,792 WARNING libqtile manager.py:grab_key():L521 Key spec duplicated, overriding previous: <Key (['mod4'], Tab)>
2025-08-26 10:58:17,792 WARNING libqtile manager.py:grab_key():L521 Key spec duplicated, overriding previous: <Key (['mod4', 'shift'], Tab)>
2025-08-26 10:58:17,792 WARNING libqtile manager.py:grab_key():L521 Key spec duplicated, overriding previous: <Key (['mod1'], Tab)>
2025-08-26 10:58:17,792 WARNING libqtile manager.py:grab_key():L521 Key spec duplicated, overriding previous: <Key (['mod1', 'shift'], Tab)>
2025-08-26 10:58:17,792 WARNING libqtile manager.py:grab_key():L521 Key spec duplicated, overriding previous: <Key (['mod4'], Tab)>
2025-08-26 10:58:17,792 WARNING libqtile manager.py:grab_key():L521 Key spec duplicated, overriding previous: <Key (['mod4', 'shift'], Tab)>
2025-08-26 10:58:17,792 WARNING libqtile manager.py:grab_key():L521 Key spec duplicated, overriding previous: <Key (['mod1'], Tab)>
2025-08-26 10:58:17,792 WARNING libqtile manager.py:grab_key():L521 Key spec duplicated, overriding previous: <Key (['mod1', 'shift'], Tab)>
2025-08-26 10:58:17,792 WARNING libqtile manager.py:grab_key():L521 Key spec duplicated, overriding previous: <Key (['mod4'], Tab)>
2025-08-26 10:58:17,792 WARNING libqtile manager.py:grab_key():L521 Key spec duplicated, overriding previous: <Key (['mod4', 'shift'], Tab)>
2025-08-26 10:58:17,792 WARNING libqtile manager.py:grab_key():L521 Key spec duplicated, overriding previous: <Key (['mod1'], Tab)>
2025-08-26 10:58:17,792 WARNING libqtile manager.py:grab_key():L521 Key spec duplicated, overriding previous: <Key (['mod1', 'shift'], Tab)>
2025-08-26 10:58:18,731 WARNING libqtile launchbar.py:setup_images():L169 No icon found for application "" (None) switch to text mode
2025-08-26 10:58:18,731 WARNING libqtile launchbar.py:setup_images():L169 No icon found for application "" (None) switch to text mode
2025-08-26 10:58:18,731 WARNING libqtile launchbar.py:setup_images():L169 No icon found for application "" (None) switch to text mode
2025-08-26 10:58:18,732 WARNING libqtile launchbar.py:setup_images():L169 No icon found for application " " (None) switch to text mode
2025-08-26 10:58:19,520 WARNING libqtile config.py:assign_app_group():L562 [Assign Hook] App started: ulauncher
2025-08-26 10:58:27,677 WARNING libqtile config.py:assign_app_group():L562 [Assign Hook] App started: xfce4-terminal
2025-08-26 10:58:27,678 WARNING libqtile base.py:__getattr__():L273 Deprecation Warning: commands exposed via IPC no longer use the 'cmd_' prefix. Please replace 'cmd_toscreen' with 'toscreen' in your code.
2025-08-26 10:58:27,685 WARNING libqtile config.py:assign_app_group():L567 [Assign Hook] Moved xfce4-terminal to group 5 and switched to it
2025-08-26 10:58:28,662 WARNING libqtile config.py:assign_app_group():L562 [Assign Hook] App started: thunar
2025-08-26 10:58:28,664 WARNING libqtile base.py:__getattr__():L273 Deprecation Warning: commands exposed via IPC no longer use the 'cmd_' prefix. Please replace 'cmd_toscreen' with 'toscreen' in your code.
2025-08-26 10:58:28,668 WARNING libqtile config.py:assign_app_group():L567 [Assign Hook] Moved thunar to group 1 and switched to it
2025-08-26 10:58:49,613 WARNING libqtile config.py:assign_app_group():L562 [Assign Hook] App started: thunar
2025-08-26 10:58:49,621 WARNING libqtile base.py:__getattr__():L273 Deprecation Warning: commands exposed via IPC no longer use the 'cmd_' prefix. Please replace 'cmd_toscreen' with 'toscreen' in your code.
2025-08-26 10:58:49,621 WARNING libqtile config.py:assign_app_group():L567 [Assign Hook] Moved thunar to group 1 and switched to it
2025-08-26 10:59:01,717 WARNING libqtile config.py:assign_app_group():L562 [Assign Hook] App started: polkit-gnome-authentication-agent-1
2025-08-26 10:59:05,696 WARNING libqtile config.py:assign_app_group():L562 [Assign Hook] App started: gpartedbin
2025-08-26 10:59:21,907 WARNING libqtile config.py:assign_app_group():L562 [Assign Hook] App started: gpartedbin
2025-08-26 10:59:23,321 WARNING libqtile config.py:assign_app_group():L562 [Assign Hook] App started: gpartedbin
2025-08-26 10:59:37,232 WARNING libqtile lifecycle.py:_atexit():L38 Qtile will now terminate
2025-08-26 11:10:24,994 WARNING libqtile launchbar.py:setup_images():L169 No icon found for application "" (None) switch to text mode
2025-08-26 11:10:25,020 WARNING libqtile launchbar.py:setup_images():L169 No icon found for application " " (None) switch to text mode
2025-08-26 11:10:25,020 WARNING libqtile launchbar.py:setup_images():L169 No icon found for application "" (None) switch to text mode
2025-08-26 11:10:25,020 WARNING libqtile launchbar.py:setup_images():L169 No icon found for application "" (None) switch to text mode
2025-08-26 11:10:25,045 WARNING libqtile manager.py:grab_key():L521 Key spec duplicated, overriding previous: <Key (['mod4', 'shift'], Right)>
2025-08-26 11:10:25,045 WARNING libqtile manager.py:grab_key():L521 Key spec duplicated, overriding previous: <Key (['mod4', 'shift'], Left)>
2025-08-26 11:10:25,046 WARNING libqtile manager.py:grab_key():L521 Key spec duplicated, overriding previous: <Key (['mod4'], Tab)>
2025-08-26 11:10:25,046 WARNING libqtile manager.py:grab_key():L521 Key spec duplicated, overriding previous: <Key (['mod4', 'shift'], Tab)>
2025-08-26 11:10:25,046 WARNING libqtile manager.py:grab_key():L521 Key spec duplicated, overriding previous: <Key (['mod1'], Tab)>
2025-08-26 11:10:25,046 WARNING libqtile manager.py:grab_key():L521 Key spec duplicated, overriding previous: <Key (['mod1', 'shift'], Tab)>
2025-08-26 11:10:25,046 WARNING libqtile manager.py:grab_key():L521 Key spec duplicated, overriding previous: <Key (['mod4'], Tab)>
2025-08-26 11:10:25,046 WARNING libqtile manager.py:grab_key():L521 Key spec duplicated, overriding previous: <Key (['mod4', 'shift'], Tab)>
2025-08-26 11:10:25,046 WARNING libqtile manager.py:grab_key():L521 Key spec duplicated, overriding previous: <Key (['mod1'], Tab)>
2025-08-26 11:10:25,046 WARNING libqtile manager.py:grab_key():L521 Key spec duplicated, overriding previous: <Key (['mod1', 'shift'], Tab)>
2025-08-26 11:10:25,046 WARNING libqtile manager.py:grab_key():L521 Key spec duplicated, overriding previous: <Key (['mod4'], Tab)>
2025-08-26 11:10:25,046 WARNING libqtile manager.py:grab_key():L521 Key spec duplicated, overriding previous: <Key (['mod4', 'shift'], Tab)>
2025-08-26 11:10:25,046 WARNING libqtile manager.py:grab_key():L521 Key spec duplicated, overriding previous: <Key (['mod1'], Tab)>
2025-08-26 11:10:25,047 WARNING libqtile manager.py:grab_key():L521 Key spec duplicated, overriding previous: <Key (['mod1', 'shift'], Tab)>
2025-08-26 11:10:25,047 WARNING libqtile manager.py:grab_key():L521 Key spec duplicated, overriding previous: <Key (['mod4'], Tab)>
2025-08-26 11:10:25,047 WARNING libqtile manager.py:grab_key():L521 Key spec duplicated, overriding previous: <Key (['mod4', 'shift'], Tab)>
2025-08-26 11:10:25,047 WARNING libqtile manager.py:grab_key():L521 Key spec duplicated, overriding previous: <Key (['mod1'], Tab)>
2025-08-26 11:10:25,047 WARNING libqtile manager.py:grab_key():L521 Key spec duplicated, overriding previous: <Key (['mod1', 'shift'], Tab)>
2025-08-26 11:10:25,047 WARNING libqtile manager.py:grab_key():L521 Key spec duplicated, overriding previous: <Key (['mod4'], Tab)>
2025-08-26 11:10:25,047 WARNING libqtile manager.py:grab_key():L521 Key spec duplicated, overriding previous: <Key (['mod4', 'shift'], Tab)>
2025-08-26 11:10:25,047 WARNING libqtile manager.py:grab_key():L521 Key spec duplicated, overriding previous: <Key (['mod1'], Tab)>
2025-08-26 11:10:25,047 WARNING libqtile manager.py:grab_key():L521 Key spec duplicated, overriding previous: <Key (['mod1', 'shift'], Tab)>
2025-08-26 11:10:25,047 WARNING libqtile manager.py:grab_key():L521 Key spec duplicated, overriding previous: <Key (['mod4'], Tab)>
2025-08-26 11:10:25,047 WARNING libqtile manager.py:grab_key():L521 Key spec duplicated, overriding previous: <Key (['mod4', 'shift'], Tab)>
2025-08-26 11:10:25,047 WARNING libqtile manager.py:grab_key():L521 Key spec duplicated, overriding previous: <Key (['mod1'], Tab)>
2025-08-26 11:10:25,048 WARNING libqtile manager.py:grab_key():L521 Key spec duplicated, overriding previous: <Key (['mod1', 'shift'], Tab)>
2025-08-26 11:10:25,048 WARNING libqtile manager.py:grab_key():L521 Key spec duplicated, overriding previous: <Key (['mod4'], Tab)>
2025-08-26 11:10:25,048 WARNING libqtile manager.py:grab_key():L521 Key spec duplicated, overriding previous: <Key (['mod4', 'shift'], Tab)>
2025-08-26 11:10:25,048 WARNING libqtile manager.py:grab_key():L521 Key spec duplicated, overriding previous: <Key (['mod1'], Tab)>
2025-08-26 11:10:25,048 WARNING libqtile manager.py:grab_key():L521 Key spec duplicated, overriding previous: <Key (['mod1', 'shift'], Tab)>
2025-08-26 11:10:25,048 WARNING libqtile manager.py:grab_key():L521 Key spec duplicated, overriding previous: <Key (['mod4'], Tab)>
2025-08-26 11:10:25,048 WARNING libqtile manager.py:grab_key():L521 Key spec duplicated, overriding previous: <Key (['mod4', 'shift'], Tab)>
2025-08-26 11:10:25,048 WARNING libqtile manager.py:grab_key():L521 Key spec duplicated, overriding previous: <Key (['mod1'], Tab)>
2025-08-26 11:10:25,048 WARNING libqtile manager.py:grab_key():L521 Key spec duplicated, overriding previous: <Key (['mod1', 'shift'], Tab)>
2025-08-26 11:10:25,048 WARNING libqtile manager.py:grab_key():L521 Key spec duplicated, overriding previous: <Key (['mod4'], Tab)>
2025-08-26 11:10:25,048 WARNING libqtile manager.py:grab_key():L521 Key spec duplicated, overriding previous: <Key (['mod4', 'shift'], Tab)>
2025-08-26 11:10:25,048 WARNING libqtile manager.py:grab_key():L521 Key spec duplicated, overriding previous: <Key (['mod1'], Tab)>
2025-08-26 11:10:25,049 WARNING libqtile manager.py:grab_key():L521 Key spec duplicated, overriding previous: <Key (['mod1', 'shift'], Tab)>
2025-08-26 11:10:25,949 WARNING libqtile launchbar.py:setup_images():L169 No icon found for application "" (None) switch to text mode
2025-08-26 11:10:25,949 WARNING libqtile launchbar.py:setup_images():L169 No icon found for application " " (None) switch to text mode
2025-08-26 11:10:25,949 WARNING libqtile launchbar.py:setup_images():L169 No icon found for application "" (None) switch to text mode
2025-08-26 11:10:25,949 WARNING libqtile launchbar.py:setup_images():L169 No icon found for application "" (None) switch to text mode
2025-08-26 11:10:26,695 WARNING libqtile config.py:assign_app_group():L562 [Assign Hook] App started: ulauncher
2025-08-26 11:11:05,968 WARNING libqtile config.py:assign_app_group():L562 [Assign Hook] App started: mintstick.py
2025-08-26 11:11:09,070 WARNING libqtile config.py:assign_app_group():L562 [Assign Hook] App started: mintstick.py
2025-08-26 11:11:30,056 WARNING libqtile config.py:assign_app_group():L562 [Assign Hook] App started: thunar
2025-08-26 11:11:30,062 WARNING libqtile base.py:__getattr__():L273 Deprecation Warning: commands exposed via IPC no longer use the 'cmd_' prefix. Please replace 'cmd_toscreen' with 'toscreen' in your code.
2025-08-26 11:11:30,062 WARNING libqtile config.py:assign_app_group():L567 [Assign Hook] Moved thunar to group 1 and switched to it
2025-08-26 11:11:42,184 WARNING libqtile config.py:assign_app_group():L562 [Assign Hook] App started: thunar
2025-08-26 11:11:42,184 WARNING libqtile base.py:__getattr__():L273 Deprecation Warning: commands exposed via IPC no longer use the 'cmd_' prefix. Please replace 'cmd_toscreen' with 'toscreen' in your code.
2025-08-26 11:11:42,184 WARNING libqtile config.py:assign_app_group():L567 [Assign Hook] Moved thunar to group 1 and switched to it
2025-08-26 11:11:48,714 WARNING libqtile config.py:assign_app_group():L562 [Assign Hook] App started: thunar
2025-08-26 11:11:48,714 WARNING libqtile base.py:__getattr__():L273 Deprecation Warning: commands exposed via IPC no longer use the 'cmd_' prefix. Please replace 'cmd_toscreen' with 'toscreen' in your code.
2025-08-26 11:11:48,714 WARNING libqtile config.py:assign_app_group():L567 [Assign Hook] Moved thunar to group 1 and switched to it
2025-08-26 11:12:52,687 WARNING libqtile config.py:assign_app_group():L562 [Assign Hook] App started: thunar
2025-08-26 11:12:52,688 WARNING libqtile base.py:__getattr__():L273 Deprecation Warning: commands exposed via IPC no longer use the 'cmd_' prefix. Please replace 'cmd_toscreen' with 'toscreen' in your code.
2025-08-26 11:12:52,688 WARNING libqtile config.py:assign_app_group():L567 [Assign Hook] Moved thunar to group 1 and switched to it
2025-08-26 11:13:04,920 WARNING libqtile config.py:assign_app_group():L562 [Assign Hook] App started: xfce4-terminal
2025-08-26 11:13:04,921 WARNING libqtile base.py:__getattr__():L273 Deprecation Warning: commands exposed via IPC no longer use the 'cmd_' prefix. Please replace 'cmd_toscreen' with 'toscreen' in your code.
2025-08-26 11:13:04,927 WARNING libqtile config.py:assign_app_group():L567 [Assign Hook] Moved xfce4-terminal to group 5 and switched to it
2025-08-26 11:13:06,287 WARNING libqtile lifecycle.py:_atexit():L38 Qtile will now terminate
2025-08-26 11:18:11,236 WARNING libqtile launchbar.py:setup_images():L169 No icon found for application "" (None) switch to text mode
2025-08-26 11:18:11,263 WARNING libqtile launchbar.py:setup_images():L169 No icon found for application "" (None) switch to text mode
2025-08-26 11:18:11,263 WARNING libqtile launchbar.py:setup_images():L169 No icon found for application "" (None) switch to text mode
2025-08-26 11:18:11,264 WARNING libqtile launchbar.py:setup_images():L169 No icon found for application " " (None) switch to text mode
2025-08-26 11:18:11,289 WARNING libqtile manager.py:grab_key():L521 Key spec duplicated, overriding previous: <Key (['mod4', 'shift'], Right)>
2025-08-26 11:18:11,289 WARNING libqtile manager.py:grab_key():L521 Key spec duplicated, overriding previous: <Key (['mod4', 'shift'], Left)>
2025-08-26 11:18:11,290 WARNING libqtile manager.py:grab_key():L521 Key spec duplicated, overriding previous: <Key (['mod4'], Tab)>
2025-08-26 11:18:11,290 WARNING libqtile manager.py:grab_key():L521 Key spec duplicated, overriding previous: <Key (['mod4', 'shift'], Tab)>
2025-08-26 11:18:11,290 WARNING libqtile manager.py:grab_key():L521 Key spec duplicated, overriding previous: <Key (['mod1'], Tab)>
2025-08-26 11:18:11,290 WARNING libqtile manager.py:grab_key():L521 Key spec duplicated, overriding previous: <Key (['mod1', 'shift'], Tab)>
2025-08-26 11:18:11,290 WARNING libqtile manager.py:grab_key():L521 Key spec duplicated, overriding previous: <Key (['mod4'], Tab)>
2025-08-26 11:18:11,290 WARNING libqtile manager.py:grab_key():L521 Key spec duplicated, overriding previous: <Key (['mod4', 'shift'], Tab)>
2025-08-26 11:18:11,290 WARNING libqtile manager.py:grab_key():L521 Key spec duplicated, overriding previous: <Key (['mod1'], Tab)>
2025-08-26 11:18:11,290 WARNING libqtile manager.py:grab_key():L521 Key spec duplicated, overriding previous: <Key (['mod1', 'shift'], Tab)>
2025-08-26 11:18:11,290 WARNING libqtile manager.py:grab_key():L521 Key spec duplicated, overriding previous: <Key (['mod4'], Tab)>
2025-08-26 11:18:11,290 WARNING libqtile manager.py:grab_key():L521 Key spec duplicated, overriding previous: <Key (['mod4', 'shift'], Tab)>
2025-08-26 11:18:11,290 WARNING libqtile manager.py:grab_key():L521 Key spec duplicated, overriding previous: <Key (['mod1'], Tab)>
2025-08-26 11:18:11,290 WARNING libqtile manager.py:grab_key():L521 Key spec duplicated, overriding previous: <Key (['mod1', 'shift'], Tab)>
2025-08-26 11:18:11,291 WARNING libqtile manager.py:grab_key():L521 Key spec duplicated, overriding previous: <Key (['mod4'], Tab)>
2025-08-26 11:18:11,291 WARNING libqtile manager.py:grab_key():L521 Key spec duplicated, overriding previous: <Key (['mod4', 'shift'], Tab)>
2025-08-26 11:18:11,291 WARNING libqtile manager.py:grab_key():L521 Key spec duplicated, overriding previous: <Key (['mod1'], Tab)>
2025-08-26 11:18:11,291 WARNING libqtile manager.py:grab_key():L521 Key spec duplicated, overriding previous: <Key (['mod1', 'shift'], Tab)>
2025-08-26 11:18:11,291 WARNING libqtile manager.py:grab_key():L521 Key spec duplicated, overriding previous: <Key (['mod4'], Tab)>
2025-08-26 11:18:11,291 WARNING libqtile manager.py:grab_key():L521 Key spec duplicated, overriding previous: <Key (['mod4', 'shift'], Tab)>
2025-08-26 11:18:11,291 WARNING libqtile manager.py:grab_key():L521 Key spec duplicated, overriding previous: <Key (['mod1'], Tab)>
2025-08-26 11:18:11,291 WARNING libqtile manager.py:grab_key():L521 Key spec duplicated, overriding previous: <Key (['mod1', 'shift'], Tab)>
2025-08-26 11:18:11,291 WARNING libqtile manager.py:grab_key():L521 Key spec duplicated, overriding previous: <Key (['mod4'], Tab)>
2025-08-26 11:18:11,291 WARNING libqtile manager.py:grab_key():L521 Key spec duplicated, overriding previous: <Key (['mod4', 'shift'], Tab)>
2025-08-26 11:18:11,291 WARNING libqtile manager.py:grab_key():L521 Key spec duplicated, overriding previous: <Key (['mod1'], Tab)>
2025-08-26 11:18:11,292 WARNING libqtile manager.py:grab_key():L521 Key spec duplicated, overriding previous: <Key (['mod1', 'shift'], Tab)>
2025-08-26 11:18:11,292 WARNING libqtile manager.py:grab_key():L521 Key spec duplicated, overriding previous: <Key (['mod4'], Tab)>
2025-08-26 11:18:11,292 WARNING libqtile manager.py:grab_key():L521 Key spec duplicated, overriding previous: <Key (['mod4', 'shift'], Tab)>
2025-08-26 11:18:11,292 WARNING libqtile manager.py:grab_key():L521 Key spec duplicated, overriding previous: <Key (['mod1'], Tab)>
2025-08-26 11:18:11,292 WARNING libqtile manager.py:grab_key():L521 Key spec duplicated, overriding previous: <Key (['mod1', 'shift'], Tab)>
2025-08-26 11:18:11,292 WARNING libqtile manager.py:grab_key():L521 Key spec duplicated, overriding previous: <Key (['mod4'], Tab)>
2025-08-26 11:18:11,292 WARNING libqtile manager.py:grab_key():L521 Key spec duplicated, overriding previous: <Key (['mod4', 'shift'], Tab)>
2025-08-26 11:18:11,292 WARNING libqtile manager.py:grab_key():L521 Key spec duplicated, overriding previous: <Key (['mod1'], Tab)>
2025-08-26 11:18:11,292 WARNING libqtile manager.py:grab_key():L521 Key spec duplicated, overriding previous: <Key (['mod1', 'shift'], Tab)>
2025-08-26 11:18:11,292 WARNING libqtile manager.py:grab_key():L521 Key spec duplicated, overriding previous: <Key (['mod4'], Tab)>
2025-08-26 11:18:11,292 WARNING libqtile manager.py:grab_key():L521 Key spec duplicated, overriding previous: <Key (['mod4', 'shift'], Tab)>
2025-08-26 11:18:11,292 WARNING libqtile manager.py:grab_key():L521 Key spec duplicated, overriding previous: <Key (['mod1'], Tab)>
2025-08-26 11:18:11,293 WARNING libqtile manager.py:grab_key():L521 Key spec duplicated, overriding previous: <Key (['mod1', 'shift'], Tab)>
2025-08-26 11:18:12,221 WARNING libqtile launchbar.py:setup_images():L169 No icon found for application "" (None) switch to text mode
2025-08-26 11:18:12,222 WARNING libqtile launchbar.py:setup_images():L169 No icon found for application "" (None) switch to text mode
2025-08-26 11:18:12,222 WARNING libqtile launchbar.py:setup_images():L169 No icon found for application "" (None) switch to text mode
2025-08-26 11:18:12,222 WARNING libqtile launchbar.py:setup_images():L169 No icon found for application " " (None) switch to text mode
2025-08-26 11:18:12,872 WARNING libqtile config.py:assign_app_group():L562 [Assign Hook] App started: ulauncher
2025-08-26 11:18:20,361 WARNING libqtile config.py:assign_app_group():L562 [Assign Hook] App started: archlinux-logout.py
2025-08-26 11:18:26,054 WARNING libqtile launchbar.py:setup_images():L169 No icon found for application "" (None) switch to text mode
2025-08-26 11:18:26,054 WARNING libqtile launchbar.py:setup_images():L169 No icon found for application "" (None) switch to text mode
2025-08-26 11:18:26,055 WARNING libqtile launchbar.py:setup_images():L169 No icon found for application "" (None) switch to text mode
2025-08-26 11:18:26,055 WARNING libqtile launchbar.py:setup_images():L169 No icon found for application " " (None) switch to text mode
2025-08-26 17:18:37,647 WARNING libqtile config.py:assign_app_group():L562 [Assign Hook] App started: xfce4-notifyd
2025-08-27 14:42:45,196 WARNING libqtile launchbar.py:setup_images():L169 No icon found for application "" (None) switch to text mode
2025-08-27 14:42:45,196 WARNING libqtile launchbar.py:setup_images():L169 No icon found for application "" (None) switch to text mode
2025-08-27 14:42:45,196 WARNING libqtile launchbar.py:setup_images():L169 No icon found for application "" (None) switch to text mode
2025-08-27 14:42:45,196 WARNING libqtile launchbar.py:setup_images():L169 No icon found for application " " (None) switch to text mode
2025-08-27 14:42:47,958 WARNING libqtile lifecycle.py:_atexit():L34 Restarting Qtile with os.execv(...)
2025-08-27 14:42:49,284 WARNING libqtile launchbar.py:setup_images():L169 No icon found for application "" (None) switch to text mode
2025-08-27 14:42:49,303 WARNING libqtile launchbar.py:setup_images():L169 No icon found for application " " (None) switch to text mode
2025-08-27 14:42:49,303 WARNING libqtile launchbar.py:setup_images():L169 No icon found for application "" (None) switch to text mode
2025-08-27 14:42:49,303 WARNING libqtile launchbar.py:setup_images():L169 No icon found for application "" (None) switch to text mode
2025-08-27 14:42:49,323 WARNING libqtile manager.py:grab_key():L521 Key spec duplicated, overriding previous: <Key (['mod4', 'shift'], Right)>
2025-08-27 14:42:49,323 WARNING libqtile manager.py:grab_key():L521 Key spec duplicated, overriding previous: <Key (['mod4', 'shift'], Left)>
2025-08-27 14:42:49,323 WARNING libqtile manager.py:grab_key():L521 Key spec duplicated, overriding previous: <Key (['mod4'], Tab)>
2025-08-27 14:42:49,323 WARNING libqtile manager.py:grab_key():L521 Key spec duplicated, overriding previous: <Key (['mod4', 'shift'], Tab)>
2025-08-27 14:42:49,323 WARNING libqtile manager.py:grab_key():L521 Key spec duplicated, overriding previous: <Key (['mod1'], Tab)>
2025-08-27 14:42:49,324 WARNING libqtile manager.py:grab_key():L521 Key spec duplicated, overriding previous: <Key (['mod1', 'shift'], Tab)>
2025-08-27 14:42:49,324 WARNING libqtile manager.py:grab_key():L521 Key spec duplicated, overriding previous: <Key (['mod4'], Tab)>
2025-08-27 14:42:49,324 WARNING libqtile manager.py:grab_key():L521 Key spec duplicated, overriding previous: <Key (['mod4', 'shift'], Tab)>
2025-08-27 14:42:49,324 WARNING libqtile manager.py:grab_key():L521 Key spec duplicated, overriding previous: <Key (['mod1'], Tab)>
2025-08-27 14:42:49,324 WARNING libqtile manager.py:grab_key():L521 Key spec duplicated, overriding previous: <Key (['mod1', 'shift'], Tab)>
2025-08-27 14:42:49,324 WARNING libqtile manager.py:grab_key():L521 Key spec duplicated, overriding previous: <Key (['mod4'], Tab)>
2025-08-27 14:42:49,324 WARNING libqtile manager.py:grab_key():L521 Key spec duplicated, overriding previous: <Key (['mod4', 'shift'], Tab)>
2025-08-27 14:42:49,324 WARNING libqtile manager.py:grab_key():L521 Key spec duplicated, overriding previous: <Key (['mod1'], Tab)>
2025-08-27 14:42:49,324 WARNING libqtile manager.py:grab_key():L521 Key spec duplicated, overriding previous: <Key (['mod1', 'shift'], Tab)>
2025-08-27 14:42:49,324 WARNING libqtile manager.py:grab_key():L521 Key spec duplicated, overriding previous: <Key (['mod4'], Tab)>
2025-08-27 14:42:49,324 WARNING libqtile manager.py:grab_key():L521 Key spec duplicated, overriding previous: <Key (['mod4', 'shift'], Tab)>
2025-08-27 14:42:49,324 WARNING libqtile manager.py:grab_key():L521 Key spec duplicated, overriding previous: <Key (['mod1'], Tab)>
2025-08-27 14:42:49,325 WARNING libqtile manager.py:grab_key():L521 Key spec duplicated, overriding previous: <Key (['mod1', 'shift'], Tab)>
2025-08-27 14:42:49,325 WARNING libqtile manager.py:grab_key():L521 Key spec duplicated, overriding previous: <Key (['mod4'], Tab)>
2025-08-27 14:42:49,325 WARNING libqtile manager.py:grab_key():L521 Key spec duplicated, overriding previous: <Key (['mod4', 'shift'], Tab)>
2025-08-27 14:42:49,325 WARNING libqtile manager.py:grab_key():L521 Key spec duplicated, overriding previous: <Key (['mod1'], Tab)>
2025-08-27 14:42:49,325 WARNING libqtile manager.py:grab_key():L521 Key spec duplicated, overriding previous: <Key (['mod1', 'shift'], Tab)>
2025-08-27 14:42:49,325 WARNING libqtile manager.py:grab_key():L521 Key spec duplicated, overriding previous: <Key (['mod4'], Tab)>
2025-08-27 14:42:49,325 WARNING libqtile manager.py:grab_key():L521 Key spec duplicated, overriding previous: <Key (['mod4', 'shift'], Tab)>
2025-08-27 14:42:49,325 WARNING libqtile manager.py:grab_key():L521 Key spec duplicated, overriding previous: <Key (['mod1'], Tab)>
2025-08-27 14:42:49,325 WARNING libqtile manager.py:grab_key():L521 Key spec duplicated, overriding previous: <Key (['mod1', 'shift'], Tab)>
2025-08-27 14:42:49,325 WARNING libqtile manager.py:grab_key():L521 Key spec duplicated, overriding previous: <Key (['mod4'], Tab)>
2025-08-27 14:42:49,325 WARNING libqtile manager.py:grab_key():L521 Key spec duplicated, overriding previous: <Key (['mod4', 'shift'], Tab)>
2025-08-27 14:42:49,325 WARNING libqtile manager.py:grab_key():L521 Key spec duplicated, overriding previous: <Key (['mod1'], Tab)>
2025-08-27 14:42:49,326 WARNING libqtile manager.py:grab_key():L521 Key spec duplicated, overriding previous: <Key (['mod1', 'shift'], Tab)>
2025-08-27 14:42:49,326 WARNING libqtile manager.py:grab_key():L521 Key spec duplicated, overriding previous: <Key (['mod4'], Tab)>
2025-08-27 14:42:49,326 WARNING libqtile manager.py:grab_key():L521 Key spec duplicated, overriding previous: <Key (['mod4', 'shift'], Tab)>
2025-08-27 14:42:49,326 WARNING libqtile manager.py:grab_key():L521 Key spec duplicated, overriding previous: <Key (['mod1'], Tab)>
2025-08-27 14:42:49,326 WARNING libqtile manager.py:grab_key():L521 Key spec duplicated, overriding previous: <Key (['mod1', 'shift'], Tab)>
2025-08-27 14:42:49,326 WARNING libqtile manager.py:grab_key():L521 Key spec duplicated, overriding previous: <Key (['mod4'], Tab)>
2025-08-27 14:42:49,326 WARNING libqtile manager.py:grab_key():L521 Key spec duplicated, overriding previous: <Key (['mod4', 'shift'], Tab)>
2025-08-27 14:42:49,326 WARNING libqtile manager.py:grab_key():L521 Key spec duplicated, overriding previous: <Key (['mod1'], Tab)>
2025-08-27 14:42:49,326 WARNING libqtile manager.py:grab_key():L521 Key spec duplicated, overriding previous: <Key (['mod1', 'shift'], Tab)>
2025-08-27 14:42:52,136 WARNING libqtile config.py:assign_app_group():L562 [Assign Hook] App started: xfce4-terminal
2025-08-27 14:42:52,137 WARNING libqtile base.py:__getattr__():L273 Deprecation Warning: commands exposed via IPC no longer use the 'cmd_' prefix. Please replace 'cmd_toscreen' with 'toscreen' in your code.
2025-08-27 14:42:52,145 WARNING libqtile config.py:assign_app_group():L567 [Assign Hook] Moved xfce4-terminal to group 5 and switched to it
2025-08-27 14:43:55,599 WARNING libqtile config.py:assign_app_group():L562 [Assign Hook] App started: gcr-prompter
2025-08-27 14:43:58,094 WARNING libqtile config.py:assign_app_group():L562 [Assign Hook] App started: brave-browser
2025-08-27 14:43:58,095 WARNING libqtile base.py:__getattr__():L273 Deprecation Warning: commands exposed via IPC no longer use the 'cmd_' prefix. Please replace 'cmd_toscreen' with 'toscreen' in your code.
2025-08-27 14:43:58,104 WARNING libqtile config.py:assign_app_group():L567 [Assign Hook] Moved brave-browser to group 3 and switched to it
2025-08-27 14:50:02,371 WARNING libqtile config.py:assign_app_group():L562 [Assign Hook] App started: org.gnome.diskutility
2025-08-27 14:50:04,737 WARNING libqtile config.py:assign_app_group():L562 [Assign Hook] App started: thunar
2025-08-27 14:50:04,740 WARNING libqtile base.py:__getattr__():L273 Deprecation Warning: commands exposed via IPC no longer use the 'cmd_' prefix. Please replace 'cmd_toscreen' with 'toscreen' in your code.
2025-08-27 14:50:04,745 WARNING libqtile config.py:assign_app_group():L567 [Assign Hook] Moved thunar to group 1 and switched to it
2025-08-27 14:50:19,494 WARNING libqtile config.py:assign_app_group():L562 [Assign Hook] App started: thunar
2025-08-27 14:50:19,502 WARNING libqtile base.py:__getattr__():L273 Deprecation Warning: commands exposed via IPC no longer use the 'cmd_' prefix. Please replace 'cmd_toscreen' with 'toscreen' in your code.
2025-08-27 14:50:19,502 WARNING libqtile config.py:assign_app_group():L567 [Assign Hook] Moved thunar to group 1 and switched to it
2025-08-27 14:50:58,345 WARNING libqtile config.py:assign_app_group():L562 [Assign Hook] App started: org.gnome.diskutility
2025-08-27 14:51:11,851 WARNING libqtile config.py:assign_app_group():L562 [Assign Hook] App started: org.gnome.diskutility
2025-08-27 14:51:30,660 WARNING libqtile config.py:assign_app_group():L562 [Assign Hook] App started: polkit-gnome-authentication-agent-1
2025-08-27 14:51:57,452 WARNING libqtile config.py:assign_app_group():L562 [Assign Hook] App started: org.gnome.diskutility
2025-08-27 14:52:01,919 WARNING libqtile config.py:assign_app_group():L562 [Assign Hook] App started: org.gnome.diskutility
2025-08-27 14:52:19,155 WARNING libqtile config.py:assign_app_group():L562 [Assign Hook] App started: org.gnome.diskutility
2025-08-27 14:52:25,717 WARNING libqtile config.py:assign_app_group():L562 [Assign Hook] App started: polkit-gnome-authentication-agent-1
2025-08-27 14:52:48,169 WARNING libqtile config.py:assign_app_group():L562 [Assign Hook] App started: xfce4-terminal
2025-08-27 14:52:48,170 WARNING libqtile base.py:__getattr__():L273 Deprecation Warning: commands exposed via IPC no longer use the 'cmd_' prefix. Please replace 'cmd_toscreen' with 'toscreen' in your code.
2025-08-27 14:52:48,178 WARNING libqtile config.py:assign_app_group():L567 [Assign Hook] Moved xfce4-terminal to group 5 and switched to it
2025-08-27 14:52:53,332 WARNING libqtile core.py:graceful_shutdown():L910 Server disconnected, couldn't close windows gracefully.
2025-08-27 14:52:53,336 WARNING libqtile lifecycle.py:_atexit():L38 Qtile will now terminate
2025-08-27 14:57:02,635 WARNING libqtile launchbar.py:setup_images():L169 No icon found for application "" (None) switch to text mode
2025-08-27 14:57:02,663 WARNING libqtile launchbar.py:setup_images():L169 No icon found for application "" (None) switch to text mode
2025-08-27 14:57:02,663 WARNING libqtile launchbar.py:setup_images():L169 No icon found for application " " (None) switch to text mode
2025-08-27 14:57:02,663 WARNING libqtile launchbar.py:setup_images():L169 No icon found for application "" (None) switch to text mode
2025-08-27 14:57:02,689 WARNING libqtile manager.py:grab_key():L521 Key spec duplicated, overriding previous: <Key (['mod4', 'shift'], Right)>
2025-08-27 14:57:02,689 WARNING libqtile manager.py:grab_key():L521 Key spec duplicated, overriding previous: <Key (['mod4', 'shift'], Left)>
2025-08-27 14:57:02,689 WARNING libqtile manager.py:grab_key():L521 Key spec duplicated, overriding previous: <Key (['mod4'], Tab)>
2025-08-27 14:57:02,690 WARNING libqtile manager.py:grab_key():L521 Key spec duplicated, overriding previous: <Key (['mod4', 'shift'], Tab)>
2025-08-27 14:57:02,690 WARNING libqtile manager.py:grab_key():L521 Key spec duplicated, overriding previous: <Key (['mod1'], Tab)>
2025-08-27 14:57:02,690 WARNING libqtile manager.py:grab_key():L521 Key spec duplicated, overriding previous: <Key (['mod1', 'shift'], Tab)>
2025-08-27 14:57:02,690 WARNING libqtile manager.py:grab_key():L521 Key spec duplicated, overriding previous: <Key (['mod4'], Tab)>
2025-08-27 14:57:02,690 WARNING libqtile manager.py:grab_key():L521 Key spec duplicated, overriding previous: <Key (['mod4', 'shift'], Tab)>
2025-08-27 14:57:02,690 WARNING libqtile manager.py:grab_key():L521 Key spec duplicated, overriding previous: <Key (['mod1'], Tab)>
2025-08-27 14:57:02,690 WARNING libqtile manager.py:grab_key():L521 Key spec duplicated, overriding previous: <Key (['mod1', 'shift'], Tab)>
2025-08-27 14:57:02,690 WARNING libqtile manager.py:grab_key():L521 Key spec duplicated, overriding previous: <Key (['mod4'], Tab)>
2025-08-27 14:57:02,690 WARNING libqtile manager.py:grab_key():L521 Key spec duplicated, overriding previous: <Key (['mod4', 'shift'], Tab)>
2025-08-27 14:57:02,690 WARNING libqtile manager.py:grab_key():L521 Key spec duplicated, overriding previous: <Key (['mod1'], Tab)>
2025-08-27 14:57:02,690 WARNING libqtile manager.py:grab_key():L521 Key spec duplicated, overriding previous: <Key (['mod1', 'shift'], Tab)>
2025-08-27 14:57:02,691 WARNING libqtile manager.py:grab_key():L521 Key spec duplicated, overriding previous: <Key (['mod4'], Tab)>
2025-08-27 14:57:02,691 WARNING libqtile manager.py:grab_key():L521 Key spec duplicated, overriding previous: <Key (['mod4', 'shift'], Tab)>
2025-08-27 14:57:02,691 WARNING libqtile manager.py:grab_key():L521 Key spec duplicated, overriding previous: <Key (['mod1'], Tab)>
2025-08-27 14:57:02,691 WARNING libqtile manager.py:grab_key():L521 Key spec duplicated, overriding previous: <Key (['mod1', 'shift'], Tab)>
2025-08-27 14:57:02,691 WARNING libqtile manager.py:grab_key():L521 Key spec duplicated, overriding previous: <Key (['mod4'], Tab)>
2025-08-27 14:57:02,691 WARNING libqtile manager.py:grab_key():L521 Key spec duplicated, overriding previous: <Key (['mod4', 'shift'], Tab)>
2025-08-27 14:57:02,691 WARNING libqtile manager.py:grab_key():L521 Key spec duplicated, overriding previous: <Key (['mod1'], Tab)>
2025-08-27 14:57:02,691 WARNING libqtile manager.py:grab_key():L521 Key spec duplicated, overriding previous: <Key (['mod1', 'shift'], Tab)>
2025-08-27 14:57:02,691 WARNING libqtile manager.py:grab_key():L521 Key spec duplicated, overriding previous: <Key (['mod4'], Tab)>
2025-08-27 14:57:02,691 WARNING libqtile manager.py:grab_key():L521 Key spec duplicated, overriding previous: <Key (['mod4', 'shift'], Tab)>
2025-08-27 14:57:02,691 WARNING libqtile manager.py:grab_key():L521 Key spec duplicated, overriding previous: <Key (['mod1'], Tab)>
2025-08-27 14:57:02,691 WARNING libqtile manager.py:grab_key():L521 Key spec duplicated, overriding previous: <Key (['mod1', 'shift'], Tab)>
2025-08-27 14:57:02,692 WARNING libqtile manager.py:grab_key():L521 Key spec duplicated, overriding previous: <Key (['mod4'], Tab)>
2025-08-27 14:57:02,692 WARNING libqtile manager.py:grab_key():L521 Key spec duplicated, overriding previous: <Key (['mod4', 'shift'], Tab)>
2025-08-27 14:57:02,692 WARNING libqtile manager.py:grab_key():L521 Key spec duplicated, overriding previous: <Key (['mod1'], Tab)>
2025-08-27 14:57:02,692 WARNING libqtile manager.py:grab_key():L521 Key spec duplicated, overriding previous: <Key (['mod1', 'shift'], Tab)>
2025-08-27 14:57:02,692 WARNING libqtile manager.py:grab_key():L521 Key spec duplicated, overriding previous: <Key (['mod4'], Tab)>
2025-08-27 14:57:02,692 WARNING libqtile manager.py:grab_key():L521 Key spec duplicated, overriding previous: <Key (['mod4', 'shift'], Tab)>
2025-08-27 14:57:02,692 WARNING libqtile manager.py:grab_key():L521 Key spec duplicated, overriding previous: <Key (['mod1'], Tab)>
2025-08-27 14:57:02,692 WARNING libqtile manager.py:grab_key():L521 Key spec duplicated, overriding previous: <Key (['mod1', 'shift'], Tab)>
2025-08-27 14:57:02,692 WARNING libqtile manager.py:grab_key():L521 Key spec duplicated, overriding previous: <Key (['mod4'], Tab)>
2025-08-27 14:57:02,692 WARNING libqtile manager.py:grab_key():L521 Key spec duplicated, overriding previous: <Key (['mod4', 'shift'], Tab)>
2025-08-27 14:57:02,692 WARNING libqtile manager.py:grab_key():L521 Key spec duplicated, overriding previous: <Key (['mod1'], Tab)>
2025-08-27 14:57:02,693 WARNING libqtile manager.py:grab_key():L521 Key spec duplicated, overriding previous: <Key (['mod1', 'shift'], Tab)>
2025-08-27 14:57:03,585 WARNING libqtile launchbar.py:setup_images():L169 No icon found for application "" (None) switch to text mode
2025-08-27 14:57:03,586 WARNING libqtile launchbar.py:setup_images():L169 No icon found for application "" (None) switch to text mode
2025-08-27 14:57:03,586 WARNING libqtile launchbar.py:setup_images():L169 No icon found for application " " (None) switch to text mode
2025-08-27 14:57:03,586 WARNING libqtile launchbar.py:setup_images():L169 No icon found for application "" (None) switch to text mode
2025-08-27 14:57:04,348 WARNING libqtile config.py:assign_app_group():L562 [Assign Hook] App started: ulauncher
2025-08-27 14:57:09,255 WARNING libqtile config.py:assign_app_group():L562 [Assign Hook] App started: gcr-prompter
2025-08-27 14:57:11,903 WARNING libqtile config.py:assign_app_group():L562 [Assign Hook] App started: brave-browser
2025-08-27 14:57:11,906 WARNING libqtile base.py:__getattr__():L273 Deprecation Warning: commands exposed via IPC no longer use the 'cmd_' prefix. Please replace 'cmd_toscreen' with 'toscreen' in your code.
2025-08-27 14:57:11,915 WARNING libqtile config.py:assign_app_group():L567 [Assign Hook] Moved brave-browser to group 3 and switched to it
2025-08-27 15:05:10,445 WARNING libqtile config.py:assign_app_group():L562 [Assign Hook] App started: xfce4-terminal
2025-08-27 15:05:10,446 WARNING libqtile base.py:__getattr__():L273 Deprecation Warning: commands exposed via IPC no longer use the 'cmd_' prefix. Please replace 'cmd_toscreen' with 'toscreen' in your code.
2025-08-27 15:05:10,453 WARNING libqtile config.py:assign_app_group():L567 [Assign Hook] Moved xfce4-terminal to group 5 and switched to it
2025-08-27 15:05:15,254 WARNING libqtile core.py:graceful_shutdown():L910 Server disconnected, couldn't close windows gracefully.
2025-08-27 15:05:15,258 WARNING libqtile lifecycle.py:_atexit():L38 Qtile will now terminate
2025-08-27 16:18:25,905 WARNING libqtile launchbar.py:setup_images():L169 No icon found for application "" (None) switch to text mode
2025-08-27 16:18:25,932 WARNING libqtile launchbar.py:setup_images():L169 No icon found for application "" (None) switch to text mode
2025-08-27 16:18:25,932 WARNING libqtile launchbar.py:setup_images():L169 No icon found for application " " (None) switch to text mode
2025-08-27 16:18:25,932 WARNING libqtile launchbar.py:setup_images():L169 No icon found for application "" (None) switch to text mode
2025-08-27 16:18:25,958 WARNING libqtile manager.py:grab_key():L521 Key spec duplicated, overriding previous: <Key (['mod4', 'shift'], Right)>
2025-08-27 16:18:25,958 WARNING libqtile manager.py:grab_key():L521 Key spec duplicated, overriding previous: <Key (['mod4', 'shift'], Left)>
2025-08-27 16:18:25,958 WARNING libqtile manager.py:grab_key():L521 Key spec duplicated, overriding previous: <Key (['mod4'], Tab)>
2025-08-27 16:18:25,958 WARNING libqtile manager.py:grab_key():L521 Key spec duplicated, overriding previous: <Key (['mod4', 'shift'], Tab)>
2025-08-27 16:18:25,958 WARNING libqtile manager.py:grab_key():L521 Key spec duplicated, overriding previous: <Key (['mod1'], Tab)>
2025-08-27 16:18:25,958 WARNING libqtile manager.py:grab_key():L521 Key spec duplicated, overriding previous: <Key (['mod1', 'shift'], Tab)>
2025-08-27 16:18:25,959 WARNING libqtile manager.py:grab_key():L521 Key spec duplicated, overriding previous: <Key (['mod4'], Tab)>
2025-08-27 16:18:25,959 WARNING libqtile manager.py:grab_key():L521 Key spec duplicated, overriding previous: <Key (['mod4', 'shift'], Tab)>
2025-08-27 16:18:25,959 WARNING libqtile manager.py:grab_key():L521 Key spec duplicated, overriding previous: <Key (['mod1'], Tab)>
2025-08-27 16:18:25,959 WARNING libqtile manager.py:grab_key():L521 Key spec duplicated, overriding previous: <Key (['mod1', 'shift'], Tab)>
2025-08-27 16:18:25,959 WARNING libqtile manager.py:grab_key():L521 Key spec duplicated, overriding previous: <Key (['mod4'], Tab)>
2025-08-27 16:18:25,959 WARNING libqtile manager.py:grab_key():L521 Key spec duplicated, overriding previous: <Key (['mod4', 'shift'], Tab)>
2025-08-27 16:18:25,959 WARNING libqtile manager.py:grab_key():L521 Key spec duplicated, overriding previous: <Key (['mod1'], Tab)>
2025-08-27 16:18:25,959 WARNING libqtile manager.py:grab_key():L521 Key spec duplicated, overriding previous: <Key (['mod1', 'shift'], Tab)>
2025-08-27 16:18:25,959 WARNING libqtile manager.py:grab_key():L521 Key spec duplicated, overriding previous: <Key (['mod4'], Tab)>
2025-08-27 16:18:25,959 WARNING libqtile manager.py:grab_key():L521 Key spec duplicated, overriding previous: <Key (['mod4', 'shift'], Tab)>
2025-08-27 16:18:25,959 WARNING libqtile manager.py:grab_key():L521 Key spec duplicated, overriding previous: <Key (['mod1'], Tab)>
2025-08-27 16:18:25,960 WARNING libqtile manager.py:grab_key():L521 Key spec duplicated, overriding previous: <Key (['mod1', 'shift'], Tab)>
2025-08-27 16:18:25,960 WARNING libqtile manager.py:grab_key():L521 Key spec duplicated, overriding previous: <Key (['mod4'], Tab)>
2025-08-27 16:18:25,960 WARNING libqtile manager.py:grab_key():L521 Key spec duplicated, overriding previous: <Key (['mod4', 'shift'], Tab)>
2025-08-27 16:18:25,960 WARNING libqtile manager.py:grab_key():L521 Key spec duplicated, overriding previous: <Key (['mod1'], Tab)>
2025-08-27 16:18:25,960 WARNING libqtile manager.py:grab_key():L521 Key spec duplicated, overriding previous: <Key (['mod1', 'shift'], Tab)>
2025-08-27 16:18:25,960 WARNING libqtile manager.py:grab_key():L521 Key spec duplicated, overriding previous: <Key (['mod4'], Tab)>
2025-08-27 16:18:25,960 WARNING libqtile manager.py:grab_key():L521 Key spec duplicated, overriding previous: <Key (['mod4', 'shift'], Tab)>
2025-08-27 16:18:25,960 WARNING libqtile manager.py:grab_key():L521 Key spec duplicated, overriding previous: <Key (['mod1'], Tab)>
2025-08-27 16:18:25,960 WARNING libqtile manager.py:grab_key():L521 Key spec duplicated, overriding previous: <Key (['mod1', 'shift'], Tab)>
2025-08-27 16:18:25,960 WARNING libqtile manager.py:grab_key():L521 Key spec duplicated, overriding previous: <Key (['mod4'], Tab)>
2025-08-27 16:18:25,960 WARNING libqtile manager.py:grab_key():L521 Key spec duplicated, overriding previous: <Key (['mod4', 'shift'], Tab)>
2025-08-27 16:18:25,960 WARNING libqtile manager.py:grab_key():L521 Key spec duplicated, overriding previous: <Key (['mod1'], Tab)>
2025-08-27 16:18:25,961 WARNING libqtile manager.py:grab_key():L521 Key spec duplicated, overriding previous: <Key (['mod1', 'shift'], Tab)>
2025-08-27 16:18:25,961 WARNING libqtile manager.py:grab_key():L521 Key spec duplicated, overriding previous: <Key (['mod4'], Tab)>
2025-08-27 16:18:25,961 WARNING libqtile manager.py:grab_key():L521 Key spec duplicated, overriding previous: <Key (['mod4', 'shift'], Tab)>
2025-08-27 16:18:25,961 WARNING libqtile manager.py:grab_key():L521 Key spec duplicated, overriding previous: <Key (['mod1'], Tab)>
2025-08-27 16:18:25,961 WARNING libqtile manager.py:grab_key():L521 Key spec duplicated, overriding previous: <Key (['mod1', 'shift'], Tab)>
2025-08-27 16:18:25,961 WARNING libqtile manager.py:grab_key():L521 Key spec duplicated, overriding previous: <Key (['mod4'], Tab)>
2025-08-27 16:18:25,961 WARNING libqtile manager.py:grab_key():L521 Key spec duplicated, overriding previous: <Key (['mod4', 'shift'], Tab)>
2025-08-27 16:18:25,961 WARNING libqtile manager.py:grab_key():L521 Key spec duplicated, overriding previous: <Key (['mod1'], Tab)>
2025-08-27 16:18:25,961 WARNING libqtile manager.py:grab_key():L521 Key spec duplicated, overriding previous: <Key (['mod1', 'shift'], Tab)>
2025-08-27 16:18:26,823 WARNING libqtile launchbar.py:setup_images():L169 No icon found for application "" (None) switch to text mode
2025-08-27 16:18:26,823 WARNING libqtile launchbar.py:setup_images():L169 No icon found for application "" (None) switch to text mode
2025-08-27 16:18:26,823 WARNING libqtile launchbar.py:setup_images():L169 No icon found for application " " (None) switch to text mode
2025-08-27 16:18:26,823 WARNING libqtile launchbar.py:setup_images():L169 No icon found for application "" (None) switch to text mode
2025-08-27 16:18:27,525 WARNING libqtile config.py:assign_app_group():L562 [Assign Hook] App started: ulauncher
2025-08-27 16:18:35,492 WARNING libqtile config.py:assign_app_group():L562 [Assign Hook] App started: xfce4-terminal
2025-08-27 16:18:35,493 WARNING libqtile base.py:__getattr__():L273 Deprecation Warning: commands exposed via IPC no longer use the 'cmd_' prefix. Please replace 'cmd_toscreen' with 'toscreen' in your code.
2025-08-27 16:18:35,500 WARNING libqtile config.py:assign_app_group():L567 [Assign Hook] Moved xfce4-terminal to group 5 and switched to it
2025-08-27 16:18:51,311 WARNING libqtile config.py:assign_app_group():L562 [Assign Hook] App started: nemo
2025-08-27 16:18:51,312 WARNING libqtile base.py:__getattr__():L273 Deprecation Warning: commands exposed via IPC no longer use the 'cmd_' prefix. Please replace 'cmd_toscreen' with 'toscreen' in your code.
2025-08-27 16:18:51,317 WARNING libqtile config.py:assign_app_group():L567 [Assign Hook] Moved nemo to group 1 and switched to it
2025-08-27 16:18:57,324 WARNING libqtile config.py:assign_app_group():L562 [Assign Hook] App started: gcr-prompter
2025-08-27 16:19:20,327 WARNING libqtile config.py:assign_app_group():L562 [Assign Hook] App started: polkit-gnome-authentication-agent-1
2025-08-27 16:20:17,323 WARNING libqtile config.py:assign_app_group():L562 [Assign Hook] App started: nemo
2025-08-27 16:20:17,323 WARNING libqtile base.py:__getattr__():L273 Deprecation Warning: commands exposed via IPC no longer use the 'cmd_' prefix. Please replace 'cmd_toscreen' with 'toscreen' in your code.
2025-08-27 16:20:17,323 WARNING libqtile config.py:assign_app_group():L567 [Assign Hook] Moved nemo to group 1 and switched to it
2025-08-27 16:20:23,320 WARNING libqtile config.py:assign_app_group():L562 [Assign Hook] App started: sublime_text
2025-08-27 16:20:23,322 WARNING libqtile base.py:__getattr__():L273 Deprecation Warning: commands exposed via IPC no longer use the 'cmd_' prefix. Please replace 'cmd_toscreen' with 'toscreen' in your code.
2025-08-27 16:20:23,325 WARNING libqtile config.py:assign_app_group():L567 [Assign Hook] Moved sublime_text to group 2 and switched to it
2025-08-27 16:20:53,039 WARNING libqtile config.py:assign_app_group():L562 [Assign Hook] App started: xed
2025-08-27 16:20:53,041 WARNING libqtile base.py:__getattr__():L273 Deprecation Warning: commands exposed via IPC no longer use the 'cmd_' prefix. Please replace 'cmd_toscreen' with 'toscreen' in your code.
2025-08-27 16:20:53,047 WARNING libqtile config.py:assign_app_group():L567 [Assign Hook] Moved xed to group 2 and switched to it
2025-08-27 16:20:53,175 WARNING libqtile config.py:assign_app_group():L562 [Assign Hook] App started: polkit-gnome-authentication-agent-1
2025-08-27 16:21:11,082 WARNING libqtile config.py:assign_app_group():L562 [Assign Hook] App started: xed
2025-08-27 16:21:11,083 WARNING libqtile base.py:__getattr__():L273 Deprecation Warning: commands exposed via IPC no longer use the 'cmd_' prefix. Please replace 'cmd_toscreen' with 'toscreen' in your code.
2025-08-27 16:21:11,093 WARNING libqtile config.py:assign_app_group():L567 [Assign Hook] Moved xed to group 2 and switched to it
2025-08-27 16:21:32,190 WARNING libqtile config.py:assign_app_group():L562 [Assign Hook] App started: org.gnome.fileroller
2025-08-27 16:21:33,311 WARNING libqtile config.py:assign_app_group():L562 [Assign Hook] App started: org.gnome.fileroller
2025-08-27 16:21:33,338 WARNING libqtile config.py:assign_app_group():L562 [Assign Hook] App started: org.gnome.fileroller
2025-08-27 16:21:54,383 WARNING libqtile config.py:assign_app_group():L562 [Assign Hook] App started: nemo
2025-08-27 16:21:54,383 WARNING libqtile base.py:__getattr__():L273 Deprecation Warning: commands exposed via IPC no longer use the 'cmd_' prefix. Please replace 'cmd_toscreen' with 'toscreen' in your code.
2025-08-27 16:21:54,383 WARNING libqtile config.py:assign_app_group():L567 [Assign Hook] Moved nemo to group 1 and switched to it
2025-08-27 16:21:57,398 WARNING libqtile config.py:assign_app_group():L562 [Assign Hook] App started: sublime_text
2025-08-27 16:21:57,399 WARNING libqtile base.py:__getattr__():L273 Deprecation Warning: commands exposed via IPC no longer use the 'cmd_' prefix. Please replace 'cmd_toscreen' with 'toscreen' in your code.
2025-08-27 16:21:57,402 WARNING libqtile config.py:assign_app_group():L567 [Assign Hook] Moved sublime_text to group 2 and switched to it
2025-08-27 16:22:11,557 WARNING libqtile config.py:assign_app_group():L562 [Assign Hook] App started: org.gnome.fileroller
2025-08-27 16:22:11,605 WARNING libqtile config.py:assign_app_group():L562 [Assign Hook] App started: org.gnome.fileroller
2025-08-27 16:22:25,590 WARNING libqtile config.py:assign_app_group():L562 [Assign Hook] App started: nemo
2025-08-27 16:22:25,590 WARNING libqtile base.py:__getattr__():L273 Deprecation Warning: commands exposed via IPC no longer use the 'cmd_' prefix. Please replace 'cmd_toscreen' with 'toscreen' in your code.
2025-08-27 16:22:25,590 WARNING libqtile config.py:assign_app_group():L567 [Assign Hook] Moved nemo to group 1 and switched to it
2025-08-27 16:22:27,697 WARNING libqtile config.py:assign_app_group():L562 [Assign Hook] App started: sublime_text
2025-08-27 16:22:27,698 WARNING libqtile base.py:__getattr__():L273 Deprecation Warning: commands exposed via IPC no longer use the 'cmd_' prefix. Please replace 'cmd_toscreen' with 'toscreen' in your code.
2025-08-27 16:22:27,701 WARNING libqtile config.py:assign_app_group():L567 [Assign Hook] Moved sublime_text to group 2 and switched to it
2025-08-27 16:22:35,647 WARNING libqtile config.py:assign_app_group():L562 [Assign Hook] App started: nemo
2025-08-27 16:22:35,647 WARNING libqtile base.py:__getattr__():L273 Deprecation Warning: commands exposed via IPC no longer use the 'cmd_' prefix. Please replace 'cmd_toscreen' with 'toscreen' in your code.
2025-08-27 16:22:35,647 WARNING libqtile config.py:assign_app_group():L567 [Assign Hook] Moved nemo to group 1 and switched to it
2025-08-27 16:22:44,666 WARNING libqtile config.py:assign_app_group():L562 [Assign Hook] App started: xed
2025-08-27 16:22:44,667 WARNING libqtile base.py:__getattr__():L273 Deprecation Warning: commands exposed via IPC no longer use the 'cmd_' prefix. Please replace 'cmd_toscreen' with 'toscreen' in your code.
2025-08-27 16:22:44,670 WARNING libqtile config.py:assign_app_group():L567 [Assign Hook] Moved xed to group 2 and switched to it
2025-08-27 16:22:44,790 WARNING libqtile config.py:assign_app_group():L562 [Assign Hook] App started: polkit-gnome-authentication-agent-1
2025-08-27 16:23:40,981 WARNING libqtile config.py:assign_app_group():L562 [Assign Hook] App started: nemo
2025-08-27 16:23:40,981 WARNING libqtile base.py:__getattr__():L273 Deprecation Warning: commands exposed via IPC no longer use the 'cmd_' prefix. Please replace 'cmd_toscreen' with 'toscreen' in your code.
2025-08-27 16:23:40,981 WARNING libqtile config.py:assign_app_group():L567 [Assign Hook] Moved nemo to group 1 and switched to it
2025-08-27 16:23:46,300 WARNING libqtile config.py:assign_app_group():L562 [Assign Hook] App started: xed
2025-08-27 16:23:46,301 WARNING libqtile base.py:__getattr__():L273 Deprecation Warning: commands exposed via IPC no longer use the 'cmd_' prefix. Please replace 'cmd_toscreen' with 'toscreen' in your code.
2025-08-27 16:23:46,305 WARNING libqtile config.py:assign_app_group():L567 [Assign Hook] Moved xed to group 2 and switched to it
2025-08-27 16:23:46,399 WARNING libqtile config.py:assign_app_group():L562 [Assign Hook] App started: polkit-gnome-authentication-agent-1
2025-08-27 16:24:22,905 WARNING libqtile config.py:assign_app_group():L562 [Assign Hook] App started: polkit-gnome-authentication-agent-1
2025-08-27 16:24:24,776 WARNING libqtile config.py:assign_app_group():L562 [Assign Hook] App started: nemo
2025-08-27 16:24:24,794 WARNING libqtile base.py:__getattr__():L273 Deprecation Warning: commands exposed via IPC no longer use the 'cmd_' prefix. Please replace 'cmd_toscreen' with 'toscreen' in your code.
2025-08-27 16:24:24,794 WARNING libqtile config.py:assign_app_group():L567 [Assign Hook] Moved nemo to group 1 and switched to it
2025-08-27 16:24:24,825 WARNING libqtile config.py:assign_app_group():L562 [Assign Hook] App started: polkit-gnome-authentication-agent-1
2025-08-27 16:24:26,754 WARNING libqtile config.py:assign_app_group():L562 [Assign Hook] App started: polkit-gnome-authentication-agent-1
2025-08-27 16:24:29,526 WARNING libqtile config.py:assign_app_group():L562 [Assign Hook] App started: polkit-gnome-authentication-agent-1
2025-08-27 16:25:03,053 WARNING libqtile config.py:assign_app_group():L562 [Assign Hook] App started: xed
2025-08-27 16:25:03,054 WARNING libqtile base.py:__getattr__():L273 Deprecation Warning: commands exposed via IPC no longer use the 'cmd_' prefix. Please replace 'cmd_toscreen' with 'toscreen' in your code.
2025-08-27 16:25:03,061 WARNING libqtile config.py:assign_app_group():L567 [Assign Hook] Moved xed to group 2 and switched to it
2025-08-27 16:25:03,188 WARNING libqtile config.py:assign_app_group():L562 [Assign Hook] App started: polkit-gnome-authentication-agent-1
2025-08-27 16:25:20,520 WARNING libqtile config.py:assign_app_group():L562 [Assign Hook] App started: xed
2025-08-27 16:25:20,521 WARNING libqtile base.py:__getattr__():L273 Deprecation Warning: commands exposed via IPC no longer use the 'cmd_' prefix. Please replace 'cmd_toscreen' with 'toscreen' in your code.
2025-08-27 16:25:20,529 WARNING libqtile config.py:assign_app_group():L567 [Assign Hook] Moved xed to group 2 and switched to it
2025-08-27 16:25:20,622 WARNING libqtile config.py:assign_app_group():L562 [Assign Hook] App started: polkit-gnome-authentication-agent-1
2025-08-27 16:25:35,018 WARNING libqtile config.py:assign_app_group():L562 [Assign Hook] App started: xed
2025-08-27 16:25:35,019 WARNING libqtile base.py:__getattr__():L273 Deprecation Warning: commands exposed via IPC no longer use the 'cmd_' prefix. Please replace 'cmd_toscreen' with 'toscreen' in your code.
2025-08-27 16:25:35,031 WARNING libqtile config.py:assign_app_group():L567 [Assign Hook] Moved xed to group 2 and switched to it
2025-08-27 16:25:59,347 WARNING libqtile config.py:assign_app_group():L562 [Assign Hook] App started: xed
2025-08-27 16:25:59,348 WARNING libqtile base.py:__getattr__():L273 Deprecation Warning: commands exposed via IPC no longer use the 'cmd_' prefix. Please replace 'cmd_toscreen' with 'toscreen' in your code.
2025-08-27 16:25:59,357 WARNING libqtile config.py:assign_app_group():L567 [Assign Hook] Moved xed to group 2 and switched to it
2025-08-27 16:25:59,450 WARNING libqtile config.py:assign_app_group():L562 [Assign Hook] App started: polkit-gnome-authentication-agent-1
2025-08-27 16:26:22,700 WARNING libqtile config.py:assign_app_group():L562 [Assign Hook] App started: thunar
2025-08-27 16:26:22,705 WARNING libqtile base.py:__getattr__():L273 Deprecation Warning: commands exposed via IPC no longer use the 'cmd_' prefix. Please replace 'cmd_toscreen' with 'toscreen' in your code.
2025-08-27 16:26:22,705 WARNING libqtile config.py:assign_app_group():L567 [Assign Hook] Moved thunar to group 1 and switched to it
2025-08-27 16:26:39,893 WARNING libqtile config.py:assign_app_group():L562 [Assign Hook] App started: thunar
2025-08-27 16:26:39,893 WARNING libqtile base.py:__getattr__():L273 Deprecation Warning: commands exposed via IPC no longer use the 'cmd_' prefix. Please replace 'cmd_toscreen' with 'toscreen' in your code.
2025-08-27 16:26:39,894 WARNING libqtile config.py:assign_app_group():L567 [Assign Hook] Moved thunar to group 1 and switched to it
2025-08-27 16:26:47,813 WARNING libqtile config.py:assign_app_group():L562 [Assign Hook] App started: transmission-gtk
2025-08-27 16:26:47,814 WARNING libqtile base.py:__getattr__():L273 Deprecation Warning: commands exposed via IPC no longer use the 'cmd_' prefix. Please replace 'cmd_toscreen' with 'toscreen' in your code.
2025-08-27 16:26:47,824 WARNING libqtile config.py:assign_app_group():L567 [Assign Hook] Moved transmission-gtk to group 7 and switched to it
2025-08-27 16:27:11,403 WARNING libqtile config.py:assign_app_group():L562 [Assign Hook] App started: transmission-gtk
2025-08-27 16:27:11,403 WARNING libqtile base.py:__getattr__():L273 Deprecation Warning: commands exposed via IPC no longer use the 'cmd_' prefix. Please replace 'cmd_toscreen' with 'toscreen' in your code.
2025-08-27 16:27:11,403 WARNING libqtile config.py:assign_app_group():L567 [Assign Hook] Moved transmission-gtk to group 7 and switched to it
2025-08-27 16:27:34,467 WARNING libqtile config.py:assign_app_group():L562 [Assign Hook] App started: transmission-gtk
2025-08-27 16:27:34,468 WARNING libqtile base.py:__getattr__():L273 Deprecation Warning: commands exposed via IPC no longer use the 'cmd_' prefix. Please replace 'cmd_toscreen' with 'toscreen' in your code.
2025-08-27 16:27:34,468 WARNING libqtile config.py:assign_app_group():L567 [Assign Hook] Moved transmission-gtk to group 7 and switched to it
2025-08-27 16:27:40,449 WARNING libqtile config.py:assign_app_group():L562 [Assign Hook] App started: transmission-gtk
2025-08-27 16:27:40,449 WARNING libqtile base.py:__getattr__():L273 Deprecation Warning: commands exposed via IPC no longer use the 'cmd_' prefix. Please replace 'cmd_toscreen' with 'toscreen' in your code.
2025-08-27 16:27:40,449 WARNING libqtile config.py:assign_app_group():L567 [Assign Hook] Moved transmission-gtk to group 7 and switched to it
2025-08-27 16:27:46,755 WARNING libqtile config.py:assign_app_group():L562 [Assign Hook] App started: ulauncher
2025-08-27 16:27:50,026 WARNING libqtile config.py:assign_app_group():L562 [Assign Hook] App started: nemo
2025-08-27 16:27:50,027 WARNING libqtile base.py:__getattr__():L273 Deprecation Warning: commands exposed via IPC no longer use the 'cmd_' prefix. Please replace 'cmd_toscreen' with 'toscreen' in your code.
2025-08-27 16:27:50,032 WARNING libqtile config.py:assign_app_group():L567 [Assign Hook] Moved nemo to group 1 and switched to it
2025-08-27 16:28:06,722 WARNING libqtile config.py:assign_app_group():L562 [Assign Hook] App started: thunar
2025-08-27 16:28:06,722 WARNING libqtile base.py:__getattr__():L273 Deprecation Warning: commands exposed via IPC no longer use the 'cmd_' prefix. Please replace 'cmd_toscreen' with 'toscreen' in your code.
2025-08-27 16:28:06,722 WARNING libqtile config.py:assign_app_group():L567 [Assign Hook] Moved thunar to group 1 and switched to it
2025-08-27 16:28:20,427 WARNING libqtile config.py:assign_app_group():L562 [Assign Hook] App started: ulauncher
2025-08-27 16:28:23,625 WARNING libqtile config.py:assign_app_group():L562 [Assign Hook] App started: nemo
2025-08-27 16:28:23,630 WARNING libqtile base.py:__getattr__():L273 Deprecation Warning: commands exposed via IPC no longer use the 'cmd_' prefix. Please replace 'cmd_toscreen' with 'toscreen' in your code.
2025-08-27 16:28:23,631 WARNING libqtile config.py:assign_app_group():L567 [Assign Hook] Moved nemo to group 1 and switched to it
2025-08-27 16:28:32,422 WARNING libqtile config.py:assign_app_group():L562 [Assign Hook] App started: xfce4-terminal
2025-08-27 16:28:32,423 WARNING libqtile base.py:__getattr__():L273 Deprecation Warning: commands exposed via IPC no longer use the 'cmd_' prefix. Please replace 'cmd_toscreen' with 'toscreen' in your code.
2025-08-27 16:28:32,427 WARNING libqtile config.py:assign_app_group():L567 [Assign Hook] Moved xfce4-terminal to group 5 and switched to it
2025-08-27 16:28:36,286 WARNING libqtile config.py:assign_app_group():L562 [Assign Hook] App started: thunar
2025-08-27 16:28:36,287 WARNING libqtile base.py:__getattr__():L273 Deprecation Warning: commands exposed via IPC no longer use the 'cmd_' prefix. Please replace 'cmd_toscreen' with 'toscreen' in your code.
2025-08-27 16:28:36,293 WARNING libqtile config.py:assign_app_group():L567 [Assign Hook] Moved thunar to group 1 and switched to it
2025-08-27 16:28:43,608 WARNING libqtile config.py:assign_app_group():L562 [Assign Hook] App started: thunar
2025-08-27 16:28:43,608 WARNING libqtile base.py:__getattr__():L273 Deprecation Warning: commands exposed via IPC no longer use the 'cmd_' prefix. Please replace 'cmd_toscreen' with 'toscreen' in your code.
2025-08-27 16:28:43,608 WARNING libqtile config.py:assign_app_group():L567 [Assign Hook] Moved thunar to group 1 and switched to it
2025-08-27 16:29:40,118 WARNING libqtile config.py:assign_app_group():L562 [Assign Hook] App started: thunar
2025-08-27 16:29:40,118 WARNING libqtile base.py:__getattr__():L273 Deprecation Warning: commands exposed via IPC no longer use the 'cmd_' prefix. Please replace 'cmd_toscreen' with 'toscreen' in your code.
2025-08-27 16:29:40,118 WARNING libqtile config.py:assign_app_group():L567 [Assign Hook] Moved thunar to group 1 and switched to it
2025-08-27 16:29:49,700 WARNING libqtile config.py:assign_app_group():L562 [Assign Hook] App started: thunar
2025-08-27 16:29:49,700 WARNING libqtile base.py:__getattr__():L273 Deprecation Warning: commands exposed via IPC no longer use the 'cmd_' prefix. Please replace 'cmd_toscreen' with 'toscreen' in your code.
2025-08-27 16:29:49,701 WARNING libqtile config.py:assign_app_group():L567 [Assign Hook] Moved thunar to group 1 and switched to it
2025-08-27 16:30:11,592 WARNING libqtile config.py:assign_app_group():L562 [Assign Hook] App started: thunar
2025-08-27 16:30:11,592 WARNING libqtile base.py:__getattr__():L273 Deprecation Warning: commands exposed via IPC no longer use the 'cmd_' prefix. Please replace 'cmd_toscreen' with 'toscreen' in your code.
2025-08-27 16:30:11,592 WARNING libqtile config.py:assign_app_group():L567 [Assign Hook] Moved thunar to group 1 and switched to it
2025-08-27 16:30:28,994 WARNING libqtile config.py:assign_app_group():L562 [Assign Hook] App started: thunar
2025-08-27 16:30:28,994 WARNING libqtile base.py:__getattr__():L273 Deprecation Warning: commands exposed via IPC no longer use the 'cmd_' prefix. Please replace 'cmd_toscreen' with 'toscreen' in your code.
2025-08-27 16:30:28,994 WARNING libqtile config.py:assign_app_group():L567 [Assign Hook] Moved thunar to group 1 and switched to it
2025-08-27 16:30:41,769 WARNING libqtile config.py:assign_app_group():L562 [Assign Hook] App started: thunar
2025-08-27 16:30:41,770 WARNING libqtile base.py:__getattr__():L273 Deprecation Warning: commands exposed via IPC no longer use the 'cmd_' prefix. Please replace 'cmd_toscreen' with 'toscreen' in your code.
2025-08-27 16:30:41,770 WARNING libqtile config.py:assign_app_group():L567 [Assign Hook] Moved thunar to group 1 and switched to it
2025-08-27 16:31:10,111 WARNING libqtile config.py:assign_app_group():L562 [Assign Hook] App started: xfce4-terminal
2025-08-27 16:31:10,112 WARNING libqtile base.py:__getattr__():L273 Deprecation Warning: commands exposed via IPC no longer use the 'cmd_' prefix. Please replace 'cmd_toscreen' with 'toscreen' in your code.
2025-08-27 16:31:10,121 WARNING libqtile config.py:assign_app_group():L567 [Assign Hook] Moved xfce4-terminal to group 5 and switched to it
2025-08-27 16:40:22,351 WARNING libqtile config.py:assign_app_group():L562 [Assign Hook] App started: archlinux-logout.py
2025-08-27 16:40:29,655 WARNING libqtile launchbar.py:setup_images():L169 No icon found for application "" (None) switch to text mode
2025-08-27 16:40:29,655 WARNING libqtile launchbar.py:setup_images():L169 No icon found for application "" (None) switch to text mode
2025-08-27 16:40:29,656 WARNING libqtile launchbar.py:setup_images():L169 No icon found for application " " (None) switch to text mode
2025-08-27 16:40:29,656 WARNING libqtile launchbar.py:setup_images():L169 No icon found for application "" (None) switch to text mode
2025-08-27 18:18:43,612 WARNING libqtile config.py:assign_app_group():L562 [Assign Hook] App started: xfce4-notifyd
2025-08-28 08:45:13,487 WARNING libqtile launchbar.py:setup_images():L169 No icon found for application "" (None) switch to text mode
2025-08-28 08:45:13,487 WARNING libqtile launchbar.py:setup_images():L169 No icon found for application "" (None) switch to text mode
2025-08-28 08:45:13,487 WARNING libqtile launchbar.py:setup_images():L169 No icon found for application " " (None) switch to text mode
2025-08-28 08:45:13,487 WARNING libqtile launchbar.py:setup_images():L169 No icon found for application "" (None) switch to text mode
2025-08-28 08:45:16,473 WARNING libqtile lifecycle.py:_atexit():L34 Restarting Qtile with os.execv(...)
2025-08-28 08:45:17,924 WARNING libqtile launchbar.py:setup_images():L169 No icon found for application "" (None) switch to text mode
2025-08-28 08:45:17,942 WARNING libqtile launchbar.py:setup_images():L169 No icon found for application " " (None) switch to text mode
2025-08-28 08:45:17,943 WARNING libqtile launchbar.py:setup_images():L169 No icon found for application "" (None) switch to text mode
2025-08-28 08:45:17,943 WARNING libqtile launchbar.py:setup_images():L169 No icon found for application "" (None) switch to text mode
2025-08-28 08:45:17,964 WARNING libqtile manager.py:grab_key():L521 Key spec duplicated, overriding previous: <Key (['mod4', 'shift'], Right)>
2025-08-28 08:45:17,964 WARNING libqtile manager.py:grab_key():L521 Key spec duplicated, overriding previous: <Key (['mod4', 'shift'], Left)>
2025-08-28 08:45:17,964 WARNING libqtile manager.py:grab_key():L521 Key spec duplicated, overriding previous: <Key (['mod4'], Tab)>
2025-08-28 08:45:17,964 WARNING libqtile manager.py:grab_key():L521 Key spec duplicated, overriding previous: <Key (['mod4', 'shift'], Tab)>
2025-08-28 08:45:17,964 WARNING libqtile manager.py:grab_key():L521 Key spec duplicated, overriding previous: <Key (['mod1'], Tab)>
2025-08-28 08:45:17,964 WARNING libqtile manager.py:grab_key():L521 Key spec duplicated, overriding previous: <Key (['mod1', 'shift'], Tab)>
2025-08-28 08:45:17,964 WARNING libqtile manager.py:grab_key():L521 Key spec duplicated, overriding previous: <Key (['mod4'], Tab)>
2025-08-28 08:45:17,964 WARNING libqtile manager.py:grab_key():L521 Key spec duplicated, overriding previous: <Key (['mod4', 'shift'], Tab)>
2025-08-28 08:45:17,964 WARNING libqtile manager.py:grab_key():L521 Key spec duplicated, overriding previous: <Key (['mod1'], Tab)>
2025-08-28 08:45:17,965 WARNING libqtile manager.py:grab_key():L521 Key spec duplicated, overriding previous: <Key (['mod1', 'shift'], Tab)>
2025-08-28 08:45:17,965 WARNING libqtile manager.py:grab_key():L521 Key spec duplicated, overriding previous: <Key (['mod4'], Tab)>
2025-08-28 08:45:17,965 WARNING libqtile manager.py:grab_key():L521 Key spec duplicated, overriding previous: <Key (['mod4', 'shift'], Tab)>
2025-08-28 08:45:17,965 WARNING libqtile manager.py:grab_key():L521 Key spec duplicated, overriding previous: <Key (['mod1'], Tab)>
2025-08-28 08:45:17,965 WARNING libqtile manager.py:grab_key():L521 Key spec duplicated, overriding previous: <Key (['mod1', 'shift'], Tab)>
2025-08-28 08:45:17,965 WARNING libqtile manager.py:grab_key():L521 Key spec duplicated, overriding previous: <Key (['mod4'], Tab)>
2025-08-28 08:45:17,965 WARNING libqtile manager.py:grab_key():L521 Key spec duplicated, overriding previous: <Key (['mod4', 'shift'], Tab)>
2025-08-28 08:45:17,965 WARNING libqtile manager.py:grab_key():L521 Key spec duplicated, overriding previous: <Key (['mod1'], Tab)>
2025-08-28 08:45:17,965 WARNING libqtile manager.py:grab_key():L521 Key spec duplicated, overriding previous: <Key (['mod1', 'shift'], Tab)>
2025-08-28 08:45:17,965 WARNING libqtile manager.py:grab_key():L521 Key spec duplicated, overriding previous: <Key (['mod4'], Tab)>
2025-08-28 08:45:17,965 WARNING libqtile manager.py:grab_key():L521 Key spec duplicated, overriding previous: <Key (['mod4', 'shift'], Tab)>
2025-08-28 08:45:17,965 WARNING libqtile manager.py:grab_key():L521 Key spec duplicated, overriding previous: <Key (['mod1'], Tab)>
2025-08-28 08:45:17,966 WARNING libqtile manager.py:grab_key():L521 Key spec duplicated, overriding previous: <Key (['mod1', 'shift'], Tab)>
2025-08-28 08:45:17,966 WARNING libqtile manager.py:grab_key():L521 Key spec duplicated, overriding previous: <Key (['mod4'], Tab)>
2025-08-28 08:45:17,966 WARNING libqtile manager.py:grab_key():L521 Key spec duplicated, overriding previous: <Key (['mod4', 'shift'], Tab)>
2025-08-28 08:45:17,966 WARNING libqtile manager.py:grab_key():L521 Key spec duplicated, overriding previous: <Key (['mod1'], Tab)>
2025-08-28 08:45:17,966 WARNING libqtile manager.py:grab_key():L521 Key spec duplicated, overriding previous: <Key (['mod1', 'shift'], Tab)>
2025-08-28 08:45:17,966 WARNING libqtile manager.py:grab_key():L521 Key spec duplicated, overriding previous: <Key (['mod4'], Tab)>
2025-08-28 08:45:17,966 WARNING libqtile manager.py:grab_key():L521 Key spec duplicated, overriding previous: <Key (['mod4', 'shift'], Tab)>
2025-08-28 08:45:17,966 WARNING libqtile manager.py:grab_key():L521 Key spec duplicated, overriding previous: <Key (['mod1'], Tab)>
2025-08-28 08:45:17,966 WARNING libqtile manager.py:grab_key():L521 Key spec duplicated, overriding previous: <Key (['mod1', 'shift'], Tab)>
2025-08-28 08:45:17,966 WARNING libqtile manager.py:grab_key():L521 Key spec duplicated, overriding previous: <Key (['mod4'], Tab)>
2025-08-28 08:45:17,966 WARNING libqtile manager.py:grab_key():L521 Key spec duplicated, overriding previous: <Key (['mod4', 'shift'], Tab)>
2025-08-28 08:45:17,966 WARNING libqtile manager.py:grab_key():L521 Key spec duplicated, overriding previous: <Key (['mod1'], Tab)>
2025-08-28 08:45:17,967 WARNING libqtile manager.py:grab_key():L521 Key spec duplicated, overriding previous: <Key (['mod1', 'shift'], Tab)>
2025-08-28 08:45:17,967 WARNING libqtile manager.py:grab_key():L521 Key spec duplicated, overriding previous: <Key (['mod4'], Tab)>
2025-08-28 08:45:17,967 WARNING libqtile manager.py:grab_key():L521 Key spec duplicated, overriding previous: <Key (['mod4', 'shift'], Tab)>
2025-08-28 08:45:17,967 WARNING libqtile manager.py:grab_key():L521 Key spec duplicated, overriding previous: <Key (['mod1'], Tab)>
2025-08-28 08:45:17,967 WARNING libqtile manager.py:grab_key():L521 Key spec duplicated, overriding previous: <Key (['mod1', 'shift'], Tab)>
2025-08-28 08:45:17,982 WARNING libqtile config.py:assign_app_group():L562 [Assign Hook] App started: transmission-gtk
2025-08-28 08:45:17,982 WARNING libqtile base.py:__getattr__():L273 Deprecation Warning: commands exposed via IPC no longer use the 'cmd_' prefix. Please replace 'cmd_toscreen' with 'toscreen' in your code.
2025-08-28 08:45:17,984 WARNING libqtile config.py:assign_app_group():L567 [Assign Hook] Moved transmission-gtk to group 7 and switched to it
2025-08-28 08:45:18,044 WARNING libqtile config.py:assign_app_group():L562 [Assign Hook] App started: thunar
2025-08-28 08:45:18,044 WARNING libqtile base.py:__getattr__():L273 Deprecation Warning: commands exposed via IPC no longer use the 'cmd_' prefix. Please replace 'cmd_toscreen' with 'toscreen' in your code.
2025-08-28 08:45:18,047 WARNING libqtile config.py:assign_app_group():L567 [Assign Hook] Moved thunar to group 1 and switched to it
2025-08-28 08:45:26,572 WARNING libqtile config.py:assign_app_group():L562 [Assign Hook] App started: xfce4-terminal
2025-08-28 08:45:26,573 WARNING libqtile base.py:__getattr__():L273 Deprecation Warning: commands exposed via IPC no longer use the 'cmd_' prefix. Please replace 'cmd_toscreen' with 'toscreen' in your code.
2025-08-28 08:45:26,579 WARNING libqtile config.py:assign_app_group():L567 [Assign Hook] Moved xfce4-terminal to group 5 and switched to it
2025-08-28 08:46:29,904 WARNING libqtile config.py:assign_app_group():L562 [Assign Hook] App started: brave-browser
2025-08-28 08:46:29,906 WARNING libqtile base.py:__getattr__():L273 Deprecation Warning: commands exposed via IPC no longer use the 'cmd_' prefix. Please replace 'cmd_toscreen' with 'toscreen' in your code.
2025-08-28 08:46:29,914 WARNING libqtile config.py:assign_app_group():L567 [Assign Hook] Moved brave-browser to group 3 and switched to it
2025-08-28 08:46:43,759 WARNING libqtile config.py:assign_app_group():L562 [Assign Hook] App started: transmission-gtk
2025-08-28 08:46:43,760 WARNING libqtile base.py:__getattr__():L273 Deprecation Warning: commands exposed via IPC no longer use the 'cmd_' prefix. Please replace 'cmd_toscreen' with 'toscreen' in your code.
2025-08-28 08:46:43,768 WARNING libqtile config.py:assign_app_group():L567 [Assign Hook] Moved transmission-gtk to group 7 and switched to it
2025-08-28 08:46:58,730 WARNING libqtile config.py:assign_app_group():L562 [Assign Hook] App started: transmission-gtk
2025-08-28 08:46:58,730 WARNING libqtile base.py:__getattr__():L273 Deprecation Warning: commands exposed via IPC no longer use the 'cmd_' prefix. Please replace 'cmd_toscreen' with 'toscreen' in your code.
2025-08-28 08:46:58,730 WARNING libqtile config.py:assign_app_group():L567 [Assign Hook] Moved transmission-gtk to group 7 and switched to it
2025-08-28 08:52:03,697 WARNING libqtile config.py:assign_app_group():L562 [Assign Hook] App started: xfce4-notifyd
2025-08-28 08:52:16,251 WARNING libqtile config.py:assign_app_group():L562 [Assign Hook] App started: thunar
2025-08-28 08:52:16,256 WARNING libqtile base.py:__getattr__():L273 Deprecation Warning: commands exposed via IPC no longer use the 'cmd_' prefix. Please replace 'cmd_toscreen' with 'toscreen' in your code.
2025-08-28 08:52:16,256 WARNING libqtile config.py:assign_app_group():L567 [Assign Hook] Moved thunar to group 1 and switched to it
2025-08-28 08:52:32,907 WARNING libqtile config.py:assign_app_group():L562 [Assign Hook] App started: thunar
2025-08-28 08:52:32,916 WARNING libqtile base.py:__getattr__():L273 Deprecation Warning: commands exposed via IPC no longer use the 'cmd_' prefix. Please replace 'cmd_toscreen' with 'toscreen' in your code.
2025-08-28 08:52:32,916 WARNING libqtile config.py:assign_app_group():L567 [Assign Hook] Moved thunar to group 1 and switched to it
2025-08-28 09:21:30,551 WARNING libqtile config.py:assign_app_group():L562 [Assign Hook] App started: transmission-gtk
2025-08-28 09:21:30,552 WARNING libqtile base.py:__getattr__():L273 Deprecation Warning: commands exposed via IPC no longer use the 'cmd_' prefix. Please replace 'cmd_toscreen' with 'toscreen' in your code.
2025-08-28 09:21:30,552 WARNING libqtile config.py:assign_app_group():L567 [Assign Hook] Moved transmission-gtk to group 7 and switched to it
2025-08-28 09:21:39,956 WARNING libqtile config.py:assign_app_group():L562 [Assign Hook] App started: thunar
2025-08-28 09:21:39,956 WARNING libqtile base.py:__getattr__():L273 Deprecation Warning: commands exposed via IPC no longer use the 'cmd_' prefix. Please replace 'cmd_toscreen' with 'toscreen' in your code.
2025-08-28 09:21:39,956 WARNING libqtile config.py:assign_app_group():L567 [Assign Hook] Moved thunar to group 1 and switched to it
2025-08-28 09:24:05,990 WARNING libqtile config.py:assign_app_group():L562 [Assign Hook] App started: archlinux-logout.py
2025-08-28 09:24:12,504 WARNING libqtile launchbar.py:setup_images():L169 No icon found for application "" (None) switch to text mode
2025-08-28 09:24:12,504 WARNING libqtile launchbar.py:setup_images():L169 No icon found for application " " (None) switch to text mode
2025-08-28 09:24:12,505 WARNING libqtile launchbar.py:setup_images():L169 No icon found for application "" (None) switch to text mode
2025-08-28 09:24:12,505 WARNING libqtile launchbar.py:setup_images():L169 No icon found for application "" (None) switch to text mode
2025-08-30 20:32:23,667 WARNING libqtile launchbar.py:setup_images():L169 No icon found for application "" (None) switch to text mode
2025-08-30 20:32:23,668 WARNING libqtile launchbar.py:setup_images():L169 No icon found for application " " (None) switch to text mode
2025-08-30 20:32:23,668 WARNING libqtile launchbar.py:setup_images():L169 No icon found for application "" (None) switch to text mode
2025-08-30 20:32:23,668 WARNING libqtile launchbar.py:setup_images():L169 No icon found for application "" (None) switch to text mode
2025-08-30 20:32:26,870 WARNING libqtile lifecycle.py:_atexit():L34 Restarting Qtile with os.execv(...)
2025-08-30 20:32:28,254 WARNING libqtile launchbar.py:setup_images():L169 No icon found for application " " (None) switch to text mode
2025-08-30 20:32:28,272 WARNING libqtile launchbar.py:setup_images():L169 No icon found for application "" (None) switch to text mode
2025-08-30 20:32:28,273 WARNING libqtile launchbar.py:setup_images():L169 No icon found for application "" (None) switch to text mode
2025-08-30 20:32:28,273 WARNING libqtile launchbar.py:setup_images():L169 No icon found for application "" (None) switch to text mode
2025-08-30 20:32:28,293 WARNING libqtile manager.py:grab_key():L521 Key spec duplicated, overriding previous: <Key (['mod4', 'shift'], Right)>
2025-08-30 20:32:28,294 WARNING libqtile manager.py:grab_key():L521 Key spec duplicated, overriding previous: <Key (['mod4', 'shift'], Left)>
2025-08-30 20:32:28,294 WARNING libqtile manager.py:grab_key():L521 Key spec duplicated, overriding previous: <Key (['mod4'], Tab)>
2025-08-30 20:32:28,294 WARNING libqtile manager.py:grab_key():L521 Key spec duplicated, overriding previous: <Key (['mod4', 'shift'], Tab)>
2025-08-30 20:32:28,294 WARNING libqtile manager.py:grab_key():L521 Key spec duplicated, overriding previous: <Key (['mod1'], Tab)>
2025-08-30 20:32:28,294 WARNING libqtile manager.py:grab_key():L521 Key spec duplicated, overriding previous: <Key (['mod1', 'shift'], Tab)>
2025-08-30 20:32:28,294 WARNING libqtile manager.py:grab_key():L521 Key spec duplicated, overriding previous: <Key (['mod4'], Tab)>
2025-08-30 20:32:28,294 WARNING libqtile manager.py:grab_key():L521 Key spec duplicated, overriding previous: <Key (['mod4', 'shift'], Tab)>
2025-08-30 20:32:28,294 WARNING libqtile manager.py:grab_key():L521 Key spec duplicated, overriding previous: <Key (['mod1'], Tab)>
2025-08-30 20:32:28,295 WARNING libqtile manager.py:grab_key():L521 Key spec duplicated, overriding previous: <Key (['mod1', 'shift'], Tab)>
2025-08-30 20:32:28,295 WARNING libqtile manager.py:grab_key():L521 Key spec duplicated, overriding previous: <Key (['mod4'], Tab)>
2025-08-30 20:32:28,295 WARNING libqtile manager.py:grab_key():L521 Key spec duplicated, overriding previous: <Key (['mod4', 'shift'], Tab)>
2025-08-30 20:32:28,295 WARNING libqtile manager.py:grab_key():L521 Key spec duplicated, overriding previous: <Key (['mod1'], Tab)>
2025-08-30 20:32:28,295 WARNING libqtile manager.py:grab_key():L521 Key spec duplicated, overriding previous: <Key (['mod1', 'shift'], Tab)>
2025-08-30 20:32:28,295 WARNING libqtile manager.py:grab_key():L521 Key spec duplicated, overriding previous: <Key (['mod4'], Tab)>
2025-08-30 20:32:28,295 WARNING libqtile manager.py:grab_key():L521 Key spec duplicated, overriding previous: <Key (['mod4', 'shift'], Tab)>
2025-08-30 20:32:28,295 WARNING libqtile manager.py:grab_key():L521 Key spec duplicated, overriding previous: <Key (['mod1'], Tab)>
2025-08-30 20:32:28,295 WARNING libqtile manager.py:grab_key():L521 Key spec duplicated, overriding previous: <Key (['mod1', 'shift'], Tab)>
2025-08-30 20:32:28,295 WARNING libqtile manager.py:grab_key():L521 Key spec duplicated, overriding previous: <Key (['mod4'], Tab)>
2025-08-30 20:32:28,295 WARNING libqtile manager.py:grab_key():L521 Key spec duplicated, overriding previous: <Key (['mod4', 'shift'], Tab)>
2025-08-30 20:32:28,295 WARNING libqtile manager.py:grab_key():L521 Key spec duplicated, overriding previous: <Key (['mod1'], Tab)>
2025-08-30 20:32:28,296 WARNING libqtile manager.py:grab_key():L521 Key spec duplicated, overriding previous: <Key (['mod1', 'shift'], Tab)>
2025-08-30 20:32:28,296 WARNING libqtile manager.py:grab_key():L521 Key spec duplicated, overriding previous: <Key (['mod4'], Tab)>
2025-08-30 20:32:28,296 WARNING libqtile manager.py:grab_key():L521 Key spec duplicated, overriding previous: <Key (['mod4', 'shift'], Tab)>
2025-08-30 20:32:28,296 WARNING libqtile manager.py:grab_key():L521 Key spec duplicated, overriding previous: <Key (['mod1'], Tab)>
2025-08-30 20:32:28,296 WARNING libqtile manager.py:grab_key():L521 Key spec duplicated, overriding previous: <Key (['mod1', 'shift'], Tab)>
2025-08-30 20:32:28,296 WARNING libqtile manager.py:grab_key():L521 Key spec duplicated, overriding previous: <Key (['mod4'], Tab)>
2025-08-30 20:32:28,296 WARNING libqtile manager.py:grab_key():L521 Key spec duplicated, overriding previous: <Key (['mod4', 'shift'], Tab)>
2025-08-30 20:32:28,296 WARNING libqtile manager.py:grab_key():L521 Key spec duplicated, overriding previous: <Key (['mod1'], Tab)>
2025-08-30 20:32:28,296 WARNING libqtile manager.py:grab_key():L521 Key spec duplicated, overriding previous: <Key (['mod1', 'shift'], Tab)>
2025-08-30 20:32:28,296 WARNING libqtile manager.py:grab_key():L521 Key spec duplicated, overriding previous: <Key (['mod4'], Tab)>
2025-08-30 20:32:28,296 WARNING libqtile manager.py:grab_key():L521 Key spec duplicated, overriding previous: <Key (['mod4', 'shift'], Tab)>
2025-08-30 20:32:28,296 WARNING libqtile manager.py:grab_key():L521 Key spec duplicated, overriding previous: <Key (['mod1'], Tab)>
2025-08-30 20:32:28,297 WARNING libqtile manager.py:grab_key():L521 Key spec duplicated, overriding previous: <Key (['mod1', 'shift'], Tab)>
2025-08-30 20:32:28,297 WARNING libqtile manager.py:grab_key():L521 Key spec duplicated, overriding previous: <Key (['mod4'], Tab)>
2025-08-30 20:32:28,297 WARNING libqtile manager.py:grab_key():L521 Key spec duplicated, overriding previous: <Key (['mod4', 'shift'], Tab)>
2025-08-30 20:32:28,297 WARNING libqtile manager.py:grab_key():L521 Key spec duplicated, overriding previous: <Key (['mod1'], Tab)>
2025-08-30 20:32:28,297 WARNING libqtile manager.py:grab_key():L521 Key spec duplicated, overriding previous: <Key (['mod1', 'shift'], Tab)>
2025-08-30 20:32:28,311 WARNING libqtile config.py:assign_app_group():L562 [Assign Hook] App started: transmission-gtk
2025-08-30 20:32:28,312 WARNING libqtile base.py:__getattr__():L273 Deprecation Warning: commands exposed via IPC no longer use the 'cmd_' prefix. Please replace 'cmd_toscreen' with 'toscreen' in your code.
2025-08-30 20:32:28,317 WARNING libqtile config.py:assign_app_group():L567 [Assign Hook] Moved transmission-gtk to group 7 and switched to it
2025-08-30 20:32:28,346 WARNING libqtile config.py:assign_app_group():L562 [Assign Hook] App started: brave-browser
2025-08-30 20:32:28,346 WARNING libqtile base.py:__getattr__():L273 Deprecation Warning: commands exposed via IPC no longer use the 'cmd_' prefix. Please replace 'cmd_toscreen' with 'toscreen' in your code.
2025-08-30 20:32:28,350 WARNING libqtile config.py:assign_app_group():L567 [Assign Hook] Moved brave-browser to group 3 and switched to it
2025-08-30 20:33:06,956 WARNING libqtile config.py:assign_app_group():L562 [Assign Hook] App started: transmission-gtk
2025-08-30 20:33:06,956 WARNING libqtile base.py:__getattr__():L273 Deprecation Warning: commands exposed via IPC no longer use the 'cmd_' prefix. Please replace 'cmd_toscreen' with 'toscreen' in your code.
2025-08-30 20:33:06,956 WARNING libqtile config.py:assign_app_group():L567 [Assign Hook] Moved transmission-gtk to group 7 and switched to it
2025-08-30 20:33:17,651 WARNING libqtile config.py:assign_app_group():L562 [Assign Hook] App started: thunar
2025-08-30 20:33:17,652 WARNING libqtile base.py:__getattr__():L273 Deprecation Warning: commands exposed via IPC no longer use the 'cmd_' prefix. Please replace 'cmd_toscreen' with 'toscreen' in your code.
2025-08-30 20:33:17,658 WARNING libqtile config.py:assign_app_group():L567 [Assign Hook] Moved thunar to group 1 and switched to it
2025-08-30 20:33:21,966 WARNING libqtile config.py:assign_app_group():L562 [Assign Hook] App started: thunar
2025-08-30 20:33:21,966 WARNING libqtile base.py:__getattr__():L273 Deprecation Warning: commands exposed via IPC no longer use the 'cmd_' prefix. Please replace 'cmd_toscreen' with 'toscreen' in your code.
2025-08-30 20:33:21,966 WARNING libqtile config.py:assign_app_group():L567 [Assign Hook] Moved thunar to group 1 and switched to it
2025-08-30 20:33:25,866 WARNING libqtile config.py:assign_app_group():L562 [Assign Hook] App started: xfce4-terminal
2025-08-30 20:33:25,867 WARNING libqtile base.py:__getattr__():L273 Deprecation Warning: commands exposed via IPC no longer use the 'cmd_' prefix. Please replace 'cmd_toscreen' with 'toscreen' in your code.
2025-08-30 20:33:25,872 WARNING libqtile config.py:assign_app_group():L567 [Assign Hook] Moved xfce4-terminal to group 5 and switched to it
2025-08-30 20:33:29,168 WARNING libqtile config.py:assign_app_group():L562 [Assign Hook] App started: nemo
2025-08-30 20:33:29,170 WARNING libqtile base.py:__getattr__():L273 Deprecation Warning: commands exposed via IPC no longer use the 'cmd_' prefix. Please replace 'cmd_toscreen' with 'toscreen' in your code.
2025-08-30 20:33:29,176 WARNING libqtile config.py:assign_app_group():L567 [Assign Hook] Moved nemo to group 1 and switched to it
2025-08-30 20:33:46,360 WARNING libqtile config.py:assign_app_group():L562 [Assign Hook] App started: file_properties
2025-08-30 20:35:55,929 WARNING libqtile lifecycle.py:_atexit():L38 Qtile will now terminate
2025-08-30 21:00:50,656 WARNING libqtile launchbar.py:setup_images():L169 No icon found for application "" (None) switch to text mode
2025-08-30 21:00:50,683 WARNING libqtile launchbar.py:setup_images():L169 No icon found for application " " (None) switch to text mode
2025-08-30 21:00:50,683 WARNING libqtile launchbar.py:setup_images():L169 No icon found for application "" (None) switch to text mode
2025-08-30 21:00:50,683 WARNING libqtile launchbar.py:setup_images():L169 No icon found for application "" (None) switch to text mode
2025-08-30 21:00:50,712 WARNING libqtile manager.py:grab_key():L521 Key spec duplicated, overriding previous: <Key (['mod4', 'shift'], Right)>
2025-08-30 21:00:50,712 WARNING libqtile manager.py:grab_key():L521 Key spec duplicated, overriding previous: <Key (['mod4', 'shift'], Left)>
2025-08-30 21:00:50,712 WARNING libqtile manager.py:grab_key():L521 Key spec duplicated, overriding previous: <Key (['mod4'], Tab)>
2025-08-30 21:00:50,712 WARNING libqtile manager.py:grab_key():L521 Key spec duplicated, overriding previous: <Key (['mod4', 'shift'], Tab)>
2025-08-30 21:00:50,712 WARNING libqtile manager.py:grab_key():L521 Key spec duplicated, overriding previous: <Key (['mod1'], Tab)>
2025-08-30 21:00:50,712 WARNING libqtile manager.py:grab_key():L521 Key spec duplicated, overriding previous: <Key (['mod1', 'shift'], Tab)>
2025-08-30 21:00:50,712 WARNING libqtile manager.py:grab_key():L521 Key spec duplicated, overriding previous: <Key (['mod4'], Tab)>
2025-08-30 21:00:50,712 WARNING libqtile manager.py:grab_key():L521 Key spec duplicated, overriding previous: <Key (['mod4', 'shift'], Tab)>
2025-08-30 21:00:50,713 WARNING libqtile manager.py:grab_key():L521 Key spec duplicated, overriding previous: <Key (['mod1'], Tab)>
2025-08-30 21:00:50,713 WARNING libqtile manager.py:grab_key():L521 Key spec duplicated, overriding previous: <Key (['mod1', 'shift'], Tab)>
2025-08-30 21:00:50,713 WARNING libqtile manager.py:grab_key():L521 Key spec duplicated, overriding previous: <Key (['mod4'], Tab)>
2025-08-30 21:00:50,713 WARNING libqtile manager.py:grab_key():L521 Key spec duplicated, overriding previous: <Key (['mod4', 'shift'], Tab)>
2025-08-30 21:00:50,713 WARNING libqtile manager.py:grab_key():L521 Key spec duplicated, overriding previous: <Key (['mod1'], Tab)>
2025-08-30 21:00:50,713 WARNING libqtile manager.py:grab_key():L521 Key spec duplicated, overriding previous: <Key (['mod1', 'shift'], Tab)>
2025-08-30 21:00:50,713 WARNING libqtile manager.py:grab_key():L521 Key spec duplicated, overriding previous: <Key (['mod4'], Tab)>
2025-08-30 21:00:50,713 WARNING libqtile manager.py:grab_key():L521 Key spec duplicated, overriding previous: <Key (['mod4', 'shift'], Tab)>
2025-08-30 21:00:50,713 WARNING libqtile manager.py:grab_key():L521 Key spec duplicated, overriding previous: <Key (['mod1'], Tab)>
2025-08-30 21:00:50,713 WARNING libqtile manager.py:grab_key():L521 Key spec duplicated, overriding previous: <Key (['mod1', 'shift'], Tab)>
2025-08-30 21:00:50,713 WARNING libqtile manager.py:grab_key():L521 Key spec duplicated, overriding previous: <Key (['mod4'], Tab)>
2025-08-30 21:00:50,713 WARNING libqtile manager.py:grab_key():L521 Key spec duplicated, overriding previous: <Key (['mod4', 'shift'], Tab)>
2025-08-30 21:00:50,714 WARNING libqtile manager.py:grab_key():L521 Key spec duplicated, overriding previous: <Key (['mod1'], Tab)>
2025-08-30 21:00:50,714 WARNING libqtile manager.py:grab_key():L521 Key spec duplicated, overriding previous: <Key (['mod1', 'shift'], Tab)>
2025-08-30 21:00:50,714 WARNING libqtile manager.py:grab_key():L521 Key spec duplicated, overriding previous: <Key (['mod4'], Tab)>
2025-08-30 21:00:50,714 WARNING libqtile manager.py:grab_key():L521 Key spec duplicated, overriding previous: <Key (['mod4', 'shift'], Tab)>
2025-08-30 21:00:50,714 WARNING libqtile manager.py:grab_key():L521 Key spec duplicated, overriding previous: <Key (['mod1'], Tab)>
2025-08-30 21:00:50,714 WARNING libqtile manager.py:grab_key():L521 Key spec duplicated, overriding previous: <Key (['mod1', 'shift'], Tab)>
2025-08-30 21:00:50,714 WARNING libqtile manager.py:grab_key():L521 Key spec duplicated, overriding previous: <Key (['mod4'], Tab)>
2025-08-30 21:00:50,714 WARNING libqtile manager.py:grab_key():L521 Key spec duplicated, overriding previous: <Key (['mod4', 'shift'], Tab)>
2025-08-30 21:00:50,714 WARNING libqtile manager.py:grab_key():L521 Key spec duplicated, overriding previous: <Key (['mod1'], Tab)>
2025-08-30 21:00:50,714 WARNING libqtile manager.py:grab_key():L521 Key spec duplicated, overriding previous: <Key (['mod1', 'shift'], Tab)>
2025-08-30 21:00:50,714 WARNING libqtile manager.py:grab_key():L521 Key spec duplicated, overriding previous: <Key (['mod4'], Tab)>
2025-08-30 21:00:50,714 WARNING libqtile manager.py:grab_key():L521 Key spec duplicated, overriding previous: <Key (['mod4', 'shift'], Tab)>
2025-08-30 21:00:50,715 WARNING libqtile manager.py:grab_key():L521 Key spec duplicated, overriding previous: <Key (['mod1'], Tab)>
2025-08-30 21:00:50,715 WARNING libqtile manager.py:grab_key():L521 Key spec duplicated, overriding previous: <Key (['mod1', 'shift'], Tab)>
2025-08-30 21:00:50,715 WARNING libqtile manager.py:grab_key():L521 Key spec duplicated, overriding previous: <Key (['mod4'], Tab)>
2025-08-30 21:00:50,715 WARNING libqtile manager.py:grab_key():L521 Key spec duplicated, overriding previous: <Key (['mod4', 'shift'], Tab)>
2025-08-30 21:00:50,715 WARNING libqtile manager.py:grab_key():L521 Key spec duplicated, overriding previous: <Key (['mod1'], Tab)>
2025-08-30 21:00:50,715 WARNING libqtile manager.py:grab_key():L521 Key spec duplicated, overriding previous: <Key (['mod1', 'shift'], Tab)>
2025-08-30 21:00:51,671 WARNING libqtile launchbar.py:setup_images():L169 No icon found for application "" (None) switch to text mode
2025-08-30 21:00:51,671 WARNING libqtile launchbar.py:setup_images():L169 No icon found for application " " (None) switch to text mode
2025-08-30 21:00:51,671 WARNING libqtile launchbar.py:setup_images():L169 No icon found for application "" (None) switch to text mode
2025-08-30 21:00:51,671 WARNING libqtile launchbar.py:setup_images():L169 No icon found for application "" (None) switch to text mode
2025-08-30 21:00:52,495 WARNING libqtile config.py:assign_app_group():L562 [Assign Hook] App started: ulauncher
2025-08-30 21:00:57,411 WARNING libqtile config.py:assign_app_group():L562 [Assign Hook] App started: xfce4-terminal
2025-08-30 21:00:57,414 WARNING libqtile base.py:__getattr__():L273 Deprecation Warning: commands exposed via IPC no longer use the 'cmd_' prefix. Please replace 'cmd_toscreen' with 'toscreen' in your code.
2025-08-30 21:00:57,419 WARNING libqtile config.py:assign_app_group():L567 [Assign Hook] Moved xfce4-terminal to group 5 and switched to it
2025-08-30 21:01:03,416 WARNING libqtile lifecycle.py:_atexit():L38 Qtile will now terminate
2025-08-30 21:40:44,892 WARNING libqtile launchbar.py:setup_images():L169 No icon found for application "" (None) switch to text mode
2025-08-30 21:40:44,922 WARNING libqtile launchbar.py:setup_images():L169 No icon found for application " " (None) switch to text mode
2025-08-30 21:40:44,922 WARNING libqtile launchbar.py:setup_images():L169 No icon found for application "" (None) switch to text mode
2025-08-30 21:40:44,922 WARNING libqtile launchbar.py:setup_images():L169 No icon found for application "" (None) switch to text mode
2025-08-30 21:40:44,947 WARNING libqtile manager.py:grab_key():L521 Key spec duplicated, overriding previous: <Key (['mod4', 'shift'], Right)>
2025-08-30 21:40:44,947 WARNING libqtile manager.py:grab_key():L521 Key spec duplicated, overriding previous: <Key (['mod4', 'shift'], Left)>
2025-08-30 21:40:44,948 WARNING libqtile manager.py:grab_key():L521 Key spec duplicated, overriding previous: <Key (['mod4'], Tab)>
2025-08-30 21:40:44,948 WARNING libqtile manager.py:grab_key():L521 Key spec duplicated, overriding previous: <Key (['mod4', 'shift'], Tab)>
2025-08-30 21:40:44,948 WARNING libqtile manager.py:grab_key():L521 Key spec duplicated, overriding previous: <Key (['mod1'], Tab)>
2025-08-30 21:40:44,948 WARNING libqtile manager.py:grab_key():L521 Key spec duplicated, overriding previous: <Key (['mod1', 'shift'], Tab)>
2025-08-30 21:40:44,948 WARNING libqtile manager.py:grab_key():L521 Key spec duplicated, overriding previous: <Key (['mod4'], Tab)>
2025-08-30 21:40:44,948 WARNING libqtile manager.py:grab_key():L521 Key spec duplicated, overriding previous: <Key (['mod4', 'shift'], Tab)>
2025-08-30 21:40:44,948 WARNING libqtile manager.py:grab_key():L521 Key spec duplicated, overriding previous: <Key (['mod1'], Tab)>
2025-08-30 21:40:44,948 WARNING libqtile manager.py:grab_key():L521 Key spec duplicated, overriding previous: <Key (['mod1', 'shift'], Tab)>
2025-08-30 21:40:44,948 WARNING libqtile manager.py:grab_key():L521 Key spec duplicated, overriding previous: <Key (['mod4'], Tab)>
2025-08-30 21:40:44,948 WARNING libqtile manager.py:grab_key():L521 Key spec duplicated, overriding previous: <Key (['mod4', 'shift'], Tab)>
2025-08-30 21:40:44,949 WARNING libqtile manager.py:grab_key():L521 Key spec duplicated, overriding previous: <Key (['mod1'], Tab)>
2025-08-30 21:40:44,949 WARNING libqtile manager.py:grab_key():L521 Key spec duplicated, overriding previous: <Key (['mod1', 'shift'], Tab)>
2025-08-30 21:40:44,949 WARNING libqtile manager.py:grab_key():L521 Key spec duplicated, overriding previous: <Key (['mod4'], Tab)>
2025-08-30 21:40:44,949 WARNING libqtile manager.py:grab_key():L521 Key spec duplicated, overriding previous: <Key (['mod4', 'shift'], Tab)>
2025-08-30 21:40:44,949 WARNING libqtile manager.py:grab_key():L521 Key spec duplicated, overriding previous: <Key (['mod1'], Tab)>
2025-08-30 21:40:44,949 WARNING libqtile manager.py:grab_key():L521 Key spec duplicated, overriding previous: <Key (['mod1', 'shift'], Tab)>
2025-08-30 21:40:44,949 WARNING libqtile manager.py:grab_key():L521 Key spec duplicated, overriding previous: <Key (['mod4'], Tab)>
2025-08-30 21:40:44,949 WARNING libqtile manager.py:grab_key():L521 Key spec duplicated, overriding previous: <Key (['mod4', 'shift'], Tab)>
2025-08-30 21:40:44,949 WARNING libqtile manager.py:grab_key():L521 Key spec duplicated, overriding previous: <Key (['mod1'], Tab)>
2025-08-30 21:40:44,949 WARNING libqtile manager.py:grab_key():L521 Key spec duplicated, overriding previous: <Key (['mod1', 'shift'], Tab)>
2025-08-30 21:40:44,949 WARNING libqtile manager.py:grab_key():L521 Key spec duplicated, overriding previous: <Key (['mod4'], Tab)>
2025-08-30 21:40:44,949 WARNING libqtile manager.py:grab_key():L521 Key spec duplicated, overriding previous: <Key (['mod4', 'shift'], Tab)>
2025-08-30 21:40:44,950 WARNING libqtile manager.py:grab_key():L521 Key spec duplicated, overriding previous: <Key (['mod1'], Tab)>
2025-08-30 21:40:44,950 WARNING libqtile manager.py:grab_key():L521 Key spec duplicated, overriding previous: <Key (['mod1', 'shift'], Tab)>
2025-08-30 21:40:44,950 WARNING libqtile manager.py:grab_key():L521 Key spec duplicated, overriding previous: <Key (['mod4'], Tab)>
2025-08-30 21:40:44,950 WARNING libqtile manager.py:grab_key():L521 Key spec duplicated, overriding previous: <Key (['mod4', 'shift'], Tab)>
2025-08-30 21:40:44,950 WARNING libqtile manager.py:grab_key():L521 Key spec duplicated, overriding previous: <Key (['mod1'], Tab)>
2025-08-30 21:40:44,950 WARNING libqtile manager.py:grab_key():L521 Key spec duplicated, overriding previous: <Key (['mod1', 'shift'], Tab)>
2025-08-30 21:40:44,950 WARNING libqtile manager.py:grab_key():L521 Key spec duplicated, overriding previous: <Key (['mod4'], Tab)>
2025-08-30 21:40:44,950 WARNING libqtile manager.py:grab_key():L521 Key spec duplicated, overriding previous: <Key (['mod4', 'shift'], Tab)>
2025-08-30 21:40:44,950 WARNING libqtile manager.py:grab_key():L521 Key spec duplicated, overriding previous: <Key (['mod1'], Tab)>
2025-08-30 21:40:44,950 WARNING libqtile manager.py:grab_key():L521 Key spec duplicated, overriding previous: <Key (['mod1', 'shift'], Tab)>
2025-08-30 21:40:44,950 WARNING libqtile manager.py:grab_key():L521 Key spec duplicated, overriding previous: <Key (['mod4'], Tab)>
2025-08-30 21:40:44,950 WARNING libqtile manager.py:grab_key():L521 Key spec duplicated, overriding previous: <Key (['mod4', 'shift'], Tab)>
2025-08-30 21:40:44,951 WARNING libqtile manager.py:grab_key():L521 Key spec duplicated, overriding previous: <Key (['mod1'], Tab)>
2025-08-30 21:40:44,951 WARNING libqtile manager.py:grab_key():L521 Key spec duplicated, overriding previous: <Key (['mod1', 'shift'], Tab)>
2025-08-30 21:40:45,794 WARNING libqtile launchbar.py:setup_images():L169 No icon found for application "" (None) switch to text mode
2025-08-30 21:40:45,794 WARNING libqtile launchbar.py:setup_images():L169 No icon found for application " " (None) switch to text mode
2025-08-30 21:40:45,795 WARNING libqtile launchbar.py:setup_images():L169 No icon found for application "" (None) switch to text mode
2025-08-30 21:40:45,795 WARNING libqtile launchbar.py:setup_images():L169 No icon found for application "" (None) switch to text mode
2025-08-30 21:40:46,572 WARNING libqtile config.py:assign_app_group():L562 [Assign Hook] App started: ulauncher
2025-08-30 21:40:51,701 WARNING libqtile config.py:assign_app_group():L562 [Assign Hook] App started: xfce4-terminal
2025-08-30 21:40:51,703 WARNING libqtile base.py:__getattr__():L273 Deprecation Warning: commands exposed via IPC no longer use the 'cmd_' prefix. Please replace 'cmd_toscreen' with 'toscreen' in your code.
2025-08-30 21:40:51,707 WARNING libqtile config.py:assign_app_group():L567 [Assign Hook] Moved xfce4-terminal to group 5 and switched to it
2025-08-30 21:40:55,490 WARNING libqtile config.py:assign_app_group():L562 [Assign Hook] App started: ulauncher
2025-08-30 21:40:58,408 WARNING libqtile config.py:assign_app_group():L562 [Assign Hook] App started: nemo
2025-08-30 21:40:58,410 WARNING libqtile base.py:__getattr__():L273 Deprecation Warning: commands exposed via IPC no longer use the 'cmd_' prefix. Please replace 'cmd_toscreen' with 'toscreen' in your code.
2025-08-30 21:40:58,415 WARNING libqtile config.py:assign_app_group():L567 [Assign Hook] Moved nemo to group 1 and switched to it
2025-08-30 21:41:14,464 WARNING libqtile config.py:assign_app_group():L562 [Assign Hook] App started: polkit-gnome-authentication-agent-1
2025-08-30 21:41:17,087 WARNING libqtile config.py:assign_app_group():L562 [Assign Hook] App started: nemo
2025-08-30 21:41:17,099 WARNING libqtile base.py:__getattr__():L273 Deprecation Warning: commands exposed via IPC no longer use the 'cmd_' prefix. Please replace 'cmd_toscreen' with 'toscreen' in your code.
2025-08-30 21:41:17,099 WARNING libqtile config.py:assign_app_group():L567 [Assign Hook] Moved nemo to group 1 and switched to it
2025-08-30 21:41:53,158 WARNING libqtile config.py:assign_app_group():L562 [Assign Hook] App started: nemo
2025-08-30 21:41:53,159 WARNING libqtile base.py:__getattr__():L273 Deprecation Warning: commands exposed via IPC no longer use the 'cmd_' prefix. Please replace 'cmd_toscreen' with 'toscreen' in your code.
2025-08-30 21:41:53,159 WARNING libqtile config.py:assign_app_group():L567 [Assign Hook] Moved nemo to group 1 and switched to it
2025-08-30 21:41:54,956 WARNING libqtile config.py:assign_app_group():L562 [Assign Hook] App started: sublime_text
2025-08-30 21:41:54,957 WARNING libqtile base.py:__getattr__():L273 Deprecation Warning: commands exposed via IPC no longer use the 'cmd_' prefix. Please replace 'cmd_toscreen' with 'toscreen' in your code.
2025-08-30 21:41:54,963 WARNING libqtile config.py:assign_app_group():L567 [Assign Hook] Moved sublime_text to group 2 and switched to it
2025-08-30 21:42:15,597 WARNING libqtile config.py:assign_app_group():L562 [Assign Hook] App started: nemo
2025-08-30 21:42:15,597 WARNING libqtile base.py:__getattr__():L273 Deprecation Warning: commands exposed via IPC no longer use the 'cmd_' prefix. Please replace 'cmd_toscreen' with 'toscreen' in your code.
2025-08-30 21:42:15,598 WARNING libqtile config.py:assign_app_group():L567 [Assign Hook] Moved nemo to group 1 and switched to it
2025-08-30 21:42:17,303 WARNING libqtile config.py:assign_app_group():L562 [Assign Hook] App started: sublime_text
2025-08-30 21:42:17,304 WARNING libqtile base.py:__getattr__():L273 Deprecation Warning: commands exposed via IPC no longer use the 'cmd_' prefix. Please replace 'cmd_toscreen' with 'toscreen' in your code.
2025-08-30 21:42:17,314 WARNING libqtile config.py:assign_app_group():L567 [Assign Hook] Moved sublime_text to group 2 and switched to it
2025-08-30 21:42:30,669 WARNING libqtile config.py:assign_app_group():L562 [Assign Hook] App started: nemo
2025-08-30 21:42:30,669 WARNING libqtile base.py:__getattr__():L273 Deprecation Warning: commands exposed via IPC no longer use the 'cmd_' prefix. Please replace 'cmd_toscreen' with 'toscreen' in your code.
2025-08-30 21:42:30,669 WARNING libqtile config.py:assign_app_group():L567 [Assign Hook] Moved nemo to group 1 and switched to it
2025-08-30 21:43:24,939 WARNING libqtile config.py:assign_app_group():L562 [Assign Hook] App started: nemo
2025-08-30 21:43:24,939 WARNING libqtile base.py:__getattr__():L273 Deprecation Warning: commands exposed via IPC no longer use the 'cmd_' prefix. Please replace 'cmd_toscreen' with 'toscreen' in your code.
2025-08-30 21:43:24,939 WARNING libqtile config.py:assign_app_group():L567 [Assign Hook] Moved nemo to group 1 and switched to it
2025-08-30 21:44:01,989 WARNING libqtile config.py:assign_app_group():L562 [Assign Hook] App started: xfce4-terminal
2025-08-30 21:44:01,990 WARNING libqtile base.py:__getattr__():L273 Deprecation Warning: commands exposed via IPC no longer use the 'cmd_' prefix. Please replace 'cmd_toscreen' with 'toscreen' in your code.
2025-08-30 21:44:01,996 WARNING libqtile config.py:assign_app_group():L567 [Assign Hook] Moved xfce4-terminal to group 5 and switched to it
2025-08-30 21:44:05,006 WARNING libqtile lifecycle.py:_atexit():L38 Qtile will now terminate
2025-08-30 23:11:25,096 WARNING libqtile launchbar.py:setup_images():L169 No icon found for application " " (None) switch to text mode
2025-08-30 23:11:25,118 WARNING libqtile launchbar.py:setup_images():L169 No icon found for application "" (None) switch to text mode
2025-08-30 23:11:25,118 WARNING libqtile launchbar.py:setup_images():L169 No icon found for application "" (None) switch to text mode
2025-08-30 23:11:25,119 WARNING libqtile launchbar.py:setup_images():L169 No icon found for application "" (None) switch to text mode
2025-08-30 23:11:25,141 WARNING libqtile manager.py:grab_key():L521 Key spec duplicated, overriding previous: <Key (['mod4', 'shift'], Right)>
2025-08-30 23:11:25,142 WARNING libqtile manager.py:grab_key():L521 Key spec duplicated, overriding previous: <Key (['mod4', 'shift'], Left)>
2025-08-30 23:11:25,142 WARNING libqtile manager.py:grab_key():L521 Key spec duplicated, overriding previous: <Key (['mod4'], Tab)>
2025-08-30 23:11:25,142 WARNING libqtile manager.py:grab_key():L521 Key spec duplicated, overriding previous: <Key (['mod4', 'shift'], Tab)>
2025-08-30 23:11:25,142 WARNING libqtile manager.py:grab_key():L521 Key spec duplicated, overriding previous: <Key (['mod1'], Tab)>
2025-08-30 23:11:25,142 WARNING libqtile manager.py:grab_key():L521 Key spec duplicated, overriding previous: <Key (['mod1', 'shift'], Tab)>
2025-08-30 23:11:25,142 WARNING libqtile manager.py:grab_key():L521 Key spec duplicated, overriding previous: <Key (['mod4'], Tab)>
2025-08-30 23:11:25,142 WARNING libqtile manager.py:grab_key():L521 Key spec duplicated, overriding previous: <Key (['mod4', 'shift'], Tab)>
2025-08-30 23:11:25,142 WARNING libqtile manager.py:grab_key():L521 Key spec duplicated, overriding previous: <Key (['mod1'], Tab)>
2025-08-30 23:11:25,143 WARNING libqtile manager.py:grab_key():L521 Key spec duplicated, overriding previous: <Key (['mod1', 'shift'], Tab)>
2025-08-30 23:11:25,143 WARNING libqtile manager.py:grab_key():L521 Key spec duplicated, overriding previous: <Key (['mod4'], Tab)>
2025-08-30 23:11:25,143 WARNING libqtile manager.py:grab_key():L521 Key spec duplicated, overriding previous: <Key (['mod4', 'shift'], Tab)>
2025-08-30 23:11:25,143 WARNING libqtile manager.py:grab_key():L521 Key spec duplicated, overriding previous: <Key (['mod1'], Tab)>
2025-08-30 23:11:25,143 WARNING libqtile manager.py:grab_key():L521 Key spec duplicated, overriding previous: <Key (['mod1', 'shift'], Tab)>
2025-08-30 23:11:25,143 WARNING libqtile manager.py:grab_key():L521 Key spec duplicated, overriding previous: <Key (['mod4'], Tab)>
2025-08-30 23:11:25,143 WARNING libqtile manager.py:grab_key():L521 Key spec duplicated, overriding previous: <Key (['mod4', 'shift'], Tab)>
2025-08-30 23:11:25,143 WARNING libqtile manager.py:grab_key():L521 Key spec duplicated, overriding previous: <Key (['mod1'], Tab)>
2025-08-30 23:11:25,143 WARNING libqtile manager.py:grab_key():L521 Key spec duplicated, overriding previous: <Key (['mod1', 'shift'], Tab)>
2025-08-30 23:11:25,143 WARNING libqtile manager.py:grab_key():L521 Key spec duplicated, overriding previous: <Key (['mod4'], Tab)>
2025-08-30 23:11:25,143 WARNING libqtile manager.py:grab_key():L521 Key spec duplicated, overriding previous: <Key (['mod4', 'shift'], Tab)>
2025-08-30 23:11:25,144 WARNING libqtile manager.py:grab_key():L521 Key spec duplicated, overriding previous: <Key (['mod1'], Tab)>
2025-08-30 23:11:25,144 WARNING libqtile manager.py:grab_key():L521 Key spec duplicated, overriding previous: <Key (['mod1', 'shift'], Tab)>
2025-08-30 23:11:25,144 WARNING libqtile manager.py:grab_key():L521 Key spec duplicated, overriding previous: <Key (['mod4'], Tab)>
2025-08-30 23:11:25,144 WARNING libqtile manager.py:grab_key():L521 Key spec duplicated, overriding previous: <Key (['mod4', 'shift'], Tab)>
2025-08-30 23:11:25,144 WARNING libqtile manager.py:grab_key():L521 Key spec duplicated, overriding previous: <Key (['mod1'], Tab)>
2025-08-30 23:11:25,144 WARNING libqtile manager.py:grab_key():L521 Key spec duplicated, overriding previous: <Key (['mod1', 'shift'], Tab)>
2025-08-30 23:11:25,144 WARNING libqtile manager.py:grab_key():L521 Key spec duplicated, overriding previous: <Key (['mod4'], Tab)>
2025-08-30 23:11:25,144 WARNING libqtile manager.py:grab_key():L521 Key spec duplicated, overriding previous: <Key (['mod4', 'shift'], Tab)>
2025-08-30 23:11:25,144 WARNING libqtile manager.py:grab_key():L521 Key spec duplicated, overriding previous: <Key (['mod1'], Tab)>
2025-08-30 23:11:25,144 WARNING libqtile manager.py:grab_key():L521 Key spec duplicated, overriding previous: <Key (['mod1', 'shift'], Tab)>
2025-08-30 23:11:25,144 WARNING libqtile manager.py:grab_key():L521 Key spec duplicated, overriding previous: <Key (['mod4'], Tab)>
2025-08-30 23:11:25,144 WARNING libqtile manager.py:grab_key():L521 Key spec duplicated, overriding previous: <Key (['mod4', 'shift'], Tab)>
2025-08-30 23:11:25,145 WARNING libqtile manager.py:grab_key():L521 Key spec duplicated, overriding previous: <Key (['mod1'], Tab)>
2025-08-30 23:11:25,145 WARNING libqtile manager.py:grab_key():L521 Key spec duplicated, overriding previous: <Key (['mod1', 'shift'], Tab)>
2025-08-30 23:11:25,145 WARNING libqtile manager.py:grab_key():L521 Key spec duplicated, overriding previous: <Key (['mod4'], Tab)>
2025-08-30 23:11:25,145 WARNING libqtile manager.py:grab_key():L521 Key spec duplicated, overriding previous: <Key (['mod4', 'shift'], Tab)>
2025-08-30 23:11:25,145 WARNING libqtile manager.py:grab_key():L521 Key spec duplicated, overriding previous: <Key (['mod1'], Tab)>
2025-08-30 23:11:25,145 WARNING libqtile manager.py:grab_key():L521 Key spec duplicated, overriding previous: <Key (['mod1', 'shift'], Tab)>
2025-08-30 23:11:26,072 WARNING libqtile launchbar.py:setup_images():L169 No icon found for application " " (None) switch to text mode
2025-08-30 23:11:26,072 WARNING libqtile launchbar.py:setup_images():L169 No icon found for application "" (None) switch to text mode
2025-08-30 23:11:26,072 WARNING libqtile launchbar.py:setup_images():L169 No icon found for application "" (None) switch to text mode
2025-08-30 23:11:26,076 WARNING libqtile launchbar.py:setup_images():L169 No icon found for application "" (None) switch to text mode
2025-08-30 23:11:36,461 WARNING libqtile config.py:assign_app_group():L562 [Assign Hook] App started: xfce4-terminal
2025-08-30 23:11:36,462 WARNING libqtile base.py:__getattr__():L273 Deprecation Warning: commands exposed via IPC no longer use the 'cmd_' prefix. Please replace 'cmd_toscreen' with 'toscreen' in your code.
2025-08-30 23:11:36,470 WARNING libqtile config.py:assign_app_group():L567 [Assign Hook] Moved xfce4-terminal to group 5 and switched to it
2025-08-30 23:11:58,898 WARNING libqtile config.py:assign_app_group():L562 [Assign Hook] App started: xfce4-notifyd
2025-08-30 23:13:38,479 WARNING libqtile config.py:assign_app_group():L562 [Assign Hook] App started: archlinux-logout.py
2025-08-30 23:16:11,056 WARNING libqtile config.py:assign_app_group():L562 [Assign Hook] App started: thunar
2025-08-30 23:16:11,062 WARNING libqtile base.py:__getattr__():L273 Deprecation Warning: commands exposed via IPC no longer use the 'cmd_' prefix. Please replace 'cmd_toscreen' with 'toscreen' in your code.
2025-08-30 23:16:11,062 WARNING libqtile config.py:assign_app_group():L567 [Assign Hook] Moved thunar to group 1 and switched to it
2025-08-30 23:16:24,282 WARNING libqtile config.py:assign_app_group():L562 [Assign Hook] App started: polkit-gnome-authentication-agent-1
2025-08-30 23:16:26,181 WARNING libqtile config.py:assign_app_group():L562 [Assign Hook] App started: polkit-gnome-authentication-agent-1
2025-08-30 23:16:40,729 WARNING libqtile config.py:assign_app_group():L562 [Assign Hook] App started: xfce4-terminal
2025-08-30 23:16:40,730 WARNING libqtile base.py:__getattr__():L273 Deprecation Warning: commands exposed via IPC no longer use the 'cmd_' prefix. Please replace 'cmd_toscreen' with 'toscreen' in your code.
2025-08-30 23:16:40,734 WARNING libqtile config.py:assign_app_group():L567 [Assign Hook] Moved xfce4-terminal to group 5 and switched to it
2025-08-30 23:17:22,922 WARNING libqtile lifecycle.py:_atexit():L38 Qtile will now terminate
2025-08-30 23:17:49,736 WARNING libqtile launchbar.py:setup_images():L169 No icon found for application "" (None) switch to text mode
2025-08-30 23:17:49,762 WARNING libqtile launchbar.py:setup_images():L169 No icon found for application "" (None) switch to text mode
2025-08-30 23:17:49,762 WARNING libqtile launchbar.py:setup_images():L169 No icon found for application "" (None) switch to text mode
2025-08-30 23:17:49,762 WARNING libqtile launchbar.py:setup_images():L169 No icon found for application " " (None) switch to text mode
2025-08-30 23:17:49,791 WARNING libqtile manager.py:grab_key():L521 Key spec duplicated, overriding previous: <Key (['mod4', 'shift'], Right)>
2025-08-30 23:17:49,791 WARNING libqtile manager.py:grab_key():L521 Key spec duplicated, overriding previous: <Key (['mod4', 'shift'], Left)>
2025-08-30 23:17:49,791 WARNING libqtile manager.py:grab_key():L521 Key spec duplicated, overriding previous: <Key (['mod4'], Tab)>
2025-08-30 23:17:49,791 WARNING libqtile manager.py:grab_key():L521 Key spec duplicated, overriding previous: <Key (['mod4', 'shift'], Tab)>
2025-08-30 23:17:49,791 WARNING libqtile manager.py:grab_key():L521 Key spec duplicated, overriding previous: <Key (['mod1'], Tab)>
2025-08-30 23:17:49,791 WARNING libqtile manager.py:grab_key():L521 Key spec duplicated, overriding previous: <Key (['mod1', 'shift'], Tab)>
2025-08-30 23:17:49,791 WARNING libqtile manager.py:grab_key():L521 Key spec duplicated, overriding previous: <Key (['mod4'], Tab)>
2025-08-30 23:17:49,791 WARNING libqtile manager.py:grab_key():L521 Key spec duplicated, overriding previous: <Key (['mod4', 'shift'], Tab)>
2025-08-30 23:17:49,791 WARNING libqtile manager.py:grab_key():L521 Key spec duplicated, overriding previous: <Key (['mod1'], Tab)>
2025-08-30 23:17:49,792 WARNING libqtile manager.py:grab_key():L521 Key spec duplicated, overriding previous: <Key (['mod1', 'shift'], Tab)>
2025-08-30 23:17:49,792 WARNING libqtile manager.py:grab_key():L521 Key spec duplicated, overriding previous: <Key (['mod4'], Tab)>
2025-08-30 23:17:49,792 WARNING libqtile manager.py:grab_key():L521 Key spec duplicated, overriding previous: <Key (['mod4', 'shift'], Tab)>
2025-08-30 23:17:49,792 WARNING libqtile manager.py:grab_key():L521 Key spec duplicated, overriding previous: <Key (['mod1'], Tab)>
2025-08-30 23:17:49,792 WARNING libqtile manager.py:grab_key():L521 Key spec duplicated, overriding previous: <Key (['mod1', 'shift'], Tab)>
2025-08-30 23:17:49,792 WARNING libqtile manager.py:grab_key():L521 Key spec duplicated, overriding previous: <Key (['mod4'], Tab)>
2025-08-30 23:17:49,792 WARNING libqtile manager.py:grab_key():L521 Key spec duplicated, overriding previous: <Key (['mod4', 'shift'], Tab)>
2025-08-30 23:17:49,792 WARNING libqtile manager.py:grab_key():L521 Key spec duplicated, overriding previous: <Key (['mod1'], Tab)>
2025-08-30 23:17:49,792 WARNING libqtile manager.py:grab_key():L521 Key spec duplicated, overriding previous: <Key (['mod1', 'shift'], Tab)>
2025-08-30 23:17:49,792 WARNING libqtile manager.py:grab_key():L521 Key spec duplicated, overriding previous: <Key (['mod4'], Tab)>
2025-08-30 23:17:49,792 WARNING libqtile manager.py:grab_key():L521 Key spec duplicated, overriding previous: <Key (['mod4', 'shift'], Tab)>
2025-08-30 23:17:49,793 WARNING libqtile manager.py:grab_key():L521 Key spec duplicated, overriding previous: <Key (['mod1'], Tab)>
2025-08-30 23:17:49,793 WARNING libqtile manager.py:grab_key():L521 Key spec duplicated, overriding previous: <Key (['mod1', 'shift'], Tab)>
2025-08-30 23:17:49,793 WARNING libqtile manager.py:grab_key():L521 Key spec duplicated, overriding previous: <Key (['mod4'], Tab)>
2025-08-30 23:17:49,793 WARNING libqtile manager.py:grab_key():L521 Key spec duplicated, overriding previous: <Key (['mod4', 'shift'], Tab)>
2025-08-30 23:17:49,793 WARNING libqtile manager.py:grab_key():L521 Key spec duplicated, overriding previous: <Key (['mod1'], Tab)>
2025-08-30 23:17:49,793 WARNING libqtile manager.py:grab_key():L521 Key spec duplicated, overriding previous: <Key (['mod1', 'shift'], Tab)>
2025-08-30 23:17:49,793 WARNING libqtile manager.py:grab_key():L521 Key spec duplicated, overriding previous: <Key (['mod4'], Tab)>
2025-08-30 23:17:49,793 WARNING libqtile manager.py:grab_key():L521 Key spec duplicated, overriding previous: <Key (['mod4', 'shift'], Tab)>
2025-08-30 23:17:49,793 WARNING libqtile manager.py:grab_key():L521 Key spec duplicated, overriding previous: <Key (['mod1'], Tab)>
2025-08-30 23:17:49,793 WARNING libqtile manager.py:grab_key():L521 Key spec duplicated, overriding previous: <Key (['mod1', 'shift'], Tab)>
2025-08-30 23:17:49,793 WARNING libqtile manager.py:grab_key():L521 Key spec duplicated, overriding previous: <Key (['mod4'], Tab)>
2025-08-30 23:17:49,793 WARNING libqtile manager.py:grab_key():L521 Key spec duplicated, overriding previous: <Key (['mod4', 'shift'], Tab)>
2025-08-30 23:17:49,794 WARNING libqtile manager.py:grab_key():L521 Key spec duplicated, overriding previous: <Key (['mod1'], Tab)>
2025-08-30 23:17:49,794 WARNING libqtile manager.py:grab_key():L521 Key spec duplicated, overriding previous: <Key (['mod1', 'shift'], Tab)>
2025-08-30 23:17:49,794 WARNING libqtile manager.py:grab_key():L521 Key spec duplicated, overriding previous: <Key (['mod4'], Tab)>
2025-08-30 23:17:49,794 WARNING libqtile manager.py:grab_key():L521 Key spec duplicated, overriding previous: <Key (['mod4', 'shift'], Tab)>
2025-08-30 23:17:49,794 WARNING libqtile manager.py:grab_key():L521 Key spec duplicated, overriding previous: <Key (['mod1'], Tab)>
2025-08-30 23:17:49,794 WARNING libqtile manager.py:grab_key():L521 Key spec duplicated, overriding previous: <Key (['mod1', 'shift'], Tab)>
2025-08-30 23:17:50,765 WARNING libqtile launchbar.py:setup_images():L169 No icon found for application "" (None) switch to text mode
2025-08-30 23:17:50,765 WARNING libqtile launchbar.py:setup_images():L169 No icon found for application "" (None) switch to text mode
2025-08-30 23:17:50,766 WARNING libqtile launchbar.py:setup_images():L169 No icon found for application "" (None) switch to text mode
2025-08-30 23:17:50,766 WARNING libqtile launchbar.py:setup_images():L169 No icon found for application " " (None) switch to text mode
2025-08-30 23:18:02,104 WARNING libqtile config.py:assign_app_group():L562 [Assign Hook] App started: thunar
2025-08-30 23:18:02,125 WARNING libqtile base.py:__getattr__():L273 Deprecation Warning: commands exposed via IPC no longer use the 'cmd_' prefix. Please replace 'cmd_toscreen' with 'toscreen' in your code.
2025-08-30 23:18:02,125 WARNING libqtile config.py:assign_app_group():L567 [Assign Hook] Moved thunar to group 1 and switched to it
2025-08-30 23:18:24,358 WARNING libqtile config.py:assign_app_group():L562 [Assign Hook] App started: transmission-gtk
2025-08-30 23:18:24,359 WARNING libqtile base.py:__getattr__():L273 Deprecation Warning: commands exposed via IPC no longer use the 'cmd_' prefix. Please replace 'cmd_toscreen' with 'toscreen' in your code.
2025-08-30 23:18:24,362 WARNING libqtile config.py:assign_app_group():L567 [Assign Hook] Moved transmission-gtk to group 7 and switched to it
2025-08-30 23:18:37,509 WARNING libqtile config.py:assign_app_group():L562 [Assign Hook] App started: transmission-gtk
2025-08-30 23:18:37,509 WARNING libqtile base.py:__getattr__():L273 Deprecation Warning: commands exposed via IPC no longer use the 'cmd_' prefix. Please replace 'cmd_toscreen' with 'toscreen' in your code.
2025-08-30 23:18:37,509 WARNING libqtile config.py:assign_app_group():L567 [Assign Hook] Moved transmission-gtk to group 7 and switched to it
2025-08-30 23:18:45,621 WARNING libqtile config.py:assign_app_group():L562 [Assign Hook] App started: gcr-prompter
2025-08-30 23:18:48,179 WARNING libqtile config.py:assign_app_group():L562 [Assign Hook] App started: brave-browser
2025-08-30 23:18:48,185 WARNING libqtile base.py:__getattr__():L273 Deprecation Warning: commands exposed via IPC no longer use the 'cmd_' prefix. Please replace 'cmd_toscreen' with 'toscreen' in your code.
2025-08-30 23:18:48,185 WARNING libqtile config.py:assign_app_group():L567 [Assign Hook] Moved brave-browser to group 3 and switched to it
2025-08-30 23:23:54,611 WARNING libqtile config.py:assign_app_group():L562 [Assign Hook] App started: transmission-gtk
2025-08-30 23:23:54,611 WARNING libqtile base.py:__getattr__():L273 Deprecation Warning: commands exposed via IPC no longer use the 'cmd_' prefix. Please replace 'cmd_toscreen' with 'toscreen' in your code.
2025-08-30 23:23:54,618 WARNING libqtile config.py:assign_app_group():L567 [Assign Hook] Moved transmission-gtk to group 7 and switched to it
2025-08-30 23:24:07,265 WARNING libqtile config.py:assign_app_group():L562 [Assign Hook] App started: transmission-gtk
2025-08-30 23:24:07,266 WARNING libqtile base.py:__getattr__():L273 Deprecation Warning: commands exposed via IPC no longer use the 'cmd_' prefix. Please replace 'cmd_toscreen' with 'toscreen' in your code.
2025-08-30 23:24:07,275 WARNING libqtile config.py:assign_app_group():L567 [Assign Hook] Moved transmission-gtk to group 7 and switched to it
2025-08-30 23:24:07,303 WARNING libqtile config.py:assign_app_group():L562 [Assign Hook] App started: transmission-gtk
2025-08-30 23:24:07,303 WARNING libqtile base.py:__getattr__():L273 Deprecation Warning: commands exposed via IPC no longer use the 'cmd_' prefix. Please replace 'cmd_toscreen' with 'toscreen' in your code.
2025-08-30 23:24:07,303 WARNING libqtile config.py:assign_app_group():L567 [Assign Hook] Moved transmission-gtk to group 7 and switched to it
2025-08-30 23:24:24,870 WARNING libqtile config.py:assign_app_group():L562 [Assign Hook] App started: xfce4-terminal
2025-08-30 23:24:24,877 WARNING libqtile base.py:__getattr__():L273 Deprecation Warning: commands exposed via IPC no longer use the 'cmd_' prefix. Please replace 'cmd_toscreen' with 'toscreen' in your code.
2025-08-30 23:24:24,877 WARNING libqtile config.py:assign_app_group():L567 [Assign Hook] Moved xfce4-terminal to group 5 and switched to it
2025-08-30 23:25:00,033 WARNING libqtile config.py:assign_app_group():L562 [Assign Hook] App started: polkit-gnome-authentication-agent-1
2025-08-30 23:25:06,241 WARNING libqtile config.py:assign_app_group():L562 [Assign Hook] App started: archlinux-tweak-tool.py
2025-08-30 23:25:18,411 WARNING libqtile config.py:assign_app_group():L562 [Assign Hook] App started: ulauncher
2025-08-30 23:25:23,882 WARNING libqtile config.py:assign_app_group():L562 [Assign Hook] App started: polkit-gnome-authentication-agent-1
2025-08-30 23:25:29,139 WARNING libqtile config.py:assign_app_group():L562 [Assign Hook] App started: archlinux-tweak-tool.py
2025-08-30 23:26:08,459 WARNING libqtile config.py:assign_app_group():L562 [Assign Hook] App started: polkit-gnome-authentication-agent-1
2025-08-30 23:26:13,668 WARNING libqtile config.py:assign_app_group():L562 [Assign Hook] App started: archlinux-tweak-tool.py
2025-08-30 23:26:31,461 WARNING libqtile config.py:assign_app_group():L562 [Assign Hook] App started: polkit-gnome-authentication-agent-1
2025-08-30 23:26:35,694 WARNING libqtile config.py:assign_app_group():L562 [Assign Hook] App started: xfce4-terminal
2025-08-30 23:26:35,695 WARNING libqtile base.py:__getattr__():L273 Deprecation Warning: commands exposed via IPC no longer use the 'cmd_' prefix. Please replace 'cmd_toscreen' with 'toscreen' in your code.
2025-08-30 23:26:35,703 WARNING libqtile config.py:assign_app_group():L567 [Assign Hook] Moved xfce4-terminal to group 5 and switched to it
2025-08-30 23:26:37,114 WARNING libqtile config.py:assign_app_group():L562 [Assign Hook] App started: archlinux-tweak-tool.py
2025-08-30 23:26:46,640 WARNING libqtile config.py:assign_app_group():L562 [Assign Hook] App started: polkit-gnome-authentication-agent-1
2025-08-30 23:26:52,174 WARNING libqtile config.py:assign_app_group():L562 [Assign Hook] App started: archlinux-tweak-tool.py
2025-08-30 23:27:12,719 WARNING libqtile config.py:assign_app_group():L562 [Assign Hook] App started: xfce4-notifyd
2025-08-30 23:27:19,323 WARNING libqtile config.py:assign_app_group():L562 [Assign Hook] App started: alacritty
2025-08-30 23:27:38,938 WARNING libqtile config.py:assign_app_group():L562 [Assign Hook] App started: alacritty
2025-08-30 23:27:45,157 WARNING libqtile config.py:assign_app_group():L562 [Assign Hook] App started: alacritty
2025-08-30 23:30:56,481 WARNING libqtile config.py:assign_app_group():L562 [Assign Hook] App started: xfce4-terminal
2025-08-30 23:30:56,487 WARNING libqtile base.py:__getattr__():L273 Deprecation Warning: commands exposed via IPC no longer use the 'cmd_' prefix. Please replace 'cmd_toscreen' with 'toscreen' in your code.
2025-08-30 23:30:56,487 WARNING libqtile config.py:assign_app_group():L567 [Assign Hook] Moved xfce4-terminal to group 5 and switched to it
2025-08-30 23:31:11,454 WARNING libqtile config.py:assign_app_group():L562 [Assign Hook] App started: ulauncher
2025-08-30 23:31:13,590 WARNING libqtile config.py:assign_app_group():L562 [Assign Hook] App started: nemo
2025-08-30 23:31:13,592 WARNING libqtile base.py:__getattr__():L273 Deprecation Warning: commands exposed via IPC no longer use the 'cmd_' prefix. Please replace 'cmd_toscreen' with 'toscreen' in your code.
2025-08-30 23:31:13,596 WARNING libqtile config.py:assign_app_group():L567 [Assign Hook] Moved nemo to group 1 and switched to it
2025-08-30 23:31:19,405 WARNING libqtile config.py:assign_app_group():L562 [Assign Hook] App started: ulauncher
2025-08-30 23:31:21,472 WARNING libqtile config.py:assign_app_group():L562 [Assign Hook] App started: nemo
2025-08-30 23:31:21,477 WARNING libqtile base.py:__getattr__():L273 Deprecation Warning: commands exposed via IPC no longer use the 'cmd_' prefix. Please replace 'cmd_toscreen' with 'toscreen' in your code.
2025-08-30 23:31:21,477 WARNING libqtile config.py:assign_app_group():L567 [Assign Hook] Moved nemo to group 1 and switched to it
2025-08-30 23:32:39,189 WARNING libqtile config.py:assign_app_group():L562 [Assign Hook] App started: polkit-gnome-authentication-agent-1
2025-08-30 23:32:41,677 WARNING libqtile config.py:assign_app_group():L562 [Assign Hook] App started: nemo
2025-08-30 23:32:41,683 WARNING libqtile base.py:__getattr__():L273 Deprecation Warning: commands exposed via IPC no longer use the 'cmd_' prefix. Please replace 'cmd_toscreen' with 'toscreen' in your code.
2025-08-30 23:32:41,683 WARNING libqtile config.py:assign_app_group():L567 [Assign Hook] Moved nemo to group 1 and switched to it
2025-08-30 23:32:53,622 WARNING libqtile config.py:assign_app_group():L562 [Assign Hook] App started: nemo
2025-08-30 23:32:53,622 WARNING libqtile base.py:__getattr__():L273 Deprecation Warning: commands exposed via IPC no longer use the 'cmd_' prefix. Please replace 'cmd_toscreen' with 'toscreen' in your code.
2025-08-30 23:32:53,622 WARNING libqtile config.py:assign_app_group():L567 [Assign Hook] Moved nemo to group 1 and switched to it
2025-08-30 23:32:57,319 WARNING libqtile config.py:assign_app_group():L562 [Assign Hook] App started: sublime_text
2025-08-30 23:32:57,320 WARNING libqtile base.py:__getattr__():L273 Deprecation Warning: commands exposed via IPC no longer use the 'cmd_' prefix. Please replace 'cmd_toscreen' with 'toscreen' in your code.
2025-08-30 23:32:57,326 WARNING libqtile config.py:assign_app_group():L567 [Assign Hook] Moved sublime_text to group 2 and switched to it
2025-08-30 23:33:26,285 WARNING libqtile config.py:assign_app_group():L562 [Assign Hook] App started: nemo
2025-08-30 23:33:26,285 WARNING libqtile base.py:__getattr__():L273 Deprecation Warning: commands exposed via IPC no longer use the 'cmd_' prefix. Please replace 'cmd_toscreen' with 'toscreen' in your code.
2025-08-30 23:33:26,285 WARNING libqtile config.py:assign_app_group():L567 [Assign Hook] Moved nemo to group 1 and switched to it
2025-08-30 23:33:58,281 WARNING libqtile config.py:assign_app_group():L562 [Assign Hook] App started: nemo
2025-08-30 23:33:58,281 WARNING libqtile base.py:__getattr__():L273 Deprecation Warning: commands exposed via IPC no longer use the 'cmd_' prefix. Please replace 'cmd_toscreen' with 'toscreen' in your code.
2025-08-30 23:33:58,281 WARNING libqtile config.py:assign_app_group():L567 [Assign Hook] Moved nemo to group 1 and switched to it
2025-08-30 23:33:59,816 WARNING libqtile config.py:assign_app_group():L562 [Assign Hook] App started: sublime_text
2025-08-30 23:33:59,817 WARNING libqtile base.py:__getattr__():L273 Deprecation Warning: commands exposed via IPC no longer use the 'cmd_' prefix. Please replace 'cmd_toscreen' with 'toscreen' in your code.
2025-08-30 23:33:59,827 WARNING libqtile config.py:assign_app_group():L567 [Assign Hook] Moved sublime_text to group 2 and switched to it
2025-08-30 23:35:39,488 WARNING libqtile config.py:assign_app_group():L562 [Assign Hook] App started: xfce4-terminal
2025-08-30 23:35:39,495 WARNING libqtile base.py:__getattr__():L273 Deprecation Warning: commands exposed via IPC no longer use the 'cmd_' prefix. Please replace 'cmd_toscreen' with 'toscreen' in your code.
2025-08-30 23:35:39,495 WARNING libqtile config.py:assign_app_group():L567 [Assign Hook] Moved xfce4-terminal to group 5 and switched to it
2025-08-30 23:36:09,570 WARNING libqtile config.py:assign_app_group():L562 [Assign Hook] App started: pamac-manager
2025-08-30 23:36:17,651 WARNING libqtile config.py:assign_app_group():L562 [Assign Hook] App started: pamac-manager
2025-08-30 23:36:19,637 WARNING libqtile config.py:assign_app_group():L562 [Assign Hook] App started: polkit-gnome-authentication-agent-1
2025-08-30 23:36:28,480 WARNING libqtile config.py:assign_app_group():L562 [Assign Hook] App started: pamac-manager
2025-08-30 23:37:41,827 WARNING libqtile config.py:assign_app_group():L562 [Assign Hook] App started: pamac-manager
2025-08-30 23:37:59,000 WARNING libqtile config.py:assign_app_group():L562 [Assign Hook] App started: pamac-manager
2025-08-30 23:38:01,110 WARNING libqtile config.py:assign_app_group():L562 [Assign Hook] App started: polkit-gnome-authentication-agent-1
2025-08-30 23:38:35,821 WARNING libqtile config.py:assign_app_group():L562 [Assign Hook] App started: xfce4-terminal
2025-08-30 23:38:35,827 WARNING libqtile base.py:__getattr__():L273 Deprecation Warning: commands exposed via IPC no longer use the 'cmd_' prefix. Please replace 'cmd_toscreen' with 'toscreen' in your code.
2025-08-30 23:38:35,827 WARNING libqtile config.py:assign_app_group():L567 [Assign Hook] Moved xfce4-terminal to group 5 and switched to it
2025-08-30 23:38:55,757 WARNING libqtile config.py:assign_app_group():L562 [Assign Hook] App started: file_properties
2025-08-30 23:38:58,664 WARNING libqtile config.py:assign_app_group():L562 [Assign Hook] App started: xfce4-terminal
2025-08-30 23:38:58,666 WARNING libqtile base.py:__getattr__():L273 Deprecation Warning: commands exposed via IPC no longer use the 'cmd_' prefix. Please replace 'cmd_toscreen' with 'toscreen' in your code.
2025-08-30 23:38:58,670 WARNING libqtile config.py:assign_app_group():L567 [Assign Hook] Moved xfce4-terminal to group 5 and switched to it
2025-08-30 23:39:01,387 WARNING libqtile core.py:graceful_shutdown():L910 Server disconnected, couldn't close windows gracefully.
2025-08-30 23:39:01,391 WARNING libqtile lifecycle.py:_atexit():L38 Qtile will now terminate
2025-08-30 23:39:28,320 WARNING libqtile launchbar.py:setup_images():L169 No icon found for application "" (None) switch to text mode
2025-08-30 23:39:28,345 WARNING libqtile launchbar.py:setup_images():L169 No icon found for application "" (None) switch to text mode
2025-08-30 23:39:28,345 WARNING libqtile launchbar.py:setup_images():L169 No icon found for application "" (None) switch to text mode
2025-08-30 23:39:28,346 WARNING libqtile launchbar.py:setup_images():L169 No icon found for application " " (None) switch to text mode
2025-08-30 23:39:28,372 WARNING libqtile manager.py:grab_key():L521 Key spec duplicated, overriding previous: <Key (['mod4', 'shift'], Right)>
2025-08-30 23:39:28,372 WARNING libqtile manager.py:grab_key():L521 Key spec duplicated, overriding previous: <Key (['mod4', 'shift'], Left)>
2025-08-30 23:39:28,373 WARNING libqtile manager.py:grab_key():L521 Key spec duplicated, overriding previous: <Key (['mod4'], Tab)>
2025-08-30 23:39:28,373 WARNING libqtile manager.py:grab_key():L521 Key spec duplicated, overriding previous: <Key (['mod4', 'shift'], Tab)>
2025-08-30 23:39:28,373 WARNING libqtile manager.py:grab_key():L521 Key spec duplicated, overriding previous: <Key (['mod1'], Tab)>
2025-08-30 23:39:28,373 WARNING libqtile manager.py:grab_key():L521 Key spec duplicated, overriding previous: <Key (['mod1', 'shift'], Tab)>
2025-08-30 23:39:28,373 WARNING libqtile manager.py:grab_key():L521 Key spec duplicated, overriding previous: <Key (['mod4'], Tab)>
2025-08-30 23:39:28,373 WARNING libqtile manager.py:grab_key():L521 Key spec duplicated, overriding previous: <Key (['mod4', 'shift'], Tab)>
2025-08-30 23:39:28,373 WARNING libqtile manager.py:grab_key():L521 Key spec duplicated, overriding previous: <Key (['mod1'], Tab)>
2025-08-30 23:39:28,373 WARNING libqtile manager.py:grab_key():L521 Key spec duplicated, overriding previous: <Key (['mod1', 'shift'], Tab)>
2025-08-30 23:39:28,373 WARNING libqtile manager.py:grab_key():L521 Key spec duplicated, overriding previous: <Key (['mod4'], Tab)>
2025-08-30 23:39:28,373 WARNING libqtile manager.py:grab_key():L521 Key spec duplicated, overriding previous: <Key (['mod4', 'shift'], Tab)>
2025-08-30 23:39:28,374 WARNING libqtile manager.py:grab_key():L521 Key spec duplicated, overriding previous: <Key (['mod1'], Tab)>
2025-08-30 23:39:28,374 WARNING libqtile manager.py:grab_key():L521 Key spec duplicated, overriding previous: <Key (['mod1', 'shift'], Tab)>
2025-08-30 23:39:28,374 WARNING libqtile manager.py:grab_key():L521 Key spec duplicated, overriding previous: <Key (['mod4'], Tab)>
2025-08-30 23:39:28,374 WARNING libqtile manager.py:grab_key():L521 Key spec duplicated, overriding previous: <Key (['mod4', 'shift'], Tab)>
2025-08-30 23:39:28,374 WARNING libqtile manager.py:grab_key():L521 Key spec duplicated, overriding previous: <Key (['mod1'], Tab)>
2025-08-30 23:39:28,374 WARNING libqtile manager.py:grab_key():L521 Key spec duplicated, overriding previous: <Key (['mod1', 'shift'], Tab)>
2025-08-30 23:39:28,374 WARNING libqtile manager.py:grab_key():L521 Key spec duplicated, overriding previous: <Key (['mod4'], Tab)>
2025-08-30 23:39:28,374 WARNING libqtile manager.py:grab_key():L521 Key spec duplicated, overriding previous: <Key (['mod4', 'shift'], Tab)>
2025-08-30 23:39:28,374 WARNING libqtile manager.py:grab_key():L521 Key spec duplicated, overriding previous: <Key (['mod1'], Tab)>
2025-08-30 23:39:28,374 WARNING libqtile manager.py:grab_key():L521 Key spec duplicated, overriding previous: <Key (['mod1', 'shift'], Tab)>
2025-08-30 23:39:28,374 WARNING libqtile manager.py:grab_key():L521 Key spec duplicated, overriding previous: <Key (['mod4'], Tab)>
2025-08-30 23:39:28,374 WARNING libqtile manager.py:grab_key():L521 Key spec duplicated, overriding previous: <Key (['mod4', 'shift'], Tab)>
2025-08-30 23:39:28,375 WARNING libqtile manager.py:grab_key():L521 Key spec duplicated, overriding previous: <Key (['mod1'], Tab)>
2025-08-30 23:39:28,375 WARNING libqtile manager.py:grab_key():L521 Key spec duplicated, overriding previous: <Key (['mod1', 'shift'], Tab)>
2025-08-30 23:39:28,375 WARNING libqtile manager.py:grab_key():L521 Key spec duplicated, overriding previous: <Key (['mod4'], Tab)>
2025-08-30 23:39:28,375 WARNING libqtile manager.py:grab_key():L521 Key spec duplicated, overriding previous: <Key (['mod4', 'shift'], Tab)>
2025-08-30 23:39:28,375 WARNING libqtile manager.py:grab_key():L521 Key spec duplicated, overriding previous: <Key (['mod1'], Tab)>
2025-08-30 23:39:28,375 WARNING libqtile manager.py:grab_key():L521 Key spec duplicated, overriding previous: <Key (['mod1', 'shift'], Tab)>
2025-08-30 23:39:28,375 WARNING libqtile manager.py:grab_key():L521 Key spec duplicated, overriding previous: <Key (['mod4'], Tab)>
2025-08-30 23:39:28,375 WARNING libqtile manager.py:grab_key():L521 Key spec duplicated, overriding previous: <Key (['mod4', 'shift'], Tab)>
2025-08-30 23:39:28,375 WARNING libqtile manager.py:grab_key():L521 Key spec duplicated, overriding previous: <Key (['mod1'], Tab)>
2025-08-30 23:39:28,375 WARNING libqtile manager.py:grab_key():L521 Key spec duplicated, overriding previous: <Key (['mod1', 'shift'], Tab)>
2025-08-30 23:39:28,375 WARNING libqtile manager.py:grab_key():L521 Key spec duplicated, overriding previous: <Key (['mod4'], Tab)>
2025-08-30 23:39:28,375 WARNING libqtile manager.py:grab_key():L521 Key spec duplicated, overriding previous: <Key (['mod4', 'shift'], Tab)>
2025-08-30 23:39:28,376 WARNING libqtile manager.py:grab_key():L521 Key spec duplicated, overriding previous: <Key (['mod1'], Tab)>
2025-08-30 23:39:28,376 WARNING libqtile manager.py:grab_key():L521 Key spec duplicated, overriding previous: <Key (['mod1', 'shift'], Tab)>
2025-08-30 23:39:29,369 WARNING libqtile launchbar.py:setup_images():L169 No icon found for application "" (None) switch to text mode
2025-08-30 23:39:29,369 WARNING libqtile launchbar.py:setup_images():L169 No icon found for application "" (None) switch to text mode
2025-08-30 23:39:29,369 WARNING libqtile launchbar.py:setup_images():L169 No icon found for application "" (None) switch to text mode
2025-08-30 23:39:29,369 WARNING libqtile launchbar.py:setup_images():L169 No icon found for application " " (None) switch to text mode
2025-08-30 23:39:30,062 WARNING libqtile config.py:assign_app_group():L562 [Assign Hook] App started: ulauncher
2025-08-30 23:43:24,030 WARNING libqtile config.py:assign_app_group():L562 [Assign Hook] App started: thunar
2025-08-30 23:43:24,031 WARNING libqtile base.py:__getattr__():L273 Deprecation Warning: commands exposed via IPC no longer use the 'cmd_' prefix. Please replace 'cmd_toscreen' with 'toscreen' in your code.
2025-08-30 23:43:24,040 WARNING libqtile config.py:assign_app_group():L567 [Assign Hook] Moved thunar to group 1 and switched to it
2025-08-30 23:43:52,875 WARNING libqtile config.py:assign_app_group():L562 [Assign Hook] App started: polkit-gnome-authentication-agent-1
2025-08-30 23:44:23,330 WARNING libqtile config.py:assign_app_group():L562 [Assign Hook] App started: thunar
2025-08-30 23:44:23,330 WARNING libqtile base.py:__getattr__():L273 Deprecation Warning: commands exposed via IPC no longer use the 'cmd_' prefix. Please replace 'cmd_toscreen' with 'toscreen' in your code.
2025-08-30 23:44:23,331 WARNING libqtile config.py:assign_app_group():L567 [Assign Hook] Moved thunar to group 1 and switched to it
2025-08-30 23:44:56,888 WARNING libqtile config.py:assign_app_group():L562 [Assign Hook] App started: thunar
2025-08-30 23:44:56,895 WARNING libqtile base.py:__getattr__():L273 Deprecation Warning: commands exposed via IPC no longer use the 'cmd_' prefix. Please replace 'cmd_toscreen' with 'toscreen' in your code.
2025-08-30 23:44:56,895 WARNING libqtile config.py:assign_app_group():L567 [Assign Hook] Moved thunar to group 1 and switched to it
2025-08-30 23:46:49,970 WARNING libqtile config.py:assign_app_group():L562 [Assign Hook] App started: xfce4-terminal
2025-08-30 23:46:49,971 WARNING libqtile base.py:__getattr__():L273 Deprecation Warning: commands exposed via IPC no longer use the 'cmd_' prefix. Please replace 'cmd_toscreen' with 'toscreen' in your code.
2025-08-30 23:46:49,974 WARNING libqtile config.py:assign_app_group():L567 [Assign Hook] Moved xfce4-terminal to group 5 and switched to it
2025-08-30 23:47:09,232 WARNING libqtile config.py:assign_app_group():L562 [Assign Hook] App started: xfce4-terminal
2025-08-30 23:47:09,237 WARNING libqtile base.py:__getattr__():L273 Deprecation Warning: commands exposed via IPC no longer use the 'cmd_' prefix. Please replace 'cmd_toscreen' with 'toscreen' in your code.
2025-08-30 23:47:09,237 WARNING libqtile config.py:assign_app_group():L567 [Assign Hook] Moved xfce4-terminal to group 5 and switched to it
2025-08-30 23:48:05,059 WARNING libqtile config.py:assign_app_group():L562 [Assign Hook] App started: thunar
2025-08-30 23:48:05,060 WARNING libqtile base.py:__getattr__():L273 Deprecation Warning: commands exposed via IPC no longer use the 'cmd_' prefix. Please replace 'cmd_toscreen' with 'toscreen' in your code.
2025-08-30 23:48:05,067 WARNING libqtile config.py:assign_app_group():L567 [Assign Hook] Moved thunar to group 1 and switched to it
2025-08-30 23:48:08,749 WARNING libqtile config.py:assign_app_group():L562 [Assign Hook] App started: thunar
2025-08-30 23:48:08,751 WARNING libqtile base.py:__getattr__():L273 Deprecation Warning: commands exposed via IPC no longer use the 'cmd_' prefix. Please replace 'cmd_toscreen' with 'toscreen' in your code.
2025-08-30 23:48:08,751 WARNING libqtile config.py:assign_app_group():L567 [Assign Hook] Moved thunar to group 1 and switched to it
2025-08-30 23:49:52,339 WARNING libqtile config.py:assign_app_group():L562 [Assign Hook] App started: thunar
2025-08-30 23:49:52,339 WARNING libqtile base.py:__getattr__():L273 Deprecation Warning: commands exposed via IPC no longer use the 'cmd_' prefix. Please replace 'cmd_toscreen' with 'toscreen' in your code.
2025-08-30 23:49:52,340 WARNING libqtile config.py:assign_app_group():L567 [Assign Hook] Moved thunar to group 1 and switched to it
2025-08-30 23:49:53,965 WARNING libqtile config.py:assign_app_group():L562 [Assign Hook] App started: thunar
2025-08-30 23:49:53,971 WARNING libqtile base.py:__getattr__():L273 Deprecation Warning: commands exposed via IPC no longer use the 'cmd_' prefix. Please replace 'cmd_toscreen' with 'toscreen' in your code.
2025-08-30 23:49:53,971 WARNING libqtile config.py:assign_app_group():L567 [Assign Hook] Moved thunar to group 1 and switched to it
2025-08-30 23:49:57,867 WARNING libqtile config.py:assign_app_group():L562 [Assign Hook] App started: thunar
2025-08-30 23:49:57,876 WARNING libqtile base.py:__getattr__():L273 Deprecation Warning: commands exposed via IPC no longer use the 'cmd_' prefix. Please replace 'cmd_toscreen' with 'toscreen' in your code.
2025-08-30 23:49:57,876 WARNING libqtile config.py:assign_app_group():L567 [Assign Hook] Moved thunar to group 1 and switched to it
2025-08-30 23:50:12,553 WARNING libqtile config.py:assign_app_group():L562 [Assign Hook] App started: xfce4-terminal
2025-08-30 23:50:12,554 WARNING libqtile base.py:__getattr__():L273 Deprecation Warning: commands exposed via IPC no longer use the 'cmd_' prefix. Please replace 'cmd_toscreen' with 'toscreen' in your code.
2025-08-30 23:50:12,563 WARNING libqtile config.py:assign_app_group():L567 [Assign Hook] Moved xfce4-terminal to group 5 and switched to it
2025-08-30 23:54:53,696 WARNING libqtile config.py:assign_app_group():L562 [Assign Hook] App started: gcr-prompter
2025-08-30 23:54:56,646 WARNING libqtile config.py:assign_app_group():L562 [Assign Hook] App started: brave-browser
2025-08-30 23:54:56,647 WARNING libqtile base.py:__getattr__():L273 Deprecation Warning: commands exposed via IPC no longer use the 'cmd_' prefix. Please replace 'cmd_toscreen' with 'toscreen' in your code.
2025-08-30 23:54:56,657 WARNING libqtile config.py:assign_app_group():L567 [Assign Hook] Moved brave-browser to group 3 and switched to it
2025-08-30 23:55:27,783 WARNING libqtile config.py:assign_app_group():L562 [Assign Hook] App started: sublime_text
2025-08-30 23:55:27,784 WARNING libqtile base.py:__getattr__():L273 Deprecation Warning: commands exposed via IPC no longer use the 'cmd_' prefix. Please replace 'cmd_toscreen' with 'toscreen' in your code.
2025-08-30 23:55:27,791 WARNING libqtile config.py:assign_app_group():L567 [Assign Hook] Moved sublime_text to group 2 and switched to it
2025-08-30 23:56:53,589 WARNING libqtile config.py:assign_app_group():L562 [Assign Hook] App started: sublime_text
2025-08-30 23:56:53,590 WARNING libqtile base.py:__getattr__():L273 Deprecation Warning: commands exposed via IPC no longer use the 'cmd_' prefix. Please replace 'cmd_toscreen' with 'toscreen' in your code.
2025-08-30 23:56:53,599 WARNING libqtile config.py:assign_app_group():L567 [Assign Hook] Moved sublime_text to group 2 and switched to it
2025-08-30 23:58:41,542 WARNING libqtile config.py:assign_app_group():L562 [Assign Hook] App started: archlinux-logout.py
2025-08-30 23:58:53,218 WARNING libqtile lifecycle.py:_atexit():L34 Restarting Qtile with os.execv(...)
2025-08-30 23:58:54,711 WARNING libqtile launchbar.py:setup_images():L169 No icon found for application "" (None) switch to text mode
2025-08-30 23:58:54,730 WARNING libqtile launchbar.py:setup_images():L169 No icon found for application " " (None) switch to text mode
2025-08-30 23:58:54,730 WARNING libqtile launchbar.py:setup_images():L169 No icon found for application "" (None) switch to text mode
2025-08-30 23:58:54,730 WARNING libqtile launchbar.py:setup_images():L169 No icon found for application "" (None) switch to text mode
2025-08-30 23:58:54,752 WARNING libqtile manager.py:grab_key():L521 Key spec duplicated, overriding previous: <Key (['mod4', 'shift'], Right)>
2025-08-30 23:58:54,752 WARNING libqtile manager.py:grab_key():L521 Key spec duplicated, overriding previous: <Key (['mod4', 'shift'], Left)>
2025-08-30 23:58:54,752 WARNING libqtile manager.py:grab_key():L521 Key spec duplicated, overriding previous: <Key (['mod4'], Tab)>
2025-08-30 23:58:54,753 WARNING libqtile manager.py:grab_key():L521 Key spec duplicated, overriding previous: <Key (['mod4', 'shift'], Tab)>
2025-08-30 23:58:54,753 WARNING libqtile manager.py:grab_key():L521 Key spec duplicated, overriding previous: <Key (['mod1'], Tab)>
2025-08-30 23:58:54,753 WARNING libqtile manager.py:grab_key():L521 Key spec duplicated, overriding previous: <Key (['mod1', 'shift'], Tab)>
2025-08-30 23:58:54,753 WARNING libqtile manager.py:grab_key():L521 Key spec duplicated, overriding previous: <Key (['mod4'], Tab)>
2025-08-30 23:58:54,753 WARNING libqtile manager.py:grab_key():L521 Key spec duplicated, overriding previous: <Key (['mod4', 'shift'], Tab)>
2025-08-30 23:58:54,753 WARNING libqtile manager.py:grab_key():L521 Key spec duplicated, overriding previous: <Key (['mod1'], Tab)>
2025-08-30 23:58:54,753 WARNING libqtile manager.py:grab_key():L521 Key spec duplicated, overriding previous: <Key (['mod1', 'shift'], Tab)>
2025-08-30 23:58:54,753 WARNING libqtile manager.py:grab_key():L521 Key spec duplicated, overriding previous: <Key (['mod4'], Tab)>
2025-08-30 23:58:54,753 WARNING libqtile manager.py:grab_key():L521 Key spec duplicated, overriding previous: <Key (['mod4', 'shift'], Tab)>
2025-08-30 23:58:54,753 WARNING libqtile manager.py:grab_key():L521 Key spec duplicated, overriding previous: <Key (['mod1'], Tab)>
2025-08-30 23:58:54,753 WARNING libqtile manager.py:grab_key():L521 Key spec duplicated, overriding previous: <Key (['mod1', 'shift'], Tab)>
2025-08-30 23:58:54,753 WARNING libqtile manager.py:grab_key():L521 Key spec duplicated, overriding previous: <Key (['mod4'], Tab)>
2025-08-30 23:58:54,754 WARNING libqtile manager.py:grab_key():L521 Key spec duplicated, overriding previous: <Key (['mod4', 'shift'], Tab)>
2025-08-30 23:58:54,754 WARNING libqtile manager.py:grab_key():L521 Key spec duplicated, overriding previous: <Key (['mod1'], Tab)>
2025-08-30 23:58:54,754 WARNING libqtile manager.py:grab_key():L521 Key spec duplicated, overriding previous: <Key (['mod1', 'shift'], Tab)>
2025-08-30 23:58:54,754 WARNING libqtile manager.py:grab_key():L521 Key spec duplicated, overriding previous: <Key (['mod4'], Tab)>
2025-08-30 23:58:54,754 WARNING libqtile manager.py:grab_key():L521 Key spec duplicated, overriding previous: <Key (['mod4', 'shift'], Tab)>
2025-08-30 23:58:54,754 WARNING libqtile manager.py:grab_key():L521 Key spec duplicated, overriding previous: <Key (['mod1'], Tab)>
2025-08-30 23:58:54,754 WARNING libqtile manager.py:grab_key():L521 Key spec duplicated, overriding previous: <Key (['mod1', 'shift'], Tab)>
2025-08-30 23:58:54,754 WARNING libqtile manager.py:grab_key():L521 Key spec duplicated, overriding previous: <Key (['mod4'], Tab)>
2025-08-30 23:58:54,754 WARNING libqtile manager.py:grab_key():L521 Key spec duplicated, overriding previous: <Key (['mod4', 'shift'], Tab)>
2025-08-30 23:58:54,754 WARNING libqtile manager.py:grab_key():L521 Key spec duplicated, overriding previous: <Key (['mod1'], Tab)>
2025-08-30 23:58:54,754 WARNING libqtile manager.py:grab_key():L521 Key spec duplicated, overriding previous: <Key (['mod1', 'shift'], Tab)>
2025-08-30 23:58:54,755 WARNING libqtile manager.py:grab_key():L521 Key spec duplicated, overriding previous: <Key (['mod4'], Tab)>
2025-08-30 23:58:54,755 WARNING libqtile manager.py:grab_key():L521 Key spec duplicated, overriding previous: <Key (['mod4', 'shift'], Tab)>
2025-08-30 23:58:54,755 WARNING libqtile manager.py:grab_key():L521 Key spec duplicated, overriding previous: <Key (['mod1'], Tab)>
2025-08-30 23:58:54,755 WARNING libqtile manager.py:grab_key():L521 Key spec duplicated, overriding previous: <Key (['mod1', 'shift'], Tab)>
2025-08-30 23:58:54,755 WARNING libqtile manager.py:grab_key():L521 Key spec duplicated, overriding previous: <Key (['mod4'], Tab)>
2025-08-30 23:58:54,755 WARNING libqtile manager.py:grab_key():L521 Key spec duplicated, overriding previous: <Key (['mod4', 'shift'], Tab)>
2025-08-30 23:58:54,755 WARNING libqtile manager.py:grab_key():L521 Key spec duplicated, overriding previous: <Key (['mod1'], Tab)>
2025-08-30 23:58:54,755 WARNING libqtile manager.py:grab_key():L521 Key spec duplicated, overriding previous: <Key (['mod1', 'shift'], Tab)>
2025-08-30 23:58:54,755 WARNING libqtile manager.py:grab_key():L521 Key spec duplicated, overriding previous: <Key (['mod4'], Tab)>
2025-08-30 23:58:54,755 WARNING libqtile manager.py:grab_key():L521 Key spec duplicated, overriding previous: <Key (['mod4', 'shift'], Tab)>
2025-08-30 23:58:54,755 WARNING libqtile manager.py:grab_key():L521 Key spec duplicated, overriding previous: <Key (['mod1'], Tab)>
2025-08-30 23:58:54,755 WARNING libqtile manager.py:grab_key():L521 Key spec duplicated, overriding previous: <Key (['mod1', 'shift'], Tab)>
2025-08-30 23:58:54,812 WARNING libqtile config.py:assign_app_group():L562 [Assign Hook] App started: xfce4-terminal
2025-08-30 23:58:54,812 WARNING libqtile base.py:__getattr__():L273 Deprecation Warning: commands exposed via IPC no longer use the 'cmd_' prefix. Please replace 'cmd_toscreen' with 'toscreen' in your code.
2025-08-30 23:58:54,814 WARNING libqtile config.py:assign_app_group():L567 [Assign Hook] Moved xfce4-terminal to group 5 and switched to it
2025-08-30 23:58:54,866 WARNING libqtile config.py:assign_app_group():L562 [Assign Hook] App started: thunar
2025-08-30 23:58:54,866 WARNING libqtile base.py:__getattr__():L273 Deprecation Warning: commands exposed via IPC no longer use the 'cmd_' prefix. Please replace 'cmd_toscreen' with 'toscreen' in your code.
2025-08-30 23:58:54,869 WARNING libqtile config.py:assign_app_group():L567 [Assign Hook] Moved thunar to group 1 and switched to it
2025-08-30 23:58:54,916 WARNING libqtile config.py:assign_app_group():L562 [Assign Hook] App started: sublime_text
2025-08-30 23:58:54,916 WARNING libqtile base.py:__getattr__():L273 Deprecation Warning: commands exposed via IPC no longer use the 'cmd_' prefix. Please replace 'cmd_toscreen' with 'toscreen' in your code.
2025-08-30 23:58:54,920 WARNING libqtile config.py:assign_app_group():L567 [Assign Hook] Moved sublime_text to group 2 and switched to it
2025-08-30 23:59:04,461 WARNING libqtile config.py:assign_app_group():L562 [Assign Hook] App started: thunar
2025-08-30 23:59:04,462 WARNING libqtile base.py:__getattr__():L273 Deprecation Warning: commands exposed via IPC no longer use the 'cmd_' prefix. Please replace 'cmd_toscreen' with 'toscreen' in your code.
2025-08-30 23:59:04,462 WARNING libqtile config.py:assign_app_group():L567 [Assign Hook] Moved thunar to group 1 and switched to it
2025-08-31 00:01:08,558 WARNING libqtile config.py:assign_app_group():L562 [Assign Hook] App started: sublime_text
2025-08-31 00:01:08,559 WARNING libqtile base.py:__getattr__():L273 Deprecation Warning: commands exposed via IPC no longer use the 'cmd_' prefix. Please replace 'cmd_toscreen' with 'toscreen' in your code.
2025-08-31 00:01:08,565 WARNING libqtile config.py:assign_app_group():L567 [Assign Hook] Moved sublime_text to group 2 and switched to it
2025-08-31 00:01:19,637 WARNING libqtile config.py:assign_app_group():L562 [Assign Hook] App started: thunar
2025-08-31 00:01:19,637 WARNING libqtile base.py:__getattr__():L273 Deprecation Warning: commands exposed via IPC no longer use the 'cmd_' prefix. Please replace 'cmd_toscreen' with 'toscreen' in your code.
2025-08-31 00:01:19,637 WARNING libqtile config.py:assign_app_group():L567 [Assign Hook] Moved thunar to group 1 and switched to it
2025-08-31 00:02:02,640 WARNING libqtile config.py:assign_app_group():L562 [Assign Hook] App started: thunar
2025-08-31 00:02:02,647 WARNING libqtile base.py:__getattr__():L273 Deprecation Warning: commands exposed via IPC no longer use the 'cmd_' prefix. Please replace 'cmd_toscreen' with 'toscreen' in your code.
2025-08-31 00:02:02,647 WARNING libqtile config.py:assign_app_group():L567 [Assign Hook] Moved thunar to group 1 and switched to it
2025-08-31 00:02:11,863 WARNING libqtile config.py:assign_app_group():L562 [Assign Hook] App started: xfce4-terminal
2025-08-31 00:02:11,864 WARNING libqtile base.py:__getattr__():L273 Deprecation Warning: commands exposed via IPC no longer use the 'cmd_' prefix. Please replace 'cmd_toscreen' with 'toscreen' in your code.
2025-08-31 00:02:11,872 WARNING libqtile config.py:assign_app_group():L567 [Assign Hook] Moved xfce4-terminal to group 5 and switched to it
2025-08-31 00:02:25,346 WARNING libqtile config.py:assign_app_group():L562 [Assign Hook] App started: thunar
2025-08-31 00:02:25,349 WARNING libqtile base.py:__getattr__():L273 Deprecation Warning: commands exposed via IPC no longer use the 'cmd_' prefix. Please replace 'cmd_toscreen' with 'toscreen' in your code.
2025-08-31 00:02:25,349 WARNING libqtile config.py:assign_app_group():L567 [Assign Hook] Moved thunar to group 1 and switched to it
2025-08-31 00:03:26,656 WARNING libqtile config.py:assign_app_group():L562 [Assign Hook] App started: thunar
2025-08-31 00:03:26,663 WARNING libqtile base.py:__getattr__():L273 Deprecation Warning: commands exposed via IPC no longer use the 'cmd_' prefix. Please replace 'cmd_toscreen' with 'toscreen' in your code.
2025-08-31 00:03:26,663 WARNING libqtile config.py:assign_app_group():L567 [Assign Hook] Moved thunar to group 1 and switched to it
2025-08-31 00:03:37,711 WARNING libqtile config.py:assign_app_group():L562 [Assign Hook] App started: xfce4-terminal
2025-08-31 00:03:37,712 WARNING libqtile base.py:__getattr__():L273 Deprecation Warning: commands exposed via IPC no longer use the 'cmd_' prefix. Please replace 'cmd_toscreen' with 'toscreen' in your code.
2025-08-31 00:03:37,715 WARNING libqtile config.py:assign_app_group():L567 [Assign Hook] Moved xfce4-terminal to group 5 and switched to it
2025-08-31 00:03:48,650 WARNING libqtile config.py:assign_app_group():L562 [Assign Hook] App started: archlinux-logout.py
2025-08-31 00:03:50,103 WARNING libqtile lifecycle.py:_atexit():L38 Qtile will now terminate
2025-08-31 00:03:58,327 WARNING libqtile launchbar.py:setup_images():L169 No icon found for application "" (None) switch to text mode
2025-08-31 00:03:58,345 WARNING libqtile launchbar.py:setup_images():L169 No icon found for application "" (None) switch to text mode
2025-08-31 00:03:58,346 WARNING libqtile launchbar.py:setup_images():L169 No icon found for application " " (None) switch to text mode
2025-08-31 00:03:58,346 WARNING libqtile launchbar.py:setup_images():L169 No icon found for application "" (None) switch to text mode
2025-08-31 00:03:58,368 WARNING libqtile manager.py:grab_key():L521 Key spec duplicated, overriding previous: <Key (['mod4', 'shift'], Right)>
2025-08-31 00:03:58,368 WARNING libqtile manager.py:grab_key():L521 Key spec duplicated, overriding previous: <Key (['mod4', 'shift'], Left)>
2025-08-31 00:03:58,368 WARNING libqtile manager.py:grab_key():L521 Key spec duplicated, overriding previous: <Key (['mod4'], Tab)>
2025-08-31 00:03:58,368 WARNING libqtile manager.py:grab_key():L521 Key spec duplicated, overriding previous: <Key (['mod4', 'shift'], Tab)>
2025-08-31 00:03:58,369 WARNING libqtile manager.py:grab_key():L521 Key spec duplicated, overriding previous: <Key (['mod1'], Tab)>
2025-08-31 00:03:58,369 WARNING libqtile manager.py:grab_key():L521 Key spec duplicated, overriding previous: <Key (['mod1', 'shift'], Tab)>
2025-08-31 00:03:58,369 WARNING libqtile manager.py:grab_key():L521 Key spec duplicated, overriding previous: <Key (['mod4'], Tab)>
2025-08-31 00:03:58,369 WARNING libqtile manager.py:grab_key():L521 Key spec duplicated, overriding previous: <Key (['mod4', 'shift'], Tab)>
2025-08-31 00:03:58,369 WARNING libqtile manager.py:grab_key():L521 Key spec duplicated, overriding previous: <Key (['mod1'], Tab)>
2025-08-31 00:03:58,369 WARNING libqtile manager.py:grab_key():L521 Key spec duplicated, overriding previous: <Key (['mod1', 'shift'], Tab)>
2025-08-31 00:03:58,369 WARNING libqtile manager.py:grab_key():L521 Key spec duplicated, overriding previous: <Key (['mod4'], Tab)>
2025-08-31 00:03:58,369 WARNING libqtile manager.py:grab_key():L521 Key spec duplicated, overriding previous: <Key (['mod4', 'shift'], Tab)>
2025-08-31 00:03:58,369 WARNING libqtile manager.py:grab_key():L521 Key spec duplicated, overriding previous: <Key (['mod1'], Tab)>
2025-08-31 00:03:58,369 WARNING libqtile manager.py:grab_key():L521 Key spec duplicated, overriding previous: <Key (['mod1', 'shift'], Tab)>
2025-08-31 00:03:58,369 WARNING libqtile manager.py:grab_key():L521 Key spec duplicated, overriding previous: <Key (['mod4'], Tab)>
2025-08-31 00:03:58,369 WARNING libqtile manager.py:grab_key():L521 Key spec duplicated, overriding previous: <Key (['mod4', 'shift'], Tab)>
2025-08-31 00:03:58,370 WARNING libqtile manager.py:grab_key():L521 Key spec duplicated, overriding previous: <Key (['mod1'], Tab)>
2025-08-31 00:03:58,370 WARNING libqtile manager.py:grab_key():L521 Key spec duplicated, overriding previous: <Key (['mod1', 'shift'], Tab)>
2025-08-31 00:03:58,370 WARNING libqtile manager.py:grab_key():L521 Key spec duplicated, overriding previous: <Key (['mod4'], Tab)>
2025-08-31 00:03:58,370 WARNING libqtile manager.py:grab_key():L521 Key spec duplicated, overriding previous: <Key (['mod4', 'shift'], Tab)>
2025-08-31 00:03:58,370 WARNING libqtile manager.py:grab_key():L521 Key spec duplicated, overriding previous: <Key (['mod1'], Tab)>
2025-08-31 00:03:58,370 WARNING libqtile manager.py:grab_key():L521 Key spec duplicated, overriding previous: <Key (['mod1', 'shift'], Tab)>
2025-08-31 00:03:58,370 WARNING libqtile manager.py:grab_key():L521 Key spec duplicated, overriding previous: <Key (['mod4'], Tab)>
2025-08-31 00:03:58,370 WARNING libqtile manager.py:grab_key():L521 Key spec duplicated, overriding previous: <Key (['mod4', 'shift'], Tab)>
2025-08-31 00:03:58,370 WARNING libqtile manager.py:grab_key():L521 Key spec duplicated, overriding previous: <Key (['mod1'], Tab)>
2025-08-31 00:03:58,370 WARNING libqtile manager.py:grab_key():L521 Key spec duplicated, overriding previous: <Key (['mod1', 'shift'], Tab)>
2025-08-31 00:03:58,370 WARNING libqtile manager.py:grab_key():L521 Key spec duplicated, overriding previous: <Key (['mod4'], Tab)>
2025-08-31 00:03:58,370 WARNING libqtile manager.py:grab_key():L521 Key spec duplicated, overriding previous: <Key (['mod4', 'shift'], Tab)>
2025-08-31 00:03:58,371 WARNING libqtile manager.py:grab_key():L521 Key spec duplicated, overriding previous: <Key (['mod1'], Tab)>
2025-08-31 00:03:58,371 WARNING libqtile manager.py:grab_key():L521 Key spec duplicated, overriding previous: <Key (['mod1', 'shift'], Tab)>
2025-08-31 00:03:58,371 WARNING libqtile manager.py:grab_key():L521 Key spec duplicated, overriding previous: <Key (['mod4'], Tab)>
2025-08-31 00:03:58,371 WARNING libqtile manager.py:grab_key():L521 Key spec duplicated, overriding previous: <Key (['mod4', 'shift'], Tab)>
2025-08-31 00:03:58,371 WARNING libqtile manager.py:grab_key():L521 Key spec duplicated, overriding previous: <Key (['mod1'], Tab)>
2025-08-31 00:03:58,371 WARNING libqtile manager.py:grab_key():L521 Key spec duplicated, overriding previous: <Key (['mod1', 'shift'], Tab)>
2025-08-31 00:03:58,371 WARNING libqtile manager.py:grab_key():L521 Key spec duplicated, overriding previous: <Key (['mod4'], Tab)>
2025-08-31 00:03:58,371 WARNING libqtile manager.py:grab_key():L521 Key spec duplicated, overriding previous: <Key (['mod4', 'shift'], Tab)>
2025-08-31 00:03:58,371 WARNING libqtile manager.py:grab_key():L521 Key spec duplicated, overriding previous: <Key (['mod1'], Tab)>
2025-08-31 00:03:58,371 WARNING libqtile manager.py:grab_key():L521 Key spec duplicated, overriding previous: <Key (['mod1', 'shift'], Tab)>
2025-08-31 00:03:59,133 WARNING libqtile launchbar.py:setup_images():L169 No icon found for application "" (None) switch to text mode
2025-08-31 00:03:59,133 WARNING libqtile launchbar.py:setup_images():L169 No icon found for application "" (None) switch to text mode
2025-08-31 00:03:59,133 WARNING libqtile launchbar.py:setup_images():L169 No icon found for application " " (None) switch to text mode
2025-08-31 00:03:59,133 WARNING libqtile launchbar.py:setup_images():L169 No icon found for application "" (None) switch to text mode
2025-08-31 00:03:59,695 WARNING libqtile config.py:assign_app_group():L562 [Assign Hook] App started: ulauncher
2025-08-31 00:04:07,310 WARNING libqtile config.py:assign_app_group():L562 [Assign Hook] App started: xfce4-terminal
2025-08-31 00:04:07,312 WARNING libqtile base.py:__getattr__():L273 Deprecation Warning: commands exposed via IPC no longer use the 'cmd_' prefix. Please replace 'cmd_toscreen' with 'toscreen' in your code.
2025-08-31 00:04:07,324 WARNING libqtile config.py:assign_app_group():L567 [Assign Hook] Moved xfce4-terminal to group 5 and switched to it
2025-08-31 00:04:16,153 WARNING libqtile config.py:assign_app_group():L562 [Assign Hook] App started: thunar
2025-08-31 00:04:16,155 WARNING libqtile base.py:__getattr__():L273 Deprecation Warning: commands exposed via IPC no longer use the 'cmd_' prefix. Please replace 'cmd_toscreen' with 'toscreen' in your code.
2025-08-31 00:04:16,161 WARNING libqtile config.py:assign_app_group():L567 [Assign Hook] Moved thunar to group 1 and switched to it
2025-08-31 00:04:35,866 WARNING libqtile config.py:assign_app_group():L562 [Assign Hook] App started: sublime_text
2025-08-31 00:04:35,867 WARNING libqtile base.py:__getattr__():L273 Deprecation Warning: commands exposed via IPC no longer use the 'cmd_' prefix. Please replace 'cmd_toscreen' with 'toscreen' in your code.
2025-08-31 00:04:35,870 WARNING libqtile config.py:assign_app_group():L567 [Assign Hook] Moved sublime_text to group 2 and switched to it
2025-08-31 00:08:52,945 WARNING libqtile config.py:assign_app_group():L562 [Assign Hook] App started: thunar
2025-08-31 00:08:52,945 WARNING libqtile base.py:__getattr__():L273 Deprecation Warning: commands exposed via IPC no longer use the 'cmd_' prefix. Please replace 'cmd_toscreen' with 'toscreen' in your code.
2025-08-31 00:08:52,945 WARNING libqtile config.py:assign_app_group():L567 [Assign Hook] Moved thunar to group 1 and switched to it
2025-08-31 00:09:13,196 WARNING libqtile config.py:assign_app_group():L562 [Assign Hook] App started: polkit-gnome-authentication-agent-1
2025-08-31 00:09:19,421 WARNING libqtile config.py:assign_app_group():L562 [Assign Hook] App started: archlinux-tweak-tool.py
2025-08-31 00:11:06,865 WARNING libqtile config.py:assign_app_group():L562 [Assign Hook] App started: thunar
2025-08-31 00:11:06,870 WARNING libqtile base.py:__getattr__():L273 Deprecation Warning: commands exposed via IPC no longer use the 'cmd_' prefix. Please replace 'cmd_toscreen' with 'toscreen' in your code.
2025-08-31 00:11:06,870 WARNING libqtile config.py:assign_app_group():L567 [Assign Hook] Moved thunar to group 1 and switched to it
2025-08-31 00:11:10,914 WARNING libqtile config.py:assign_app_group():L562 [Assign Hook] App started: thunar
2025-08-31 00:11:10,918 WARNING libqtile base.py:__getattr__():L273 Deprecation Warning: commands exposed via IPC no longer use the 'cmd_' prefix. Please replace 'cmd_toscreen' with 'toscreen' in your code.
2025-08-31 00:11:10,919 WARNING libqtile config.py:assign_app_group():L567 [Assign Hook] Moved thunar to group 1 and switched to it
2025-08-31 00:11:23,625 WARNING libqtile config.py:assign_app_group():L562 [Assign Hook] App started: xfce4-terminal
2025-08-31 00:11:23,626 WARNING libqtile base.py:__getattr__():L273 Deprecation Warning: commands exposed via IPC no longer use the 'cmd_' prefix. Please replace 'cmd_toscreen' with 'toscreen' in your code.
2025-08-31 00:11:23,629 WARNING libqtile config.py:assign_app_group():L567 [Assign Hook] Moved xfce4-terminal to group 5 and switched to it
2025-08-31 00:17:00,400 WARNING libqtile config.py:assign_app_group():L562 [Assign Hook] App started: polkit-gnome-authentication-agent-1
2025-08-31 00:17:03,541 WARNING libqtile config.py:assign_app_group():L562 [Assign Hook] App started: thunar
2025-08-31 00:17:03,548 WARNING libqtile base.py:__getattr__():L273 Deprecation Warning: commands exposed via IPC no longer use the 'cmd_' prefix. Please replace 'cmd_toscreen' with 'toscreen' in your code.
2025-08-31 00:17:03,548 WARNING libqtile config.py:assign_app_group():L567 [Assign Hook] Moved thunar to group 1 and switched to it
2025-08-31 00:17:30,197 WARNING libqtile config.py:assign_app_group():L562 [Assign Hook] App started: thunar
2025-08-31 00:17:30,197 WARNING libqtile base.py:__getattr__():L273 Deprecation Warning: commands exposed via IPC no longer use the 'cmd_' prefix. Please replace 'cmd_toscreen' with 'toscreen' in your code.
2025-08-31 00:17:30,197 WARNING libqtile config.py:assign_app_group():L567 [Assign Hook] Moved thunar to group 1 and switched to it
2025-08-31 00:17:40,688 WARNING libqtile config.py:assign_app_group():L562 [Assign Hook] App started: nomacs
2025-08-31 00:17:40,850 WARNING libqtile config.py:assign_app_group():L562 [Assign Hook] App started: nomacs
2025-08-31 00:17:52,572 WARNING libqtile config.py:assign_app_group():L562 [Assign Hook] App started: nomacs
2025-08-31 00:17:57,704 WARNING libqtile config.py:assign_app_group():L562 [Assign Hook] App started: nomacs
2025-08-31 00:18:03,816 WARNING libqtile config.py:assign_app_group():L562 [Assign Hook] App started: nomacs
2025-08-31 00:18:08,604 WARNING libqtile config.py:assign_app_group():L562 [Assign Hook] App started: nomacs
2025-08-31 00:18:27,294 WARNING libqtile config.py:assign_app_group():L562 [Assign Hook] App started: thunar
2025-08-31 00:18:27,301 WARNING libqtile base.py:__getattr__():L273 Deprecation Warning: commands exposed via IPC no longer use the 'cmd_' prefix. Please replace 'cmd_toscreen' with 'toscreen' in your code.
2025-08-31 00:18:27,301 WARNING libqtile config.py:assign_app_group():L567 [Assign Hook] Moved thunar to group 1 and switched to it
2025-08-31 00:18:45,359 WARNING libqtile config.py:assign_app_group():L562 [Assign Hook] App started: archlinux-logout.py
2025-08-31 00:18:47,249 WARNING libqtile lifecycle.py:_atexit():L38 Qtile will now terminate
2025-08-31 00:18:56,189 WARNING libqtile launchbar.py:setup_images():L169 No icon found for application "" (None) switch to text mode
2025-08-31 00:18:56,208 WARNING libqtile launchbar.py:setup_images():L169 No icon found for application "" (None) switch to text mode
2025-08-31 00:18:56,208 WARNING libqtile launchbar.py:setup_images():L169 No icon found for application "" (None) switch to text mode
2025-08-31 00:18:56,208 WARNING libqtile launchbar.py:setup_images():L169 No icon found for application " " (None) switch to text mode
2025-08-31 00:18:56,229 WARNING libqtile manager.py:grab_key():L521 Key spec duplicated, overriding previous: <Key (['mod4', 'shift'], Right)>
2025-08-31 00:18:56,229 WARNING libqtile manager.py:grab_key():L521 Key spec duplicated, overriding previous: <Key (['mod4', 'shift'], Left)>
2025-08-31 00:18:56,230 WARNING libqtile manager.py:grab_key():L521 Key spec duplicated, overriding previous: <Key (['mod4'], Tab)>
2025-08-31 00:18:56,230 WARNING libqtile manager.py:grab_key():L521 Key spec duplicated, overriding previous: <Key (['mod4', 'shift'], Tab)>
2025-08-31 00:18:56,230 WARNING libqtile manager.py:grab_key():L521 Key spec duplicated, overriding previous: <Key (['mod1'], Tab)>
2025-08-31 00:18:56,230 WARNING libqtile manager.py:grab_key():L521 Key spec duplicated, overriding previous: <Key (['mod1', 'shift'], Tab)>
2025-08-31 00:18:56,230 WARNING libqtile manager.py:grab_key():L521 Key spec duplicated, overriding previous: <Key (['mod4'], Tab)>
2025-08-31 00:18:56,230 WARNING libqtile manager.py:grab_key():L521 Key spec duplicated, overriding previous: <Key (['mod4', 'shift'], Tab)>
2025-08-31 00:18:56,230 WARNING libqtile manager.py:grab_key():L521 Key spec duplicated, overriding previous: <Key (['mod1'], Tab)>
2025-08-31 00:18:56,230 WARNING libqtile manager.py:grab_key():L521 Key spec duplicated, overriding previous: <Key (['mod1', 'shift'], Tab)>
2025-08-31 00:18:56,230 WARNING libqtile manager.py:grab_key():L521 Key spec duplicated, overriding previous: <Key (['mod4'], Tab)>
2025-08-31 00:18:56,231 WARNING libqtile manager.py:grab_key():L521 Key spec duplicated, overriding previous: <Key (['mod4', 'shift'], Tab)>
2025-08-31 00:18:56,231 WARNING libqtile manager.py:grab_key():L521 Key spec duplicated, overriding previous: <Key (['mod1'], Tab)>
2025-08-31 00:18:56,231 WARNING libqtile manager.py:grab_key():L521 Key spec duplicated, overriding previous: <Key (['mod1', 'shift'], Tab)>
2025-08-31 00:18:56,231 WARNING libqtile manager.py:grab_key():L521 Key spec duplicated, overriding previous: <Key (['mod4'], Tab)>
2025-08-31 00:18:56,231 WARNING libqtile manager.py:grab_key():L521 Key spec duplicated, overriding previous: <Key (['mod4', 'shift'], Tab)>
2025-08-31 00:18:56,231 WARNING libqtile manager.py:grab_key():L521 Key spec duplicated, overriding previous: <Key (['mod1'], Tab)>
2025-08-31 00:18:56,231 WARNING libqtile manager.py:grab_key():L521 Key spec duplicated, overriding previous: <Key (['mod1', 'shift'], Tab)>
2025-08-31 00:18:56,231 WARNING libqtile manager.py:grab_key():L521 Key spec duplicated, overriding previous: <Key (['mod4'], Tab)>
2025-08-31 00:18:56,231 WARNING libqtile manager.py:grab_key():L521 Key spec duplicated, overriding previous: <Key (['mod4', 'shift'], Tab)>
2025-08-31 00:18:56,231 WARNING libqtile manager.py:grab_key():L521 Key spec duplicated, overriding previous: <Key (['mod1'], Tab)>
2025-08-31 00:18:56,231 WARNING libqtile manager.py:grab_key():L521 Key spec duplicated, overriding previous: <Key (['mod1', 'shift'], Tab)>
2025-08-31 00:18:56,231 WARNING libqtile manager.py:grab_key():L521 Key spec duplicated, overriding previous: <Key (['mod4'], Tab)>
2025-08-31 00:18:56,232 WARNING libqtile manager.py:grab_key():L521 Key spec duplicated, overriding previous: <Key (['mod4', 'shift'], Tab)>
2025-08-31 00:18:56,232 WARNING libqtile manager.py:grab_key():L521 Key spec duplicated, overriding previous: <Key (['mod1'], Tab)>
2025-08-31 00:18:56,232 WARNING libqtile manager.py:grab_key():L521 Key spec duplicated, overriding previous: <Key (['mod1', 'shift'], Tab)>
2025-08-31 00:18:56,232 WARNING libqtile manager.py:grab_key():L521 Key spec duplicated, overriding previous: <Key (['mod4'], Tab)>
2025-08-31 00:18:56,232 WARNING libqtile manager.py:grab_key():L521 Key spec duplicated, overriding previous: <Key (['mod4', 'shift'], Tab)>
2025-08-31 00:18:56,232 WARNING libqtile manager.py:grab_key():L521 Key spec duplicated, overriding previous: <Key (['mod1'], Tab)>
2025-08-31 00:18:56,232 WARNING libqtile manager.py:grab_key():L521 Key spec duplicated, overriding previous: <Key (['mod1', 'shift'], Tab)>
2025-08-31 00:18:56,232 WARNING libqtile manager.py:grab_key():L521 Key spec duplicated, overriding previous: <Key (['mod4'], Tab)>
2025-08-31 00:18:56,232 WARNING libqtile manager.py:grab_key():L521 Key spec duplicated, overriding previous: <Key (['mod4', 'shift'], Tab)>
2025-08-31 00:18:56,232 WARNING libqtile manager.py:grab_key():L521 Key spec duplicated, overriding previous: <Key (['mod1'], Tab)>
2025-08-31 00:18:56,232 WARNING libqtile manager.py:grab_key():L521 Key spec duplicated, overriding previous: <Key (['mod1', 'shift'], Tab)>
2025-08-31 00:18:56,232 WARNING libqtile manager.py:grab_key():L521 Key spec duplicated, overriding previous: <Key (['mod4'], Tab)>
2025-08-31 00:18:56,233 WARNING libqtile manager.py:grab_key():L521 Key spec duplicated, overriding previous: <Key (['mod4', 'shift'], Tab)>
2025-08-31 00:18:56,233 WARNING libqtile manager.py:grab_key():L521 Key spec duplicated, overriding previous: <Key (['mod1'], Tab)>
2025-08-31 00:18:56,233 WARNING libqtile manager.py:grab_key():L521 Key spec duplicated, overriding previous: <Key (['mod1', 'shift'], Tab)>
2025-08-31 00:18:57,026 WARNING libqtile launchbar.py:setup_images():L169 No icon found for application "" (None) switch to text mode
2025-08-31 00:18:57,027 WARNING libqtile launchbar.py:setup_images():L169 No icon found for application "" (None) switch to text mode
2025-08-31 00:18:57,027 WARNING libqtile launchbar.py:setup_images():L169 No icon found for application "" (None) switch to text mode
2025-08-31 00:18:57,027 WARNING libqtile launchbar.py:setup_images():L169 No icon found for application " " (None) switch to text mode
2025-08-31 00:18:57,718 WARNING libqtile config.py:assign_app_group():L562 [Assign Hook] App started: ulauncher
2025-08-31 00:19:11,920 WARNING libqtile config.py:assign_app_group():L562 [Assign Hook] App started: brave-browser
2025-08-31 00:19:11,922 WARNING libqtile base.py:__getattr__():L273 Deprecation Warning: commands exposed via IPC no longer use the 'cmd_' prefix. Please replace 'cmd_toscreen' with 'toscreen' in your code.
2025-08-31 00:19:11,926 WARNING libqtile config.py:assign_app_group():L567 [Assign Hook] Moved brave-browser to group 3 and switched to it
2025-08-31 00:19:17,103 WARNING libqtile config.py:assign_app_group():L562 [Assign Hook] App started: xfce4-terminal
2025-08-31 00:19:17,105 WARNING libqtile base.py:__getattr__():L273 Deprecation Warning: commands exposed via IPC no longer use the 'cmd_' prefix. Please replace 'cmd_toscreen' with 'toscreen' in your code.
2025-08-31 00:19:17,111 WARNING libqtile config.py:assign_app_group():L567 [Assign Hook] Moved xfce4-terminal to group 5 and switched to it
2025-08-31 00:19:23,750 WARNING libqtile config.py:assign_app_group():L562 [Assign Hook] App started: thunar
2025-08-31 00:19:23,751 WARNING libqtile base.py:__getattr__():L273 Deprecation Warning: commands exposed via IPC no longer use the 'cmd_' prefix. Please replace 'cmd_toscreen' with 'toscreen' in your code.
2025-08-31 00:19:23,756 WARNING libqtile config.py:assign_app_group():L567 [Assign Hook] Moved thunar to group 1 and switched to it
2025-08-31 00:19:38,810 WARNING libqtile config.py:assign_app_group():L562 [Assign Hook] App started: xfce4-terminal
2025-08-31 00:19:38,811 WARNING libqtile base.py:__getattr__():L273 Deprecation Warning: commands exposed via IPC no longer use the 'cmd_' prefix. Please replace 'cmd_toscreen' with 'toscreen' in your code.
2025-08-31 00:19:38,814 WARNING libqtile config.py:assign_app_group():L567 [Assign Hook] Moved xfce4-terminal to group 5 and switched to it
2025-08-31 00:22:01,369 WARNING libqtile config.py:assign_app_group():L562 [Assign Hook] App started: ulauncher
2025-08-31 00:22:23,719 WARNING libqtile config.py:assign_app_group():L562 [Assign Hook] App started: archlinux-logout.py
2025-08-31 00:22:30,084 WARNING libqtile launchbar.py:setup_images():L169 No icon found for application "" (None) switch to text mode
2025-08-31 00:22:30,084 WARNING libqtile launchbar.py:setup_images():L169 No icon found for application "" (None) switch to text mode
2025-08-31 00:22:30,084 WARNING libqtile launchbar.py:setup_images():L169 No icon found for application "" (None) switch to text mode
2025-08-31 00:22:30,084 WARNING libqtile launchbar.py:setup_images():L169 No icon found for application " " (None) switch to text mode
2025-08-31 06:19:18,944 WARNING libqtile config.py:assign_app_group():L562 [Assign Hook] App started: xfce4-notifyd
2025-08-31 22:30:18,449 WARNING libqtile launchbar.py:setup_images():L169 No icon found for application "" (None) switch to text mode
2025-08-31 22:30:18,449 WARNING libqtile launchbar.py:setup_images():L169 No icon found for application "" (None) switch to text mode
2025-08-31 22:30:18,449 WARNING libqtile launchbar.py:setup_images():L169 No icon found for application "" (None) switch to text mode
2025-08-31 22:30:18,449 WARNING libqtile launchbar.py:setup_images():L169 No icon found for application " " (None) switch to text mode
2025-08-31 22:30:23,662 WARNING libqtile lifecycle.py:_atexit():L34 Restarting Qtile with os.execv(...)
2025-08-31 22:30:24,999 WARNING libqtile launchbar.py:setup_images():L169 No icon found for application "" (None) switch to text mode
2025-08-31 22:30:25,018 WARNING libqtile launchbar.py:setup_images():L169 No icon found for application "" (None) switch to text mode
2025-08-31 22:30:25,019 WARNING libqtile launchbar.py:setup_images():L169 No icon found for application "" (None) switch to text mode
2025-08-31 22:30:25,019 WARNING libqtile launchbar.py:setup_images():L169 No icon found for application " " (None) switch to text mode
2025-08-31 22:30:25,041 WARNING libqtile manager.py:grab_key():L521 Key spec duplicated, overriding previous: <Key (['mod4', 'shift'], Right)>
2025-08-31 22:30:25,041 WARNING libqtile manager.py:grab_key():L521 Key spec duplicated, overriding previous: <Key (['mod4', 'shift'], Left)>
2025-08-31 22:30:25,041 WARNING libqtile manager.py:grab_key():L521 Key spec duplicated, overriding previous: <Key (['mod4'], Tab)>
2025-08-31 22:30:25,041 WARNING libqtile manager.py:grab_key():L521 Key spec duplicated, overriding previous: <Key (['mod4', 'shift'], Tab)>
2025-08-31 22:30:25,041 WARNING libqtile manager.py:grab_key():L521 Key spec duplicated, overriding previous: <Key (['mod1'], Tab)>
2025-08-31 22:30:25,041 WARNING libqtile manager.py:grab_key():L521 Key spec duplicated, overriding previous: <Key (['mod1', 'shift'], Tab)>
2025-08-31 22:30:25,041 WARNING libqtile manager.py:grab_key():L521 Key spec duplicated, overriding previous: <Key (['mod4'], Tab)>
2025-08-31 22:30:25,041 WARNING libqtile manager.py:grab_key():L521 Key spec duplicated, overriding previous: <Key (['mod4', 'shift'], Tab)>
2025-08-31 22:30:25,042 WARNING libqtile manager.py:grab_key():L521 Key spec duplicated, overriding previous: <Key (['mod1'], Tab)>
2025-08-31 22:30:25,042 WARNING libqtile manager.py:grab_key():L521 Key spec duplicated, overriding previous: <Key (['mod1', 'shift'], Tab)>
2025-08-31 22:30:25,042 WARNING libqtile manager.py:grab_key():L521 Key spec duplicated, overriding previous: <Key (['mod4'], Tab)>
2025-08-31 22:30:25,042 WARNING libqtile manager.py:grab_key():L521 Key spec duplicated, overriding previous: <Key (['mod4', 'shift'], Tab)>
2025-08-31 22:30:25,042 WARNING libqtile manager.py:grab_key():L521 Key spec duplicated, overriding previous: <Key (['mod1'], Tab)>
2025-08-31 22:30:25,042 WARNING libqtile manager.py:grab_key():L521 Key spec duplicated, overriding previous: <Key (['mod1', 'shift'], Tab)>
2025-08-31 22:30:25,042 WARNING libqtile manager.py:grab_key():L521 Key spec duplicated, overriding previous: <Key (['mod4'], Tab)>
2025-08-31 22:30:25,042 WARNING libqtile manager.py:grab_key():L521 Key spec duplicated, overriding previous: <Key (['mod4', 'shift'], Tab)>
2025-08-31 22:30:25,042 WARNING libqtile manager.py:grab_key():L521 Key spec duplicated, overriding previous: <Key (['mod1'], Tab)>
2025-08-31 22:30:25,042 WARNING libqtile manager.py:grab_key():L521 Key spec duplicated, overriding previous: <Key (['mod1', 'shift'], Tab)>
2025-08-31 22:30:25,042 WARNING libqtile manager.py:grab_key():L521 Key spec duplicated, overriding previous: <Key (['mod4'], Tab)>
2025-08-31 22:30:25,043 WARNING libqtile manager.py:grab_key():L521 Key spec duplicated, overriding previous: <Key (['mod4', 'shift'], Tab)>
2025-08-31 22:30:25,043 WARNING libqtile manager.py:grab_key():L521 Key spec duplicated, overriding previous: <Key (['mod1'], Tab)>
2025-08-31 22:30:25,043 WARNING libqtile manager.py:grab_key():L521 Key spec duplicated, overriding previous: <Key (['mod1', 'shift'], Tab)>
2025-08-31 22:30:25,043 WARNING libqtile manager.py:grab_key():L521 Key spec duplicated, overriding previous: <Key (['mod4'], Tab)>
2025-08-31 22:30:25,043 WARNING libqtile manager.py:grab_key():L521 Key spec duplicated, overriding previous: <Key (['mod4', 'shift'], Tab)>
2025-08-31 22:30:25,043 WARNING libqtile manager.py:grab_key():L521 Key spec duplicated, overriding previous: <Key (['mod1'], Tab)>
2025-08-31 22:30:25,043 WARNING libqtile manager.py:grab_key():L521 Key spec duplicated, overriding previous: <Key (['mod1', 'shift'], Tab)>
2025-08-31 22:30:25,043 WARNING libqtile manager.py:grab_key():L521 Key spec duplicated, overriding previous: <Key (['mod4'], Tab)>
2025-08-31 22:30:25,043 WARNING libqtile manager.py:grab_key():L521 Key spec duplicated, overriding previous: <Key (['mod4', 'shift'], Tab)>
2025-08-31 22:30:25,043 WARNING libqtile manager.py:grab_key():L521 Key spec duplicated, overriding previous: <Key (['mod1'], Tab)>
2025-08-31 22:30:25,043 WARNING libqtile manager.py:grab_key():L521 Key spec duplicated, overriding previous: <Key (['mod1', 'shift'], Tab)>
2025-08-31 22:30:25,043 WARNING libqtile manager.py:grab_key():L521 Key spec duplicated, overriding previous: <Key (['mod4'], Tab)>
2025-08-31 22:30:25,044 WARNING libqtile manager.py:grab_key():L521 Key spec duplicated, overriding previous: <Key (['mod4', 'shift'], Tab)>
2025-08-31 22:30:25,044 WARNING libqtile manager.py:grab_key():L521 Key spec duplicated, overriding previous: <Key (['mod1'], Tab)>
2025-08-31 22:30:25,044 WARNING libqtile manager.py:grab_key():L521 Key spec duplicated, overriding previous: <Key (['mod1', 'shift'], Tab)>
2025-08-31 22:30:25,044 WARNING libqtile manager.py:grab_key():L521 Key spec duplicated, overriding previous: <Key (['mod4'], Tab)>
2025-08-31 22:30:25,044 WARNING libqtile manager.py:grab_key():L521 Key spec duplicated, overriding previous: <Key (['mod4', 'shift'], Tab)>
2025-08-31 22:30:25,044 WARNING libqtile manager.py:grab_key():L521 Key spec duplicated, overriding previous: <Key (['mod1'], Tab)>
2025-08-31 22:30:25,044 WARNING libqtile manager.py:grab_key():L521 Key spec duplicated, overriding previous: <Key (['mod1', 'shift'], Tab)>
2025-08-31 22:30:32,035 WARNING libqtile config.py:assign_app_group():L562 [Assign Hook] App started: xfce4-terminal
2025-08-31 22:30:32,037 WARNING libqtile base.py:__getattr__():L273 Deprecation Warning: commands exposed via IPC no longer use the 'cmd_' prefix. Please replace 'cmd_toscreen' with 'toscreen' in your code.
2025-08-31 22:30:32,046 WARNING libqtile config.py:assign_app_group():L567 [Assign Hook] Moved xfce4-terminal to group 5 and switched to it
2025-08-31 22:31:46,389 WARNING libqtile config.py:assign_app_group():L562 [Assign Hook] App started: thunar
2025-08-31 22:31:46,390 WARNING libqtile base.py:__getattr__():L273 Deprecation Warning: commands exposed via IPC no longer use the 'cmd_' prefix. Please replace 'cmd_toscreen' with 'toscreen' in your code.
2025-08-31 22:31:46,396 WARNING libqtile config.py:assign_app_group():L567 [Assign Hook] Moved thunar to group 1 and switched to it
2025-08-31 22:34:54,409 WARNING libqtile config.py:assign_app_group():L562 [Assign Hook] App started: thunar
2025-08-31 22:34:54,415 WARNING libqtile base.py:__getattr__():L273 Deprecation Warning: commands exposed via IPC no longer use the 'cmd_' prefix. Please replace 'cmd_toscreen' with 'toscreen' in your code.
2025-08-31 22:34:54,415 WARNING libqtile config.py:assign_app_group():L567 [Assign Hook] Moved thunar to group 1 and switched to it
2025-08-31 22:34:54,482 WARNING libqtile config.py:assign_app_group():L562 [Assign Hook] App started: thunar
2025-08-31 22:34:54,482 WARNING libqtile base.py:__getattr__():L273 Deprecation Warning: commands exposed via IPC no longer use the 'cmd_' prefix. Please replace 'cmd_toscreen' with 'toscreen' in your code.
2025-08-31 22:34:54,483 WARNING libqtile config.py:assign_app_group():L567 [Assign Hook] Moved thunar to group 1 and switched to it
2025-08-31 22:35:32,613 WARNING libqtile config.py:assign_app_group():L562 [Assign Hook] App started: thunar
2025-08-31 22:35:32,619 WARNING libqtile base.py:__getattr__():L273 Deprecation Warning: commands exposed via IPC no longer use the 'cmd_' prefix. Please replace 'cmd_toscreen' with 'toscreen' in your code.
2025-08-31 22:35:32,619 WARNING libqtile config.py:assign_app_group():L567 [Assign Hook] Moved thunar to group 1 and switched to it
2025-08-31 22:35:32,683 WARNING libqtile config.py:assign_app_group():L562 [Assign Hook] App started: thunar
2025-08-31 22:35:32,683 WARNING libqtile base.py:__getattr__():L273 Deprecation Warning: commands exposed via IPC no longer use the 'cmd_' prefix. Please replace 'cmd_toscreen' with 'toscreen' in your code.
2025-08-31 22:35:32,683 WARNING libqtile config.py:assign_app_group():L567 [Assign Hook] Moved thunar to group 1 and switched to it
